Workbook
Name fck: Input!$C$8
Name alpha_source: Input!$C$9
Name gamma_c: Input!$C$10
Name alpha: Input!$C$11
Name fcd: Input!$C$12
Name eco: Input!$C$13
Name ecu: Input!$C$14
Name n: Input!$C$15
Name Es: Input!$C$20
Name fy_char: Input!$C$21
Name gamma_s: Input!$C$22
Name fy: Input!$C$23
Name beta: Input!$C$28
Name etu: Input!$C$29
Name xc: Input!$C$30
Name yc: Input!$C$31
Name Pu: Input!$C$36
Name Mux: Input!$C$37
Name Muy: Input!$C$38
Name theta_L: Input!$C$40
Name Mu: Input!$C$41
Name Geom_Area: Geometry!$D$62
Name u_max: Geometry!$D$63
Name u_min: Geometry!$D$64
Name u_bar: Geometry!$D$65
Name u_C1: Geometry!$D$66
Name As_tot: Geometry!$D$68
Name Mesh_X: Mesh!$B$5:$B$1261
Name Mesh_Y: Mesh!$C$5:$C$1261
Name Mesh_A: Mesh!$D$5:$D$1261
Name St_e0: 'PM_Angle'!$J$7:$J$33
Name St_kx: 'PM_Angle'!$K$7:$K$33
Name St_ky: 'PM_Angle'!$L$7:$L$33
Name Det: Concrete!$C$4
Name St_P: 'PM_Angle'!$S$7:$S$33
Name St_Mx: 'PM_Angle'!$T$7:$T$33
Name St_My: 'PM_Angle'!$U$7:$U$33
Name Mb: 'MxMy_FixedP'!$E$53
Name Mtol: 'PM_Theta'!$C$7
Name Eq_e0: Equilibrium!$C$7
Name Eq_kx: Equilibrium!$C$8
Name Eq_ky: Equilibrium!$C$9

Sheet Input
B1: P–M–M SECTION CALCULATION — DESIGN RESISTANCE
B2: Project | C2: PM-advanced (7) 2D reference case | E2: Every value on a shaded input cell drives live formulas on the other sheets. Only the Mesh, Geometry and bar tables hold engine-computed constants.
B3: Section | C3: PM-advanced (7) 2D — 1500x1200 chamfered section, two voids
B4: Generated | C4: 2026-08-11 08:16:25
B6: Concrete
B7: standard | C7: KDS | E7: KDS C30 (workbook Input)
B8: fck | C8: 30 | D8: MPa | E8: characteristic/input strength
B9: α source | C9: 0.85 | D9: - | E9: α_cc for EN 1992, α₁/block factor for other families
B10: γc | C10: 1 | D10: - | E10: not applied by this material family
B11: α_eff | C11: =alpha_source -> 0.85 | D11: - | E11: stress multiplier used by formulas
B12: fcd = α_eff·fck | C12: =alpha*fck -> 25.5 | D12: MPa
B13: εco | C13: 0.002 | D13: -
B14: εcu | C14: 0.0033 | D14: -
B15: n | C15: 2 | D15: -
B16: law | C16: KDS parabola-rectangle: fc = α·fck·(1−(1−ε/εco)^n) up to εco, then α·fck
B18: Reinforcement
B19: standard | C19: KDS | E19: SD400 (workbook Input)
B20: Es | C20: 200000 | D20: MPa
B21: fy (characteristic) | C21: 400 | D21: MPa
B22: γs | C22: 1 | D22: - | E22: not applied by this material family
B23: fy (model) / fyd | C23: =fy_char -> 400 | D23: MPa | E23: yield stress used by formulas
B24: εy = fyd/Es | C24: =fy/Es -> 0.002 | D24: - | E24: used by the fₛ/fyd stations
B25: law | C25: Elastic – perfectly plastic: fs = clamp(Es·ε, −fy, +fy)
B27: Analysis
B28: β (strain direction) | C28: 15 | D28: deg | E28: strain-gradient direction of the audited states; not the N.A. line angle; drives Geometry, PM_Angle, Concrete, Steel
B29: εtu | C29: -0.05 | D29: - | E29: uniform strain used for station P18
B30: xc | C30: 0 | D30: mm | E30: analysis origin = net concrete centroid
B31: yc | C31: 0 | D31: mm | E31: all X, Y below are measured from it
B32: mesh cell size | C32: 87.242926 | D32: mm | E32: clipped-cell grid, docs/02 §5
B33: mesh points | C33: 1257 | D33: - | E33: 3-point degree-2 rule per clipped triangle
B35: Demand
B36: Pu | C36: 24942.922 | D36: kN | E36: ULS-1 workbook Newton demand (on the 15 deg surface)
B37: Mux | C37: 3714.1659 | D37: kN·m
B38: Muy | C38: 1431.7807 | D38: kN·m
B40: θ_L (demand direction) | C40: =IF(AND(Mux=0,Muy=0),0,DEGREES(ATAN2(Mux,Muy))) | D40: deg | E40: atan2 of the demand moment vector. Used only to query the finished surface (MxMy_FixedP, PM_Theta). It is not the strain-plane angle β above.
B41: Mu resultant | C41: =SQRT(Mux^2+Muy^2) | D41: kN·m
B42: αNA (N.A. axis in section x-y) | C42: =MOD(180-beta,180) | D42: deg | E42: Undirected ε = 0 line angle, CCW from section +x. This is the line angle corresponding to β.
B43: α⊥ (axis perpendicular to Rₘ) | C43: =IF(AND(Mux=0,Muy=0),0,MOD(DEGREES(ATAN2(-Mux,Muy)),180)) | D43: deg | E43: Reference line perpendicular to the in-section bending direction Rₘ = (Muy,Mux).
B44: Δα = angle(N.A., ⊥Rₘ) | C44: =MIN(ABS(C42-C43),180-ABS(C42-C43)) | D44: deg | E44: Smallest angle between two undirected section lines. This is the valid N.A. comparison.
B46: Net concrete area (from mesh) | C46: =SUM(Mesh_A) | D46: mm² | E46: =IF(ABS(C46-Geom_Area)<=0.000001*Geom_Area,"OK - matches the exact polygon area","CHECK - mesh and polygon areas differ")
B48: What is a formula and what is an engine value
B49: Mesh No, X, Y, A | C49: engine value | E49: polygon clipping and quadrature cannot be written as spreadsheet formulas
B50: Geometry vertices, bar schedule | C50: engine value | E50: input data
B51: Material law | C51: formula | E51: algebra over the named inputs, so fck and fy stay live
B52: Station strain planes | C52: formula plus resolved material inverses at β; engine values on direction grid | E52: PM_Angle exposes geometric schedule algebra; fₛ/fyd inversion and MxMy_FixedP states come from the compiled material engine
B53: Fibre and bar ledger (Concrete, Steel) | C53: formula | E53: the audit trail a reviewer follows term by term
B54: Station totals at β (PM_Angle) | C54: formula | E54: SUMPRODUCT of the law over the mesh
B55: 36 x 27 surface integrals (MxMy_FixedP) | C55: engine value | E55: 2916 resultant values avoid mesh-wide array formulas; two sentinels flag a stale import
B56: Contour, ray query, plane cut, interpolation | C56: formula | E56: this is the logic under audit, so it stays visible
B57: Converged strain plane (Equilibrium) | C57: engine value | E57: Newton needs d(σ)/d(ε), which a tabulated law does not have in closed form
B58: Equilibrium residual | C58: formula | E58: the workbook proves the stored plane balances the demand

Sheet Design_Check
B1: GOVERNING DESIGN-RESISTANCE CHECK
B2: The design surface is authoritative for acceptance. Nominal/reference results remain available for audit and are never compared directly with factored ULS demand.
B5: Profile identity
B6: Organization | C6: MOLIT/KDS | E6: Profile publisher
B7: Document | C7: KDS 2024 current set · resistance: KDS 14 20 10:2021 + KDS 14 20 20:2022 | E7: Exact code document selected in the project
B8: Edition | C8: 2024 partial-revision framework (effective 2025-01-05) | E8: MOLIT Notice 2024-879, 2024-12-30
B9: Method ID | C9: kds-2024-current-set-global-strength-reduction | E9: Profile 1.0.0
B10: Resistance format | C10: globalResultantFactor | E10: Determines whether factors act on resultants or material strengths
B11: Profile status | C11: draft | E11: Unmodified profile snapshot
B12: Concrete model basis | C12: Code-default | E12: Resolved by the calculation profile
B13: Override reason | C13: None
B15: Resistance factors
B16: φ compression · ties/other | C16: 0.65 | D16: - | E16: Global factor on Pn, Mnx and Mny
B17: φ compression · spiral | C17: 0.7 | D17: - | E17: Used only for qualifying spiral classification
B18: φ tension-controlled | C18: 0.85 | D18: - | E18: Global factor on the complete resultant ledger
B19: Transition fixed strain limit | C19: 0.005 | D19: - | E19: Fixed through fy = 400 MPa; above: 2.5 eps_y
B20: Maximum axial ratio · ties/other | C20: 0.8 | D20: - | E20: Applied after φ
B21: Maximum axial ratio · spiral | C21: 0.85 | D21: - | E21: Applied after φ
B22: Transverse reinforcement | C22: other | E22: Project classification
B23: Axial cap | C23: Enabled | E23: Project setting
B25: Factored ULS demand versus design surface
B26: Action basis | C26: factoredULS | E26: Pipeline: factored ULS demand → 3D demand ray → design-resistance surface → UR = 1/λ.
B27: Loadcase | C27: ULS-1 workbook Newton demand (on the 15 deg surface)
B28: 3D proportional UR | C28: 1.539385 | D28: - | E28: Governing reported section utilization
B29: Fixed-P UR | C29: n/a | D29: - | E29: Secondary diagnostic at Pu
B30: Verdict | C30: INADEQUATE | E30: Fixed-grid checks use ADEQUATE / INDETERMINATE / INADEQUATE screening; indeterminate requires Adaptive sampling
B31: UR screening interval | C31: 1.5092 – 1.5708 | E31: fixed-grid-screening-margin
B32: Capacity P | C32: 16203.173 | D32: kN | E32: Demand-ray intersection
B33: Capacity Mx | C33: 2412.7596 | D33: kN·m | E33: Demand-ray intersection
B34: Capacity My | C34: 930.09918 | D34: kN·m | E34: Demand-ray intersection
B35: Controlling factor | C35: 0.65 | D35: - | E35: compression-controlled
B36: εt,control | C36: 0 | D36: - | E36: Recorded when a global factor is state-dependent

Sheet Geometry
B1: GEOMETRY ABOUT THE ANALYSIS ORIGIN
B2: Coordinates are engine constants, already translated by (xc, yc). Everything else on this sheet is a formula.
B4: Solid 1 outer
B5: No. | C5: Ring | D5: X (mm) | E5: Y (mm) | F5: D_i | G5: u = Y·cosθ + X·sinθ
B6: 1 | C6: Solid 1 outer | D6: -550 | E6: 600 | F6: =D6*E7-D7*E6 | G6: =E6*COS(RADIANS(beta))+D6*SIN(RADIANS(beta))
B7: 2 | C7: Solid 1 outer | D7: 550 | E7: 600 | F7: =D7*E8-D8*E7 | G7: =E7*COS(RADIANS(beta))+D7*SIN(RADIANS(beta))
B8: 3 | C8: Solid 1 outer | D8: 750 | E8: 400 | F8: =D8*E9-D9*E8 | G8: =E8*COS(RADIANS(beta))+D8*SIN(RADIANS(beta))
B9: 4 | C9: Solid 1 outer | D9: 750 | E9: -400 | F9: =D9*E10-D10*E9 | G9: =E9*COS(RADIANS(beta))+D9*SIN(RADIANS(beta))
B10: 5 | C10: Solid 1 outer | D10: 550 | E10: -600 | F10: =D10*E11-D11*E10 | G10: =E10*COS(RADIANS(beta))+D10*SIN(RADIANS(beta))
B11: 6 | C11: Solid 1 outer | D11: -550 | E11: -600 | F11: =D11*E12-D12*E11 | G11: =E11*COS(RADIANS(beta))+D11*SIN(RADIANS(beta))
B12: 7 | C12: Solid 1 outer | D12: -750 | E12: -400 | F12: =D12*E13-D13*E12 | G12: =E12*COS(RADIANS(beta))+D12*SIN(RADIANS(beta))
B13: 8 | C13: Solid 1 outer | D13: -750 | E13: 400 | F13: =D13*E6-D6*E13 | G13: =E13*COS(RADIANS(beta))+D13*SIN(RADIANS(beta))
C14: Area = ½·Σ D_i | F14: =SUM(F6:F13)/2
B16: Solid 1 hole 1
B17: No. | C17: Ring | D17: X (mm) | E17: Y (mm) | F17: D_i | G17: u = Y·cosθ + X·sinθ
B18: 1 | C18: Solid 1 hole 1 | D18: -450 | E18: 400 | F18: =D18*E19-D19*E18 | G18: =E18*COS(RADIANS(beta))+D18*SIN(RADIANS(beta))
B19: 2 | C19: Solid 1 hole 1 | D19: -250 | E19: 400 | F19: =D19*E20-D20*E19 | G19: =E19*COS(RADIANS(beta))+D19*SIN(RADIANS(beta))
B20: 3 | C20: Solid 1 hole 1 | D20: -150 | E20: 300 | F20: =D20*E21-D21*E20 | G20: =E20*COS(RADIANS(beta))+D20*SIN(RADIANS(beta))
B21: 4 | C21: Solid 1 hole 1 | D21: -150 | E21: -300 | F21: =D21*E22-D22*E21 | G21: =E21*COS(RADIANS(beta))+D21*SIN(RADIANS(beta))
B22: 5 | C22: Solid 1 hole 1 | D22: -250 | E22: -400 | F22: =D22*E23-D23*E22 | G22: =E22*COS(RADIANS(beta))+D22*SIN(RADIANS(beta))
B23: 6 | C23: Solid 1 hole 1 | D23: -450 | E23: -400 | F23: =D23*E24-D24*E23 | G23: =E23*COS(RADIANS(beta))+D23*SIN(RADIANS(beta))
B24: 7 | C24: Solid 1 hole 1 | D24: -550 | E24: -300 | F24: =D24*E25-D25*E24 | G24: =E24*COS(RADIANS(beta))+D24*SIN(RADIANS(beta))
B25: 8 | C25: Solid 1 hole 1 | D25: -550 | E25: 300 | F25: =D25*E18-D18*E25 | G25: =E25*COS(RADIANS(beta))+D25*SIN(RADIANS(beta))
C26: Area = ½·Σ D_i | F26: =SUM(F18:F25)/2
B28: Solid 1 hole 2
B29: No. | C29: Ring | D29: X (mm) | E29: Y (mm) | F29: D_i | G29: u = Y·cosθ + X·sinθ
B30: 1 | C30: Solid 1 hole 2 | D30: 250 | E30: 400 | F30: =D30*E31-D31*E30 | G30: =E30*COS(RADIANS(beta))+D30*SIN(RADIANS(beta))
B31: 2 | C31: Solid 1 hole 2 | D31: 450 | E31: 400 | F31: =D31*E32-D32*E31 | G31: =E31*COS(RADIANS(beta))+D31*SIN(RADIANS(beta))
B32: 3 | C32: Solid 1 hole 2 | D32: 550 | E32: 300 | F32: =D32*E33-D33*E32 | G32: =E32*COS(RADIANS(beta))+D32*SIN(RADIANS(beta))
B33: 4 | C33: Solid 1 hole 2 | D33: 550 | E33: -300 | F33: =D33*E34-D34*E33 | G33: =E33*COS(RADIANS(beta))+D33*SIN(RADIANS(beta))
B34: 5 | C34: Solid 1 hole 2 | D34: 450 | E34: -400 | F34: =D34*E35-D35*E34 | G34: =E34*COS(RADIANS(beta))+D34*SIN(RADIANS(beta))
B35: 6 | C35: Solid 1 hole 2 | D35: 250 | E35: -400 | F35: =D35*E36-D36*E35 | G35: =E35*COS(RADIANS(beta))+D35*SIN(RADIANS(beta))
B36: 7 | C36: Solid 1 hole 2 | D36: 150 | E36: -300 | F36: =D36*E37-D37*E36 | G36: =E36*COS(RADIANS(beta))+D36*SIN(RADIANS(beta))
B37: 8 | C37: Solid 1 hole 2 | D37: 150 | E37: 300 | F37: =D37*E30-D30*E37 | G37: =E37*COS(RADIANS(beta))+D37*SIN(RADIANS(beta))
C38: Area = ½·Σ D_i | F38: =SUM(F30:F37)/2
B40: Reinforcement
B41: No. | C41: Dia (mm) | D41: X (mm) | E41: Y (mm) | F41: As (mm²) | G41: u = Y·cosθ + X·sinθ
B42: 1 | C42: 32 | D42: -400 | E42: 530 | F42: =PI()*C42^2/4 | G42: =E42*COS(RADIANS(beta))+D42*SIN(RADIANS(beta))
B43: 2 | C43: 32 | D43: -200 | E43: 530 | F43: =PI()*C43^2/4 | G43: =E43*COS(RADIANS(beta))+D43*SIN(RADIANS(beta))
B44: 3 | C44: 32 | D44: 0 | E44: 530 | F44: =PI()*C44^2/4 | G44: =E44*COS(RADIANS(beta))+D44*SIN(RADIANS(beta))
B45: 4 | C45: 32 | D45: 200 | E45: 530 | F45: =PI()*C45^2/4 | G45: =E45*COS(RADIANS(beta))+D45*SIN(RADIANS(beta))
B46: 5 | C46: 32 | D46: 400 | E46: 530 | F46: =PI()*C46^2/4 | G46: =E46*COS(RADIANS(beta))+D46*SIN(RADIANS(beta))
B47: 6 | C47: 32 | D47: -400 | E47: -530 | F47: =PI()*C47^2/4 | G47: =E47*COS(RADIANS(beta))+D47*SIN(RADIANS(beta))
B48: 7 | C48: 32 | D48: -200 | E48: -530 | F48: =PI()*C48^2/4 | G48: =E48*COS(RADIANS(beta))+D48*SIN(RADIANS(beta))
B49: 8 | C49: 32 | D49: 0 | E49: -530 | F49: =PI()*C49^2/4 | G49: =E49*COS(RADIANS(beta))+D49*SIN(RADIANS(beta))
B50: 9 | C50: 32 | D50: 200 | E50: -530 | F50: =PI()*C50^2/4 | G50: =E50*COS(RADIANS(beta))+D50*SIN(RADIANS(beta))
B51: 10 | C51: 32 | D51: 400 | E51: -530 | F51: =PI()*C51^2/4 | G51: =E51*COS(RADIANS(beta))+D51*SIN(RADIANS(beta))
B52: 11 | C52: 32 | D52: -680 | E52: 300 | F52: =PI()*C52^2/4 | G52: =E52*COS(RADIANS(beta))+D52*SIN(RADIANS(beta))
B53: 12 | C53: 32 | D53: -680 | E53: 100 | F53: =PI()*C53^2/4 | G53: =E53*COS(RADIANS(beta))+D53*SIN(RADIANS(beta))
... B59: 18 | C59: 32 | D59: 680 | E59: -300 | F59: =PI()*C59^2/4 | G59: =E59*COS(RADIANS(beta))+D59*SIN(RADIANS(beta))
B61: Derived properties (all formulas)
B62: Net area A | D62: =ABS(SUM(F6:F13)/2)+-ABS(SUM(F18:F25)/2)+-ABS(SUM(F30:F37)/2) | E62: mm² | G62: shoelace over every ring
B63: u_max | D63: =MAX(G6:G13) | E63: mm | G63: extreme compression fibre, outer rings only
B64: u_min | D64: =MIN(G6:G13) | E64: mm
B65: u_s,tension | D65: =MIN(G42:G59) | E65: mm | G65: farthest tension bar
B66: C1 = u_max − u_s,tension | D66: =u_max-u_bar | E66: mm
B67: Depth h = u_max − u_min | D67: =u_max-u_min | E67: mm
B68: Total As | D68: =SUM(F42:F59) | E68: mm²

Sheet Mesh
A1: CONCRETE INTEGRATION MESH — ENGINE CONSTANTS
A2: Quadrature points of the clipped-cell mesh (docs/02 §5). X, Y are measured from the analysis origin; A is the tributary area. These four columns are the only geometric constants the workbook needs.
A4: No. | B4: X (mm) | C4: Y (mm) | D4: A (mm²)
A5: 1 | B5: -703.90959 | C5: -435.80228 | D5: 635.07367
A6: 2 | B6: -673.0452 | C6: -466.66667 | D6: 635.07367
A7: 3 | B7: -673.0452 | C7: -435.80228 | D7: 635.07367
A8: 4 | B8: -745.74764 | C8: -363.09984 | D8: 262.49286
A9: 5 | B9: -745.74764 | C9: -393.96423 | D9: 262.49286
A10: 6 | B10: -732.99057 | C10: -406.7213 | D10: 262.49286
A11: 7 | B11: -731.20715 | C11: -367.3522 | D11: 897.56653
A12: 8 | B12: -718.45008 | C12: -410.97366 | D12: 897.56653
A13: 9 | B13: -687.58569 | C13: -410.97366 | D13: 897.56653
A14: 10 | B14: -677.29756 | C14: -396.43317 | D14: 1268.5547
A15: 11 | B15: -677.29756 | C15: -352.81171 | D15: 1268.5547
A16: 12 | B16: -720.91902 | C16: -352.81171 | D16: 1268.5547
... A1261: 1257 | B1261: 738.75316 | C1261: 404.52554 | D1261: 113.39011

Sheet PM_Angle
B1: P–M ENVELOPE AT β (STRAIN DIRECTION) — 27 STATIONS, NOMINAL
B2: Strain-plane sampling angle β = 15.00 deg. This is a resistance sampling row, not the demand-direction diagram — see PM_Theta for that. Shaded cells are the station schedule.
B4: Station definition | F4: Strain plane (formula) | M4: Concrete | P4: Steel | S4: Total (nominal) | W4: Engine check
B5: Point | C5: c/D or c/c₁ | D5: εₛ/εy or fₛ/fyd | E5: εs | F5: u_ctrl (mm) | G5: ε_ctrl | H5: c (mm) | I5: κ (1/mm) | J5: ε₀ | K5: κx (1/mm) | L5: κy (1/mm) | M5: P (kN) | N5: Mx (kN·m) | O5: My (kN·m) | P5: P (kN) | Q5: Mx (kN·m) | R5: My (kN·m) | S5: P (kN) | T5: Mx (kN·m) | U5: My (kN·m) | V5: |M| (kN·m) | W5: P engine (kN) | X5: Δ P (%)
B7: P0 | F7: — | G7: =ecu | H7: n/a | I7: 0 | J7: =ecu | K7: =I7*COS(RADIANS(beta)) | L7: =I7*SIN(RADIANS(beta)) | M7: =SUMPRODUCT(alpha*fck*(1-(1-(((PM_Angle!$J$7+PM_Angle!$K$7*Mesh_Y+PM_Angle!$L$7*Mesh_X))*((PM_Angle!$J$7+PM_Angle!$K$7*Mesh_Y+PM_Angle!$L$7*Mesh_X)>0)*((PM_Angle!$J$7+PM_Angle!$K$7*Mesh_Y+PM_Angle!$L$7*Mesh_X)<eco)+eco*((PM_Angle!$J$7+PM_Angle!$K$7*Mesh_Y+PM_Angle!$L$7*Mesh_X)>=eco))/eco)^n)*(((PM_Angle!$J$7+PM_Angle!$K$7*Mesh_Y+PM_Angle!$L$7*Mesh_X))>0),Mesh_A)/1000 | N7: =SUMPRODUCT(alpha*fck*(1-(1-(((PM_Angle!$J$7+PM_Angle!$K$7*Mesh_Y+PM_Angle!$L$7*Mesh_X))*((PM_Angle!$J$7+PM_Angle!$K$7*Mesh_Y+PM_Angle!$L$7*Mesh_X)>0)*((PM_Angle!$J$7+PM_Angle!$K$7*Mesh_Y+PM_Angle!$L$7*Mesh_X)<eco)+eco*((PM_Angle!$J$7+PM_Angle!$K$7*Mesh_Y+PM_Angle!$L$7*Mesh_X)>=eco))/eco)^n)*(((PM_Angle!$J$7+PM_Angle!$K$7*Mesh_Y+PM_Angle!$L$7*Mesh_X))>0),Mesh_A,Mesh_Y)/1000000 | O7: =SUMPRODUCT(alpha*fck*(1-(1-(((PM_Angle!$J$7+PM_Angle!$K$7*Mesh_Y+PM_Angle!$L$7*Mesh_X))*((PM_Angle!$J$7+PM_Angle!$K$7*Mesh_Y+PM_Angle!$L$7*Mesh_X)>0)*((PM_Angle!$J$7+PM_Angle!$K$7*Mesh_Y+PM_Angle!$L$7*Mesh_X)<eco)+eco*((PM_Angle!$J$7+PM_Angle!$K$7*Mesh_Y+PM_Angle!$L$7*Mesh_X)>=eco))/eco)^n)*(((PM_Angle!$J$7+PM_Angle!$K$7*Mesh_Y+PM_Angle!$L$7*Mesh_X))>0),Mesh_A,Mesh_X)/1000000 | P7: =Steel!J6/1000 | Q7: =Steel!K6/1000000 | R7: =Steel!L6/1000000 | S7: =M7+P7 | T7: =N7+Q7 | U7: =O7+R7 | V7: =SQRT(T7^2+U7^2) | W7: 33981.434 | X7: =IF(ABS(W7)<0.000000001,0,(S7-W7)/W7*100)
B8: P1 | C8: 3 | F8: =u_max-C8*(u_max-u_min) | G8: =ROUND(0,0) | H8: =ecu/I8 | I8: =(ecu-G8)/(u_max-F8) | J8: =ecu-I8*u_max | K8: =I8*COS(RADIANS(beta)) | L8: =I8*SIN(RADIANS(beta)) | M8: =SUMPRODUCT(alpha*fck*(1-(1-(((PM_Angle!$J$8+PM_Angle!$K$8*Mesh_Y+PM_Angle!$L$8*Mesh_X))*((PM_Angle!$J$8+PM_Angle!$K$8*Mesh_Y+PM_Angle!$L$8*Mesh_X)>0)*((PM_Angle!$J$8+PM_Angle!$K$8*Mesh_Y+PM_Angle!$L$8*Mesh_X)<eco)+eco*((PM_Angle!$J$8+PM_Angle!$K$8*Mesh_Y+PM_Angle!$L$8*Mesh_X)>=eco))/eco)^n)*(((PM_Angle!$J$8+PM_Angle!$K$8*Mesh_Y+PM_Angle!$L$8*Mesh_X))>0),Mesh_A)/1000 | N8: =SUMPRODUCT(alpha*fck*(1-(1-(((PM_Angle!$J$8+PM_Angle!$K$8*Mesh_Y+PM_Angle!$L$8*Mesh_X))*((PM_Angle!$J$8+PM_Angle!$K$8*Mesh_Y+PM_Angle!$L$8*Mesh_X)>0)*((PM_Angle!$J$8+PM_Angle!$K$8*Mesh_Y+PM_Angle!$L$8*Mesh_X)<eco)+eco*((PM_Angle!$J$8+PM_Angle!$K$8*Mesh_Y+PM_Angle!$L$8*Mesh_X)>=eco))/eco)^n)*(((PM_Angle!$J$8+PM_Angle!$K$8*Mesh_Y+PM_Angle!$L$8*Mesh_X))>0),Mesh_A,Mesh_Y)/1000000 | O8: =SUMPRODUCT(alpha*fck*(1-(1-(((PM_Angle!$J$8+PM_Angle!$K$8*Mesh_Y+PM_Angle!$L$8*Mesh_X))*((PM_Angle!$J$8+PM_Angle!$K$8*Mesh_Y+PM_Angle!$L$8*Mesh_X)>0)*((PM_Angle!$J$8+PM_Angle!$K$8*Mesh_Y+PM_Angle!$L$8*Mesh_X)<eco)+eco*((PM_Angle!$J$8+PM_Angle!$K$8*Mesh_Y+PM_Angle!$L$8*Mesh_X)>=eco))/eco)^n)*(((PM_Angle!$J$8+PM_Angle!$K$8*Mesh_Y+PM_Angle!$L$8*Mesh_X))>0),Mesh_A,Mesh_X)/1000000 | P8: =Steel!Q6/1000 | Q8: =Steel!R6/1000000 | R8: =Steel!S6/1000000 | S8: =M8+P8 | T8: =N8+Q8 | U8: =O8+R8 | V8: =SQRT(T8^2+U8^2) | W8: 33981.434 | X8: =IF(ABS(W8)<0.000000001,0,(S8-W8)/W8*100)
B9: P2 | C9: 2 | F9: =u_max-C9*(u_max-u_min) | G9: =ROUND(0,0) | H9: =ecu/I9 | I9: =(ecu-G9)/(u_max-F9) | J9: =ecu-I9*u_max | K9: =I9*COS(RADIANS(beta)) | L9: =I9*SIN(RADIANS(beta)) | M9: =SUMPRODUCT(alpha*fck*(1-(1-(((PM_Angle!$J$9+PM_Angle!$K$9*Mesh_Y+PM_Angle!$L$9*Mesh_X))*((PM_Angle!$J$9+PM_Angle!$K$9*Mesh_Y+PM_Angle!$L$9*Mesh_X)>0)*((PM_Angle!$J$9+PM_Angle!$K$9*Mesh_Y+PM_Angle!$L$9*Mesh_X)<eco)+eco*((PM_Angle!$J$9+PM_Angle!$K$9*Mesh_Y+PM_Angle!$L$9*Mesh_X)>=eco))/eco)^n)*(((PM_Angle!$J$9+PM_Angle!$K$9*Mesh_Y+PM_Angle!$L$9*Mesh_X))>0),Mesh_A)/1000 | N9: =SUMPRODUCT(alpha*fck*(1-(1-(((PM_Angle!$J$9+PM_Angle!$K$9*Mesh_Y+PM_Angle!$L$9*Mesh_X))*((PM_Angle!$J$9+PM_Angle!$K$9*Mesh_Y+PM_Angle!$L$9*Mesh_X)>0)*((PM_Angle!$J$9+PM_Angle!$K$9*Mesh_Y+PM_Angle!$L$9*Mesh_X)<eco)+eco*((PM_Angle!$J$9+PM_Angle!$K$9*Mesh_Y+PM_Angle!$L$9*Mesh_X)>=eco))/eco)^n)*(((PM_Angle!$J$9+PM_Angle!$K$9*Mesh_Y+PM_Angle!$L$9*Mesh_X))>0),Mesh_A,Mesh_Y)/1000000 | O9: =SUMPRODUCT(alpha*fck*(1-(1-(((PM_Angle!$J$9+PM_Angle!$K$9*Mesh_Y+PM_Angle!$L$9*Mesh_X))*((PM_Angle!$J$9+PM_Angle!$K$9*Mesh_Y+PM_Angle!$L$9*Mesh_X)>0)*((PM_Angle!$J$9+PM_Angle!$K$9*Mesh_Y+PM_Angle!$L$9*Mesh_X)<eco)+eco*((PM_Angle!$J$9+PM_Angle!$K$9*Mesh_Y+PM_Angle!$L$9*Mesh_X)>=eco))/eco)^n)*(((PM_Angle!$J$9+PM_Angle!$K$9*Mesh_Y+PM_Angle!$L$9*Mesh_X))>0),Mesh_A,Mesh_X)/1000000 | P9: =Steel!X6/1000 | Q9: =Steel!Y6/1000000 | R9: =Steel!Z6/1000000 | S9: =M9+P9 | T9: =N9+Q9 | U9: =O9+R9 | V9: =SQRT(T9^2+U9^2) | W9: 33850.502 | X9: =IF(ABS(W9)<0.000000001,0,(S9-W9)/W9*100)
B10: P3 | C10: 1.5 | F10: =u_max-C10*(u_max-u_min) | G10: =ROUND(0,0) | H10: =ecu/I10 | I10: =(ecu-G10)/(u_max-F10) | J10: =ecu-I10*u_max | K10: =I10*COS(RADIANS(beta)) | L10: =I10*SIN(RADIANS(beta)) | M10: =SUMPRODUCT(alpha*fck*(1-(1-(((PM_Angle!$J$10+PM_Angle!$K$10*Mesh_Y+PM_Angle!$L$10*Mesh_X))*((PM_Angle!$J$10+PM_Angle!$K$10*Mesh_Y+PM_Angle!$L$10*Mesh_X)>0)*((PM_Angle!$J$10+PM_Angle!$K$10*Mesh_Y+PM_Angle!$L$10*Mesh_X)<eco)+eco*((PM_Angle!$J$10+PM_Angle!$K$10*Mesh_Y+PM_Angle!$L$10*Mesh_X)>=eco))/eco)^n)*(((PM_Angle!$J$10+PM_Angle!$K$10*Mesh_Y+PM_Angle!$L$10*Mesh_X))>0),Mesh_A)/1000 | N10: =SUMPRODUCT(alpha*fck*(1-(1-(((PM_Angle!$J$10+PM_Angle!$K$10*Mesh_Y+PM_Angle!$L$10*Mesh_X))*((PM_Angle!$J$10+PM_Angle!$K$10*Mesh_Y+PM_Angle!$L$10*Mesh_X)>0)*((PM_Angle!$J$10+PM_Angle!$K$10*Mesh_Y+PM_Angle!$L$10*Mesh_X)<eco)+eco*((PM_Angle!$J$10+PM_Angle!$K$10*Mesh_Y+PM_Angle!$L$10*Mesh_X)>=eco))/eco)^n)*(((PM_Angle!$J$10+PM_Angle!$K$10*Mesh_Y+PM_Angle!$L$10*Mesh_X))>0),Mesh_A,Mesh_Y)/1000000 | O10: =SUMPRODUCT(alpha*fck*(1-(1-(((PM_Angle!$J$10+PM_Angle!$K$10*Mesh_Y+PM_Angle!$L$10*Mesh_X))*((PM_Angle!$J$10+PM_Angle!$K$10*Mesh_Y+PM_Angle!$L$10*Mesh_X)>0)*((PM_Angle!$J$10+PM_Angle!$K$10*Mesh_Y+PM_Angle!$L$10*Mesh_X)<eco)+eco*((PM_Angle!$J$10+PM_Angle!$K$10*Mesh_Y+PM_Angle!$L$10*Mesh_X)>=eco))/eco)^n)*(((PM_Angle!$J$10+PM_Angle!$K$10*Mesh_Y+PM_Angle!$L$10*Mesh_X))>0),Mesh_A,Mesh_X)/1000000 | P10: =Steel!AE6/1000 | Q10: =Steel!AF6/1000000 | R10: =Steel!AG6/1000000 | S10: =M10+P10 | T10: =N10+Q10 | U10: =O10+R10 | V10: =SQRT(T10^2+U10^2) | W10: 32774.628 | X10: =IF(ABS(W10)<0.000000001,0,(S10-W10)/W10*100)
B11: P4 | C11: 1.2 | F11: =u_max-C11*(u_max-u_min) | G11: =ROUND(0,0) | H11: =ecu/I11 | I11: =(ecu-G11)/(u_max-F11) | J11: =ecu-I11*u_max | K11: =I11*COS(RADIANS(beta)) | L11: =I11*SIN(RADIANS(beta)) | M11: =SUMPRODUCT(alpha*fck*(1-(1-(((PM_Angle!$J$11+PM_Angle!$K$11*Mesh_Y+PM_Angle!$L$11*Mesh_X))*((PM_Angle!$J$11+PM_Angle!$K$11*Mesh_Y+PM_Angle!$L$11*Mesh_X)>0)*((PM_Angle!$J$11+PM_Angle!$K$11*Mesh_Y+PM_Angle!$L$11*Mesh_X)<eco)+eco*((PM_Angle!$J$11+PM_Angle!$K$11*Mesh_Y+PM_Angle!$L$11*Mesh_X)>=eco))/eco)^n)*(((PM_Angle!$J$11+PM_Angle!$K$11*Mesh_Y+PM_Angle!$L$11*Mesh_X))>0),Mesh_A)/1000 | N11: =SUMPRODUCT(alpha*fck*(1-(1-(((PM_Angle!$J$11+PM_Angle!$K$11*Mesh_Y+PM_Angle!$L$11*Mesh_X))*((PM_Angle!$J$11+PM_Angle!$K$11*Mesh_Y+PM_Angle!$L$11*Mesh_X)>0)*((PM_Angle!$J$11+PM_Angle!$K$11*Mesh_Y+PM_Angle!$L$11*Mesh_X)<eco)+eco*((PM_Angle!$J$11+PM_Angle!$K$11*Mesh_Y+PM_Angle!$L$11*Mesh_X)>=eco))/eco)^n)*(((PM_Angle!$J$11+PM_Angle!$K$11*Mesh_Y+PM_Angle!$L$11*Mesh_X))>0),Mesh_A,Mesh_Y)/1000000 | O11: =SUMPRODUCT(alpha*fck*(1-(1-(((PM_Angle!$J$11+PM_Angle!$K$11*Mesh_Y+PM_Angle!$L$11*Mesh_X))*((PM_Angle!$J$11+PM_Angle!$K$11*Mesh_Y+PM_Angle!$L$11*Mesh_X)>0)*((PM_Angle!$J$11+PM_Angle!$K$11*Mesh_Y+PM_Angle!$L$11*Mesh_X)<eco)+eco*((PM_Angle!$J$11+PM_Angle!$K$11*Mesh_Y+PM_Angle!$L$11*Mesh_X)>=eco))/eco)^n)*(((PM_Angle!$J$11+PM_Angle!$K$11*Mesh_Y+PM_Angle!$L$11*Mesh_X))>0),Mesh_A,Mesh_X)/1000000 | P11: =Steel!AL6/1000 | Q11: =Steel!AM6/1000000 | R11: =Steel!AN6/1000000 | S11: =M11+P11 | T11: =N11+Q11 | U11: =O11+R11 | V11: =SQRT(T11^2+U11^2) | W11: 30527.488 | X11: =IF(ABS(W11)<0.000000001,0,(S11-W11)/W11*100)
B12: P5 | C12: 1.1 | F12: =u_max-C12*(u_max-u_min) | G12: =ROUND(0,0) | H12: =ecu/I12 | I12: =(ecu-G12)/(u_max-F12) | J12: =ecu-I12*u_max | K12: =I12*COS(RADIANS(beta)) | L12: =I12*SIN(RADIANS(beta)) | M12: =SUMPRODUCT(alpha*fck*(1-(1-(((PM_Angle!$J$12+PM_Angle!$K$12*Mesh_Y+PM_Angle!$L$12*Mesh_X))*((PM_Angle!$J$12+PM_Angle!$K$12*Mesh_Y+PM_Angle!$L$12*Mesh_X)>0)*((PM_Angle!$J$12+PM_Angle!$K$12*Mesh_Y+PM_Angle!$L$12*Mesh_X)<eco)+eco*((PM_Angle!$J$12+PM_Angle!$K$12*Mesh_Y+PM_Angle!$L$12*Mesh_X)>=eco))/eco)^n)*(((PM_Angle!$J$12+PM_Angle!$K$12*Mesh_Y+PM_Angle!$L$12*Mesh_X))>0),Mesh_A)/1000 | N12: =SUMPRODUCT(alpha*fck*(1-(1-(((PM_Angle!$J$12+PM_Angle!$K$12*Mesh_Y+PM_Angle!$L$12*Mesh_X))*((PM_Angle!$J$12+PM_Angle!$K$12*Mesh_Y+PM_Angle!$L$12*Mesh_X)>0)*((PM_Angle!$J$12+PM_Angle!$K$12*Mesh_Y+PM_Angle!$L$12*Mesh_X)<eco)+eco*((PM_Angle!$J$12+PM_Angle!$K$12*Mesh_Y+PM_Angle!$L$12*Mesh_X)>=eco))/eco)^n)*(((PM_Angle!$J$12+PM_Angle!$K$12*Mesh_Y+PM_Angle!$L$12*Mesh_X))>0),Mesh_A,Mesh_Y)/1000000 | O12: =SUMPRODUCT(alpha*fck*(1-(1-(((PM_Angle!$J$12+PM_Angle!$K$12*Mesh_Y+PM_Angle!$L$12*Mesh_X))*((PM_Angle!$J$12+PM_Angle!$K$12*Mesh_Y+PM_Angle!$L$12*Mesh_X)>0)*((PM_Angle!$J$12+PM_Angle!$K$12*Mesh_Y+PM_Angle!$L$12*Mesh_X)<eco)+eco*((PM_Angle!$J$12+PM_Angle!$K$12*Mesh_Y+PM_Angle!$L$12*Mesh_X)>=eco))/eco)^n)*(((PM_Angle!$J$12+PM_Angle!$K$12*Mesh_Y+PM_Angle!$L$12*Mesh_X))>0),Mesh_A,Mesh_X)/1000000 | P12: =Steel!AS6/1000 | Q12: =Steel!AT6/1000000 | R12: =Steel!AU6/1000000 | S12: =M12+P12 | T12: =N12+Q12 | U12: =O12+R12 | V12: =SQRT(T12^2+U12^2) | W12: 29097.594 | X12: =IF(ABS(W12)<0.000000001,0,(S12-W12)/W12*100)
B13: P6 | C13: 1 | F13: =u_max-C13*(u_max-u_min) | G13: =ROUND(0,0) | H13: =ecu/I13 | I13: =(ecu-G13)/(u_max-F13) | J13: =ecu-I13*u_max | K13: =I13*COS(RADIANS(beta)) | L13: =I13*SIN(RADIANS(beta)) | M13: =SUMPRODUCT(alpha*fck*(1-(1-(((PM_Angle!$J$13+PM_Angle!$K$13*Mesh_Y+PM_Angle!$L$13*Mesh_X))*((PM_Angle!$J$13+PM_Angle!$K$13*Mesh_Y+PM_Angle!$L$13*Mesh_X)>0)*((PM_Angle!$J$13+PM_Angle!$K$13*Mesh_Y+PM_Angle!$L$13*Mesh_X)<eco)+eco*((PM_Angle!$J$13+PM_Angle!$K$13*Mesh_Y+PM_Angle!$L$13*Mesh_X)>=eco))/eco)^n)*(((PM_Angle!$J$13+PM_Angle!$K$13*Mesh_Y+PM_Angle!$L$13*Mesh_X))>0),Mesh_A)/1000 | N13: =SUMPRODUCT(alpha*fck*(1-(1-(((PM_Angle!$J$13+PM_Angle!$K$13*Mesh_Y+PM_Angle!$L$13*Mesh_X))*((PM_Angle!$J$13+PM_Angle!$K$13*Mesh_Y+PM_Angle!$L$13*Mesh_X)>0)*((PM_Angle!$J$13+PM_Angle!$K$13*Mesh_Y+PM_Angle!$L$13*Mesh_X)<eco)+eco*((PM_Angle!$J$13+PM_Angle!$K$13*Mesh_Y+PM_Angle!$L$13*Mesh_X)>=eco))/eco)^n)*(((PM_Angle!$J$13+PM_Angle!$K$13*Mesh_Y+PM_Angle!$L$13*Mesh_X))>0),Mesh_A,Mesh_Y)/1000000 | O13: =SUMPRODUCT(alpha*fck*(1-(1-(((PM_Angle!$J$13+PM_Angle!$K$13*Mesh_Y+PM_Angle!$L$13*Mesh_X))*((PM_Angle!$J$13+PM_Angle!$K$13*Mesh_Y+PM_Angle!$L$13*Mesh_X)>0)*((PM_Angle!$J$13+PM_Angle!$K$13*Mesh_Y+PM_Angle!$L$13*Mesh_X)<eco)+eco*((PM_Angle!$J$13+PM_Angle!$K$13*Mesh_Y+PM_Angle!$L$13*Mesh_X)>=eco))/eco)^n)*(((PM_Angle!$J$13+PM_Angle!$K$13*Mesh_Y+PM_Angle!$L$13*Mesh_X))>0),Mesh_A,Mesh_X)/1000000 | P13: =Steel!AZ6/1000 | Q13: =Steel!BA6/1000000 | R13: =Steel!BB6/1000000 | S13: =M13+P13 | T13: =N13+Q13 | U13: =O13+R13 | V13: =SQRT(T13^2+U13^2) | W13: 27011.957 | X13: =IF(ABS(W13)<0.000000001,0,(S13-W13)/W13*100)
B14: P7 | D14: 0 | F14: =u_bar | G14: 2.1684043e-19 | H14: =ecu/I14 | I14: =(ecu-G14)/(u_max-F14) | J14: =ecu-I14*u_max | K14: =I14*COS(RADIANS(beta)) | L14: =I14*SIN(RADIANS(beta)) | M14: =SUMPRODUCT(alpha*fck*(1-(1-(((PM_Angle!$J$14+PM_Angle!$K$14*Mesh_Y+PM_Angle!$L$14*Mesh_X))*((PM_Angle!$J$14+PM_Angle!$K$14*Mesh_Y+PM_Angle!$L$14*Mesh_X)>0)*((PM_Angle!$J$14+PM_Angle!$K$14*Mesh_Y+PM_Angle!$L$14*Mesh_X)<eco)+eco*((PM_Angle!$J$14+PM_Angle!$K$14*Mesh_Y+PM_Angle!$L$14*Mesh_X)>=eco))/eco)^n)*(((PM_Angle!$J$14+PM_Angle!$K$14*Mesh_Y+PM_Angle!$L$14*Mesh_X))>0),Mesh_A)/1000 | N14: =SUMPRODUCT(alpha*fck*(1-(1-(((PM_Angle!$J$14+PM_Angle!$K$14*Mesh_Y+PM_Angle!$L$14*Mesh_X))*((PM_Angle!$J$14+PM_Angle!$K$14*Mesh_Y+PM_Angle!$L$14*Mesh_X)>0)*((PM_Angle!$J$14+PM_Angle!$K$14*Mesh_Y+PM_Angle!$L$14*Mesh_X)<eco)+eco*((PM_Angle!$J$14+PM_Angle!$K$14*Mesh_Y+PM_Angle!$L$14*Mesh_X)>=eco))/eco)^n)*(((PM_Angle!$J$14+PM_Angle!$K$14*Mesh_Y+PM_Angle!$L$14*Mesh_X))>0),Mesh_A,Mesh_Y)/1000000 | O14: =SUMPRODUCT(alpha*fck*(1-(1-(((PM_Angle!$J$14+PM_Angle!$K$14*Mesh_Y+PM_Angle!$L$14*Mesh_X))*((PM_Angle!$J$14+PM_Angle!$K$14*Mesh_Y+PM_Angle!$L$14*Mesh_X)>0)*((PM_Angle!$J$14+PM_Angle!$K$14*Mesh_Y+PM_Angle!$L$14*Mesh_X)<eco)+eco*((PM_Angle!$J$14+PM_Angle!$K$14*Mesh_Y+PM_Angle!$L$14*Mesh_X)>=eco))/eco)^n)*(((PM_Angle!$J$14+PM_Angle!$K$14*Mesh_Y+PM_Angle!$L$14*Mesh_X))>0),Mesh_A,Mesh_X)/1000000 | P14: =Steel!BG6/1000 | Q14: =Steel!BH6/1000000 | R14: =Steel!BI6/1000000 | S14: =M14+P14 | T14: =N14+Q14 | U14: =O14+R14 | V14: =SQRT(T14^2+U14^2) | W14: 24941.454 | X14: =IF(ABS(W14)<0.000000001,0,(S14-W14)/W14*100)
B15: P8 | D15: 0.25 | F15: =u_bar | G15: -0.0005 | H15: =ecu/I15 | I15: =(ecu-G15)/(u_max-F15) | J15: =ecu-I15*u_max | K15: =I15*COS(RADIANS(beta)) | L15: =I15*SIN(RADIANS(beta)) | M15: =SUMPRODUCT(alpha*fck*(1-(1-(((PM_Angle!$J$15+PM_Angle!$K$15*Mesh_Y+PM_Angle!$L$15*Mesh_X))*((PM_Angle!$J$15+PM_Angle!$K$15*Mesh_Y+PM_Angle!$L$15*Mesh_X)>0)*((PM_Angle!$J$15+PM_Angle!$K$15*Mesh_Y+PM_Angle!$L$15*Mesh_X)<eco)+eco*((PM_Angle!$J$15+PM_Angle!$K$15*Mesh_Y+PM_Angle!$L$15*Mesh_X)>=eco))/eco)^n)*(((PM_Angle!$J$15+PM_Angle!$K$15*Mesh_Y+PM_Angle!$L$15*Mesh_X))>0),Mesh_A)/1000 | N15: =SUMPRODUCT(alpha*fck*(1-(1-(((PM_Angle!$J$15+PM_Angle!$K$15*Mesh_Y+PM_Angle!$L$15*Mesh_X))*((PM_Angle!$J$15+PM_Angle!$K$15*Mesh_Y+PM_Angle!$L$15*Mesh_X)>0)*((PM_Angle!$J$15+PM_Angle!$K$15*Mesh_Y+PM_Angle!$L$15*Mesh_X)<eco)+eco*((PM_Angle!$J$15+PM_Angle!$K$15*Mesh_Y+PM_Angle!$L$15*Mesh_X)>=eco))/eco)^n)*(((PM_Angle!$J$15+PM_Angle!$K$15*Mesh_Y+PM_Angle!$L$15*Mesh_X))>0),Mesh_A,Mesh_Y)/1000000 | O15: =SUMPRODUCT(alpha*fck*(1-(1-(((PM_Angle!$J$15+PM_Angle!$K$15*Mesh_Y+PM_Angle!$L$15*Mesh_X))*((PM_Angle!$J$15+PM_Angle!$K$15*Mesh_Y+PM_Angle!$L$15*Mesh_X)>0)*((PM_Angle!$J$15+PM_Angle!$K$15*Mesh_Y+PM_Angle!$L$15*Mesh_X)<eco)+eco*((PM_Angle!$J$15+PM_Angle!$K$15*Mesh_Y+PM_Angle!$L$15*Mesh_X)>=eco))/eco)^n)*(((PM_Angle!$J$15+PM_Angle!$K$15*Mesh_Y+PM_Angle!$L$15*Mesh_X))>0),Mesh_A,Mesh_X)/1000000 | P15: =Steel!BN6/1000 | Q15: =Steel!BO6/1000000 | R15: =Steel!BP6/1000000 | S15: =M15+P15 | T15: =N15+Q15 | U15: =O15+R15 | V15: =SQRT(T15^2+U15^2) | W15: 21079.019 | X15: =IF(ABS(W15)<0.000000001,0,(S15-W15)/W15*100)
B16: P9 | D16: 0.375 | F16: =u_bar | G16: -0.00075 | H16: =ecu/I16 | I16: =(ecu-G16)/(u_max-F16) | J16: =ecu-I16*u_max | K16: =I16*COS(RADIANS(beta)) | L16: =I16*SIN(RADIANS(beta)) | M16: =SUMPRODUCT(alpha*fck*(1-(1-(((PM_Angle!$J$16+PM_Angle!$K$16*Mesh_Y+PM_Angle!$L$16*Mesh_X))*((PM_Angle!$J$16+PM_Angle!$K$16*Mesh_Y+PM_Angle!$L$16*Mesh_X)>0)*((PM_Angle!$J$16+PM_Angle!$K$16*Mesh_Y+PM_Angle!$L$16*Mesh_X)<eco)+eco*((PM_Angle!$J$16+PM_Angle!$K$16*Mesh_Y+PM_Angle!$L$16*Mesh_X)>=eco))/eco)^n)*(((PM_Angle!$J$16+PM_Angle!$K$16*Mesh_Y+PM_Angle!$L$16*Mesh_X))>0),Mesh_A)/1000 | N16: =SUMPRODUCT(alpha*fck*(1-(1-(((PM_Angle!$J$16+PM_Angle!$K$16*Mesh_Y+PM_Angle!$L$16*Mesh_X))*((PM_Angle!$J$16+PM_Angle!$K$16*Mesh_Y+PM_Angle!$L$16*Mesh_X)>0)*((PM_Angle!$J$16+PM_Angle!$K$16*Mesh_Y+PM_Angle!$L$16*Mesh_X)<eco)+eco*((PM_Angle!$J$16+PM_Angle!$K$16*Mesh_Y+PM_Angle!$L$16*Mesh_X)>=eco))/eco)^n)*(((PM_Angle!$J$16+PM_Angle!$K$16*Mesh_Y+PM_Angle!$L$16*Mesh_X))>0),Mesh_A,Mesh_Y)/1000000 | O16: =SUMPRODUCT(alpha*fck*(1-(1-(((PM_Angle!$J$16+PM_Angle!$K$16*Mesh_Y+PM_Angle!$L$16*Mesh_X))*((PM_Angle!$J$16+PM_Angle!$K$16*Mesh_Y+PM_Angle!$L$16*Mesh_X)>0)*((PM_Angle!$J$16+PM_Angle!$K$16*Mesh_Y+PM_Angle!$L$16*Mesh_X)<eco)+eco*((PM_Angle!$J$16+PM_Angle!$K$16*Mesh_Y+PM_Angle!$L$16*Mesh_X)>=eco))/eco)^n)*(((PM_Angle!$J$16+PM_Angle!$K$16*Mesh_Y+PM_Angle!$L$16*Mesh_X))>0),Mesh_A,Mesh_X)/1000000 | P16: =Steel!BU6/1000 | Q16: =Steel!BV6/1000000 | R16: =Steel!BW6/1000000 | S16: =M16+P16 | T16: =N16+Q16 | U16: =O16+R16 | V16: =SQRT(T16^2+U16^2) | W16: 19511.951 | X16: =IF(ABS(W16)<0.000000001,0,(S16-W16)/W16*100)
B17: P10 | D17: 0.5 | F17: =u_bar | G17: -0.001 | H17: =ecu/I17 | I17: =(ecu-G17)/(u_max-F17) | J17: =ecu-I17*u_max | K17: =I17*COS(RADIANS(beta)) | L17: =I17*SIN(RADIANS(beta)) | M17: =SUMPRODUCT(alpha*fck*(1-(1-(((PM_Angle!$J$17+PM_Angle!$K$17*Mesh_Y+PM_Angle!$L$17*Mesh_X))*((PM_Angle!$J$17+PM_Angle!$K$17*Mesh_Y+PM_Angle!$L$17*Mesh_X)>0)*((PM_Angle!$J$17+PM_Angle!$K$17*Mesh_Y+PM_Angle!$L$17*Mesh_X)<eco)+eco*((PM_Angle!$J$17+PM_Angle!$K$17*Mesh_Y+PM_Angle!$L$17*Mesh_X)>=eco))/eco)^n)*(((PM_Angle!$J$17+PM_Angle!$K$17*Mesh_Y+PM_Angle!$L$17*Mesh_X))>0),Mesh_A)/1000 | N17: =SUMPRODUCT(alpha*fck*(1-(1-(((PM_Angle!$J$17+PM_Angle!$K$17*Mesh_Y+PM_Angle!$L$17*Mesh_X))*((PM_Angle!$J$17+PM_Angle!$K$17*Mesh_Y+PM_Angle!$L$17*Mesh_X)>0)*((PM_Angle!$J$17+PM_Angle!$K$17*Mesh_Y+PM_Angle!$L$17*Mesh_X)<eco)+eco*((PM_Angle!$J$17+PM_Angle!$K$17*Mesh_Y+PM_Angle!$L$17*Mesh_X)>=eco))/eco)^n)*(((PM_Angle!$J$17+PM_Angle!$K$17*Mesh_Y+PM_Angle!$L$17*Mesh_X))>0),Mesh_A,Mesh_Y)/1000000 | O17: =SUMPRODUCT(alpha*fck*(1-(1-(((PM_Angle!$J$17+PM_Angle!$K$17*Mesh_Y+PM_Angle!$L$17*Mesh_X))*((PM_Angle!$J$17+PM_Angle!$K$17*Mesh_Y+PM_Angle!$L$17*Mesh_X)>0)*((PM_Angle!$J$17+PM_Angle!$K$17*Mesh_Y+PM_Angle!$L$17*Mesh_X)<eco)+eco*((PM_Angle!$J$17+PM_Angle!$K$17*Mesh_Y+PM_Angle!$L$17*Mesh_X)>=eco))/eco)^n)*(((PM_Angle!$J$17+PM_Angle!$K$17*Mesh_Y+PM_Angle!$L$17*Mesh_X))>0),Mesh_A,Mesh_X)/1000000 | P17: =Steel!CB6/1000 | Q17: =Steel!CC6/1000000 | R17: =Steel!CD6/1000000 | S17: =M17+P17 | T17: =N17+Q17 | U17: =O17+R17 | V17: =SQRT(T17^2+U17^2) | W17: 18153.31 | X17: =IF(ABS(W17)<0.000000001,0,(S17-W17)/W17*100)
B18: P11 | D18: 0.625 | F18: =u_bar | G18: -0.00125 | H18: =ecu/I18 | I18: =(ecu-G18)/(u_max-F18) | J18: =ecu-I18*u_max | K18: =I18*COS(RADIANS(beta)) | L18: =I18*SIN(RADIANS(beta)) | M18: =SUMPRODUCT(alpha*fck*(1-(1-(((PM_Angle!$J$18+PM_Angle!$K$18*Mesh_Y+PM_Angle!$L$18*Mesh_X))*((PM_Angle!$J$18+PM_Angle!$K$18*Mesh_Y+PM_Angle!$L$18*Mesh_X)>0)*((PM_Angle!$J$18+PM_Angle!$K$18*Mesh_Y+PM_Angle!$L$18*Mesh_X)<eco)+eco*((PM_Angle!$J$18+PM_Angle!$K$18*Mesh_Y+PM_Angle!$L$18*Mesh_X)>=eco))/eco)^n)*(((PM_Angle!$J$18+PM_Angle!$K$18*Mesh_Y+PM_Angle!$L$18*Mesh_X))>0),Mesh_A)/1000 | N18: =SUMPRODUCT(alpha*fck*(1-(1-(((PM_Angle!$J$18+PM_Angle!$K$18*Mesh_Y+PM_Angle!$L$18*Mesh_X))*((PM_Angle!$J$18+PM_Angle!$K$18*Mesh_Y+PM_Angle!$L$18*Mesh_X)>0)*((PM_Angle!$J$18+PM_Angle!$K$18*Mesh_Y+PM_Angle!$L$18*Mesh_X)<eco)+eco*((PM_Angle!$J$18+PM_Angle!$K$18*Mesh_Y+PM_Angle!$L$18*Mesh_X)>=eco))/eco)^n)*(((PM_Angle!$J$18+PM_Angle!$K$18*Mesh_Y+PM_Angle!$L$18*Mesh_X))>0),Mesh_A,Mesh_Y)/1000000 | O18: =SUMPRODUCT(alpha*fck*(1-(1-(((PM_Angle!$J$18+PM_Angle!$K$18*Mesh_Y+PM_Angle!$L$18*Mesh_X))*((PM_Angle!$J$18+PM_Angle!$K$18*Mesh_Y+PM_Angle!$L$18*Mesh_X)>0)*((PM_Angle!$J$18+PM_Angle!$K$18*Mesh_Y+PM_Angle!$L$18*Mesh_X)<eco)+eco*((PM_Angle!$J$18+PM_Angle!$K$18*Mesh_Y+PM_Angle!$L$18*Mesh_X)>=eco))/eco)^n)*(((PM_Angle!$J$18+PM_Angle!$K$18*Mesh_Y+PM_Angle!$L$18*Mesh_X))>0),Mesh_A,Mesh_X)/1000000 | P18: =Steel!CI6/1000 | Q18: =Steel!CJ6/1000000 | R18: =Steel!CK6/1000000 | S18: =M18+P18 | T18: =N18+Q18 | U18: =O18+R18 | V18: =SQRT(T18^2+U18^2) | W18: 16953.847 | X18: =IF(ABS(W18)<0.000000001,0,(S18-W18)/W18*100)
B19: P12 | D19: 0.75 | F19: =u_bar | G19: -0.0015 | H19: =ecu/I19 | I19: =(ecu-G19)/(u_max-F19) | J19: =ecu-I19*u_max | K19: =I19*COS(RADIANS(beta)) | L19: =I19*SIN(RADIANS(beta)) | M19: =SUMPRODUCT(alpha*fck*(1-(1-(((PM_Angle!$J$19+PM_Angle!$K$19*Mesh_Y+PM_Angle!$L$19*Mesh_X))*((PM_Angle!$J$19+PM_Angle!$K$19*Mesh_Y+PM_Angle!$L$19*Mesh_X)>0)*((PM_Angle!$J$19+PM_Angle!$K$19*Mesh_Y+PM_Angle!$L$19*Mesh_X)<eco)+eco*((PM_Angle!$J$19+PM_Angle!$K$19*Mesh_Y+PM_Angle!$L$19*Mesh_X)>=eco))/eco)^n)*(((PM_Angle!$J$19+PM_Angle!$K$19*Mesh_Y+PM_Angle!$L$19*Mesh_X))>0),Mesh_A)/1000 | N19: =SUMPRODUCT(alpha*fck*(1-(1-(((PM_Angle!$J$19+PM_Angle!$K$19*Mesh_Y+PM_Angle!$L$19*Mesh_X))*((PM_Angle!$J$19+PM_Angle!$K$19*Mesh_Y+PM_Angle!$L$19*Mesh_X)>0)*((PM_Angle!$J$19+PM_Angle!$K$19*Mesh_Y+PM_Angle!$L$19*Mesh_X)<eco)+eco*((PM_Angle!$J$19+PM_Angle!$K$19*Mesh_Y+PM_Angle!$L$19*Mesh_X)>=eco))/eco)^n)*(((PM_Angle!$J$19+PM_Angle!$K$19*Mesh_Y+PM_Angle!$L$19*Mesh_X))>0),Mesh_A,Mesh_Y)/1000000 | O19: =SUMPRODUCT(alpha*fck*(1-(1-(((PM_Angle!$J$19+PM_Angle!$K$19*Mesh_Y+PM_Angle!$L$19*Mesh_X))*((PM_Angle!$J$19+PM_Angle!$K$19*Mesh_Y+PM_Angle!$L$19*Mesh_X)>0)*((PM_Angle!$J$19+PM_Angle!$K$19*Mesh_Y+PM_Angle!$L$19*Mesh_X)<eco)+eco*((PM_Angle!$J$19+PM_Angle!$K$19*Mesh_Y+PM_Angle!$L$19*Mesh_X)>=eco))/eco)^n)*(((PM_Angle!$J$19+PM_Angle!$K$19*Mesh_Y+PM_Angle!$L$19*Mesh_X))>0),Mesh_A,Mesh_X)/1000000 | P19: =Steel!CP6/1000 | Q19: =Steel!CQ6/1000000 | R19: =Steel!CR6/1000000 | S19: =M19+P19 | T19: =N19+Q19 | U19: =O19+R19 | V19: =SQRT(T19^2+U19^2) | W19: 15853.978 | X19: =IF(ABS(W19)<0.000000001,0,(S19-W19)/W19*100)
B20: P13 | D20: 0.875 | F20: =u_bar | G20: -0.00175 | H20: =ecu/I20 | I20: =(ecu-G20)/(u_max-F20) | J20: =ecu-I20*u_max | K20: =I20*COS(RADIANS(beta)) | L20: =I20*SIN(RADIANS(beta)) | M20: =SUMPRODUCT(alpha*fck*(1-(1-(((PM_Angle!$J$20+PM_Angle!$K$20*Mesh_Y+PM_Angle!$L$20*Mesh_X))*((PM_Angle!$J$20+PM_Angle!$K$20*Mesh_Y+PM_Angle!$L$20*Mesh_X)>0)*((PM_Angle!$J$20+PM_Angle!$K$20*Mesh_Y+PM_Angle!$L$20*Mesh_X)<eco)+eco*((PM_Angle!$J$20+PM_Angle!$K$20*Mesh_Y+PM_Angle!$L$20*Mesh_X)>=eco))/eco)^n)*(((PM_Angle!$J$20+PM_Angle!$K$20*Mesh_Y+PM_Angle!$L$20*Mesh_X))>0),Mesh_A)/1000 | N20: =SUMPRODUCT(alpha*fck*(1-(1-(((PM_Angle!$J$20+PM_Angle!$K$20*Mesh_Y+PM_Angle!$L$20*Mesh_X))*((PM_Angle!$J$20+PM_Angle!$K$20*Mesh_Y+PM_Angle!$L$20*Mesh_X)>0)*((PM_Angle!$J$20+PM_Angle!$K$20*Mesh_Y+PM_Angle!$L$20*Mesh_X)<eco)+eco*((PM_Angle!$J$20+PM_Angle!$K$20*Mesh_Y+PM_Angle!$L$20*Mesh_X)>=eco))/eco)^n)*(((PM_Angle!$J$20+PM_Angle!$K$20*Mesh_Y+PM_Angle!$L$20*Mesh_X))>0),Mesh_A,Mesh_Y)/1000000 | O20: =SUMPRODUCT(alpha*fck*(1-(1-(((PM_Angle!$J$20+PM_Angle!$K$20*Mesh_Y+PM_Angle!$L$20*Mesh_X))*((PM_Angle!$J$20+PM_Angle!$K$20*Mesh_Y+PM_Angle!$L$20*Mesh_X)>0)*((PM_Angle!$J$20+PM_Angle!$K$20*Mesh_Y+PM_Angle!$L$20*Mesh_X)<eco)+eco*((PM_Angle!$J$20+PM_Angle!$K$20*Mesh_Y+PM_Angle!$L$20*Mesh_X)>=eco))/eco)^n)*(((PM_Angle!$J$20+PM_Angle!$K$20*Mesh_Y+PM_Angle!$L$20*Mesh_X))>0),Mesh_A,Mesh_X)/1000000 | P20: =Steel!CW6/1000 | Q20: =Steel!CX6/1000000 | R20: =Steel!CY6/1000000 | S20: =M20+P20 | T20: =N20+Q20 | U20: =O20+R20 | V20: =SQRT(T20^2+U20^2) | W20: 14830.262 | X20: =IF(ABS(W20)<0.000000001,0,(S20-W20)/W20*100)
B21: P14 | D21: 1 | F21: =u_bar | G21: -0.002 | H21: =ecu/I21 | I21: =(ecu-G21)/(u_max-F21) | J21: =ecu-I21*u_max | K21: =I21*COS(RADIANS(beta)) | L21: =I21*SIN(RADIANS(beta)) | M21: =SUMPRODUCT(alpha*fck*(1-(1-(((PM_Angle!$J$21+PM_Angle!$K$21*Mesh_Y+PM_Angle!$L$21*Mesh_X))*((PM_Angle!$J$21+PM_Angle!$K$21*Mesh_Y+PM_Angle!$L$21*Mesh_X)>0)*((PM_Angle!$J$21+PM_Angle!$K$21*Mesh_Y+PM_Angle!$L$21*Mesh_X)<eco)+eco*((PM_Angle!$J$21+PM_Angle!$K$21*Mesh_Y+PM_Angle!$L$21*Mesh_X)>=eco))/eco)^n)*(((PM_Angle!$J$21+PM_Angle!$K$21*Mesh_Y+PM_Angle!$L$21*Mesh_X))>0),Mesh_A)/1000 | N21: =SUMPRODUCT(alpha*fck*(1-(1-(((PM_Angle!$J$21+PM_Angle!$K$21*Mesh_Y+PM_Angle!$L$21*Mesh_X))*((PM_Angle!$J$21+PM_Angle!$K$21*Mesh_Y+PM_Angle!$L$21*Mesh_X)>0)*((PM_Angle!$J$21+PM_Angle!$K$21*Mesh_Y+PM_Angle!$L$21*Mesh_X)<eco)+eco*((PM_Angle!$J$21+PM_Angle!$K$21*Mesh_Y+PM_Angle!$L$21*Mesh_X)>=eco))/eco)^n)*(((PM_Angle!$J$21+PM_Angle!$K$21*Mesh_Y+PM_Angle!$L$21*Mesh_X))>0),Mesh_A,Mesh_Y)/1000000 | O21: =SUMPRODUCT(alpha*fck*(1-(1-(((PM_Angle!$J$21+PM_Angle!$K$21*Mesh_Y+PM_Angle!$L$21*Mesh_X))*((PM_Angle!$J$21+PM_Angle!$K$21*Mesh_Y+PM_Angle!$L$21*Mesh_X)>0)*((PM_Angle!$J$21+PM_Angle!$K$21*Mesh_Y+PM_Angle!$L$21*Mesh_X)<eco)+eco*((PM_Angle!$J$21+PM_Angle!$K$21*Mesh_Y+PM_Angle!$L$21*Mesh_X)>=eco))/eco)^n)*(((PM_Angle!$J$21+PM_Angle!$K$21*Mesh_Y+PM_Angle!$L$21*Mesh_X))>0),Mesh_A,Mesh_X)/1000000 | P21: =Steel!DD6/1000 | Q21: =Steel!DE6/1000000 | R21: =Steel!DF6/1000000 | S21: =M21+P21 | T21: =N21+Q21 | U21: =O21+R21 | V21: =SQRT(T21^2+U21^2) | W21: 13872.543 | X21: =IF(ABS(W21)<0.000000001,0,(S21-W21)/W21*100)
B22: P15 | D22: 1.25 | F22: =u_bar | G22: -0.0025 | H22: =ecu/I22 | I22: =(ecu-G22)/(u_max-F22) | J22: =ecu-I22*u_max | K22: =I22*COS(RADIANS(beta)) | L22: =I22*SIN(RADIANS(beta)) | M22: =SUMPRODUCT(alpha*fck*(1-(1-(((PM_Angle!$J$22+PM_Angle!$K$22*Mesh_Y+PM_Angle!$L$22*Mesh_X))*((PM_Angle!$J$22+PM_Angle!$K$22*Mesh_Y+PM_Angle!$L$22*Mesh_X)>0)*((PM_Angle!$J$22+PM_Angle!$K$22*Mesh_Y+PM_Angle!$L$22*Mesh_X)<eco)+eco*((PM_Angle!$J$22+PM_Angle!$K$22*Mesh_Y+PM_Angle!$L$22*Mesh_X)>=eco))/eco)^n)*(((PM_Angle!$J$22+PM_Angle!$K$22*Mesh_Y+PM_Angle!$L$22*Mesh_X))>0),Mesh_A)/1000 | N22: =SUMPRODUCT(alpha*fck*(1-(1-(((PM_Angle!$J$22+PM_Angle!$K$22*Mesh_Y+PM_Angle!$L$22*Mesh_X))*((PM_Angle!$J$22+PM_Angle!$K$22*Mesh_Y+PM_Angle!$L$22*Mesh_X)>0)*((PM_Angle!$J$22+PM_Angle!$K$22*Mesh_Y+PM_Angle!$L$22*Mesh_X)<eco)+eco*((PM_Angle!$J$22+PM_Angle!$K$22*Mesh_Y+PM_Angle!$L$22*Mesh_X)>=eco))/eco)^n)*(((PM_Angle!$J$22+PM_Angle!$K$22*Mesh_Y+PM_Angle!$L$22*Mesh_X))>0),Mesh_A,Mesh_Y)/1000000 | O22: =SUMPRODUCT(alpha*fck*(1-(1-(((PM_Angle!$J$22+PM_Angle!$K$22*Mesh_Y+PM_Angle!$L$22*Mesh_X))*((PM_Angle!$J$22+PM_Angle!$K$22*Mesh_Y+PM_Angle!$L$22*Mesh_X)>0)*((PM_Angle!$J$22+PM_Angle!$K$22*Mesh_Y+PM_Angle!$L$22*Mesh_X)<eco)+eco*((PM_Angle!$J$22+PM_Angle!$K$22*Mesh_Y+PM_Angle!$L$22*Mesh_X)>=eco))/eco)^n)*(((PM_Angle!$J$22+PM_Angle!$K$22*Mesh_Y+PM_Angle!$L$22*Mesh_X))>0),Mesh_A,Mesh_X)/1000000 | P22: =Steel!DK6/1000 | Q22: =Steel!DL6/1000000 | R22: =Steel!DM6/1000000 | S22: =M22+P22 | T22: =N22+Q22 | U22: =O22+R22 | V22: =SQRT(T22^2+U22^2) | W22: 12219.383 | X22: =IF(ABS(W22)<0.000000001,0,(S22-W22)/W22*100)
B23: P16 | D23: 1.5 | F23: =u_bar | G23: -0.003 | H23: =ecu/I23 | I23: =(ecu-G23)/(u_max-F23) | J23: =ecu-I23*u_max | K23: =I23*COS(RADIANS(beta)) | L23: =I23*SIN(RADIANS(beta)) | M23: =SUMPRODUCT(alpha*fck*(1-(1-(((PM_Angle!$J$23+PM_Angle!$K$23*Mesh_Y+PM_Angle!$L$23*Mesh_X))*((PM_Angle!$J$23+PM_Angle!$K$23*Mesh_Y+PM_Angle!$L$23*Mesh_X)>0)*((PM_Angle!$J$23+PM_Angle!$K$23*Mesh_Y+PM_Angle!$L$23*Mesh_X)<eco)+eco*((PM_Angle!$J$23+PM_Angle!$K$23*Mesh_Y+PM_Angle!$L$23*Mesh_X)>=eco))/eco)^n)*(((PM_Angle!$J$23+PM_Angle!$K$23*Mesh_Y+PM_Angle!$L$23*Mesh_X))>0),Mesh_A)/1000 | N23: =SUMPRODUCT(alpha*fck*(1-(1-(((PM_Angle!$J$23+PM_Angle!$K$23*Mesh_Y+PM_Angle!$L$23*Mesh_X))*((PM_Angle!$J$23+PM_Angle!$K$23*Mesh_Y+PM_Angle!$L$23*Mesh_X)>0)*((PM_Angle!$J$23+PM_Angle!$K$23*Mesh_Y+PM_Angle!$L$23*Mesh_X)<eco)+eco*((PM_Angle!$J$23+PM_Angle!$K$23*Mesh_Y+PM_Angle!$L$23*Mesh_X)>=eco))/eco)^n)*(((PM_Angle!$J$23+PM_Angle!$K$23*Mesh_Y+PM_Angle!$L$23*Mesh_X))>0),Mesh_A,Mesh_Y)/1000000 | O23: =SUMPRODUCT(alpha*fck*(1-(1-(((PM_Angle!$J$23+PM_Angle!$K$23*Mesh_Y+PM_Angle!$L$23*Mesh_X))*((PM_Angle!$J$23+PM_Angle!$K$23*Mesh_Y+PM_Angle!$L$23*Mesh_X)>0)*((PM_Angle!$J$23+PM_Angle!$K$23*Mesh_Y+PM_Angle!$L$23*Mesh_X)<eco)+eco*((PM_Angle!$J$23+PM_Angle!$K$23*Mesh_Y+PM_Angle!$L$23*Mesh_X)>=eco))/eco)^n)*(((PM_Angle!$J$23+PM_Angle!$K$23*Mesh_Y+PM_Angle!$L$23*Mesh_X))>0),Mesh_A,Mesh_X)/1000000 | P23: =Steel!DR6/1000 | Q23: =Steel!DS6/1000000 | R23: =Steel!DT6/1000000 | S23: =M23+P23 | T23: =N23+Q23 | U23: =O23+R23 | V23: =SQRT(T23^2+U23^2) | W23: 10905.321 | X23: =IF(ABS(W23)<0.000000001,0,(S23-W23)/W23*100)
B24: P17 | D24: 1.75 | F24: =u_bar | G24: -0.0035 | H24: =ecu/I24 | I24: =(ecu-G24)/(u_max-F24) | J24: =ecu-I24*u_max | K24: =I24*COS(RADIANS(beta)) | L24: =I24*SIN(RADIANS(beta)) | M24: =SUMPRODUCT(alpha*fck*(1-(1-(((PM_Angle!$J$24+PM_Angle!$K$24*Mesh_Y+PM_Angle!$L$24*Mesh_X))*((PM_Angle!$J$24+PM_Angle!$K$24*Mesh_Y+PM_Angle!$L$24*Mesh_X)>0)*((PM_Angle!$J$24+PM_Angle!$K$24*Mesh_Y+PM_Angle!$L$24*Mesh_X)<eco)+eco*((PM_Angle!$J$24+PM_Angle!$K$24*Mesh_Y+PM_Angle!$L$24*Mesh_X)>=eco))/eco)^n)*(((PM_Angle!$J$24+PM_Angle!$K$24*Mesh_Y+PM_Angle!$L$24*Mesh_X))>0),Mesh_A)/1000 | N24: =SUMPRODUCT(alpha*fck*(1-(1-(((PM_Angle!$J$24+PM_Angle!$K$24*Mesh_Y+PM_Angle!$L$24*Mesh_X))*((PM_Angle!$J$24+PM_Angle!$K$24*Mesh_Y+PM_Angle!$L$24*Mesh_X)>0)*((PM_Angle!$J$24+PM_Angle!$K$24*Mesh_Y+PM_Angle!$L$24*Mesh_X)<eco)+eco*((PM_Angle!$J$24+PM_Angle!$K$24*Mesh_Y+PM_Angle!$L$24*Mesh_X)>=eco))/eco)^n)*(((PM_Angle!$J$24+PM_Angle!$K$24*Mesh_Y+PM_Angle!$L$24*Mesh_X))>0),Mesh_A,Mesh_Y)/1000000 | O24: =SUMPRODUCT(alpha*fck*(1-(1-(((PM_Angle!$J$24+PM_Angle!$K$24*Mesh_Y+PM_Angle!$L$24*Mesh_X))*((PM_Angle!$J$24+PM_Angle!$K$24*Mesh_Y+PM_Angle!$L$24*Mesh_X)>0)*((PM_Angle!$J$24+PM_Angle!$K$24*Mesh_Y+PM_Angle!$L$24*Mesh_X)<eco)+eco*((PM_Angle!$J$24+PM_Angle!$K$24*Mesh_Y+PM_Angle!$L$24*Mesh_X)>=eco))/eco)^n)*(((PM_Angle!$J$24+PM_Angle!$K$24*Mesh_Y+PM_Angle!$L$24*Mesh_X))>0),Mesh_A,Mesh_X)/1000000 | P24: =Steel!DY6/1000 | Q24: =Steel!DZ6/1000000 | R24: =Steel!EA6/1000000 | S24: =M24+P24 | T24: =N24+Q24 | U24: =O24+R24 | V24: =SQRT(T24^2+U24^2) | W24: 9823.793 | X24: =IF(ABS(W24)<0.000000001,0,(S24-W24)/W24*100)
B25: P18 | D25: 2 | F25: =u_bar | G25: -0.004 | H25: =ecu/I25 | I25: =(ecu-G25)/(u_max-F25) | J25: =ecu-I25*u_max | K25: =I25*COS(RADIANS(beta)) | L25: =I25*SIN(RADIANS(beta)) | M25: =SUMPRODUCT(alpha*fck*(1-(1-(((PM_Angle!$J$25+PM_Angle!$K$25*Mesh_Y+PM_Angle!$L$25*Mesh_X))*((PM_Angle!$J$25+PM_Angle!$K$25*Mesh_Y+PM_Angle!$L$25*Mesh_X)>0)*((PM_Angle!$J$25+PM_Angle!$K$25*Mesh_Y+PM_Angle!$L$25*Mesh_X)<eco)+eco*((PM_Angle!$J$25+PM_Angle!$K$25*Mesh_Y+PM_Angle!$L$25*Mesh_X)>=eco))/eco)^n)*(((PM_Angle!$J$25+PM_Angle!$K$25*Mesh_Y+PM_Angle!$L$25*Mesh_X))>0),Mesh_A)/1000 | N25: =SUMPRODUCT(alpha*fck*(1-(1-(((PM_Angle!$J$25+PM_Angle!$K$25*Mesh_Y+PM_Angle!$L$25*Mesh_X))*((PM_Angle!$J$25+PM_Angle!$K$25*Mesh_Y+PM_Angle!$L$25*Mesh_X)>0)*((PM_Angle!$J$25+PM_Angle!$K$25*Mesh_Y+PM_Angle!$L$25*Mesh_X)<eco)+eco*((PM_Angle!$J$25+PM_Angle!$K$25*Mesh_Y+PM_Angle!$L$25*Mesh_X)>=eco))/eco)^n)*(((PM_Angle!$J$25+PM_Angle!$K$25*Mesh_Y+PM_Angle!$L$25*Mesh_X))>0),Mesh_A,Mesh_Y)/1000000 | O25: =SUMPRODUCT(alpha*fck*(1-(1-(((PM_Angle!$J$25+PM_Angle!$K$25*Mesh_Y+PM_Angle!$L$25*Mesh_X))*((PM_Angle!$J$25+PM_Angle!$K$25*Mesh_Y+PM_Angle!$L$25*Mesh_X)>0)*((PM_Angle!$J$25+PM_Angle!$K$25*Mesh_Y+PM_Angle!$L$25*Mesh_X)<eco)+eco*((PM_Angle!$J$25+PM_Angle!$K$25*Mesh_Y+PM_Angle!$L$25*Mesh_X)>=eco))/eco)^n)*(((PM_Angle!$J$25+PM_Angle!$K$25*Mesh_Y+PM_Angle!$L$25*Mesh_X))>0),Mesh_A,Mesh_X)/1000000 | P25: =Steel!EF6/1000 | Q25: =Steel!EG6/1000000 | R25: =Steel!EH6/1000000 | S25: =M25+P25 | T25: =N25+Q25 | U25: =O25+R25 | V25: =SQRT(T25^2+U25^2) | W25: 8823.4175 | X25: =IF(ABS(W25)<0.000000001,0,(S25-W25)/W25*100)
B26: P19 | D26: 2.5 | F26: =u_bar | G26: -0.005 | H26: =ecu/I26 | I26: =(ecu-G26)/(u_max-F26) | J26: =ecu-I26*u_max | K26: =I26*COS(RADIANS(beta)) | L26: =I26*SIN(RADIANS(beta)) | M26: =SUMPRODUCT(alpha*fck*(1-(1-(((PM_Angle!$J$26+PM_Angle!$K$26*Mesh_Y+PM_Angle!$L$26*Mesh_X))*((PM_Angle!$J$26+PM_Angle!$K$26*Mesh_Y+PM_Angle!$L$26*Mesh_X)>0)*((PM_Angle!$J$26+PM_Angle!$K$26*Mesh_Y+PM_Angle!$L$26*Mesh_X)<eco)+eco*((PM_Angle!$J$26+PM_Angle!$K$26*Mesh_Y+PM_Angle!$L$26*Mesh_X)>=eco))/eco)^n)*(((PM_Angle!$J$26+PM_Angle!$K$26*Mesh_Y+PM_Angle!$L$26*Mesh_X))>0),Mesh_A)/1000 | N26: =SUMPRODUCT(alpha*fck*(1-(1-(((PM_Angle!$J$26+PM_Angle!$K$26*Mesh_Y+PM_Angle!$L$26*Mesh_X))*((PM_Angle!$J$26+PM_Angle!$K$26*Mesh_Y+PM_Angle!$L$26*Mesh_X)>0)*((PM_Angle!$J$26+PM_Angle!$K$26*Mesh_Y+PM_Angle!$L$26*Mesh_X)<eco)+eco*((PM_Angle!$J$26+PM_Angle!$K$26*Mesh_Y+PM_Angle!$L$26*Mesh_X)>=eco))/eco)^n)*(((PM_Angle!$J$26+PM_Angle!$K$26*Mesh_Y+PM_Angle!$L$26*Mesh_X))>0),Mesh_A,Mesh_Y)/1000000 | O26: =SUMPRODUCT(alpha*fck*(1-(1-(((PM_Angle!$J$26+PM_Angle!$K$26*Mesh_Y+PM_Angle!$L$26*Mesh_X))*((PM_Angle!$J$26+PM_Angle!$K$26*Mesh_Y+PM_Angle!$L$26*Mesh_X)>0)*((PM_Angle!$J$26+PM_Angle!$K$26*Mesh_Y+PM_Angle!$L$26*Mesh_X)<eco)+eco*((PM_Angle!$J$26+PM_Angle!$K$26*Mesh_Y+PM_Angle!$L$26*Mesh_X)>=eco))/eco)^n)*(((PM_Angle!$J$26+PM_Angle!$K$26*Mesh_Y+PM_Angle!$L$26*Mesh_X))>0),Mesh_A,Mesh_X)/1000000 | P26: =Steel!EM6/1000 | Q26: =Steel!EN6/1000000 | R26: =Steel!EO6/1000000 | S26: =M26+P26 | T26: =N26+Q26 | U26: =O26+R26 | V26: =SQRT(T26^2+U26^2) | W26: 7089.75 | X26: =IF(ABS(W26)<0.000000001,0,(S26-W26)/W26*100)
B27: P20 | D27: 3 | F27: =u_bar | G27: -0.006 | H27: =ecu/I27 | I27: =(ecu-G27)/(u_max-F27) | J27: =ecu-I27*u_max | K27: =I27*COS(RADIANS(beta)) | L27: =I27*SIN(RADIANS(beta)) | M27: =SUMPRODUCT(alpha*fck*(1-(1-(((PM_Angle!$J$27+PM_Angle!$K$27*Mesh_Y+PM_Angle!$L$27*Mesh_X))*((PM_Angle!$J$27+PM_Angle!$K$27*Mesh_Y+PM_Angle!$L$27*Mesh_X)>0)*((PM_Angle!$J$27+PM_Angle!$K$27*Mesh_Y+PM_Angle!$L$27*Mesh_X)<eco)+eco*((PM_Angle!$J$27+PM_Angle!$K$27*Mesh_Y+PM_Angle!$L$27*Mesh_X)>=eco))/eco)^n)*(((PM_Angle!$J$27+PM_Angle!$K$27*Mesh_Y+PM_Angle!$L$27*Mesh_X))>0),Mesh_A)/1000 | N27: =SUMPRODUCT(alpha*fck*(1-(1-(((PM_Angle!$J$27+PM_Angle!$K$27*Mesh_Y+PM_Angle!$L$27*Mesh_X))*((PM_Angle!$J$27+PM_Angle!$K$27*Mesh_Y+PM_Angle!$L$27*Mesh_X)>0)*((PM_Angle!$J$27+PM_Angle!$K$27*Mesh_Y+PM_Angle!$L$27*Mesh_X)<eco)+eco*((PM_Angle!$J$27+PM_Angle!$K$27*Mesh_Y+PM_Angle!$L$27*Mesh_X)>=eco))/eco)^n)*(((PM_Angle!$J$27+PM_Angle!$K$27*Mesh_Y+PM_Angle!$L$27*Mesh_X))>0),Mesh_A,Mesh_Y)/1000000 | O27: =SUMPRODUCT(alpha*fck*(1-(1-(((PM_Angle!$J$27+PM_Angle!$K$27*Mesh_Y+PM_Angle!$L$27*Mesh_X))*((PM_Angle!$J$27+PM_Angle!$K$27*Mesh_Y+PM_Angle!$L$27*Mesh_X)>0)*((PM_Angle!$J$27+PM_Angle!$K$27*Mesh_Y+PM_Angle!$L$27*Mesh_X)<eco)+eco*((PM_Angle!$J$27+PM_Angle!$K$27*Mesh_Y+PM_Angle!$L$27*Mesh_X)>=eco))/eco)^n)*(((PM_Angle!$J$27+PM_Angle!$K$27*Mesh_Y+PM_Angle!$L$27*Mesh_X))>0),Mesh_A,Mesh_X)/1000000 | P27: =Steel!ET6/1000 | Q27: =Steel!EU6/1000000 | R27: =Steel!EV6/1000000 | S27: =M27+P27 | T27: =N27+Q27 | U27: =O27+R27 | V27: =SQRT(T27^2+U27^2) | W27: 5653.3272 | X27: =IF(ABS(W27)<0.000000001,0,(S27-W27)/W27*100)
B28: P21 | D28: 4 | F28: =u_bar | G28: -0.008 | H28: =ecu/I28 | I28: =(ecu-G28)/(u_max-F28) | J28: =ecu-I28*u_max | K28: =I28*COS(RADIANS(beta)) | L28: =I28*SIN(RADIANS(beta)) | M28: =SUMPRODUCT(alpha*fck*(1-(1-(((PM_Angle!$J$28+PM_Angle!$K$28*Mesh_Y+PM_Angle!$L$28*Mesh_X))*((PM_Angle!$J$28+PM_Angle!$K$28*Mesh_Y+PM_Angle!$L$28*Mesh_X)>0)*((PM_Angle!$J$28+PM_Angle!$K$28*Mesh_Y+PM_Angle!$L$28*Mesh_X)<eco)+eco*((PM_Angle!$J$28+PM_Angle!$K$28*Mesh_Y+PM_Angle!$L$28*Mesh_X)>=eco))/eco)^n)*(((PM_Angle!$J$28+PM_Angle!$K$28*Mesh_Y+PM_Angle!$L$28*Mesh_X))>0),Mesh_A)/1000 | N28: =SUMPRODUCT(alpha*fck*(1-(1-(((PM_Angle!$J$28+PM_Angle!$K$28*Mesh_Y+PM_Angle!$L$28*Mesh_X))*((PM_Angle!$J$28+PM_Angle!$K$28*Mesh_Y+PM_Angle!$L$28*Mesh_X)>0)*((PM_Angle!$J$28+PM_Angle!$K$28*Mesh_Y+PM_Angle!$L$28*Mesh_X)<eco)+eco*((PM_Angle!$J$28+PM_Angle!$K$28*Mesh_Y+PM_Angle!$L$28*Mesh_X)>=eco))/eco)^n)*(((PM_Angle!$J$28+PM_Angle!$K$28*Mesh_Y+PM_Angle!$L$28*Mesh_X))>0),Mesh_A,Mesh_Y)/1000000 | O28: =SUMPRODUCT(alpha*fck*(1-(1-(((PM_Angle!$J$28+PM_Angle!$K$28*Mesh_Y+PM_Angle!$L$28*Mesh_X))*((PM_Angle!$J$28+PM_Angle!$K$28*Mesh_Y+PM_Angle!$L$28*Mesh_X)>0)*((PM_Angle!$J$28+PM_Angle!$K$28*Mesh_Y+PM_Angle!$L$28*Mesh_X)<eco)+eco*((PM_Angle!$J$28+PM_Angle!$K$28*Mesh_Y+PM_Angle!$L$28*Mesh_X)>=eco))/eco)^n)*(((PM_Angle!$J$28+PM_Angle!$K$28*Mesh_Y+PM_Angle!$L$28*Mesh_X))>0),Mesh_A,Mesh_X)/1000000 | P28: =Steel!FA6/1000 | Q28: =Steel!FB6/1000000 | R28: =Steel!FC6/1000000 | S28: =M28+P28 | T28: =N28+Q28 | U28: =O28+R28 | V28: =SQRT(T28^2+U28^2) | W28: 3322.7572 | X28: =IF(ABS(W28)<0.000000001,0,(S28-W28)/W28*100)
B29: P22 | D29: 5 | F29: =u_bar | G29: -0.01 | H29: =ecu/I29 | I29: =(ecu-G29)/(u_max-F29) | J29: =ecu-I29*u_max | K29: =I29*COS(RADIANS(beta)) | L29: =I29*SIN(RADIANS(beta)) | M29: =SUMPRODUCT(alpha*fck*(1-(1-(((PM_Angle!$J$29+PM_Angle!$K$29*Mesh_Y+PM_Angle!$L$29*Mesh_X))*((PM_Angle!$J$29+PM_Angle!$K$29*Mesh_Y+PM_Angle!$L$29*Mesh_X)>0)*((PM_Angle!$J$29+PM_Angle!$K$29*Mesh_Y+PM_Angle!$L$29*Mesh_X)<eco)+eco*((PM_Angle!$J$29+PM_Angle!$K$29*Mesh_Y+PM_Angle!$L$29*Mesh_X)>=eco))/eco)^n)*(((PM_Angle!$J$29+PM_Angle!$K$29*Mesh_Y+PM_Angle!$L$29*Mesh_X))>0),Mesh_A)/1000 | N29: =SUMPRODUCT(alpha*fck*(1-(1-(((PM_Angle!$J$29+PM_Angle!$K$29*Mesh_Y+PM_Angle!$L$29*Mesh_X))*((PM_Angle!$J$29+PM_Angle!$K$29*Mesh_Y+PM_Angle!$L$29*Mesh_X)>0)*((PM_Angle!$J$29+PM_Angle!$K$29*Mesh_Y+PM_Angle!$L$29*Mesh_X)<eco)+eco*((PM_Angle!$J$29+PM_Angle!$K$29*Mesh_Y+PM_Angle!$L$29*Mesh_X)>=eco))/eco)^n)*(((PM_Angle!$J$29+PM_Angle!$K$29*Mesh_Y+PM_Angle!$L$29*Mesh_X))>0),Mesh_A,Mesh_Y)/1000000 | O29: =SUMPRODUCT(alpha*fck*(1-(1-(((PM_Angle!$J$29+PM_Angle!$K$29*Mesh_Y+PM_Angle!$L$29*Mesh_X))*((PM_Angle!$J$29+PM_Angle!$K$29*Mesh_Y+PM_Angle!$L$29*Mesh_X)>0)*((PM_Angle!$J$29+PM_Angle!$K$29*Mesh_Y+PM_Angle!$L$29*Mesh_X)<eco)+eco*((PM_Angle!$J$29+PM_Angle!$K$29*Mesh_Y+PM_Angle!$L$29*Mesh_X)>=eco))/eco)^n)*(((PM_Angle!$J$29+PM_Angle!$K$29*Mesh_Y+PM_Angle!$L$29*Mesh_X))>0),Mesh_A,Mesh_X)/1000000 | P29: =Steel!FH6/1000 | Q29: =Steel!FI6/1000000 | R29: =Steel!FJ6/1000000 | S29: =M29+P29 | T29: =N29+Q29 | U29: =O29+R29 | V29: =SQRT(T29^2+U29^2) | W29: 1694.8502 | X29: =IF(ABS(W29)<0.000000001,0,(S29-W29)/W29*100)
B30: P23 | D30: 7.5 | F30: =u_bar | G30: -0.015 | H30: =ecu/I30 | I30: =(ecu-G30)/(u_max-F30) | J30: =ecu-I30*u_max | K30: =I30*COS(RADIANS(beta)) | L30: =I30*SIN(RADIANS(beta)) | M30: =SUMPRODUCT(alpha*fck*(1-(1-(((PM_Angle!$J$30+PM_Angle!$K$30*Mesh_Y+PM_Angle!$L$30*Mesh_X))*((PM_Angle!$J$30+PM_Angle!$K$30*Mesh_Y+PM_Angle!$L$30*Mesh_X)>0)*((PM_Angle!$J$30+PM_Angle!$K$30*Mesh_Y+PM_Angle!$L$30*Mesh_X)<eco)+eco*((PM_Angle!$J$30+PM_Angle!$K$30*Mesh_Y+PM_Angle!$L$30*Mesh_X)>=eco))/eco)^n)*(((PM_Angle!$J$30+PM_Angle!$K$30*Mesh_Y+PM_Angle!$L$30*Mesh_X))>0),Mesh_A)/1000 | N30: =SUMPRODUCT(alpha*fck*(1-(1-(((PM_Angle!$J$30+PM_Angle!$K$30*Mesh_Y+PM_Angle!$L$30*Mesh_X))*((PM_Angle!$J$30+PM_Angle!$K$30*Mesh_Y+PM_Angle!$L$30*Mesh_X)>0)*((PM_Angle!$J$30+PM_Angle!$K$30*Mesh_Y+PM_Angle!$L$30*Mesh_X)<eco)+eco*((PM_Angle!$J$30+PM_Angle!$K$30*Mesh_Y+PM_Angle!$L$30*Mesh_X)>=eco))/eco)^n)*(((PM_Angle!$J$30+PM_Angle!$K$30*Mesh_Y+PM_Angle!$L$30*Mesh_X))>0),Mesh_A,Mesh_Y)/1000000 | O30: =SUMPRODUCT(alpha*fck*(1-(1-(((PM_Angle!$J$30+PM_Angle!$K$30*Mesh_Y+PM_Angle!$L$30*Mesh_X))*((PM_Angle!$J$30+PM_Angle!$K$30*Mesh_Y+PM_Angle!$L$30*Mesh_X)>0)*((PM_Angle!$J$30+PM_Angle!$K$30*Mesh_Y+PM_Angle!$L$30*Mesh_X)<eco)+eco*((PM_Angle!$J$30+PM_Angle!$K$30*Mesh_Y+PM_Angle!$L$30*Mesh_X)>=eco))/eco)^n)*(((PM_Angle!$J$30+PM_Angle!$K$30*Mesh_Y+PM_Angle!$L$30*Mesh_X))>0),Mesh_A,Mesh_X)/1000000 | P30: =Steel!FO6/1000 | Q30: =Steel!FP6/1000000 | R30: =Steel!FQ6/1000000 | S30: =M30+P30 | T30: =N30+Q30 | U30: =O30+R30 | V30: =SQRT(T30^2+U30^2) | W30: -1005.049 | X30: =IF(ABS(W30)<0.000000001,0,(S30-W30)/W30*100)
B31: P24 | D31: 10 | F31: =u_bar | G31: -0.02 | H31: =ecu/I31 | I31: =(ecu-G31)/(u_max-F31) | J31: =ecu-I31*u_max | K31: =I31*COS(RADIANS(beta)) | L31: =I31*SIN(RADIANS(beta)) | M31: =SUMPRODUCT(alpha*fck*(1-(1-(((PM_Angle!$J$31+PM_Angle!$K$31*Mesh_Y+PM_Angle!$L$31*Mesh_X))*((PM_Angle!$J$31+PM_Angle!$K$31*Mesh_Y+PM_Angle!$L$31*Mesh_X)>0)*((PM_Angle!$J$31+PM_Angle!$K$31*Mesh_Y+PM_Angle!$L$31*Mesh_X)<eco)+eco*((PM_Angle!$J$31+PM_Angle!$K$31*Mesh_Y+PM_Angle!$L$31*Mesh_X)>=eco))/eco)^n)*(((PM_Angle!$J$31+PM_Angle!$K$31*Mesh_Y+PM_Angle!$L$31*Mesh_X))>0),Mesh_A)/1000 | N31: =SUMPRODUCT(alpha*fck*(1-(1-(((PM_Angle!$J$31+PM_Angle!$K$31*Mesh_Y+PM_Angle!$L$31*Mesh_X))*((PM_Angle!$J$31+PM_Angle!$K$31*Mesh_Y+PM_Angle!$L$31*Mesh_X)>0)*((PM_Angle!$J$31+PM_Angle!$K$31*Mesh_Y+PM_Angle!$L$31*Mesh_X)<eco)+eco*((PM_Angle!$J$31+PM_Angle!$K$31*Mesh_Y+PM_Angle!$L$31*Mesh_X)>=eco))/eco)^n)*(((PM_Angle!$J$31+PM_Angle!$K$31*Mesh_Y+PM_Angle!$L$31*Mesh_X))>0),Mesh_A,Mesh_Y)/1000000 | O31: =SUMPRODUCT(alpha*fck*(1-(1-(((PM_Angle!$J$31+PM_Angle!$K$31*Mesh_Y+PM_Angle!$L$31*Mesh_X))*((PM_Angle!$J$31+PM_Angle!$K$31*Mesh_Y+PM_Angle!$L$31*Mesh_X)>0)*((PM_Angle!$J$31+PM_Angle!$K$31*Mesh_Y+PM_Angle!$L$31*Mesh_X)<eco)+eco*((PM_Angle!$J$31+PM_Angle!$K$31*Mesh_Y+PM_Angle!$L$31*Mesh_X)>=eco))/eco)^n)*(((PM_Angle!$J$31+PM_Angle!$K$31*Mesh_Y+PM_Angle!$L$31*Mesh_X))>0),Mesh_A,Mesh_X)/1000000 | P31: =Steel!FV6/1000 | Q31: =Steel!FW6/1000000 | R31: =Steel!FX6/1000000 | S31: =M31+P31 | T31: =N31+Q31 | U31: =O31+R31 | V31: =SQRT(T31^2+U31^2) | W31: -2705.1851 | X31: =IF(ABS(W31)<0.000000001,0,(S31-W31)/W31*100)
B32: P25 | D32: 20 | F32: =u_bar | G32: -0.04 | H32: =ecu/I32 | I32: =(ecu-G32)/(u_max-F32) | J32: =ecu-I32*u_max | K32: =I32*COS(RADIANS(beta)) | L32: =I32*SIN(RADIANS(beta)) | M32: =SUMPRODUCT(alpha*fck*(1-(1-(((PM_Angle!$J$32+PM_Angle!$K$32*Mesh_Y+PM_Angle!$L$32*Mesh_X))*((PM_Angle!$J$32+PM_Angle!$K$32*Mesh_Y+PM_Angle!$L$32*Mesh_X)>0)*((PM_Angle!$J$32+PM_Angle!$K$32*Mesh_Y+PM_Angle!$L$32*Mesh_X)<eco)+eco*((PM_Angle!$J$32+PM_Angle!$K$32*Mesh_Y+PM_Angle!$L$32*Mesh_X)>=eco))/eco)^n)*(((PM_Angle!$J$32+PM_Angle!$K$32*Mesh_Y+PM_Angle!$L$32*Mesh_X))>0),Mesh_A)/1000 | N32: =SUMPRODUCT(alpha*fck*(1-(1-(((PM_Angle!$J$32+PM_Angle!$K$32*Mesh_Y+PM_Angle!$L$32*Mesh_X))*((PM_Angle!$J$32+PM_Angle!$K$32*Mesh_Y+PM_Angle!$L$32*Mesh_X)>0)*((PM_Angle!$J$32+PM_Angle!$K$32*Mesh_Y+PM_Angle!$L$32*Mesh_X)<eco)+eco*((PM_Angle!$J$32+PM_Angle!$K$32*Mesh_Y+PM_Angle!$L$32*Mesh_X)>=eco))/eco)^n)*(((PM_Angle!$J$32+PM_Angle!$K$32*Mesh_Y+PM_Angle!$L$32*Mesh_X))>0),Mesh_A,Mesh_Y)/1000000 | O32: =SUMPRODUCT(alpha*fck*(1-(1-(((PM_Angle!$J$32+PM_Angle!$K$32*Mesh_Y+PM_Angle!$L$32*Mesh_X))*((PM_Angle!$J$32+PM_Angle!$K$32*Mesh_Y+PM_Angle!$L$32*Mesh_X)>0)*((PM_Angle!$J$32+PM_Angle!$K$32*Mesh_Y+PM_Angle!$L$32*Mesh_X)<eco)+eco*((PM_Angle!$J$32+PM_Angle!$K$32*Mesh_Y+PM_Angle!$L$32*Mesh_X)>=eco))/eco)^n)*(((PM_Angle!$J$32+PM_Angle!$K$32*Mesh_Y+PM_Angle!$L$32*Mesh_X))>0),Mesh_A,Mesh_X)/1000000 | P32: =Steel!GC6/1000 | Q32: =Steel!GD6/1000000 | R32: =Steel!GE6/1000000 | S32: =M32+P32 | T32: =N32+Q32 | U32: =O32+R32 | V32: =SQRT(T32^2+U32^2) | W32: -4986.1898 | X32: =IF(ABS(W32)<0.000000001,0,(S32-W32)/W32*100)
B33: P26 | F33: — | G33: =etu | H33: n/a | I33: 0 | J33: =etu | K33: =I33*COS(RADIANS(beta)) | L33: =I33*SIN(RADIANS(beta)) | M33: =SUMPRODUCT(alpha*fck*(1-(1-(((PM_Angle!$J$33+PM_Angle!$K$33*Mesh_Y+PM_Angle!$L$33*Mesh_X))*((PM_Angle!$J$33+PM_Angle!$K$33*Mesh_Y+PM_Angle!$L$33*Mesh_X)>0)*((PM_Angle!$J$33+PM_Angle!$K$33*Mesh_Y+PM_Angle!$L$33*Mesh_X)<eco)+eco*((PM_Angle!$J$33+PM_Angle!$K$33*Mesh_Y+PM_Angle!$L$33*Mesh_X)>=eco))/eco)^n)*(((PM_Angle!$J$33+PM_Angle!$K$33*Mesh_Y+PM_Angle!$L$33*Mesh_X))>0),Mesh_A)/1000 | N33: =SUMPRODUCT(alpha*fck*(1-(1-(((PM_Angle!$J$33+PM_Angle!$K$33*Mesh_Y+PM_Angle!$L$33*Mesh_X))*((PM_Angle!$J$33+PM_Angle!$K$33*Mesh_Y+PM_Angle!$L$33*Mesh_X)>0)*((PM_Angle!$J$33+PM_Angle!$K$33*Mesh_Y+PM_Angle!$L$33*Mesh_X)<eco)+eco*((PM_Angle!$J$33+PM_Angle!$K$33*Mesh_Y+PM_Angle!$L$33*Mesh_X)>=eco))/eco)^n)*(((PM_Angle!$J$33+PM_Angle!$K$33*Mesh_Y+PM_Angle!$L$33*Mesh_X))>0),Mesh_A,Mesh_Y)/1000000 | O33: =SUMPRODUCT(alpha*fck*(1-(1-(((PM_Angle!$J$33+PM_Angle!$K$33*Mesh_Y+PM_Angle!$L$33*Mesh_X))*((PM_Angle!$J$33+PM_Angle!$K$33*Mesh_Y+PM_Angle!$L$33*Mesh_X)>0)*((PM_Angle!$J$33+PM_Angle!$K$33*Mesh_Y+PM_Angle!$L$33*Mesh_X)<eco)+eco*((PM_Angle!$J$33+PM_Angle!$K$33*Mesh_Y+PM_Angle!$L$33*Mesh_X)>=eco))/eco)^n)*(((PM_Angle!$J$33+PM_Angle!$K$33*Mesh_Y+PM_Angle!$L$33*Mesh_X))>0),Mesh_A,Mesh_X)/1000000 | P33: =Steel!GJ6/1000 | Q33: =Steel!GK6/1000000 | R33: =Steel!GL6/1000000 | S33: =M33+P33 | T33: =N33+Q33 | U33: =O33+R33 | V33: =SQRT(T33^2+U33^2) | W33: -5790.5836 | X33: =IF(ABS(W33)<0.000000001,0,(S33-W33)/W33*100)
B35: Where the demand check lives
C36: This table is the resistance sampled at β. The moment direction of each row is atan2(My, Mx) of that row, which is generally not β.
C37: Capacity against the demand: MxMy_FixedP intersects the P = Pu contour with the ray at θ_L; PM_Theta cuts the surface with the plane Mx·sin(θ_L) − My·cos(θ_L) = 0.
B38: =beta | C38: β of this sheet vs θ_L of the demand (deg) | D38: =theta_L

Sheet Concrete
A1: CONCRETE — FIBRE STRAIN AND STRESS PER STATION
A2: ε = ε₀ + κx·Y + κy·X | fc = KDS parabola-rectangle: fc = α·fck·(1−(1−ε/εco)^n) up to εco, then α·fck
A3: Columns A-D mirror the Mesh sheet. Columns E-I expand the full force/moment ledger for the station chosen in cell C4. The 27 station totals on PM_Angle integrate the same law over the same mesh without materialising 27 more column blocks.
A4: Detail station (0…26) | C4: 5 | D4: ="detail shown for station P"&C4
K5: At the converged equilibrium state
A6: No. | B6: X (mm) | C6: Y (mm) | D6: A (mm²) | E6: ε | F6: fc (MPa) | G6: Fc (N) | H6: Mcx (N·mm) | I6: Mcy (N·mm) | K6: ε | L6: fc (MPa)
A7: SUM | D7: =SUM(D8:D1264) | G7: =SUM(G8:G1264) | H7: =SUM(H8:H1264) | I7: =SUM(I8:I1264)
A8: =Mesh!A5 | B8: =Mesh!B5 | C8: =Mesh!C5 | D8: =Mesh!D5 | E8: =INDEX(St_e0,Det+1)+INDEX(St_kx,Det+1)*C8+INDEX(St_ky,Det+1)*B8 | F8: =IF(E8>0,IF(E8<=eco,alpha*fck*(1-(1-E8/eco)^n),alpha*fck),0) | G8: =F8*D8 | H8: =G8*C8 | I8: =G8*B8 | K8: =Eq_e0+Eq_kx*$C8+Eq_ky*$B8 | L8: =IF(K8>0,IF(K8<=eco,alpha*fck*(1-(1-K8/eco)^n),alpha*fck),0)
A9: =Mesh!A6 | B9: =Mesh!B6 | C9: =Mesh!C6 | D9: =Mesh!D6 | E9: =INDEX(St_e0,Det+1)+INDEX(St_kx,Det+1)*C9+INDEX(St_ky,Det+1)*B9 | F9: =IF(E9>0,IF(E9<=eco,alpha*fck*(1-(1-E9/eco)^n),alpha*fck),0) | G9: =F9*D9 | H9: =G9*C9 | I9: =G9*B9 | K9: =Eq_e0+Eq_kx*$C9+Eq_ky*$B9 | L9: =IF(K9>0,IF(K9<=eco,alpha*fck*(1-(1-K9/eco)^n),alpha*fck),0)
A10: =Mesh!A7 | B10: =Mesh!B7 | C10: =Mesh!C7 | D10: =Mesh!D7 | E10: =INDEX(St_e0,Det+1)+INDEX(St_kx,Det+1)*C10+INDEX(St_ky,Det+1)*B10 | F10: =IF(E10>0,IF(E10<=eco,alpha*fck*(1-(1-E10/eco)^n),alpha*fck),0) | G10: =F10*D10 | H10: =G10*C10 | I10: =G10*B10 | K10: =Eq_e0+Eq_kx*$C10+Eq_ky*$B10 | L10: =IF(K10>0,IF(K10<=eco,alpha*fck*(1-(1-K10/eco)^n),alpha*fck),0)
A11: =Mesh!A8 | B11: =Mesh!B8 | C11: =Mesh!C8 | D11: =Mesh!D8 | E11: =INDEX(St_e0,Det+1)+INDEX(St_kx,Det+1)*C11+INDEX(St_ky,Det+1)*B11 | F11: =IF(E11>0,IF(E11<=eco,alpha*fck*(1-(1-E11/eco)^n),alpha*fck),0) | G11: =F11*D11 | H11: =G11*C11 | I11: =G11*B11 | K11: =Eq_e0+Eq_kx*$C11+Eq_ky*$B11 | L11: =IF(K11>0,IF(K11<=eco,alpha*fck*(1-(1-K11/eco)^n),alpha*fck),0)
A12: =Mesh!A9 | B12: =Mesh!B9 | C12: =Mesh!C9 | D12: =Mesh!D9 | E12: =INDEX(St_e0,Det+1)+INDEX(St_kx,Det+1)*C12+INDEX(St_ky,Det+1)*B12 | F12: =IF(E12>0,IF(E12<=eco,alpha*fck*(1-(1-E12/eco)^n),alpha*fck),0) | G12: =F12*D12 | H12: =G12*C12 | I12: =G12*B12 | K12: =Eq_e0+Eq_kx*$C12+Eq_ky*$B12 | L12: =IF(K12>0,IF(K12<=eco,alpha*fck*(1-(1-K12/eco)^n),alpha*fck),0)
A13: =Mesh!A10 | B13: =Mesh!B10 | C13: =Mesh!C10 | D13: =Mesh!D10 | E13: =INDEX(St_e0,Det+1)+INDEX(St_kx,Det+1)*C13+INDEX(St_ky,Det+1)*B13 | F13: =IF(E13>0,IF(E13<=eco,alpha*fck*(1-(1-E13/eco)^n),alpha*fck),0) | G13: =F13*D13 | H13: =G13*C13 | I13: =G13*B13 | K13: =Eq_e0+Eq_kx*$C13+Eq_ky*$B13 | L13: =IF(K13>0,IF(K13<=eco,alpha*fck*(1-(1-K13/eco)^n),alpha*fck),0)
A14: =Mesh!A11 | B14: =Mesh!B11 | C14: =Mesh!C11 | D14: =Mesh!D11 | E14: =INDEX(St_e0,Det+1)+INDEX(St_kx,Det+1)*C14+INDEX(St_ky,Det+1)*B14 | F14: =IF(E14>0,IF(E14<=eco,alpha*fck*(1-(1-E14/eco)^n),alpha*fck),0) | G14: =F14*D14 | H14: =G14*C14 | I14: =G14*B14 | K14: =Eq_e0+Eq_kx*$C14+Eq_ky*$B14 | L14: =IF(K14>0,IF(K14<=eco,alpha*fck*(1-(1-K14/eco)^n),alpha*fck),0)
A15: =Mesh!A12 | B15: =Mesh!B12 | C15: =Mesh!C12 | D15: =Mesh!D12 | E15: =INDEX(St_e0,Det+1)+INDEX(St_kx,Det+1)*C15+INDEX(St_ky,Det+1)*B15 | F15: =IF(E15>0,IF(E15<=eco,alpha*fck*(1-(1-E15/eco)^n),alpha*fck),0) | G15: =F15*D15 | H15: =G15*C15 | I15: =G15*B15 | K15: =Eq_e0+Eq_kx*$C15+Eq_ky*$B15 | L15: =IF(K15>0,IF(K15<=eco,alpha*fck*(1-(1-K15/eco)^n),alpha*fck),0)
A16: =Mesh!A13 | B16: =Mesh!B13 | C16: =Mesh!C13 | D16: =Mesh!D13 | E16: =INDEX(St_e0,Det+1)+INDEX(St_kx,Det+1)*C16+INDEX(St_ky,Det+1)*B16 | F16: =IF(E16>0,IF(E16<=eco,alpha*fck*(1-(1-E16/eco)^n),alpha*fck),0) | G16: =F16*D16 | H16: =G16*C16 | I16: =G16*B16 | K16: =Eq_e0+Eq_kx*$C16+Eq_ky*$B16 | L16: =IF(K16>0,IF(K16<=eco,alpha*fck*(1-(1-K16/eco)^n),alpha*fck),0)
A17: =Mesh!A14 | B17: =Mesh!B14 | C17: =Mesh!C14 | D17: =Mesh!D14 | E17: =INDEX(St_e0,Det+1)+INDEX(St_kx,Det+1)*C17+INDEX(St_ky,Det+1)*B17 | F17: =IF(E17>0,IF(E17<=eco,alpha*fck*(1-(1-E17/eco)^n),alpha*fck),0) | G17: =F17*D17 | H17: =G17*C17 | I17: =G17*B17 | K17: =Eq_e0+Eq_kx*$C17+Eq_ky*$B17 | L17: =IF(K17>0,IF(K17<=eco,alpha*fck*(1-(1-K17/eco)^n),alpha*fck),0)
A18: =Mesh!A15 | B18: =Mesh!B15 | C18: =Mesh!C15 | D18: =Mesh!D15 | E18: =INDEX(St_e0,Det+1)+INDEX(St_kx,Det+1)*C18+INDEX(St_ky,Det+1)*B18 | F18: =IF(E18>0,IF(E18<=eco,alpha*fck*(1-(1-E18/eco)^n),alpha*fck),0) | G18: =F18*D18 | H18: =G18*C18 | I18: =G18*B18 | K18: =Eq_e0+Eq_kx*$C18+Eq_ky*$B18 | L18: =IF(K18>0,IF(K18<=eco,alpha*fck*(1-(1-K18/eco)^n),alpha*fck),0)
A19: =Mesh!A16 | B19: =Mesh!B16 | C19: =Mesh!C16 | D19: =Mesh!D16 | E19: =INDEX(St_e0,Det+1)+INDEX(St_kx,Det+1)*C19+INDEX(St_ky,Det+1)*B19 | F19: =IF(E19>0,IF(E19<=eco,alpha*fck*(1-(1-E19/eco)^n),alpha*fck),0) | G19: =F19*D19 | H19: =G19*C19 | I19: =G19*B19 | K19: =Eq_e0+Eq_kx*$C19+Eq_ky*$B19 | L19: =IF(K19>0,IF(K19<=eco,alpha*fck*(1-(1-K19/eco)^n),alpha*fck),0)
... A1264: =Mesh!A1261 | B1264: =Mesh!B1261 | C1264: =Mesh!C1261 | D1264: =Mesh!D1261 | E1264: =INDEX(St_e0,Det+1)+INDEX(St_kx,Det+1)*C1264+INDEX(St_ky,Det+1)*B1264 | F1264: =IF(E1264>0,IF(E1264<=eco,alpha*fck*(1-(1-E1264/eco)^n),alpha*fck),0) | G1264: =F1264*D1264 | H1264: =G1264*C1264 | I1264: =G1264*B1264 | K1264: =Eq_e0+Eq_kx*$C1264+Eq_ky*$B1264 | L1264: =IF(K1264>0,IF(K1264<=eco,alpha*fck*(1-(1-K1264/eco)^n),alpha*fck),0)

Sheet Steel
A1: REINFORCEMENT — PER BAR, ALL 27 STATIONS
A2: fs = Elastic – perfectly plastic: fs = clamp(Es·ε, −fy, +fy). The bar force uses fs,eff = fs − fc so the concrete displaced by the bar is not counted twice (docs/11 §3.3).
F4: P0 | M4: P1 | T4: P2 | AA4: P3 | AH4: P4 | AO4: P5 | AV4: P6 | BC4: P7 | BJ4: P8 | BQ4: P9 | BX4: P10 | CE4: P11 | CL4: P12 | CS4: P13 | CZ4: P14 | DG4: P15 | DN4: P16 | DU4: P17 | EB4: P18 | EI4: P19 | EP4: P20 | EW4: P21 | FD4: P22 | FK4: P23 | FR4: P24 | FY4: P25 | GF4: P26 | GM4: At the converged equilibrium state
A5: No. | B5: Dia (mm) | C5: X (mm) | D5: Y (mm) | E5: As (mm²) | F5: εs | G5: fs (MPa) | H5: fc (MPa) | I5: fs,eff (MPa) | J5: Fs (N) | K5: Msx (N·mm) | L5: Msy (N·mm) | M5: εs | N5: fs (MPa) | O5: fc (MPa) | P5: fs,eff (MPa) | Q5: Fs (N) | R5: Msx (N·mm) | S5: Msy (N·mm) | T5: εs | U5: fs (MPa) | V5: fc (MPa) | W5: fs,eff (MPa) | X5: Fs (N) | Y5: Msx (N·mm) | Z5: Msy (N·mm) | AA5: εs | AB5: fs (MPa) | AC5: fc (MPa) | AD5: fs,eff (MPa) | AE5: Fs (N) | AF5: Msx (N·mm) | AG5: Msy (N·mm) | AH5: εs | AI5: fs (MPa) | AJ5: fc (MPa) | AK5: fs,eff (MPa) | AL5: Fs (N) | AM5: Msx (N·mm) | AN5: Msy (N·mm) | AO5: εs | AP5: fs (MPa) | AQ5: fc (MPa) | AR5: fs,eff (MPa) | AS5: Fs (N) | AT5: Msx (N·mm) | AU5: Msy (N·mm) | AV5: εs | AW5: fs (MPa) | AX5: fc (MPa) | AY5: fs,eff (MPa) | AZ5: Fs (N) | BA5: Msx (N·mm) | BB5: Msy (N·mm) | BC5: εs | BD5: fs (MPa) | BE5: fc (MPa) | BF5: fs,eff (MPa) | BG5: Fs (N) | BH5: Msx (N·mm) | BI5: Msy (N·mm) | BJ5: εs | BK5: fs (MPa) | BL5: fc (MPa) | BM5: fs,eff (MPa) | BN5: Fs (N) | BO5: Msx (N·mm) | BP5: Msy (N·mm) | BQ5: εs | BR5: fs (MPa) | BS5: fc (MPa) | BT5: fs,eff (MPa) | BU5: Fs (N) | BV5: Msx (N·mm) | BW5: Msy (N·mm) | BX5: εs | BY5: fs (MPa) | BZ5: fc (MPa) | CA5: fs,eff (MPa) | CB5: Fs (N) | CC5: Msx (N·mm) | CD5: Msy (N·mm) | CE5: εs | CF5: fs (MPa) | CG5: fc (MPa) | CH5: fs,eff (MPa) | CI5: Fs (N) | CJ5: Msx (N·mm) | CK5: Msy (N·mm) | CL5: εs | CM5: fs (MPa) | CN5: fc (MPa) | CO5: fs,eff (MPa) | CP5: Fs (N) | CQ5: Msx (N·mm) | CR5: Msy (N·mm) | CS5: εs | CT5: fs (MPa) | CU5: fc (MPa) | CV5: fs,eff (MPa) | CW5: Fs (N) | CX5: Msx (N·mm) | CY5: Msy (N·mm) | CZ5: εs | DA5: fs (MPa) | DB5: fc (MPa) | DC5: fs,eff (MPa) | DD5: Fs (N) | DE5: Msx (N·mm) | DF5: Msy (N·mm) | DG5: εs | DH5: fs (MPa) | DI5: fc (MPa) | DJ5: fs,eff (MPa) | DK5: Fs (N) | DL5: Msx (N·mm) | DM5: Msy (N·mm) | DN5: εs | DO5: fs (MPa) | DP5: fc (MPa) | DQ5: fs,eff (MPa) | DR5: Fs (N) | DS5: Msx (N·mm) | DT5: Msy (N·mm) | DU5: εs | DV5: fs (MPa) | DW5: fc (MPa) | DX5: fs,eff (MPa) | DY5: Fs (N) | DZ5: Msx (N·mm) | EA5: Msy (N·mm) | EB5: εs | EC5: fs (MPa) | ED5: fc (MPa) | EE5: fs,eff (MPa) | EF5: Fs (N) | EG5: Msx (N·mm) | EH5: Msy (N·mm) | EI5: εs | EJ5: fs (MPa) | EK5: fc (MPa) | EL5: fs,eff (MPa) | EM5: Fs (N) | EN5: Msx (N·mm) | EO5: Msy (N·mm) | EP5: εs | EQ5: fs (MPa) | ER5: fc (MPa) | ES5: fs,eff (MPa) | ET5: Fs (N) | EU5: Msx (N·mm) | EV5: Msy (N·mm) | EW5: εs | EX5: fs (MPa) | EY5: fc (MPa) | EZ5: fs,eff (MPa) | FA5: Fs (N) | FB5: Msx (N·mm) | FC5: Msy (N·mm) | FD5: εs | FE5: fs (MPa) | FF5: fc (MPa) | FG5: fs,eff (MPa) | FH5: Fs (N) | FI5: Msx (N·mm) | FJ5: Msy (N·mm) | FK5: εs | FL5: fs (MPa) | FM5: fc (MPa) | FN5: fs,eff (MPa) | FO5: Fs (N) | FP5: Msx (N·mm) | FQ5: Msy (N·mm) | FR5: εs | FS5: fs (MPa) | FT5: fc (MPa) | FU5: fs,eff (MPa) | FV5: Fs (N) | FW5: Msx (N·mm) | FX5: Msy (N·mm) | FY5: εs | FZ5: fs (MPa) | GA5: fc (MPa) | GB5: fs,eff (MPa) | GC5: Fs (N) | GD5: Msx (N·mm) | GE5: Msy (N·mm) | GF5: εs | GG5: fs (MPa) | GH5: fc (MPa) | GI5: fs,eff (MPa) | GJ5: Fs (N) | GK5: Msx (N·mm) | GL5: Msy (N·mm) | GM5: εs | GN5: fs (MPa) | GO5: fc (MPa) | GP5: fs,eff (MPa) | GQ5: Fs (N) | GR5: Msx (N·mm) | GS5: Msy (N·mm)
A6: SUM | E6: =SUM(E7:E24) | J6: =SUM(J7:J24) | K6: =SUM(K7:K24) | L6: =SUM(L7:L24) | Q6: =SUM(Q7:Q24) | R6: =SUM(R7:R24) | S6: =SUM(S7:S24) | X6: =SUM(X7:X24) | Y6: =SUM(Y7:Y24) | Z6: =SUM(Z7:Z24) | AE6: =SUM(AE7:AE24) | AF6: =SUM(AF7:AF24) | AG6: =SUM(AG7:AG24) | AL6: =SUM(AL7:AL24) | AM6: =SUM(AM7:AM24) | AN6: =SUM(AN7:AN24) | AS6: =SUM(AS7:AS24) | AT6: =SUM(AT7:AT24) | AU6: =SUM(AU7:AU24) | AZ6: =SUM(AZ7:AZ24) | BA6: =SUM(BA7:BA24) | BB6: =SUM(BB7:BB24) | BG6: =SUM(BG7:BG24) | BH6: =SUM(BH7:BH24) | BI6: =SUM(BI7:BI24) | BN6: =SUM(BN7:BN24) | BO6: =SUM(BO7:BO24) | BP6: =SUM(BP7:BP24) | BU6: =SUM(BU7:BU24) | BV6: =SUM(BV7:BV24) | BW6: =SUM(BW7:BW24) | CB6: =SUM(CB7:CB24) | CC6: =SUM(CC7:CC24) | CD6: =SUM(CD7:CD24) | CI6: =SUM(CI7:CI24) | CJ6: =SUM(CJ7:CJ24) | CK6: =SUM(CK7:CK24) | CP6: =SUM(CP7:CP24) | CQ6: =SUM(CQ7:CQ24) | CR6: =SUM(CR7:CR24) | CW6: =SUM(CW7:CW24) | CX6: =SUM(CX7:CX24) | CY6: =SUM(CY7:CY24) | DD6: =SUM(DD7:DD24) | DE6: =SUM(DE7:DE24) | DF6: =SUM(DF7:DF24) | DK6: =SUM(DK7:DK24) | DL6: =SUM(DL7:DL24) | DM6: =SUM(DM7:DM24) | DR6: =SUM(DR7:DR24) | DS6: =SUM(DS7:DS24) | DT6: =SUM(DT7:DT24) | DY6: =SUM(DY7:DY24) | DZ6: =SUM(DZ7:DZ24) | EA6: =SUM(EA7:EA24) | EF6: =SUM(EF7:EF24) | EG6: =SUM(EG7:EG24) | EH6: =SUM(EH7:EH24) | EM6: =SUM(EM7:EM24) | EN6: =SUM(EN7:EN24) | EO6: =SUM(EO7:EO24) | ET6: =SUM(ET7:ET24) | EU6: =SUM(EU7:EU24) | EV6: =SUM(EV7:EV24) | FA6: =SUM(FA7:FA24) | FB6: =SUM(FB7:FB24) | FC6: =SUM(FC7:FC24) | FH6: =SUM(FH7:FH24) | FI6: =SUM(FI7:FI24) | FJ6: =SUM(FJ7:FJ24) | FO6: =SUM(FO7:FO24) | FP6: =SUM(FP7:FP24) | FQ6: =SUM(FQ7:FQ24) | FV6: =SUM(FV7:FV24) | FW6: =SUM(FW7:FW24) | FX6: =SUM(FX7:FX24) | GC6: =SUM(GC7:GC24) | GD6: =SUM(GD7:GD24) | GE6: =SUM(GE7:GE24) | GJ6: =SUM(GJ7:GJ24) | GK6: =SUM(GK7:GK24) | GL6: =SUM(GL7:GL24) | GQ6: =SUM(GQ7:GQ24) | GR6: =SUM(GR7:GR24) | GS6: =SUM(GS7:GS24)
A7: 1 | B7: =Geometry!C42 | C7: =Geometry!D42 | D7: =Geometry!E42 | E7: =Geometry!F42 | F7: =PM_Angle!$J$7+PM_Angle!$K$7*$D7+PM_Angle!$L$7*$C7 | G7: =MAX(MIN(Es*F7,fy),-fy) | H7: =IF(F7>0,IF(F7<=eco,alpha*fck*(1-(1-F7/eco)^n),alpha*fck),0) | I7: =G7-H7 | J7: =I7*$E7 | K7: =J7*$D7 | L7: =J7*$C7 | M7: =PM_Angle!$J$8+PM_Angle!$K$8*$D7+PM_Angle!$L$8*$C7 | N7: =MAX(MIN(Es*M7,fy),-fy) | O7: =IF(M7>0,IF(M7<=eco,alpha*fck*(1-(1-M7/eco)^n),alpha*fck),0) | P7: =N7-O7 | Q7: =P7*$E7 | R7: =Q7*$D7 | S7: =Q7*$C7 | T7: =PM_Angle!$J$9+PM_Angle!$K$9*$D7+PM_Angle!$L$9*$C7 | U7: =MAX(MIN(Es*T7,fy),-fy) | V7: =IF(T7>0,IF(T7<=eco,alpha*fck*(1-(1-T7/eco)^n),alpha*fck),0) | W7: =U7-V7 | X7: =W7*$E7 | Y7: =X7*$D7 | Z7: =X7*$C7 | AA7: =PM_Angle!$J$10+PM_Angle!$K$10*$D7+PM_Angle!$L$10*$C7 | AB7: =MAX(MIN(Es*AA7,fy),-fy) | AC7: =IF(AA7>0,IF(AA7<=eco,alpha*fck*(1-(1-AA7/eco)^n),alpha*fck),0) | AD7: =AB7-AC7 | AE7: =AD7*$E7 | AF7: =AE7*$D7 | AG7: =AE7*$C7 | AH7: =PM_Angle!$J$11+PM_Angle!$K$11*$D7+PM_Angle!$L$11*$C7 | AI7: =MAX(MIN(Es*AH7,fy),-fy) | AJ7: =IF(AH7>0,IF(AH7<=eco,alpha*fck*(1-(1-AH7/eco)^n),alpha*fck),0) | AK7: =AI7-AJ7 | AL7: =AK7*$E7 | AM7: =AL7*$D7 | AN7: =AL7*$C7 | AO7: =PM_Angle!$J$12+PM_Angle!$K$12*$D7+PM_Angle!$L$12*$C7 | AP7: =MAX(MIN(Es*AO7,fy),-fy) | AQ7: =IF(AO7>0,IF(AO7<=eco,alpha*fck*(1-(1-AO7/eco)^n),alpha*fck),0) | AR7: =AP7-AQ7 | AS7: =AR7*$E7 | AT7: =AS7*$D7 | AU7: =AS7*$C7 | AV7: =PM_Angle!$J$13+PM_Angle!$K$13*$D7+PM_Angle!$L$13*$C7 | AW7: =MAX(MIN(Es*AV7,fy),-fy) | AX7: =IF(AV7>0,IF(AV7<=eco,alpha*fck*(1-(1-AV7/eco)^n),alpha*fck),0) | AY7: =AW7-AX7 | AZ7: =AY7*$E7 | BA7: =AZ7*$D7 | BB7: =AZ7*$C7 | BC7: =PM_Angle!$J$14+PM_Angle!$K$14*$D7+PM_Angle!$L$14*$C7 | BD7: =MAX(MIN(Es*BC7,fy),-fy) | BE7: =IF(BC7>0,IF(BC7<=eco,alpha*fck*(1-(1-BC7/eco)^n),alpha*fck),0) | BF7: =BD7-BE7 | BG7: =BF7*$E7 | BH7: =BG7*$D7 | BI7: =BG7*$C7 | BJ7: =PM_Angle!$J$15+PM_Angle!$K$15*$D7+PM_Angle!$L$15*$C7 | BK7: =MAX(MIN(Es*BJ7,fy),-fy) | BL7: =IF(BJ7>0,IF(BJ7<=eco,alpha*fck*(1-(1-BJ7/eco)^n),alpha*fck),0) | BM7: =BK7-BL7 | BN7: =BM7*$E7 | BO7: =BN7*$D7 | BP7: =BN7*$C7 | BQ7: =PM_Angle!$J$16+PM_Angle!$K$16*$D7+PM_Angle!$L$16*$C7 | BR7: =MAX(MIN(Es*BQ7,fy),-fy) | BS7: =IF(BQ7>0,IF(BQ7<=eco,alpha*fck*(1-(1-BQ7/eco)^n),alpha*fck),0) | BT7: =BR7-BS7 | BU7: =BT7*$E7 | BV7: =BU7*$D7 | BW7: =BU7*$C7 | BX7: =PM_Angle!$J$17+PM_Angle!$K$17*$D7+PM_Angle!$L$17*$C7 | BY7: =MAX(MIN(Es*BX7,fy),-fy) | BZ7: =IF(BX7>0,IF(BX7<=eco,alpha*fck*(1-(1-BX7/eco)^n),alpha*fck),0) | CA7: =BY7-BZ7 | CB7: =CA7*$E7 | CC7: =CB7*$D7 | CD7: =CB7*$C7 | CE7: =PM_Angle!$J$18+PM_Angle!$K$18*$D7+PM_Angle!$L$18*$C7 | CF7: =MAX(MIN(Es*CE7,fy),-fy) | CG7: =IF(CE7>0,IF(CE7<=eco,alpha*fck*(1-(1-CE7/eco)^n),alpha*fck),0) | CH7: =CF7-CG7 | CI7: =CH7*$E7 | CJ7: =CI7*$D7 | CK7: =CI7*$C7 | CL7: =PM_Angle!$J$19+PM_Angle!$K$19*$D7+PM_Angle!$L$19*$C7 | CM7: =MAX(MIN(Es*CL7,fy),-fy) | CN7: =IF(CL7>0,IF(CL7<=eco,alpha*fck*(1-(1-CL7/eco)^n),alpha*fck),0) | CO7: =CM7-CN7 | CP7: =CO7*$E7 | CQ7: =CP7*$D7 | CR7: =CP7*$C7 | CS7: =PM_Angle!$J$20+PM_Angle!$K$20*$D7+PM_Angle!$L$20*$C7 | CT7: =MAX(MIN(Es*CS7,fy),-fy) | CU7: =IF(CS7>0,IF(CS7<=eco,alpha*fck*(1-(1-CS7/eco)^n),alpha*fck),0) | CV7: =CT7-CU7 | CW7: =CV7*$E7 | CX7: =CW7*$D7 | CY7: =CW7*$C7 | CZ7: =PM_Angle!$J$21+PM_Angle!$K$21*$D7+PM_Angle!$L$21*$C7 | DA7: =MAX(MIN(Es*CZ7,fy),-fy) | DB7: =IF(CZ7>0,IF(CZ7<=eco,alpha*fck*(1-(1-CZ7/eco)^n),alpha*fck),0) | DC7: =DA7-DB7 | DD7: =DC7*$E7 | DE7: =DD7*$D7 | DF7: =DD7*$C7 | DG7: =PM_Angle!$J$22+PM_Angle!$K$22*$D7+PM_Angle!$L$22*$C7 | DH7: =MAX(MIN(Es*DG7,fy),-fy) | DI7: =IF(DG7>0,IF(DG7<=eco,alpha*fck*(1-(1-DG7/eco)^n),alpha*fck),0) | DJ7: =DH7-DI7 | DK7: =DJ7*$E7 | DL7: =DK7*$D7 | DM7: =DK7*$C7 | DN7: =PM_Angle!$J$23+PM_Angle!$K$23*$D7+PM_Angle!$L$23*$C7 | DO7: =MAX(MIN(Es*DN7,fy),-fy) | DP7: =IF(DN7>0,IF(DN7<=eco,alpha*fck*(1-(1-DN7/eco)^n),alpha*fck),0) | DQ7: =DO7-DP7 | DR7: =DQ7*$E7 | DS7: =DR7*$D7 | DT7: =DR7*$C7 | DU7: =PM_Angle!$J$24+PM_Angle!$K$24*$D7+PM_Angle!$L$24*$C7 | DV7: =MAX(MIN(Es*DU7,fy),-fy) | DW7: =IF(DU7>0,IF(DU7<=eco,alpha*fck*(1-(1-DU7/eco)^n),alpha*fck),0) | DX7: =DV7-DW7 | DY7: =DX7*$E7 | DZ7: =DY7*$D7 | EA7: =DY7*$C7 | EB7: =PM_Angle!$J$25+PM_Angle!$K$25*$D7+PM_Angle!$L$25*$C7 | EC7: =MAX(MIN(Es*EB7,fy),-fy) | ED7: =IF(EB7>0,IF(EB7<=eco,alpha*fck*(1-(1-EB7/eco)^n),alpha*fck),0) | EE7: =EC7-ED7 | EF7: =EE7*$E7 | EG7: =EF7*$D7 | EH7: =EF7*$C7 | EI7: =PM_Angle!$J$26+PM_Angle!$K$26*$D7+PM_Angle!$L$26*$C7 | EJ7: =MAX(MIN(Es*EI7,fy),-fy) | EK7: =IF(EI7>0,IF(EI7<=eco,alpha*fck*(1-(1-EI7/eco)^n),alpha*fck),0) | EL7: =EJ7-EK7 | EM7: =EL7*$E7 | EN7: =EM7*$D7 | EO7: =EM7*$C7 | EP7: =PM_Angle!$J$27+PM_Angle!$K$27*$D7+PM_Angle!$L$27*$C7 | EQ7: =MAX(MIN(Es*EP7,fy),-fy) | ER7: =IF(EP7>0,IF(EP7<=eco,alpha*fck*(1-(1-EP7/eco)^n),alpha*fck),0) | ES7: =EQ7-ER7 | ET7: =ES7*$E7 | EU7: =ET7*$D7 | EV7: =ET7*$C7 | EW7: =PM_Angle!$J$28+PM_Angle!$K$28*$D7+PM_Angle!$L$28*$C7 | EX7: =MAX(MIN(Es*EW7,fy),-fy) | EY7: =IF(EW7>0,IF(EW7<=eco,alpha*fck*(1-(1-EW7/eco)^n),alpha*fck),0) | EZ7: =EX7-EY7 | FA7: =EZ7*$E7 | FB7: =FA7*$D7 | FC7: =FA7*$C7 | FD7: =PM_Angle!$J$29+PM_Angle!$K$29*$D7+PM_Angle!$L$29*$C7 | FE7: =MAX(MIN(Es*FD7,fy),-fy) | FF7: =IF(FD7>0,IF(FD7<=eco,alpha*fck*(1-(1-FD7/eco)^n),alpha*fck),0) | FG7: =FE7-FF7 | FH7: =FG7*$E7 | FI7: =FH7*$D7 | FJ7: =FH7*$C7 | FK7: =PM_Angle!$J$30+PM_Angle!$K$30*$D7+PM_Angle!$L$30*$C7 | FL7: =MAX(MIN(Es*FK7,fy),-fy) | FM7: =IF(FK7>0,IF(FK7<=eco,alpha*fck*(1-(1-FK7/eco)^n),alpha*fck),0) | FN7: =FL7-FM7 | FO7: =FN7*$E7 | FP7: =FO7*$D7 | FQ7: =FO7*$C7 | FR7: =PM_Angle!$J$31+PM_Angle!$K$31*$D7+PM_Angle!$L$31*$C7 | FS7: =MAX(MIN(Es*FR7,fy),-fy) | FT7: =IF(FR7>0,IF(FR7<=eco,alpha*fck*(1-(1-FR7/eco)^n),alpha*fck),0) | FU7: =FS7-FT7 | FV7: =FU7*$E7 | FW7: =FV7*$D7 | FX7: =FV7*$C7 | FY7: =PM_Angle!$J$32+PM_Angle!$K$32*$D7+PM_Angle!$L$32*$C7 | FZ7: =MAX(MIN(Es*FY7,fy),-fy) | GA7: =IF(FY7>0,IF(FY7<=eco,alpha*fck*(1-(1-FY7/eco)^n),alpha*fck),0) | GB7: =FZ7-GA7 | GC7: =GB7*$E7 | GD7: =GC7*$D7 | GE7: =GC7*$C7 | GF7: =PM_Angle!$J$33+PM_Angle!$K$33*$D7+PM_Angle!$L$33*$C7 | GG7: =MAX(MIN(Es*GF7,fy),-fy) | GH7: =IF(GF7>0,IF(GF7<=eco,alpha*fck*(1-(1-GF7/eco)^n),alpha*fck),0) | GI7: =GG7-GH7 | GJ7: =GI7*$E7 | GK7: =GJ7*$D7 | GL7: =GJ7*$C7 | GM7: =Eq_e0+Eq_kx*$D7+Eq_ky*$C7 | GN7: =MAX(MIN(Es*GM7,fy),-fy) | GO7: =IF(GM7>0,IF(GM7<=eco,alpha*fck*(1-(1-GM7/eco)^n),alpha*fck),0) | GP7: =GN7-GO7 | GQ7: =GP7*$E7 | GR7: =GQ7*$D7 | GS7: =GQ7*$C7
A8: 2 | B8: =Geometry!C43 | C8: =Geometry!D43 | D8: =Geometry!E43 | E8: =Geometry!F43 | F8: =PM_Angle!$J$7+PM_Angle!$K$7*$D8+PM_Angle!$L$7*$C8 | G8: =MAX(MIN(Es*F8,fy),-fy) | H8: =IF(F8>0,IF(F8<=eco,alpha*fck*(1-(1-F8/eco)^n),alpha*fck),0) | I8: =G8-H8 | J8: =I8*$E8 | K8: =J8*$D8 | L8: =J8*$C8 | M8: =PM_Angle!$J$8+PM_Angle!$K$8*$D8+PM_Angle!$L$8*$C8 | N8: =MAX(MIN(Es*M8,fy),-fy) | O8: =IF(M8>0,IF(M8<=eco,alpha*fck*(1-(1-M8/eco)^n),alpha*fck),0) | P8: =N8-O8 | Q8: =P8*$E8 | R8: =Q8*$D8 | S8: =Q8*$C8 | T8: =PM_Angle!$J$9+PM_Angle!$K$9*$D8+PM_Angle!$L$9*$C8 | U8: =MAX(MIN(Es*T8,fy),-fy) | V8: =IF(T8>0,IF(T8<=eco,alpha*fck*(1-(1-T8/eco)^n),alpha*fck),0) | W8: =U8-V8 | X8: =W8*$E8 | Y8: =X8*$D8 | Z8: =X8*$C8 | AA8: =PM_Angle!$J$10+PM_Angle!$K$10*$D8+PM_Angle!$L$10*$C8 | AB8: =MAX(MIN(Es*AA8,fy),-fy) | AC8: =IF(AA8>0,IF(AA8<=eco,alpha*fck*(1-(1-AA8/eco)^n),alpha*fck),0) | AD8: =AB8-AC8 | AE8: =AD8*$E8 | AF8: =AE8*$D8 | AG8: =AE8*$C8 | AH8: =PM_Angle!$J$11+PM_Angle!$K$11*$D8+PM_Angle!$L$11*$C8 | AI8: =MAX(MIN(Es*AH8,fy),-fy) | AJ8: =IF(AH8>0,IF(AH8<=eco,alpha*fck*(1-(1-AH8/eco)^n),alpha*fck),0) | AK8: =AI8-AJ8 | AL8: =AK8*$E8 | AM8: =AL8*$D8 | AN8: =AL8*$C8 | AO8: =PM_Angle!$J$12+PM_Angle!$K$12*$D8+PM_Angle!$L$12*$C8 | AP8: =MAX(MIN(Es*AO8,fy),-fy) | AQ8: =IF(AO8>0,IF(AO8<=eco,alpha*fck*(1-(1-AO8/eco)^n),alpha*fck),0) | AR8: =AP8-AQ8 | AS8: =AR8*$E8 | AT8: =AS8*$D8 | AU8: =AS8*$C8 | AV8: =PM_Angle!$J$13+PM_Angle!$K$13*$D8+PM_Angle!$L$13*$C8 | AW8: =MAX(MIN(Es*AV8,fy),-fy) | AX8: =IF(AV8>0,IF(AV8<=eco,alpha*fck*(1-(1-AV8/eco)^n),alpha*fck),0) | AY8: =AW8-AX8 | AZ8: =AY8*$E8 | BA8: =AZ8*$D8 | BB8: =AZ8*$C8 | BC8: =PM_Angle!$J$14+PM_Angle!$K$14*$D8+PM_Angle!$L$14*$C8 | BD8: =MAX(MIN(Es*BC8,fy),-fy) | BE8: =IF(BC8>0,IF(BC8<=eco,alpha*fck*(1-(1-BC8/eco)^n),alpha*fck),0) | BF8: =BD8-BE8 | BG8: =BF8*$E8 | BH8: =BG8*$D8 | BI8: =BG8*$C8 | BJ8: =PM_Angle!$J$15+PM_Angle!$K$15*$D8+PM_Angle!$L$15*$C8 | BK8: =MAX(MIN(Es*BJ8,fy),-fy) | BL8: =IF(BJ8>0,IF(BJ8<=eco,alpha*fck*(1-(1-BJ8/eco)^n),alpha*fck),0) | BM8: =BK8-BL8 | BN8: =BM8*$E8 | BO8: =BN8*$D8 | BP8: =BN8*$C8 | BQ8: =PM_Angle!$J$16+PM_Angle!$K$16*$D8+PM_Angle!$L$16*$C8 | BR8: =MAX(MIN(Es*BQ8,fy),-fy) | BS8: =IF(BQ8>0,IF(BQ8<=eco,alpha*fck*(1-(1-BQ8/eco)^n),alpha*fck),0) | BT8: =BR8-BS8 | BU8: =BT8*$E8 | BV8: =BU8*$D8 | BW8: =BU8*$C8 | BX8: =PM_Angle!$J$17+PM_Angle!$K$17*$D8+PM_Angle!$L$17*$C8 | BY8: =MAX(MIN(Es*BX8,fy),-fy) | BZ8: =IF(BX8>0,IF(BX8<=eco,alpha*fck*(1-(1-BX8/eco)^n),alpha*fck),0) | CA8: =BY8-BZ8 | CB8: =CA8*$E8 | CC8: =CB8*$D8 | CD8: =CB8*$C8 | CE8: =PM_Angle!$J$18+PM_Angle!$K$18*$D8+PM_Angle!$L$18*$C8 | CF8: =MAX(MIN(Es*CE8,fy),-fy) | CG8: =IF(CE8>0,IF(CE8<=eco,alpha*fck*(1-(1-CE8/eco)^n),alpha*fck),0) | CH8: =CF8-CG8 | CI8: =CH8*$E8 | CJ8: =CI8*$D8 | CK8: =CI8*$C8 | CL8: =PM_Angle!$J$19+PM_Angle!$K$19*$D8+PM_Angle!$L$19*$C8 | CM8: =MAX(MIN(Es*CL8,fy),-fy) | CN8: =IF(CL8>0,IF(CL8<=eco,alpha*fck*(1-(1-CL8/eco)^n),alpha*fck),0) | CO8: =CM8-CN8 | CP8: =CO8*$E8 | CQ8: =CP8*$D8 | CR8: =CP8*$C8 | CS8: =PM_Angle!$J$20+PM_Angle!$K$20*$D8+PM_Angle!$L$20*$C8 | CT8: =MAX(MIN(Es*CS8,fy),-fy) | CU8: =IF(CS8>0,IF(CS8<=eco,alpha*fck*(1-(1-CS8/eco)^n),alpha*fck),0) | CV8: =CT8-CU8 | CW8: =CV8*$E8 | CX8: =CW8*$D8 | CY8: =CW8*$C8 | CZ8: =PM_Angle!$J$21+PM_Angle!$K$21*$D8+PM_Angle!$L$21*$C8 | DA8: =MAX(MIN(Es*CZ8,fy),-fy) | DB8: =IF(CZ8>0,IF(CZ8<=eco,alpha*fck*(1-(1-CZ8/eco)^n),alpha*fck),0) | DC8: =DA8-DB8 | DD8: =DC8*$E8 | DE8: =DD8*$D8 | DF8: =DD8*$C8 | DG8: =PM_Angle!$J$22+PM_Angle!$K$22*$D8+PM_Angle!$L$22*$C8 | DH8: =MAX(MIN(Es*DG8,fy),-fy) | DI8: =IF(DG8>0,IF(DG8<=eco,alpha*fck*(1-(1-DG8/eco)^n),alpha*fck),0) | DJ8: =DH8-DI8 | DK8: =DJ8*$E8 | DL8: =DK8*$D8 | DM8: =DK8*$C8 | DN8: =PM_Angle!$J$23+PM_Angle!$K$23*$D8+PM_Angle!$L$23*$C8 | DO8: =MAX(MIN(Es*DN8,fy),-fy) | DP8: =IF(DN8>0,IF(DN8<=eco,alpha*fck*(1-(1-DN8/eco)^n),alpha*fck),0) | DQ8: =DO8-DP8 | DR8: =DQ8*$E8 | DS8: =DR8*$D8 | DT8: =DR8*$C8 | DU8: =PM_Angle!$J$24+PM_Angle!$K$24*$D8+PM_Angle!$L$24*$C8 | DV8: =MAX(MIN(Es*DU8,fy),-fy) | DW8: =IF(DU8>0,IF(DU8<=eco,alpha*fck*(1-(1-DU8/eco)^n),alpha*fck),0) | DX8: =DV8-DW8 | DY8: =DX8*$E8 | DZ8: =DY8*$D8 | EA8: =DY8*$C8 | EB8: =PM_Angle!$J$25+PM_Angle!$K$25*$D8+PM_Angle!$L$25*$C8 | EC8: =MAX(MIN(Es*EB8,fy),-fy) | ED8: =IF(EB8>0,IF(EB8<=eco,alpha*fck*(1-(1-EB8/eco)^n),alpha*fck),0) | EE8: =EC8-ED8 | EF8: =EE8*$E8 | EG8: =EF8*$D8 | EH8: =EF8*$C8 | EI8: =PM_Angle!$J$26+PM_Angle!$K$26*$D8+PM_Angle!$L$26*$C8 | EJ8: =MAX(MIN(Es*EI8,fy),-fy) | EK8: =IF(EI8>0,IF(EI8<=eco,alpha*fck*(1-(1-EI8/eco)^n),alpha*fck),0) | EL8: =EJ8-EK8 | EM8: =EL8*$E8 | EN8: =EM8*$D8 | EO8: =EM8*$C8 | EP8: =PM_Angle!$J$27+PM_Angle!$K$27*$D8+PM_Angle!$L$27*$C8 | EQ8: =MAX(MIN(Es*EP8,fy),-fy) | ER8: =IF(EP8>0,IF(EP8<=eco,alpha*fck*(1-(1-EP8/eco)^n),alpha*fck),0) | ES8: =EQ8-ER8 | ET8: =ES8*$E8 | EU8: =ET8*$D8 | EV8: =ET8*$C8 | EW8: =PM_Angle!$J$28+PM_Angle!$K$28*$D8+PM_Angle!$L$28*$C8 | EX8: =MAX(MIN(Es*EW8,fy),-fy) | EY8: =IF(EW8>0,IF(EW8<=eco,alpha*fck*(1-(1-EW8/eco)^n),alpha*fck),0) | EZ8: =EX8-EY8 | FA8: =EZ8*$E8 | FB8: =FA8*$D8 | FC8: =FA8*$C8 | FD8: =PM_Angle!$J$29+PM_Angle!$K$29*$D8+PM_Angle!$L$29*$C8 | FE8: =MAX(MIN(Es*FD8,fy),-fy) | FF8: =IF(FD8>0,IF(FD8<=eco,alpha*fck*(1-(1-FD8/eco)^n),alpha*fck),0) | FG8: =FE8-FF8 | FH8: =FG8*$E8 | FI8: =FH8*$D8 | FJ8: =FH8*$C8 | FK8: =PM_Angle!$J$30+PM_Angle!$K$30*$D8+PM_Angle!$L$30*$C8 | FL8: =MAX(MIN(Es*FK8,fy),-fy) | FM8: =IF(FK8>0,IF(FK8<=eco,alpha*fck*(1-(1-FK8/eco)^n),alpha*fck),0) | FN8: =FL8-FM8 | FO8: =FN8*$E8 | FP8: =FO8*$D8 | FQ8: =FO8*$C8 | FR8: =PM_Angle!$J$31+PM_Angle!$K$31*$D8+PM_Angle!$L$31*$C8 | FS8: =MAX(MIN(Es*FR8,fy),-fy) | FT8: =IF(FR8>0,IF(FR8<=eco,alpha*fck*(1-(1-FR8/eco)^n),alpha*fck),0) | FU8: =FS8-FT8 | FV8: =FU8*$E8 | FW8: =FV8*$D8 | FX8: =FV8*$C8 | FY8: =PM_Angle!$J$32+PM_Angle!$K$32*$D8+PM_Angle!$L$32*$C8 | FZ8: =MAX(MIN(Es*FY8,fy),-fy) | GA8: =IF(FY8>0,IF(FY8<=eco,alpha*fck*(1-(1-FY8/eco)^n),alpha*fck),0) | GB8: =FZ8-GA8 | GC8: =GB8*$E8 | GD8: =GC8*$D8 | GE8: =GC8*$C8 | GF8: =PM_Angle!$J$33+PM_Angle!$K$33*$D8+PM_Angle!$L$33*$C8 | GG8: =MAX(MIN(Es*GF8,fy),-fy) | GH8: =IF(GF8>0,IF(GF8<=eco,alpha*fck*(1-(1-GF8/eco)^n),alpha*fck),0) | GI8: =GG8-GH8 | GJ8: =GI8*$E8 | GK8: =GJ8*$D8 | GL8: =GJ8*$C8 | GM8: =Eq_e0+Eq_kx*$D8+Eq_ky*$C8 | GN8: =MAX(MIN(Es*GM8,fy),-fy) | GO8: =IF(GM8>0,IF(GM8<=eco,alpha*fck*(1-(1-GM8/eco)^n),alpha*fck),0) | GP8: =GN8-GO8 | GQ8: =GP8*$E8 | GR8: =GQ8*$D8 | GS8: =GQ8*$C8
A9: 3 | B9: =Geometry!C44 | C9: =Geometry!D44 | D9: =Geometry!E44 | E9: =Geometry!F44 | F9: =PM_Angle!$J$7+PM_Angle!$K$7*$D9+PM_Angle!$L$7*$C9 | G9: =MAX(MIN(Es*F9,fy),-fy) | H9: =IF(F9>0,IF(F9<=eco,alpha*fck*(1-(1-F9/eco)^n),alpha*fck),0) | I9: =G9-H9 | J9: =I9*$E9 | K9: =J9*$D9 | L9: =J9*$C9 | M9: =PM_Angle!$J$8+PM_Angle!$K$8*$D9+PM_Angle!$L$8*$C9 | N9: =MAX(MIN(Es*M9,fy),-fy) | O9: =IF(M9>0,IF(M9<=eco,alpha*fck*(1-(1-M9/eco)^n),alpha*fck),0) | P9: =N9-O9 | Q9: =P9*$E9 | R9: =Q9*$D9 | S9: =Q9*$C9 | T9: =PM_Angle!$J$9+PM_Angle!$K$9*$D9+PM_Angle!$L$9*$C9 | U9: =MAX(MIN(Es*T9,fy),-fy) | V9: =IF(T9>0,IF(T9<=eco,alpha*fck*(1-(1-T9/eco)^n),alpha*fck),0) | W9: =U9-V9 | X9: =W9*$E9 | Y9: =X9*$D9 | Z9: =X9*$C9 | AA9: =PM_Angle!$J$10+PM_Angle!$K$10*$D9+PM_Angle!$L$10*$C9 | AB9: =MAX(MIN(Es*AA9,fy),-fy) | AC9: =IF(AA9>0,IF(AA9<=eco,alpha*fck*(1-(1-AA9/eco)^n),alpha*fck),0) | AD9: =AB9-AC9 | AE9: =AD9*$E9 | AF9: =AE9*$D9 | AG9: =AE9*$C9 | AH9: =PM_Angle!$J$11+PM_Angle!$K$11*$D9+PM_Angle!$L$11*$C9 | AI9: =MAX(MIN(Es*AH9,fy),-fy) | AJ9: =IF(AH9>0,IF(AH9<=eco,alpha*fck*(1-(1-AH9/eco)^n),alpha*fck),0) | AK9: =AI9-AJ9 | AL9: =AK9*$E9 | AM9: =AL9*$D9 | AN9: =AL9*$C9 | AO9: =PM_Angle!$J$12+PM_Angle!$K$12*$D9+PM_Angle!$L$12*$C9 | AP9: =MAX(MIN(Es*AO9,fy),-fy) | AQ9: =IF(AO9>0,IF(AO9<=eco,alpha*fck*(1-(1-AO9/eco)^n),alpha*fck),0) | AR9: =AP9-AQ9 | AS9: =AR9*$E9 | AT9: =AS9*$D9 | AU9: =AS9*$C9 | AV9: =PM_Angle!$J$13+PM_Angle!$K$13*$D9+PM_Angle!$L$13*$C9 | AW9: =MAX(MIN(Es*AV9,fy),-fy) | AX9: =IF(AV9>0,IF(AV9<=eco,alpha*fck*(1-(1-AV9/eco)^n),alpha*fck),0) | AY9: =AW9-AX9 | AZ9: =AY9*$E9 | BA9: =AZ9*$D9 | BB9: =AZ9*$C9 | BC9: =PM_Angle!$J$14+PM_Angle!$K$14*$D9+PM_Angle!$L$14*$C9 | BD9: =MAX(MIN(Es*BC9,fy),-fy) | BE9: =IF(BC9>0,IF(BC9<=eco,alpha*fck*(1-(1-BC9/eco)^n),alpha*fck),0) | BF9: =BD9-BE9 | BG9: =BF9*$E9 | BH9: =BG9*$D9 | BI9: =BG9*$C9 | BJ9: =PM_Angle!$J$15+PM_Angle!$K$15*$D9+PM_Angle!$L$15*$C9 | BK9: =MAX(MIN(Es*BJ9,fy),-fy) | BL9: =IF(BJ9>0,IF(BJ9<=eco,alpha*fck*(1-(1-BJ9/eco)^n),alpha*fck),0) | BM9: =BK9-BL9 | BN9: =BM9*$E9 | BO9: =BN9*$D9 | BP9: =BN9*$C9 | BQ9: =PM_Angle!$J$16+PM_Angle!$K$16*$D9+PM_Angle!$L$16*$C9 | BR9: =MAX(MIN(Es*BQ9,fy),-fy) | BS9: =IF(BQ9>0,IF(BQ9<=eco,alpha*fck*(1-(1-BQ9/eco)^n),alpha*fck),0) | BT9: =BR9-BS9 | BU9: =BT9*$E9 | BV9: =BU9*$D9 | BW9: =BU9*$C9 | BX9: =PM_Angle!$J$17+PM_Angle!$K$17*$D9+PM_Angle!$L$17*$C9 | BY9: =MAX(MIN(Es*BX9,fy),-fy) | BZ9: =IF(BX9>0,IF(BX9<=eco,alpha*fck*(1-(1-BX9/eco)^n),alpha*fck),0) | CA9: =BY9-BZ9 | CB9: =CA9*$E9 | CC9: =CB9*$D9 | CD9: =CB9*$C9 | CE9: =PM_Angle!$J$18+PM_Angle!$K$18*$D9+PM_Angle!$L$18*$C9 | CF9: =MAX(MIN(Es*CE9,fy),-fy) | CG9: =IF(CE9>0,IF(CE9<=eco,alpha*fck*(1-(1-CE9/eco)^n),alpha*fck),0) | CH9: =CF9-CG9 | CI9: =CH9*$E9 | CJ9: =CI9*$D9 | CK9: =CI9*$C9 | CL9: =PM_Angle!$J$19+PM_Angle!$K$19*$D9+PM_Angle!$L$19*$C9 | CM9: =MAX(MIN(Es*CL9,fy),-fy) | CN9: =IF(CL9>0,IF(CL9<=eco,alpha*fck*(1-(1-CL9/eco)^n),alpha*fck),0) | CO9: =CM9-CN9 | CP9: =CO9*$E9 | CQ9: =CP9*$D9 | CR9: =CP9*$C9 | CS9: =PM_Angle!$J$20+PM_Angle!$K$20*$D9+PM_Angle!$L$20*$C9 | CT9: =MAX(MIN(Es*CS9,fy),-fy) | CU9: =IF(CS9>0,IF(CS9<=eco,alpha*fck*(1-(1-CS9/eco)^n),alpha*fck),0) | CV9: =CT9-CU9 | CW9: =CV9*$E9 | CX9: =CW9*$D9 | CY9: =CW9*$C9 | CZ9: =PM_Angle!$J$21+PM_Angle!$K$21*$D9+PM_Angle!$L$21*$C9 | DA9: =MAX(MIN(Es*CZ9,fy),-fy) | DB9: =IF(CZ9>0,IF(CZ9<=eco,alpha*fck*(1-(1-CZ9/eco)^n),alpha*fck),0) | DC9: =DA9-DB9 | DD9: =DC9*$E9 | DE9: =DD9*$D9 | DF9: =DD9*$C9 | DG9: =PM_Angle!$J$22+PM_Angle!$K$22*$D9+PM_Angle!$L$22*$C9 | DH9: =MAX(MIN(Es*DG9,fy),-fy) | DI9: =IF(DG9>0,IF(DG9<=eco,alpha*fck*(1-(1-DG9/eco)^n),alpha*fck),0) | DJ9: =DH9-DI9 | DK9: =DJ9*$E9 | DL9: =DK9*$D9 | DM9: =DK9*$C9 | DN9: =PM_Angle!$J$23+PM_Angle!$K$23*$D9+PM_Angle!$L$23*$C9 | DO9: =MAX(MIN(Es*DN9,fy),-fy) | DP9: =IF(DN9>0,IF(DN9<=eco,alpha*fck*(1-(1-DN9/eco)^n),alpha*fck),0) | DQ9: =DO9-DP9 | DR9: =DQ9*$E9 | DS9: =DR9*$D9 | DT9: =DR9*$C9 | DU9: =PM_Angle!$J$24+PM_Angle!$K$24*$D9+PM_Angle!$L$24*$C9 | DV9: =MAX(MIN(Es*DU9,fy),-fy) | DW9: =IF(DU9>0,IF(DU9<=eco,alpha*fck*(1-(1-DU9/eco)^n),alpha*fck),0) | DX9: =DV9-DW9 | DY9: =DX9*$E9 | DZ9: =DY9*$D9 | EA9: =DY9*$C9 | EB9: =PM_Angle!$J$25+PM_Angle!$K$25*$D9+PM_Angle!$L$25*$C9 | EC9: =MAX(MIN(Es*EB9,fy),-fy) | ED9: =IF(EB9>0,IF(EB9<=eco,alpha*fck*(1-(1-EB9/eco)^n),alpha*fck),0) | EE9: =EC9-ED9 | EF9: =EE9*$E9 | EG9: =EF9*$D9 | EH9: =EF9*$C9 | EI9: =PM_Angle!$J$26+PM_Angle!$K$26*$D9+PM_Angle!$L$26*$C9 | EJ9: =MAX(MIN(Es*EI9,fy),-fy) | EK9: =IF(EI9>0,IF(EI9<=eco,alpha*fck*(1-(1-EI9/eco)^n),alpha*fck),0) | EL9: =EJ9-EK9 | EM9: =EL9*$E9 | EN9: =EM9*$D9 | EO9: =EM9*$C9 | EP9: =PM_Angle!$J$27+PM_Angle!$K$27*$D9+PM_Angle!$L$27*$C9 | EQ9: =MAX(MIN(Es*EP9,fy),-fy) | ER9: =IF(EP9>0,IF(EP9<=eco,alpha*fck*(1-(1-EP9/eco)^n),alpha*fck),0) | ES9: =EQ9-ER9 | ET9: =ES9*$E9 | EU9: =ET9*$D9 | EV9: =ET9*$C9 | EW9: =PM_Angle!$J$28+PM_Angle!$K$28*$D9+PM_Angle!$L$28*$C9 | EX9: =MAX(MIN(Es*EW9,fy),-fy) | EY9: =IF(EW9>0,IF(EW9<=eco,alpha*fck*(1-(1-EW9/eco)^n),alpha*fck),0) | EZ9: =EX9-EY9 | FA9: =EZ9*$E9 | FB9: =FA9*$D9 | FC9: =FA9*$C9 | FD9: =PM_Angle!$J$29+PM_Angle!$K$29*$D9+PM_Angle!$L$29*$C9 | FE9: =MAX(MIN(Es*FD9,fy),-fy) | FF9: =IF(FD9>0,IF(FD9<=eco,alpha*fck*(1-(1-FD9/eco)^n),alpha*fck),0) | FG9: =FE9-FF9 | FH9: =FG9*$E9 | FI9: =FH9*$D9 | FJ9: =FH9*$C9 | FK9: =PM_Angle!$J$30+PM_Angle!$K$30*$D9+PM_Angle!$L$30*$C9 | FL9: =MAX(MIN(Es*FK9,fy),-fy) | FM9: =IF(FK9>0,IF(FK9<=eco,alpha*fck*(1-(1-FK9/eco)^n),alpha*fck),0) | FN9: =FL9-FM9 | FO9: =FN9*$E9 | FP9: =FO9*$D9 | FQ9: =FO9*$C9 | FR9: =PM_Angle!$J$31+PM_Angle!$K$31*$D9+PM_Angle!$L$31*$C9 | FS9: =MAX(MIN(Es*FR9,fy),-fy) | FT9: =IF(FR9>0,IF(FR9<=eco,alpha*fck*(1-(1-FR9/eco)^n),alpha*fck),0) | FU9: =FS9-FT9 | FV9: =FU9*$E9 | FW9: =FV9*$D9 | FX9: =FV9*$C9 | FY9: =PM_Angle!$J$32+PM_Angle!$K$32*$D9+PM_Angle!$L$32*$C9 | FZ9: =MAX(MIN(Es*FY9,fy),-fy) | GA9: =IF(FY9>0,IF(FY9<=eco,alpha*fck*(1-(1-FY9/eco)^n),alpha*fck),0) | GB9: =FZ9-GA9 | GC9: =GB9*$E9 | GD9: =GC9*$D9 | GE9: =GC9*$C9 | GF9: =PM_Angle!$J$33+PM_Angle!$K$33*$D9+PM_Angle!$L$33*$C9 | GG9: =MAX(MIN(Es*GF9,fy),-fy) | GH9: =IF(GF9>0,IF(GF9<=eco,alpha*fck*(1-(1-GF9/eco)^n),alpha*fck),0) | GI9: =GG9-GH9 | GJ9: =GI9*$E9 | GK9: =GJ9*$D9 | GL9: =GJ9*$C9 | GM9: =Eq_e0+Eq_kx*$D9+Eq_ky*$C9 | GN9: =MAX(MIN(Es*GM9,fy),-fy) | GO9: =IF(GM9>0,IF(GM9<=eco,alpha*fck*(1-(1-GM9/eco)^n),alpha*fck),0) | GP9: =GN9-GO9 | GQ9: =GP9*$E9 | GR9: =GQ9*$D9 | GS9: =GQ9*$C9
A10: 4 | B10: =Geometry!C45 | C10: =Geometry!D45 | D10: =Geometry!E45 | E10: =Geometry!F45 | F10: =PM_Angle!$J$7+PM_Angle!$K$7*$D10+PM_Angle!$L$7*$C10 | G10: =MAX(MIN(Es*F10,fy),-fy) | H10: =IF(F10>0,IF(F10<=eco,alpha*fck*(1-(1-F10/eco)^n),alpha*fck),0) | I10: =G10-H10 | J10: =I10*$E10 | K10: =J10*$D10 | L10: =J10*$C10 | M10: =PM_Angle!$J$8+PM_Angle!$K$8*$D10+PM_Angle!$L$8*$C10 | N10: =MAX(MIN(Es*M10,fy),-fy) | O10: =IF(M10>0,IF(M10<=eco,alpha*fck*(1-(1-M10/eco)^n),alpha*fck),0) | P10: =N10-O10 | Q10: =P10*$E10 | R10: =Q10*$D10 | S10: =Q10*$C10 | T10: =PM_Angle!$J$9+PM_Angle!$K$9*$D10+PM_Angle!$L$9*$C10 | U10: =MAX(MIN(Es*T10,fy),-fy) | V10: =IF(T10>0,IF(T10<=eco,alpha*fck*(1-(1-T10/eco)^n),alpha*fck),0) | W10: =U10-V10 | X10: =W10*$E10 | Y10: =X10*$D10 | Z10: =X10*$C10 | AA10: =PM_Angle!$J$10+PM_Angle!$K$10*$D10+PM_Angle!$L$10*$C10 | AB10: =MAX(MIN(Es*AA10,fy),-fy) | AC10: =IF(AA10>0,IF(AA10<=eco,alpha*fck*(1-(1-AA10/eco)^n),alpha*fck),0) | AD10: =AB10-AC10 | AE10: =AD10*$E10 | AF10: =AE10*$D10 | AG10: =AE10*$C10 | AH10: =PM_Angle!$J$11+PM_Angle!$K$11*$D10+PM_Angle!$L$11*$C10 | AI10: =MAX(MIN(Es*AH10,fy),-fy) | AJ10: =IF(AH10>0,IF(AH10<=eco,alpha*fck*(1-(1-AH10/eco)^n),alpha*fck),0) | AK10: =AI10-AJ10 | AL10: =AK10*$E10 | AM10: =AL10*$D10 | AN10: =AL10*$C10 | AO10: =PM_Angle!$J$12+PM_Angle!$K$12*$D10+PM_Angle!$L$12*$C10 | AP10: =MAX(MIN(Es*AO10,fy),-fy) | AQ10: =IF(AO10>0,IF(AO10<=eco,alpha*fck*(1-(1-AO10/eco)^n),alpha*fck),0) | AR10: =AP10-AQ10 | AS10: =AR10*$E10 | AT10: =AS10*$D10 | AU10: =AS10*$C10 | AV10: =PM_Angle!$J$13+PM_Angle!$K$13*$D10+PM_Angle!$L$13*$C10 | AW10: =MAX(MIN(Es*AV10,fy),-fy) | AX10: =IF(AV10>0,IF(AV10<=eco,alpha*fck*(1-(1-AV10/eco)^n),alpha*fck),0) | AY10: =AW10-AX10 | AZ10: =AY10*$E10 | BA10: =AZ10*$D10 | BB10: =AZ10*$C10 | BC10: =PM_Angle!$J$14+PM_Angle!$K$14*$D10+PM_Angle!$L$14*$C10 | BD10: =MAX(MIN(Es*BC10,fy),-fy) | BE10: =IF(BC10>0,IF(BC10<=eco,alpha*fck*(1-(1-BC10/eco)^n),alpha*fck),0) | BF10: =BD10-BE10 | BG10: =BF10*$E10 | BH10: =BG10*$D10 | BI10: =BG10*$C10 | BJ10: =PM_Angle!$J$15+PM_Angle!$K$15*$D10+PM_Angle!$L$15*$C10 | BK10: =MAX(MIN(Es*BJ10,fy),-fy) | BL10: =IF(BJ10>0,IF(BJ10<=eco,alpha*fck*(1-(1-BJ10/eco)^n),alpha*fck),0) | BM10: =BK10-BL10 | BN10: =BM10*$E10 | BO10: =BN10*$D10 | BP10: =BN10*$C10 | BQ10: =PM_Angle!$J$16+PM_Angle!$K$16*$D10+PM_Angle!$L$16*$C10 | BR10: =MAX(MIN(Es*BQ10,fy),-fy) | BS10: =IF(BQ10>0,IF(BQ10<=eco,alpha*fck*(1-(1-BQ10/eco)^n),alpha*fck),0) | BT10: =BR10-BS10 | BU10: =BT10*$E10 | BV10: =BU10*$D10 | BW10: =BU10*$C10 | BX10: =PM_Angle!$J$17+PM_Angle!$K$17*$D10+PM_Angle!$L$17*$C10 | BY10: =MAX(MIN(Es*BX10,fy),-fy) | BZ10: =IF(BX10>0,IF(BX10<=eco,alpha*fck*(1-(1-BX10/eco)^n),alpha*fck),0) | CA10: =BY10-BZ10 | CB10: =CA10*$E10 | CC10: =CB10*$D10 | CD10: =CB10*$C10 | CE10: =PM_Angle!$J$18+PM_Angle!$K$18*$D10+PM_Angle!$L$18*$C10 | CF10: =MAX(MIN(Es*CE10,fy),-fy) | CG10: =IF(CE10>0,IF(CE10<=eco,alpha*fck*(1-(1-CE10/eco)^n),alpha*fck),0) | CH10: =CF10-CG10 | CI10: =CH10*$E10 | CJ10: =CI10*$D10 | CK10: =CI10*$C10 | CL10: =PM_Angle!$J$19+PM_Angle!$K$19*$D10+PM_Angle!$L$19*$C10 | CM10: =MAX(MIN(Es*CL10,fy),-fy) | CN10: =IF(CL10>0,IF(CL10<=eco,alpha*fck*(1-(1-CL10/eco)^n),alpha*fck),0) | CO10: =CM10-CN10 | CP10: =CO10*$E10 | CQ10: =CP10*$D10 | CR10: =CP10*$C10 | CS10: =PM_Angle!$J$20+PM_Angle!$K$20*$D10+PM_Angle!$L$20*$C10 | CT10: =MAX(MIN(Es*CS10,fy),-fy) | CU10: =IF(CS10>0,IF(CS10<=eco,alpha*fck*(1-(1-CS10/eco)^n),alpha*fck),0) | CV10: =CT10-CU10 | CW10: =CV10*$E10 | CX10: =CW10*$D10 | CY10: =CW10*$C10 | CZ10: =PM_Angle!$J$21+PM_Angle!$K$21*$D10+PM_Angle!$L$21*$C10 | DA10: =MAX(MIN(Es*CZ10,fy),-fy) | DB10: =IF(CZ10>0,IF(CZ10<=eco,alpha*fck*(1-(1-CZ10/eco)^n),alpha*fck),0) | DC10: =DA10-DB10 | DD10: =DC10*$E10 | DE10: =DD10*$D10 | DF10: =DD10*$C10 | DG10: =PM_Angle!$J$22+PM_Angle!$K$22*$D10+PM_Angle!$L$22*$C10 | DH10: =MAX(MIN(Es*DG10,fy),-fy) | DI10: =IF(DG10>0,IF(DG10<=eco,alpha*fck*(1-(1-DG10/eco)^n),alpha*fck),0) | DJ10: =DH10-DI10 | DK10: =DJ10*$E10 | DL10: =DK10*$D10 | DM10: =DK10*$C10 | DN10: =PM_Angle!$J$23+PM_Angle!$K$23*$D10+PM_Angle!$L$23*$C10 | DO10: =MAX(MIN(Es*DN10,fy),-fy) | DP10: =IF(DN10>0,IF(DN10<=eco,alpha*fck*(1-(1-DN10/eco)^n),alpha*fck),0) | DQ10: =DO10-DP10 | DR10: =DQ10*$E10 | DS10: =DR10*$D10 | DT10: =DR10*$C10 | DU10: =PM_Angle!$J$24+PM_Angle!$K$24*$D10+PM_Angle!$L$24*$C10 | DV10: =MAX(MIN(Es*DU10,fy),-fy) | DW10: =IF(DU10>0,IF(DU10<=eco,alpha*fck*(1-(1-DU10/eco)^n),alpha*fck),0) | DX10: =DV10-DW10 | DY10: =DX10*$E10 | DZ10: =DY10*$D10 | EA10: =DY10*$C10 | EB10: =PM_Angle!$J$25+PM_Angle!$K$25*$D10+PM_Angle!$L$25*$C10 | EC10: =MAX(MIN(Es*EB10,fy),-fy) | ED10: =IF(EB10>0,IF(EB10<=eco,alpha*fck*(1-(1-EB10/eco)^n),alpha*fck),0) | EE10: =EC10-ED10 | EF10: =EE10*$E10 | EG10: =EF10*$D10 | EH10: =EF10*$C10 | EI10: =PM_Angle!$J$26+PM_Angle!$K$26*$D10+PM_Angle!$L$26*$C10 | EJ10: =MAX(MIN(Es*EI10,fy),-fy) | EK10: =IF(EI10>0,IF(EI10<=eco,alpha*fck*(1-(1-EI10/eco)^n),alpha*fck),0) | EL10: =EJ10-EK10 | EM10: =EL10*$E10 | EN10: =EM10*$D10 | EO10: =EM10*$C10 | EP10: =PM_Angle!$J$27+PM_Angle!$K$27*$D10+PM_Angle!$L$27*$C10 | EQ10: =MAX(MIN(Es*EP10,fy),-fy) | ER10: =IF(EP10>0,IF(EP10<=eco,alpha*fck*(1-(1-EP10/eco)^n),alpha*fck),0) | ES10: =EQ10-ER10 | ET10: =ES10*$E10 | EU10: =ET10*$D10 | EV10: =ET10*$C10 | EW10: =PM_Angle!$J$28+PM_Angle!$K$28*$D10+PM_Angle!$L$28*$C10 | EX10: =MAX(MIN(Es*EW10,fy),-fy) | EY10: =IF(EW10>0,IF(EW10<=eco,alpha*fck*(1-(1-EW10/eco)^n),alpha*fck),0) | EZ10: =EX10-EY10 | FA10: =EZ10*$E10 | FB10: =FA10*$D10 | FC10: =FA10*$C10 | FD10: =PM_Angle!$J$29+PM_Angle!$K$29*$D10+PM_Angle!$L$29*$C10 | FE10: =MAX(MIN(Es*FD10,fy),-fy) | FF10: =IF(FD10>0,IF(FD10<=eco,alpha*fck*(1-(1-FD10/eco)^n),alpha*fck),0) | FG10: =FE10-FF10 | FH10: =FG10*$E10 | FI10: =FH10*$D10 | FJ10: =FH10*$C10 | FK10: =PM_Angle!$J$30+PM_Angle!$K$30*$D10+PM_Angle!$L$30*$C10 | FL10: =MAX(MIN(Es*FK10,fy),-fy) | FM10: =IF(FK10>0,IF(FK10<=eco,alpha*fck*(1-(1-FK10/eco)^n),alpha*fck),0) | FN10: =FL10-FM10 | FO10: =FN10*$E10 | FP10: =FO10*$D10 | FQ10: =FO10*$C10 | FR10: =PM_Angle!$J$31+PM_Angle!$K$31*$D10+PM_Angle!$L$31*$C10 | FS10: =MAX(MIN(Es*FR10,fy),-fy) | FT10: =IF(FR10>0,IF(FR10<=eco,alpha*fck*(1-(1-FR10/eco)^n),alpha*fck),0) | FU10: =FS10-FT10 | FV10: =FU10*$E10 | FW10: =FV10*$D10 | FX10: =FV10*$C10 | FY10: =PM_Angle!$J$32+PM_Angle!$K$32*$D10+PM_Angle!$L$32*$C10 | FZ10: =MAX(MIN(Es*FY10,fy),-fy) | GA10: =IF(FY10>0,IF(FY10<=eco,alpha*fck*(1-(1-FY10/eco)^n),alpha*fck),0) | GB10: =FZ10-GA10 | GC10: =GB10*$E10 | GD10: =GC10*$D10 | GE10: =GC10*$C10 | GF10: =PM_Angle!$J$33+PM_Angle!$K$33*$D10+PM_Angle!$L$33*$C10 | GG10: =MAX(MIN(Es*GF10,fy),-fy) | GH10: =IF(GF10>0,IF(GF10<=eco,alpha*fck*(1-(1-GF10/eco)^n),alpha*fck),0) | GI10: =GG10-GH10 | GJ10: =GI10*$E10 | GK10: =GJ10*$D10 | GL10: =GJ10*$C10 | GM10: =Eq_e0+Eq_kx*$D10+Eq_ky*$C10 | GN10: =MAX(MIN(Es*GM10,fy),-fy) | GO10: =IF(GM10>0,IF(GM10<=eco,alpha*fck*(1-(1-GM10/eco)^n),alpha*fck),0) | GP10: =GN10-GO10 | GQ10: =GP10*$E10 | GR10: =GQ10*$D10 | GS10: =GQ10*$C10
A11: 5 | B11: =Geometry!C46 | C11: =Geometry!D46 | D11: =Geometry!E46 | E11: =Geometry!F46 | F11: =PM_Angle!$J$7+PM_Angle!$K$7*$D11+PM_Angle!$L$7*$C11 | G11: =MAX(MIN(Es*F11,fy),-fy) | H11: =IF(F11>0,IF(F11<=eco,alpha*fck*(1-(1-F11/eco)^n),alpha*fck),0) | I11: =G11-H11 | J11: =I11*$E11 | K11: =J11*$D11 | L11: =J11*$C11 | M11: =PM_Angle!$J$8+PM_Angle!$K$8*$D11+PM_Angle!$L$8*$C11 | N11: =MAX(MIN(Es*M11,fy),-fy) | O11: =IF(M11>0,IF(M11<=eco,alpha*fck*(1-(1-M11/eco)^n),alpha*fck),0) | P11: =N11-O11 | Q11: =P11*$E11 | R11: =Q11*$D11 | S11: =Q11*$C11 | T11: =PM_Angle!$J$9+PM_Angle!$K$9*$D11+PM_Angle!$L$9*$C11 | U11: =MAX(MIN(Es*T11,fy),-fy) | V11: =IF(T11>0,IF(T11<=eco,alpha*fck*(1-(1-T11/eco)^n),alpha*fck),0) | W11: =U11-V11 | X11: =W11*$E11 | Y11: =X11*$D11 | Z11: =X11*$C11 | AA11: =PM_Angle!$J$10+PM_Angle!$K$10*$D11+PM_Angle!$L$10*$C11 | AB11: =MAX(MIN(Es*AA11,fy),-fy) | AC11: =IF(AA11>0,IF(AA11<=eco,alpha*fck*(1-(1-AA11/eco)^n),alpha*fck),0) | AD11: =AB11-AC11 | AE11: =AD11*$E11 | AF11: =AE11*$D11 | AG11: =AE11*$C11 | AH11: =PM_Angle!$J$11+PM_Angle!$K$11*$D11+PM_Angle!$L$11*$C11 | AI11: =MAX(MIN(Es*AH11,fy),-fy) | AJ11: =IF(AH11>0,IF(AH11<=eco,alpha*fck*(1-(1-AH11/eco)^n),alpha*fck),0) | AK11: =AI11-AJ11 | AL11: =AK11*$E11 | AM11: =AL11*$D11 | AN11: =AL11*$C11 | AO11: =PM_Angle!$J$12+PM_Angle!$K$12*$D11+PM_Angle!$L$12*$C11 | AP11: =MAX(MIN(Es*AO11,fy),-fy) | AQ11: =IF(AO11>0,IF(AO11<=eco,alpha*fck*(1-(1-AO11/eco)^n),alpha*fck),0) | AR11: =AP11-AQ11 | AS11: =AR11*$E11 | AT11: =AS11*$D11 | AU11: =AS11*$C11 | AV11: =PM_Angle!$J$13+PM_Angle!$K$13*$D11+PM_Angle!$L$13*$C11 | AW11: =MAX(MIN(Es*AV11,fy),-fy) | AX11: =IF(AV11>0,IF(AV11<=eco,alpha*fck*(1-(1-AV11/eco)^n),alpha*fck),0) | AY11: =AW11-AX11 | AZ11: =AY11*$E11 | BA11: =AZ11*$D11 | BB11: =AZ11*$C11 | BC11: =PM_Angle!$J$14+PM_Angle!$K$14*$D11+PM_Angle!$L$14*$C11 | BD11: =MAX(MIN(Es*BC11,fy),-fy) | BE11: =IF(BC11>0,IF(BC11<=eco,alpha*fck*(1-(1-BC11/eco)^n),alpha*fck),0) | BF11: =BD11-BE11 | BG11: =BF11*$E11 | BH11: =BG11*$D11 | BI11: =BG11*$C11 | BJ11: =PM_Angle!$J$15+PM_Angle!$K$15*$D11+PM_Angle!$L$15*$C11 | BK11: =MAX(MIN(Es*BJ11,fy),-fy) | BL11: =IF(BJ11>0,IF(BJ11<=eco,alpha*fck*(1-(1-BJ11/eco)^n),alpha*fck),0) | BM11: =BK11-BL11 | BN11: =BM11*$E11 | BO11: =BN11*$D11 | BP11: =BN11*$C11 | BQ11: =PM_Angle!$J$16+PM_Angle!$K$16*$D11+PM_Angle!$L$16*$C11 | BR11: =MAX(MIN(Es*BQ11,fy),-fy) | BS11: =IF(BQ11>0,IF(BQ11<=eco,alpha*fck*(1-(1-BQ11/eco)^n),alpha*fck),0) | BT11: =BR11-BS11 | BU11: =BT11*$E11 | BV11: =BU11*$D11 | BW11: =BU11*$C11 | BX11: =PM_Angle!$J$17+PM_Angle!$K$17*$D11+PM_Angle!$L$17*$C11 | BY11: =MAX(MIN(Es*BX11,fy),-fy) | BZ11: =IF(BX11>0,IF(BX11<=eco,alpha*fck*(1-(1-BX11/eco)^n),alpha*fck),0) | CA11: =BY11-BZ11 | CB11: =CA11*$E11 | CC11: =CB11*$D11 | CD11: =CB11*$C11 | CE11: =PM_Angle!$J$18+PM_Angle!$K$18*$D11+PM_Angle!$L$18*$C11 | CF11: =MAX(MIN(Es*CE11,fy),-fy) | CG11: =IF(CE11>0,IF(CE11<=eco,alpha*fck*(1-(1-CE11/eco)^n),alpha*fck),0) | CH11: =CF11-CG11 | CI11: =CH11*$E11 | CJ11: =CI11*$D11 | CK11: =CI11*$C11 | CL11: =PM_Angle!$J$19+PM_Angle!$K$19*$D11+PM_Angle!$L$19*$C11 | CM11: =MAX(MIN(Es*CL11,fy),-fy) | CN11: =IF(CL11>0,IF(CL11<=eco,alpha*fck*(1-(1-CL11/eco)^n),alpha*fck),0) | CO11: =CM11-CN11 | CP11: =CO11*$E11 | CQ11: =CP11*$D11 | CR11: =CP11*$C11 | CS11: =PM_Angle!$J$20+PM_Angle!$K$20*$D11+PM_Angle!$L$20*$C11 | CT11: =MAX(MIN(Es*CS11,fy),-fy) | CU11: =IF(CS11>0,IF(CS11<=eco,alpha*fck*(1-(1-CS11/eco)^n),alpha*fck),0) | CV11: =CT11-CU11 | CW11: =CV11*$E11 | CX11: =CW11*$D11 | CY11: =CW11*$C11 | CZ11: =PM_Angle!$J$21+PM_Angle!$K$21*$D11+PM_Angle!$L$21*$C11 | DA11: =MAX(MIN(Es*CZ11,fy),-fy) | DB11: =IF(CZ11>0,IF(CZ11<=eco,alpha*fck*(1-(1-CZ11/eco)^n),alpha*fck),0) | DC11: =DA11-DB11 | DD11: =DC11*$E11 | DE11: =DD11*$D11 | DF11: =DD11*$C11 | DG11: =PM_Angle!$J$22+PM_Angle!$K$22*$D11+PM_Angle!$L$22*$C11 | DH11: =MAX(MIN(Es*DG11,fy),-fy) | DI11: =IF(DG11>0,IF(DG11<=eco,alpha*fck*(1-(1-DG11/eco)^n),alpha*fck),0) | DJ11: =DH11-DI11 | DK11: =DJ11*$E11 | DL11: =DK11*$D11 | DM11: =DK11*$C11 | DN11: =PM_Angle!$J$23+PM_Angle!$K$23*$D11+PM_Angle!$L$23*$C11 | DO11: =MAX(MIN(Es*DN11,fy),-fy) | DP11: =IF(DN11>0,IF(DN11<=eco,alpha*fck*(1-(1-DN11/eco)^n),alpha*fck),0) | DQ11: =DO11-DP11 | DR11: =DQ11*$E11 | DS11: =DR11*$D11 | DT11: =DR11*$C11 | DU11: =PM_Angle!$J$24+PM_Angle!$K$24*$D11+PM_Angle!$L$24*$C11 | DV11: =MAX(MIN(Es*DU11,fy),-fy) | DW11: =IF(DU11>0,IF(DU11<=eco,alpha*fck*(1-(1-DU11/eco)^n),alpha*fck),0) | DX11: =DV11-DW11 | DY11: =DX11*$E11 | DZ11: =DY11*$D11 | EA11: =DY11*$C11 | EB11: =PM_Angle!$J$25+PM_Angle!$K$25*$D11+PM_Angle!$L$25*$C11 | EC11: =MAX(MIN(Es*EB11,fy),-fy) | ED11: =IF(EB11>0,IF(EB11<=eco,alpha*fck*(1-(1-EB11/eco)^n),alpha*fck),0) | EE11: =EC11-ED11 | EF11: =EE11*$E11 | EG11: =EF11*$D11 | EH11: =EF11*$C11 | EI11: =PM_Angle!$J$26+PM_Angle!$K$26*$D11+PM_Angle!$L$26*$C11 | EJ11: =MAX(MIN(Es*EI11,fy),-fy) | EK11: =IF(EI11>0,IF(EI11<=eco,alpha*fck*(1-(1-EI11/eco)^n),alpha*fck),0) | EL11: =EJ11-EK11 | EM11: =EL11*$E11 | EN11: =EM11*$D11 | EO11: =EM11*$C11 | EP11: =PM_Angle!$J$27+PM_Angle!$K$27*$D11+PM_Angle!$L$27*$C11 | EQ11: =MAX(MIN(Es*EP11,fy),-fy) | ER11: =IF(EP11>0,IF(EP11<=eco,alpha*fck*(1-(1-EP11/eco)^n),alpha*fck),0) | ES11: =EQ11-ER11 | ET11: =ES11*$E11 | EU11: =ET11*$D11 | EV11: =ET11*$C11 | EW11: =PM_Angle!$J$28+PM_Angle!$K$28*$D11+PM_Angle!$L$28*$C11 | EX11: =MAX(MIN(Es*EW11,fy),-fy) | EY11: =IF(EW11>0,IF(EW11<=eco,alpha*fck*(1-(1-EW11/eco)^n),alpha*fck),0) | EZ11: =EX11-EY11 | FA11: =EZ11*$E11 | FB11: =FA11*$D11 | FC11: =FA11*$C11 | FD11: =PM_Angle!$J$29+PM_Angle!$K$29*$D11+PM_Angle!$L$29*$C11 | FE11: =MAX(MIN(Es*FD11,fy),-fy) | FF11: =IF(FD11>0,IF(FD11<=eco,alpha*fck*(1-(1-FD11/eco)^n),alpha*fck),0) | FG11: =FE11-FF11 | FH11: =FG11*$E11 | FI11: =FH11*$D11 | FJ11: =FH11*$C11 | FK11: =PM_Angle!$J$30+PM_Angle!$K$30*$D11+PM_Angle!$L$30*$C11 | FL11: =MAX(MIN(Es*FK11,fy),-fy) | FM11: =IF(FK11>0,IF(FK11<=eco,alpha*fck*(1-(1-FK11/eco)^n),alpha*fck),0) | FN11: =FL11-FM11 | FO11: =FN11*$E11 | FP11: =FO11*$D11 | FQ11: =FO11*$C11 | FR11: =PM_Angle!$J$31+PM_Angle!$K$31*$D11+PM_Angle!$L$31*$C11 | FS11: =MAX(MIN(Es*FR11,fy),-fy) | FT11: =IF(FR11>0,IF(FR11<=eco,alpha*fck*(1-(1-FR11/eco)^n),alpha*fck),0) | FU11: =FS11-FT11 | FV11: =FU11*$E11 | FW11: =FV11*$D11 | FX11: =FV11*$C11 | FY11: =PM_Angle!$J$32+PM_Angle!$K$32*$D11+PM_Angle!$L$32*$C11 | FZ11: =MAX(MIN(Es*FY11,fy),-fy) | GA11: =IF(FY11>0,IF(FY11<=eco,alpha*fck*(1-(1-FY11/eco)^n),alpha*fck),0) | GB11: =FZ11-GA11 | GC11: =GB11*$E11 | GD11: =GC11*$D11 | GE11: =GC11*$C11 | GF11: =PM_Angle!$J$33+PM_Angle!$K$33*$D11+PM_Angle!$L$33*$C11 | GG11: =MAX(MIN(Es*GF11,fy),-fy) | GH11: =IF(GF11>0,IF(GF11<=eco,alpha*fck*(1-(1-GF11/eco)^n),alpha*fck),0) | GI11: =GG11-GH11 | GJ11: =GI11*$E11 | GK11: =GJ11*$D11 | GL11: =GJ11*$C11 | GM11: =Eq_e0+Eq_kx*$D11+Eq_ky*$C11 | GN11: =MAX(MIN(Es*GM11,fy),-fy) | GO11: =IF(GM11>0,IF(GM11<=eco,alpha*fck*(1-(1-GM11/eco)^n),alpha*fck),0) | GP11: =GN11-GO11 | GQ11: =GP11*$E11 | GR11: =GQ11*$D11 | GS11: =GQ11*$C11
A12: 6 | B12: =Geometry!C47 | C12: =Geometry!D47 | D12: =Geometry!E47 | E12: =Geometry!F47 | F12: =PM_Angle!$J$7+PM_Angle!$K$7*$D12+PM_Angle!$L$7*$C12 | G12: =MAX(MIN(Es*F12,fy),-fy) | H12: =IF(F12>0,IF(F12<=eco,alpha*fck*(1-(1-F12/eco)^n),alpha*fck),0) | I12: =G12-H12 | J12: =I12*$E12 | K12: =J12*$D12 | L12: =J12*$C12 | M12: =PM_Angle!$J$8+PM_Angle!$K$8*$D12+PM_Angle!$L$8*$C12 | N12: =MAX(MIN(Es*M12,fy),-fy) | O12: =IF(M12>0,IF(M12<=eco,alpha*fck*(1-(1-M12/eco)^n),alpha*fck),0) | P12: =N12-O12 | Q12: =P12*$E12 | R12: =Q12*$D12 | S12: =Q12*$C12 | T12: =PM_Angle!$J$9+PM_Angle!$K$9*$D12+PM_Angle!$L$9*$C12 | U12: =MAX(MIN(Es*T12,fy),-fy) | V12: =IF(T12>0,IF(T12<=eco,alpha*fck*(1-(1-T12/eco)^n),alpha*fck),0) | W12: =U12-V12 | X12: =W12*$E12 | Y12: =X12*$D12 | Z12: =X12*$C12 | AA12: =PM_Angle!$J$10+PM_Angle!$K$10*$D12+PM_Angle!$L$10*$C12 | AB12: =MAX(MIN(Es*AA12,fy),-fy) | AC12: =IF(AA12>0,IF(AA12<=eco,alpha*fck*(1-(1-AA12/eco)^n),alpha*fck),0) | AD12: =AB12-AC12 | AE12: =AD12*$E12 | AF12: =AE12*$D12 | AG12: =AE12*$C12 | AH12: =PM_Angle!$J$11+PM_Angle!$K$11*$D12+PM_Angle!$L$11*$C12 | AI12: =MAX(MIN(Es*AH12,fy),-fy) | AJ12: =IF(AH12>0,IF(AH12<=eco,alpha*fck*(1-(1-AH12/eco)^n),alpha*fck),0) | AK12: =AI12-AJ12 | AL12: =AK12*$E12 | AM12: =AL12*$D12 | AN12: =AL12*$C12 | AO12: =PM_Angle!$J$12+PM_Angle!$K$12*$D12+PM_Angle!$L$12*$C12 | AP12: =MAX(MIN(Es*AO12,fy),-fy) | AQ12: =IF(AO12>0,IF(AO12<=eco,alpha*fck*(1-(1-AO12/eco)^n),alpha*fck),0) | AR12: =AP12-AQ12 | AS12: =AR12*$E12 | AT12: =AS12*$D12 | AU12: =AS12*$C12 | AV12: =PM_Angle!$J$13+PM_Angle!$K$13*$D12+PM_Angle!$L$13*$C12 | AW12: =MAX(MIN(Es*AV12,fy),-fy) | AX12: =IF(AV12>0,IF(AV12<=eco,alpha*fck*(1-(1-AV12/eco)^n),alpha*fck),0) | AY12: =AW12-AX12 | AZ12: =AY12*$E12 | BA12: =AZ12*$D12 | BB12: =AZ12*$C12 | BC12: =PM_Angle!$J$14+PM_Angle!$K$14*$D12+PM_Angle!$L$14*$C12 | BD12: =MAX(MIN(Es*BC12,fy),-fy) | BE12: =IF(BC12>0,IF(BC12<=eco,alpha*fck*(1-(1-BC12/eco)^n),alpha*fck),0) | BF12: =BD12-BE12 | BG12: =BF12*$E12 | BH12: =BG12*$D12 | BI12: =BG12*$C12 | BJ12: =PM_Angle!$J$15+PM_Angle!$K$15*$D12+PM_Angle!$L$15*$C12 | BK12: =MAX(MIN(Es*BJ12,fy),-fy) | BL12: =IF(BJ12>0,IF(BJ12<=eco,alpha*fck*(1-(1-BJ12/eco)^n),alpha*fck),0) | BM12: =BK12-BL12 | BN12: =BM12*$E12 | BO12: =BN12*$D12 | BP12: =BN12*$C12 | BQ12: =PM_Angle!$J$16+PM_Angle!$K$16*$D12+PM_Angle!$L$16*$C12 | BR12: =MAX(MIN(Es*BQ12,fy),-fy) | BS12: =IF(BQ12>0,IF(BQ12<=eco,alpha*fck*(1-(1-BQ12/eco)^n),alpha*fck),0) | BT12: =BR12-BS12 | BU12: =BT12*$E12 | BV12: =BU12*$D12 | BW12: =BU12*$C12 | BX12: =PM_Angle!$J$17+PM_Angle!$K$17*$D12+PM_Angle!$L$17*$C12 | BY12: =MAX(MIN(Es*BX12,fy),-fy) | BZ12: =IF(BX12>0,IF(BX12<=eco,alpha*fck*(1-(1-BX12/eco)^n),alpha*fck),0) | CA12: =BY12-BZ12 | CB12: =CA12*$E12 | CC12: =CB12*$D12 | CD12: =CB12*$C12 | CE12: =PM_Angle!$J$18+PM_Angle!$K$18*$D12+PM_Angle!$L$18*$C12 | CF12: =MAX(MIN(Es*CE12,fy),-fy) | CG12: =IF(CE12>0,IF(CE12<=eco,alpha*fck*(1-(1-CE12/eco)^n),alpha*fck),0) | CH12: =CF12-CG12 | CI12: =CH12*$E12 | CJ12: =CI12*$D12 | CK12: =CI12*$C12 | CL12: =PM_Angle!$J$19+PM_Angle!$K$19*$D12+PM_Angle!$L$19*$C12 | CM12: =MAX(MIN(Es*CL12,fy),-fy) | CN12: =IF(CL12>0,IF(CL12<=eco,alpha*fck*(1-(1-CL12/eco)^n),alpha*fck),0) | CO12: =CM12-CN12 | CP12: =CO12*$E12 | CQ12: =CP12*$D12 | CR12: =CP12*$C12 | CS12: =PM_Angle!$J$20+PM_Angle!$K$20*$D12+PM_Angle!$L$20*$C12 | CT12: =MAX(MIN(Es*CS12,fy),-fy) | CU12: =IF(CS12>0,IF(CS12<=eco,alpha*fck*(1-(1-CS12/eco)^n),alpha*fck),0) | CV12: =CT12-CU12 | CW12: =CV12*$E12 | CX12: =CW12*$D12 | CY12: =CW12*$C12 | CZ12: =PM_Angle!$J$21+PM_Angle!$K$21*$D12+PM_Angle!$L$21*$C12 | DA12: =MAX(MIN(Es*CZ12,fy),-fy) | DB12: =IF(CZ12>0,IF(CZ12<=eco,alpha*fck*(1-(1-CZ12/eco)^n),alpha*fck),0) | DC12: =DA12-DB12 | DD12: =DC12*$E12 | DE12: =DD12*$D12 | DF12: =DD12*$C12 | DG12: =PM_Angle!$J$22+PM_Angle!$K$22*$D12+PM_Angle!$L$22*$C12 | DH12: =MAX(MIN(Es*DG12,fy),-fy) | DI12: =IF(DG12>0,IF(DG12<=eco,alpha*fck*(1-(1-DG12/eco)^n),alpha*fck),0) | DJ12: =DH12-DI12 | DK12: =DJ12*$E12 | DL12: =DK12*$D12 | DM12: =DK12*$C12 | DN12: =PM_Angle!$J$23+PM_Angle!$K$23*$D12+PM_Angle!$L$23*$C12 | DO12: =MAX(MIN(Es*DN12,fy),-fy) | DP12: =IF(DN12>0,IF(DN12<=eco,alpha*fck*(1-(1-DN12/eco)^n),alpha*fck),0) | DQ12: =DO12-DP12 | DR12: =DQ12*$E12 | DS12: =DR12*$D12 | DT12: =DR12*$C12 | DU12: =PM_Angle!$J$24+PM_Angle!$K$24*$D12+PM_Angle!$L$24*$C12 | DV12: =MAX(MIN(Es*DU12,fy),-fy) | DW12: =IF(DU12>0,IF(DU12<=eco,alpha*fck*(1-(1-DU12/eco)^n),alpha*fck),0) | DX12: =DV12-DW12 | DY12: =DX12*$E12 | DZ12: =DY12*$D12 | EA12: =DY12*$C12 | EB12: =PM_Angle!$J$25+PM_Angle!$K$25*$D12+PM_Angle!$L$25*$C12 | EC12: =MAX(MIN(Es*EB12,fy),-fy) | ED12: =IF(EB12>0,IF(EB12<=eco,alpha*fck*(1-(1-EB12/eco)^n),alpha*fck),0) | EE12: =EC12-ED12 | EF12: =EE12*$E12 | EG12: =EF12*$D12 | EH12: =EF12*$C12 | EI12: =PM_Angle!$J$26+PM_Angle!$K$26*$D12+PM_Angle!$L$26*$C12 | EJ12: =MAX(MIN(Es*EI12,fy),-fy) | EK12: =IF(EI12>0,IF(EI12<=eco,alpha*fck*(1-(1-EI12/eco)^n),alpha*fck),0) | EL12: =EJ12-EK12 | EM12: =EL12*$E12 | EN12: =EM12*$D12 | EO12: =EM12*$C12 | EP12: =PM_Angle!$J$27+PM_Angle!$K$27*$D12+PM_Angle!$L$27*$C12 | EQ12: =MAX(MIN(Es*EP12,fy),-fy) | ER12: =IF(EP12>0,IF(EP12<=eco,alpha*fck*(1-(1-EP12/eco)^n),alpha*fck),0) | ES12: =EQ12-ER12 | ET12: =ES12*$E12 | EU12: =ET12*$D12 | EV12: =ET12*$C12 | EW12: =PM_Angle!$J$28+PM_Angle!$K$28*$D12+PM_Angle!$L$28*$C12 | EX12: =MAX(MIN(Es*EW12,fy),-fy) | EY12: =IF(EW12>0,IF(EW12<=eco,alpha*fck*(1-(1-EW12/eco)^n),alpha*fck),0) | EZ12: =EX12-EY12 | FA12: =EZ12*$E12 | FB12: =FA12*$D12 | FC12: =FA12*$C12 | FD12: =PM_Angle!$J$29+PM_Angle!$K$29*$D12+PM_Angle!$L$29*$C12 | FE12: =MAX(MIN(Es*FD12,fy),-fy) | FF12: =IF(FD12>0,IF(FD12<=eco,alpha*fck*(1-(1-FD12/eco)^n),alpha*fck),0) | FG12: =FE12-FF12 | FH12: =FG12*$E12 | FI12: =FH12*$D12 | FJ12: =FH12*$C12 | FK12: =PM_Angle!$J$30+PM_Angle!$K$30*$D12+PM_Angle!$L$30*$C12 | FL12: =MAX(MIN(Es*FK12,fy),-fy) | FM12: =IF(FK12>0,IF(FK12<=eco,alpha*fck*(1-(1-FK12/eco)^n),alpha*fck),0) | FN12: =FL12-FM12 | FO12: =FN12*$E12 | FP12: =FO12*$D12 | FQ12: =FO12*$C12 | FR12: =PM_Angle!$J$31+PM_Angle!$K$31*$D12+PM_Angle!$L$31*$C12 | FS12: =MAX(MIN(Es*FR12,fy),-fy) | FT12: =IF(FR12>0,IF(FR12<=eco,alpha*fck*(1-(1-FR12/eco)^n),alpha*fck),0) | FU12: =FS12-FT12 | FV12: =FU12*$E12 | FW12: =FV12*$D12 | FX12: =FV12*$C12 | FY12: =PM_Angle!$J$32+PM_Angle!$K$32*$D12+PM_Angle!$L$32*$C12 | FZ12: =MAX(MIN(Es*FY12,fy),-fy) | GA12: =IF(FY12>0,IF(FY12<=eco,alpha*fck*(1-(1-FY12/eco)^n),alpha*fck),0) | GB12: =FZ12-GA12 | GC12: =GB12*$E12 | GD12: =GC12*$D12 | GE12: =GC12*$C12 | GF12: =PM_Angle!$J$33+PM_Angle!$K$33*$D12+PM_Angle!$L$33*$C12 | GG12: =MAX(MIN(Es*GF12,fy),-fy) | GH12: =IF(GF12>0,IF(GF12<=eco,alpha*fck*(1-(1-GF12/eco)^n),alpha*fck),0) | GI12: =GG12-GH12 | GJ12: =GI12*$E12 | GK12: =GJ12*$D12 | GL12: =GJ12*$C12 | GM12: =Eq_e0+Eq_kx*$D12+Eq_ky*$C12 | GN12: =MAX(MIN(Es*GM12,fy),-fy) | GO12: =IF(GM12>0,IF(GM12<=eco,alpha*fck*(1-(1-GM12/eco)^n),alpha*fck),0) | GP12: =GN12-GO12 | GQ12: =GP12*$E12 | GR12: =GQ12*$D12 | GS12: =GQ12*$C12
A13: 7 | B13: =Geometry!C48 | C13: =Geometry!D48 | D13: =Geometry!E48 | E13: =Geometry!F48 | F13: =PM_Angle!$J$7+PM_Angle!$K$7*$D13+PM_Angle!$L$7*$C13 | G13: =MAX(MIN(Es*F13,fy),-fy) | H13: =IF(F13>0,IF(F13<=eco,alpha*fck*(1-(1-F13/eco)^n),alpha*fck),0) | I13: =G13-H13 | J13: =I13*$E13 | K13: =J13*$D13 | L13: =J13*$C13 | M13: =PM_Angle!$J$8+PM_Angle!$K$8*$D13+PM_Angle!$L$8*$C13 | N13: =MAX(MIN(Es*M13,fy),-fy) | O13: =IF(M13>0,IF(M13<=eco,alpha*fck*(1-(1-M13/eco)^n),alpha*fck),0) | P13: =N13-O13 | Q13: =P13*$E13 | R13: =Q13*$D13 | S13: =Q13*$C13 | T13: =PM_Angle!$J$9+PM_Angle!$K$9*$D13+PM_Angle!$L$9*$C13 | U13: =MAX(MIN(Es*T13,fy),-fy) | V13: =IF(T13>0,IF(T13<=eco,alpha*fck*(1-(1-T13/eco)^n),alpha*fck),0) | W13: =U13-V13 | X13: =W13*$E13 | Y13: =X13*$D13 | Z13: =X13*$C13 | AA13: =PM_Angle!$J$10+PM_Angle!$K$10*$D13+PM_Angle!$L$10*$C13 | AB13: =MAX(MIN(Es*AA13,fy),-fy) | AC13: =IF(AA13>0,IF(AA13<=eco,alpha*fck*(1-(1-AA13/eco)^n),alpha*fck),0) | AD13: =AB13-AC13 | AE13: =AD13*$E13 | AF13: =AE13*$D13 | AG13: =AE13*$C13 | AH13: =PM_Angle!$J$11+PM_Angle!$K$11*$D13+PM_Angle!$L$11*$C13 | AI13: =MAX(MIN(Es*AH13,fy),-fy) | AJ13: =IF(AH13>0,IF(AH13<=eco,alpha*fck*(1-(1-AH13/eco)^n),alpha*fck),0) | AK13: =AI13-AJ13 | AL13: =AK13*$E13 | AM13: =AL13*$D13 | AN13: =AL13*$C13 | AO13: =PM_Angle!$J$12+PM_Angle!$K$12*$D13+PM_Angle!$L$12*$C13 | AP13: =MAX(MIN(Es*AO13,fy),-fy) | AQ13: =IF(AO13>0,IF(AO13<=eco,alpha*fck*(1-(1-AO13/eco)^n),alpha*fck),0) | AR13: =AP13-AQ13 | AS13: =AR13*$E13 | AT13: =AS13*$D13 | AU13: =AS13*$C13 | AV13: =PM_Angle!$J$13+PM_Angle!$K$13*$D13+PM_Angle!$L$13*$C13 | AW13: =MAX(MIN(Es*AV13,fy),-fy) | AX13: =IF(AV13>0,IF(AV13<=eco,alpha*fck*(1-(1-AV13/eco)^n),alpha*fck),0) | AY13: =AW13-AX13 | AZ13: =AY13*$E13 | BA13: =AZ13*$D13 | BB13: =AZ13*$C13 | BC13: =PM_Angle!$J$14+PM_Angle!$K$14*$D13+PM_Angle!$L$14*$C13 | BD13: =MAX(MIN(Es*BC13,fy),-fy) | BE13: =IF(BC13>0,IF(BC13<=eco,alpha*fck*(1-(1-BC13/eco)^n),alpha*fck),0) | BF13: =BD13-BE13 | BG13: =BF13*$E13 | BH13: =BG13*$D13 | BI13: =BG13*$C13 | BJ13: =PM_Angle!$J$15+PM_Angle!$K$15*$D13+PM_Angle!$L$15*$C13 | BK13: =MAX(MIN(Es*BJ13,fy),-fy) | BL13: =IF(BJ13>0,IF(BJ13<=eco,alpha*fck*(1-(1-BJ13/eco)^n),alpha*fck),0) | BM13: =BK13-BL13 | BN13: =BM13*$E13 | BO13: =BN13*$D13 | BP13: =BN13*$C13 | BQ13: =PM_Angle!$J$16+PM_Angle!$K$16*$D13+PM_Angle!$L$16*$C13 | BR13: =MAX(MIN(Es*BQ13,fy),-fy) | BS13: =IF(BQ13>0,IF(BQ13<=eco,alpha*fck*(1-(1-BQ13/eco)^n),alpha*fck),0) | BT13: =BR13-BS13 | BU13: =BT13*$E13 | BV13: =BU13*$D13 | BW13: =BU13*$C13 | BX13: =PM_Angle!$J$17+PM_Angle!$K$17*$D13+PM_Angle!$L$17*$C13 | BY13: =MAX(MIN(Es*BX13,fy),-fy) | BZ13: =IF(BX13>0,IF(BX13<=eco,alpha*fck*(1-(1-BX13/eco)^n),alpha*fck),0) | CA13: =BY13-BZ13 | CB13: =CA13*$E13 | CC13: =CB13*$D13 | CD13: =CB13*$C13 | CE13: =PM_Angle!$J$18+PM_Angle!$K$18*$D13+PM_Angle!$L$18*$C13 | CF13: =MAX(MIN(Es*CE13,fy),-fy) | CG13: =IF(CE13>0,IF(CE13<=eco,alpha*fck*(1-(1-CE13/eco)^n),alpha*fck),0) | CH13: =CF13-CG13 | CI13: =CH13*$E13 | CJ13: =CI13*$D13 | CK13: =CI13*$C13 | CL13: =PM_Angle!$J$19+PM_Angle!$K$19*$D13+PM_Angle!$L$19*$C13 | CM13: =MAX(MIN(Es*CL13,fy),-fy) | CN13: =IF(CL13>0,IF(CL13<=eco,alpha*fck*(1-(1-CL13/eco)^n),alpha*fck),0) | CO13: =CM13-CN13 | CP13: =CO13*$E13 | CQ13: =CP13*$D13 | CR13: =CP13*$C13 | CS13: =PM_Angle!$J$20+PM_Angle!$K$20*$D13+PM_Angle!$L$20*$C13 | CT13: =MAX(MIN(Es*CS13,fy),-fy) | CU13: =IF(CS13>0,IF(CS13<=eco,alpha*fck*(1-(1-CS13/eco)^n),alpha*fck),0) | CV13: =CT13-CU13 | CW13: =CV13*$E13 | CX13: =CW13*$D13 | CY13: =CW13*$C13 | CZ13: =PM_Angle!$J$21+PM_Angle!$K$21*$D13+PM_Angle!$L$21*$C13 | DA13: =MAX(MIN(Es*CZ13,fy),-fy) | DB13: =IF(CZ13>0,IF(CZ13<=eco,alpha*fck*(1-(1-CZ13/eco)^n),alpha*fck),0) | DC13: =DA13-DB13 | DD13: =DC13*$E13 | DE13: =DD13*$D13 | DF13: =DD13*$C13 | DG13: =PM_Angle!$J$22+PM_Angle!$K$22*$D13+PM_Angle!$L$22*$C13 | DH13: =MAX(MIN(Es*DG13,fy),-fy) | DI13: =IF(DG13>0,IF(DG13<=eco,alpha*fck*(1-(1-DG13/eco)^n),alpha*fck),0) | DJ13: =DH13-DI13 | DK13: =DJ13*$E13 | DL13: =DK13*$D13 | DM13: =DK13*$C13 | DN13: =PM_Angle!$J$23+PM_Angle!$K$23*$D13+PM_Angle!$L$23*$C13 | DO13: =MAX(MIN(Es*DN13,fy),-fy) | DP13: =IF(DN13>0,IF(DN13<=eco,alpha*fck*(1-(1-DN13/eco)^n),alpha*fck),0) | DQ13: =DO13-DP13 | DR13: =DQ13*$E13 | DS13: =DR13*$D13 | DT13: =DR13*$C13 | DU13: =PM_Angle!$J$24+PM_Angle!$K$24*$D13+PM_Angle!$L$24*$C13 | DV13: =MAX(MIN(Es*DU13,fy),-fy) | DW13: =IF(DU13>0,IF(DU13<=eco,alpha*fck*(1-(1-DU13/eco)^n),alpha*fck),0) | DX13: =DV13-DW13 | DY13: =DX13*$E13 | DZ13: =DY13*$D13 | EA13: =DY13*$C13 | EB13: =PM_Angle!$J$25+PM_Angle!$K$25*$D13+PM_Angle!$L$25*$C13 | EC13: =MAX(MIN(Es*EB13,fy),-fy) | ED13: =IF(EB13>0,IF(EB13<=eco,alpha*fck*(1-(1-EB13/eco)^n),alpha*fck),0) | EE13: =EC13-ED13 | EF13: =EE13*$E13 | EG13: =EF13*$D13 | EH13: =EF13*$C13 | EI13: =PM_Angle!$J$26+PM_Angle!$K$26*$D13+PM_Angle!$L$26*$C13 | EJ13: =MAX(MIN(Es*EI13,fy),-fy) | EK13: =IF(EI13>0,IF(EI13<=eco,alpha*fck*(1-(1-EI13/eco)^n),alpha*fck),0) | EL13: =EJ13-EK13 | EM13: =EL13*$E13 | EN13: =EM13*$D13 | EO13: =EM13*$C13 | EP13: =PM_Angle!$J$27+PM_Angle!$K$27*$D13+PM_Angle!$L$27*$C13 | EQ13: =MAX(MIN(Es*EP13,fy),-fy) | ER13: =IF(EP13>0,IF(EP13<=eco,alpha*fck*(1-(1-EP13/eco)^n),alpha*fck),0) | ES13: =EQ13-ER13 | ET13: =ES13*$E13 | EU13: =ET13*$D13 | EV13: =ET13*$C13 | EW13: =PM_Angle!$J$28+PM_Angle!$K$28*$D13+PM_Angle!$L$28*$C13 | EX13: =MAX(MIN(Es*EW13,fy),-fy) | EY13: =IF(EW13>0,IF(EW13<=eco,alpha*fck*(1-(1-EW13/eco)^n),alpha*fck),0) | EZ13: =EX13-EY13 | FA13: =EZ13*$E13 | FB13: =FA13*$D13 | FC13: =FA13*$C13 | FD13: =PM_Angle!$J$29+PM_Angle!$K$29*$D13+PM_Angle!$L$29*$C13 | FE13: =MAX(MIN(Es*FD13,fy),-fy) | FF13: =IF(FD13>0,IF(FD13<=eco,alpha*fck*(1-(1-FD13/eco)^n),alpha*fck),0) | FG13: =FE13-FF13 | FH13: =FG13*$E13 | FI13: =FH13*$D13 | FJ13: =FH13*$C13 | FK13: =PM_Angle!$J$30+PM_Angle!$K$30*$D13+PM_Angle!$L$30*$C13 | FL13: =MAX(MIN(Es*FK13,fy),-fy) | FM13: =IF(FK13>0,IF(FK13<=eco,alpha*fck*(1-(1-FK13/eco)^n),alpha*fck),0) | FN13: =FL13-FM13 | FO13: =FN13*$E13 | FP13: =FO13*$D13 | FQ13: =FO13*$C13 | FR13: =PM_Angle!$J$31+PM_Angle!$K$31*$D13+PM_Angle!$L$31*$C13 | FS13: =MAX(MIN(Es*FR13,fy),-fy) | FT13: =IF(FR13>0,IF(FR13<=eco,alpha*fck*(1-(1-FR13/eco)^n),alpha*fck),0) | FU13: =FS13-FT13 | FV13: =FU13*$E13 | FW13: =FV13*$D13 | FX13: =FV13*$C13 | FY13: =PM_Angle!$J$32+PM_Angle!$K$32*$D13+PM_Angle!$L$32*$C13 | FZ13: =MAX(MIN(Es*FY13,fy),-fy) | GA13: =IF(FY13>0,IF(FY13<=eco,alpha*fck*(1-(1-FY13/eco)^n),alpha*fck),0) | GB13: =FZ13-GA13 | GC13: =GB13*$E13 | GD13: =GC13*$D13 | GE13: =GC13*$C13 | GF13: =PM_Angle!$J$33+PM_Angle!$K$33*$D13+PM_Angle!$L$33*$C13 | GG13: =MAX(MIN(Es*GF13,fy),-fy) | GH13: =IF(GF13>0,IF(GF13<=eco,alpha*fck*(1-(1-GF13/eco)^n),alpha*fck),0) | GI13: =GG13-GH13 | GJ13: =GI13*$E13 | GK13: =GJ13*$D13 | GL13: =GJ13*$C13 | GM13: =Eq_e0+Eq_kx*$D13+Eq_ky*$C13 | GN13: =MAX(MIN(Es*GM13,fy),-fy) | GO13: =IF(GM13>0,IF(GM13<=eco,alpha*fck*(1-(1-GM13/eco)^n),alpha*fck),0) | GP13: =GN13-GO13 | GQ13: =GP13*$E13 | GR13: =GQ13*$D13 | GS13: =GQ13*$C13
A14: 8 | B14: =Geometry!C49 | C14: =Geometry!D49 | D14: =Geometry!E49 | E14: =Geometry!F49 | F14: =PM_Angle!$J$7+PM_Angle!$K$7*$D14+PM_Angle!$L$7*$C14 | G14: =MAX(MIN(Es*F14,fy),-fy) | H14: =IF(F14>0,IF(F14<=eco,alpha*fck*(1-(1-F14/eco)^n),alpha*fck),0) | I14: =G14-H14 | J14: =I14*$E14 | K14: =J14*$D14 | L14: =J14*$C14 | M14: =PM_Angle!$J$8+PM_Angle!$K$8*$D14+PM_Angle!$L$8*$C14 | N14: =MAX(MIN(Es*M14,fy),-fy) | O14: =IF(M14>0,IF(M14<=eco,alpha*fck*(1-(1-M14/eco)^n),alpha*fck),0) | P14: =N14-O14 | Q14: =P14*$E14 | R14: =Q14*$D14 | S14: =Q14*$C14 | T14: =PM_Angle!$J$9+PM_Angle!$K$9*$D14+PM_Angle!$L$9*$C14 | U14: =MAX(MIN(Es*T14,fy),-fy) | V14: =IF(T14>0,IF(T14<=eco,alpha*fck*(1-(1-T14/eco)^n),alpha*fck),0) | W14: =U14-V14 | X14: =W14*$E14 | Y14: =X14*$D14 | Z14: =X14*$C14 | AA14: =PM_Angle!$J$10+PM_Angle!$K$10*$D14+PM_Angle!$L$10*$C14 | AB14: =MAX(MIN(Es*AA14,fy),-fy) | AC14: =IF(AA14>0,IF(AA14<=eco,alpha*fck*(1-(1-AA14/eco)^n),alpha*fck),0) | AD14: =AB14-AC14 | AE14: =AD14*$E14 | AF14: =AE14*$D14 | AG14: =AE14*$C14 | AH14: =PM_Angle!$J$11+PM_Angle!$K$11*$D14+PM_Angle!$L$11*$C14 | AI14: =MAX(MIN(Es*AH14,fy),-fy) | AJ14: =IF(AH14>0,IF(AH14<=eco,alpha*fck*(1-(1-AH14/eco)^n),alpha*fck),0) | AK14: =AI14-AJ14 | AL14: =AK14*$E14 | AM14: =AL14*$D14 | AN14: =AL14*$C14 | AO14: =PM_Angle!$J$12+PM_Angle!$K$12*$D14+PM_Angle!$L$12*$C14 | AP14: =MAX(MIN(Es*AO14,fy),-fy) | AQ14: =IF(AO14>0,IF(AO14<=eco,alpha*fck*(1-(1-AO14/eco)^n),alpha*fck),0) | AR14: =AP14-AQ14 | AS14: =AR14*$E14 | AT14: =AS14*$D14 | AU14: =AS14*$C14 | AV14: =PM_Angle!$J$13+PM_Angle!$K$13*$D14+PM_Angle!$L$13*$C14 | AW14: =MAX(MIN(Es*AV14,fy),-fy) | AX14: =IF(AV14>0,IF(AV14<=eco,alpha*fck*(1-(1-AV14/eco)^n),alpha*fck),0) | AY14: =AW14-AX14 | AZ14: =AY14*$E14 | BA14: =AZ14*$D14 | BB14: =AZ14*$C14 | BC14: =PM_Angle!$J$14+PM_Angle!$K$14*$D14+PM_Angle!$L$14*$C14 | BD14: =MAX(MIN(Es*BC14,fy),-fy) | BE14: =IF(BC14>0,IF(BC14<=eco,alpha*fck*(1-(1-BC14/eco)^n),alpha*fck),0) | BF14: =BD14-BE14 | BG14: =BF14*$E14 | BH14: =BG14*$D14 | BI14: =BG14*$C14 | BJ14: =PM_Angle!$J$15+PM_Angle!$K$15*$D14+PM_Angle!$L$15*$C14 | BK14: =MAX(MIN(Es*BJ14,fy),-fy) | BL14: =IF(BJ14>0,IF(BJ14<=eco,alpha*fck*(1-(1-BJ14/eco)^n),alpha*fck),0) | BM14: =BK14-BL14 | BN14: =BM14*$E14 | BO14: =BN14*$D14 | BP14: =BN14*$C14 | BQ14: =PM_Angle!$J$16+PM_Angle!$K$16*$D14+PM_Angle!$L$16*$C14 | BR14: =MAX(MIN(Es*BQ14,fy),-fy) | BS14: =IF(BQ14>0,IF(BQ14<=eco,alpha*fck*(1-(1-BQ14/eco)^n),alpha*fck),0) | BT14: =BR14-BS14 | BU14: =BT14*$E14 | BV14: =BU14*$D14 | BW14: =BU14*$C14 | BX14: =PM_Angle!$J$17+PM_Angle!$K$17*$D14+PM_Angle!$L$17*$C14 | BY14: =MAX(MIN(Es*BX14,fy),-fy) | BZ14: =IF(BX14>0,IF(BX14<=eco,alpha*fck*(1-(1-BX14/eco)^n),alpha*fck),0) | CA14: =BY14-BZ14 | CB14: =CA14*$E14 | CC14: =CB14*$D14 | CD14: =CB14*$C14 | CE14: =PM_Angle!$J$18+PM_Angle!$K$18*$D14+PM_Angle!$L$18*$C14 | CF14: =MAX(MIN(Es*CE14,fy),-fy) | CG14: =IF(CE14>0,IF(CE14<=eco,alpha*fck*(1-(1-CE14/eco)^n),alpha*fck),0) | CH14: =CF14-CG14 | CI14: =CH14*$E14 | CJ14: =CI14*$D14 | CK14: =CI14*$C14 | CL14: =PM_Angle!$J$19+PM_Angle!$K$19*$D14+PM_Angle!$L$19*$C14 | CM14: =MAX(MIN(Es*CL14,fy),-fy) | CN14: =IF(CL14>0,IF(CL14<=eco,alpha*fck*(1-(1-CL14/eco)^n),alpha*fck),0) | CO14: =CM14-CN14 | CP14: =CO14*$E14 | CQ14: =CP14*$D14 | CR14: =CP14*$C14 | CS14: =PM_Angle!$J$20+PM_Angle!$K$20*$D14+PM_Angle!$L$20*$C14 | CT14: =MAX(MIN(Es*CS14,fy),-fy) | CU14: =IF(CS14>0,IF(CS14<=eco,alpha*fck*(1-(1-CS14/eco)^n),alpha*fck),0) | CV14: =CT14-CU14 | CW14: =CV14*$E14 | CX14: =CW14*$D14 | CY14: =CW14*$C14 | CZ14: =PM_Angle!$J$21+PM_Angle!$K$21*$D14+PM_Angle!$L$21*$C14 | DA14: =MAX(MIN(Es*CZ14,fy),-fy) | DB14: =IF(CZ14>0,IF(CZ14<=eco,alpha*fck*(1-(1-CZ14/eco)^n),alpha*fck),0) | DC14: =DA14-DB14 | DD14: =DC14*$E14 | DE14: =DD14*$D14 | DF14: =DD14*$C14 | DG14: =PM_Angle!$J$22+PM_Angle!$K$22*$D14+PM_Angle!$L$22*$C14 | DH14: =MAX(MIN(Es*DG14,fy),-fy) | DI14: =IF(DG14>0,IF(DG14<=eco,alpha*fck*(1-(1-DG14/eco)^n),alpha*fck),0) | DJ14: =DH14-DI14 | DK14: =DJ14*$E14 | DL14: =DK14*$D14 | DM14: =DK14*$C14 | DN14: =PM_Angle!$J$23+PM_Angle!$K$23*$D14+PM_Angle!$L$23*$C14 | DO14: =MAX(MIN(Es*DN14,fy),-fy) | DP14: =IF(DN14>0,IF(DN14<=eco,alpha*fck*(1-(1-DN14/eco)^n),alpha*fck),0) | DQ14: =DO14-DP14 | DR14: =DQ14*$E14 | DS14: =DR14*$D14 | DT14: =DR14*$C14 | DU14: =PM_Angle!$J$24+PM_Angle!$K$24*$D14+PM_Angle!$L$24*$C14 | DV14: =MAX(MIN(Es*DU14,fy),-fy) | DW14: =IF(DU14>0,IF(DU14<=eco,alpha*fck*(1-(1-DU14/eco)^n),alpha*fck),0) | DX14: =DV14-DW14 | DY14: =DX14*$E14 | DZ14: =DY14*$D14 | EA14: =DY14*$C14 | EB14: =PM_Angle!$J$25+PM_Angle!$K$25*$D14+PM_Angle!$L$25*$C14 | EC14: =MAX(MIN(Es*EB14,fy),-fy) | ED14: =IF(EB14>0,IF(EB14<=eco,alpha*fck*(1-(1-EB14/eco)^n),alpha*fck),0) | EE14: =EC14-ED14 | EF14: =EE14*$E14 | EG14: =EF14*$D14 | EH14: =EF14*$C14 | EI14: =PM_Angle!$J$26+PM_Angle!$K$26*$D14+PM_Angle!$L$26*$C14 | EJ14: =MAX(MIN(Es*EI14,fy),-fy) | EK14: =IF(EI14>0,IF(EI14<=eco,alpha*fck*(1-(1-EI14/eco)^n),alpha*fck),0) | EL14: =EJ14-EK14 | EM14: =EL14*$E14 | EN14: =EM14*$D14 | EO14: =EM14*$C14 | EP14: =PM_Angle!$J$27+PM_Angle!$K$27*$D14+PM_Angle!$L$27*$C14 | EQ14: =MAX(MIN(Es*EP14,fy),-fy) | ER14: =IF(EP14>0,IF(EP14<=eco,alpha*fck*(1-(1-EP14/eco)^n),alpha*fck),0) | ES14: =EQ14-ER14 | ET14: =ES14*$E14 | EU14: =ET14*$D14 | EV14: =ET14*$C14 | EW14: =PM_Angle!$J$28+PM_Angle!$K$28*$D14+PM_Angle!$L$28*$C14 | EX14: =MAX(MIN(Es*EW14,fy),-fy) | EY14: =IF(EW14>0,IF(EW14<=eco,alpha*fck*(1-(1-EW14/eco)^n),alpha*fck),0) | EZ14: =EX14-EY14 | FA14: =EZ14*$E14 | FB14: =FA14*$D14 | FC14: =FA14*$C14 | FD14: =PM_Angle!$J$29+PM_Angle!$K$29*$D14+PM_Angle!$L$29*$C14 | FE14: =MAX(MIN(Es*FD14,fy),-fy) | FF14: =IF(FD14>0,IF(FD14<=eco,alpha*fck*(1-(1-FD14/eco)^n),alpha*fck),0) | FG14: =FE14-FF14 | FH14: =FG14*$E14 | FI14: =FH14*$D14 | FJ14: =FH14*$C14 | FK14: =PM_Angle!$J$30+PM_Angle!$K$30*$D14+PM_Angle!$L$30*$C14 | FL14: =MAX(MIN(Es*FK14,fy),-fy) | FM14: =IF(FK14>0,IF(FK14<=eco,alpha*fck*(1-(1-FK14/eco)^n),alpha*fck),0) | FN14: =FL14-FM14 | FO14: =FN14*$E14 | FP14: =FO14*$D14 | FQ14: =FO14*$C14 | FR14: =PM_Angle!$J$31+PM_Angle!$K$31*$D14+PM_Angle!$L$31*$C14 | FS14: =MAX(MIN(Es*FR14,fy),-fy) | FT14: =IF(FR14>0,IF(FR14<=eco,alpha*fck*(1-(1-FR14/eco)^n),alpha*fck),0) | FU14: =FS14-FT14 | FV14: =FU14*$E14 | FW14: =FV14*$D14 | FX14: =FV14*$C14 | FY14: =PM_Angle!$J$32+PM_Angle!$K$32*$D14+PM_Angle!$L$32*$C14 | FZ14: =MAX(MIN(Es*FY14,fy),-fy) | GA14: =IF(FY14>0,IF(FY14<=eco,alpha*fck*(1-(1-FY14/eco)^n),alpha*fck),0) | GB14: =FZ14-GA14 | GC14: =GB14*$E14 | GD14: =GC14*$D14 | GE14: =GC14*$C14 | GF14: =PM_Angle!$J$33+PM_Angle!$K$33*$D14+PM_Angle!$L$33*$C14 | GG14: =MAX(MIN(Es*GF14,fy),-fy) | GH14: =IF(GF14>0,IF(GF14<=eco,alpha*fck*(1-(1-GF14/eco)^n),alpha*fck),0) | GI14: =GG14-GH14 | GJ14: =GI14*$E14 | GK14: =GJ14*$D14 | GL14: =GJ14*$C14 | GM14: =Eq_e0+Eq_kx*$D14+Eq_ky*$C14 | GN14: =MAX(MIN(Es*GM14,fy),-fy) | GO14: =IF(GM14>0,IF(GM14<=eco,alpha*fck*(1-(1-GM14/eco)^n),alpha*fck),0) | GP14: =GN14-GO14 | GQ14: =GP14*$E14 | GR14: =GQ14*$D14 | GS14: =GQ14*$C14
A15: 9 | B15: =Geometry!C50 | C15: =Geometry!D50 | D15: =Geometry!E50 | E15: =Geometry!F50 | F15: =PM_Angle!$J$7+PM_Angle!$K$7*$D15+PM_Angle!$L$7*$C15 | G15: =MAX(MIN(Es*F15,fy),-fy) | H15: =IF(F15>0,IF(F15<=eco,alpha*fck*(1-(1-F15/eco)^n),alpha*fck),0) | I15: =G15-H15 | J15: =I15*$E15 | K15: =J15*$D15 | L15: =J15*$C15 | M15: =PM_Angle!$J$8+PM_Angle!$K$8*$D15+PM_Angle!$L$8*$C15 | N15: =MAX(MIN(Es*M15,fy),-fy) | O15: =IF(M15>0,IF(M15<=eco,alpha*fck*(1-(1-M15/eco)^n),alpha*fck),0) | P15: =N15-O15 | Q15: =P15*$E15 | R15: =Q15*$D15 | S15: =Q15*$C15 | T15: =PM_Angle!$J$9+PM_Angle!$K$9*$D15+PM_Angle!$L$9*$C15 | U15: =MAX(MIN(Es*T15,fy),-fy) | V15: =IF(T15>0,IF(T15<=eco,alpha*fck*(1-(1-T15/eco)^n),alpha*fck),0) | W15: =U15-V15 | X15: =W15*$E15 | Y15: =X15*$D15 | Z15: =X15*$C15 | AA15: =PM_Angle!$J$10+PM_Angle!$K$10*$D15+PM_Angle!$L$10*$C15 | AB15: =MAX(MIN(Es*AA15,fy),-fy) | AC15: =IF(AA15>0,IF(AA15<=eco,alpha*fck*(1-(1-AA15/eco)^n),alpha*fck),0) | AD15: =AB15-AC15 | AE15: =AD15*$E15 | AF15: =AE15*$D15 | AG15: =AE15*$C15 | AH15: =PM_Angle!$J$11+PM_Angle!$K$11*$D15+PM_Angle!$L$11*$C15 | AI15: =MAX(MIN(Es*AH15,fy),-fy) | AJ15: =IF(AH15>0,IF(AH15<=eco,alpha*fck*(1-(1-AH15/eco)^n),alpha*fck),0) | AK15: =AI15-AJ15 | AL15: =AK15*$E15 | AM15: =AL15*$D15 | AN15: =AL15*$C15 | AO15: =PM_Angle!$J$12+PM_Angle!$K$12*$D15+PM_Angle!$L$12*$C15 | AP15: =MAX(MIN(Es*AO15,fy),-fy) | AQ15: =IF(AO15>0,IF(AO15<=eco,alpha*fck*(1-(1-AO15/eco)^n),alpha*fck),0) | AR15: =AP15-AQ15 | AS15: =AR15*$E15 | AT15: =AS15*$D15 | AU15: =AS15*$C15 | AV15: =PM_Angle!$J$13+PM_Angle!$K$13*$D15+PM_Angle!$L$13*$C15 | AW15: =MAX(MIN(Es*AV15,fy),-fy) | AX15: =IF(AV15>0,IF(AV15<=eco,alpha*fck*(1-(1-AV15/eco)^n),alpha*fck),0) | AY15: =AW15-AX15 | AZ15: =AY15*$E15 | BA15: =AZ15*$D15 | BB15: =AZ15*$C15 | BC15: =PM_Angle!$J$14+PM_Angle!$K$14*$D15+PM_Angle!$L$14*$C15 | BD15: =MAX(MIN(Es*BC15,fy),-fy) | BE15: =IF(BC15>0,IF(BC15<=eco,alpha*fck*(1-(1-BC15/eco)^n),alpha*fck),0) | BF15: =BD15-BE15 | BG15: =BF15*$E15 | BH15: =BG15*$D15 | BI15: =BG15*$C15 | BJ15: =PM_Angle!$J$15+PM_Angle!$K$15*$D15+PM_Angle!$L$15*$C15 | BK15: =MAX(MIN(Es*BJ15,fy),-fy) | BL15: =IF(BJ15>0,IF(BJ15<=eco,alpha*fck*(1-(1-BJ15/eco)^n),alpha*fck),0) | BM15: =BK15-BL15 | BN15: =BM15*$E15 | BO15: =BN15*$D15 | BP15: =BN15*$C15 | BQ15: =PM_Angle!$J$16+PM_Angle!$K$16*$D15+PM_Angle!$L$16*$C15 | BR15: =MAX(MIN(Es*BQ15,fy),-fy) | BS15: =IF(BQ15>0,IF(BQ15<=eco,alpha*fck*(1-(1-BQ15/eco)^n),alpha*fck),0) | BT15: =BR15-BS15 | BU15: =BT15*$E15 | BV15: =BU15*$D15 | BW15: =BU15*$C15 | BX15: =PM_Angle!$J$17+PM_Angle!$K$17*$D15+PM_Angle!$L$17*$C15 | BY15: =MAX(MIN(Es*BX15,fy),-fy) | BZ15: =IF(BX15>0,IF(BX15<=eco,alpha*fck*(1-(1-BX15/eco)^n),alpha*fck),0) | CA15: =BY15-BZ15 | CB15: =CA15*$E15 | CC15: =CB15*$D15 | CD15: =CB15*$C15 | CE15: =PM_Angle!$J$18+PM_Angle!$K$18*$D15+PM_Angle!$L$18*$C15 | CF15: =MAX(MIN(Es*CE15,fy),-fy) | CG15: =IF(CE15>0,IF(CE15<=eco,alpha*fck*(1-(1-CE15/eco)^n),alpha*fck),0) | CH15: =CF15-CG15 | CI15: =CH15*$E15 | CJ15: =CI15*$D15 | CK15: =CI15*$C15 | CL15: =PM_Angle!$J$19+PM_Angle!$K$19*$D15+PM_Angle!$L$19*$C15 | CM15: =MAX(MIN(Es*CL15,fy),-fy) | CN15: =IF(CL15>0,IF(CL15<=eco,alpha*fck*(1-(1-CL15/eco)^n),alpha*fck),0) | CO15: =CM15-CN15 | CP15: =CO15*$E15 | CQ15: =CP15*$D15 | CR15: =CP15*$C15 | CS15: =PM_Angle!$J$20+PM_Angle!$K$20*$D15+PM_Angle!$L$20*$C15 | CT15: =MAX(MIN(Es*CS15,fy),-fy) | CU15: =IF(CS15>0,IF(CS15<=eco,alpha*fck*(1-(1-CS15/eco)^n),alpha*fck),0) | CV15: =CT15-CU15 | CW15: =CV15*$E15 | CX15: =CW15*$D15 | CY15: =CW15*$C15 | CZ15: =PM_Angle!$J$21+PM_Angle!$K$21*$D15+PM_Angle!$L$21*$C15 | DA15: =MAX(MIN(Es*CZ15,fy),-fy) | DB15: =IF(CZ15>0,IF(CZ15<=eco,alpha*fck*(1-(1-CZ15/eco)^n),alpha*fck),0) | DC15: =DA15-DB15 | DD15: =DC15*$E15 | DE15: =DD15*$D15 | DF15: =DD15*$C15 | DG15: =PM_Angle!$J$22+PM_Angle!$K$22*$D15+PM_Angle!$L$22*$C15 | DH15: =MAX(MIN(Es*DG15,fy),-fy) | DI15: =IF(DG15>0,IF(DG15<=eco,alpha*fck*(1-(1-DG15/eco)^n),alpha*fck),0) | DJ15: =DH15-DI15 | DK15: =DJ15*$E15 | DL15: =DK15*$D15 | DM15: =DK15*$C15 | DN15: =PM_Angle!$J$23+PM_Angle!$K$23*$D15+PM_Angle!$L$23*$C15 | DO15: =MAX(MIN(Es*DN15,fy),-fy) | DP15: =IF(DN15>0,IF(DN15<=eco,alpha*fck*(1-(1-DN15/eco)^n),alpha*fck),0) | DQ15: =DO15-DP15 | DR15: =DQ15*$E15 | DS15: =DR15*$D15 | DT15: =DR15*$C15 | DU15: =PM_Angle!$J$24+PM_Angle!$K$24*$D15+PM_Angle!$L$24*$C15 | DV15: =MAX(MIN(Es*DU15,fy),-fy) | DW15: =IF(DU15>0,IF(DU15<=eco,alpha*fck*(1-(1-DU15/eco)^n),alpha*fck),0) | DX15: =DV15-DW15 | DY15: =DX15*$E15 | DZ15: =DY15*$D15 | EA15: =DY15*$C15 | EB15: =PM_Angle!$J$25+PM_Angle!$K$25*$D15+PM_Angle!$L$25*$C15 | EC15: =MAX(MIN(Es*EB15,fy),-fy) | ED15: =IF(EB15>0,IF(EB15<=eco,alpha*fck*(1-(1-EB15/eco)^n),alpha*fck),0) | EE15: =EC15-ED15 | EF15: =EE15*$E15 | EG15: =EF15*$D15 | EH15: =EF15*$C15 | EI15: =PM_Angle!$J$26+PM_Angle!$K$26*$D15+PM_Angle!$L$26*$C15 | EJ15: =MAX(MIN(Es*EI15,fy),-fy) | EK15: =IF(EI15>0,IF(EI15<=eco,alpha*fck*(1-(1-EI15/eco)^n),alpha*fck),0) | EL15: =EJ15-EK15 | EM15: =EL15*$E15 | EN15: =EM15*$D15 | EO15: =EM15*$C15 | EP15: =PM_Angle!$J$27+PM_Angle!$K$27*$D15+PM_Angle!$L$27*$C15 | EQ15: =MAX(MIN(Es*EP15,fy),-fy) | ER15: =IF(EP15>0,IF(EP15<=eco,alpha*fck*(1-(1-EP15/eco)^n),alpha*fck),0) | ES15: =EQ15-ER15 | ET15: =ES15*$E15 | EU15: =ET15*$D15 | EV15: =ET15*$C15 | EW15: =PM_Angle!$J$28+PM_Angle!$K$28*$D15+PM_Angle!$L$28*$C15 | EX15: =MAX(MIN(Es*EW15,fy),-fy) | EY15: =IF(EW15>0,IF(EW15<=eco,alpha*fck*(1-(1-EW15/eco)^n),alpha*fck),0) | EZ15: =EX15-EY15 | FA15: =EZ15*$E15 | FB15: =FA15*$D15 | FC15: =FA15*$C15 | FD15: =PM_Angle!$J$29+PM_Angle!$K$29*$D15+PM_Angle!$L$29*$C15 | FE15: =MAX(MIN(Es*FD15,fy),-fy) | FF15: =IF(FD15>0,IF(FD15<=eco,alpha*fck*(1-(1-FD15/eco)^n),alpha*fck),0) | FG15: =FE15-FF15 | FH15: =FG15*$E15 | FI15: =FH15*$D15 | FJ15: =FH15*$C15 | FK15: =PM_Angle!$J$30+PM_Angle!$K$30*$D15+PM_Angle!$L$30*$C15 | FL15: =MAX(MIN(Es*FK15,fy),-fy) | FM15: =IF(FK15>0,IF(FK15<=eco,alpha*fck*(1-(1-FK15/eco)^n),alpha*fck),0) | FN15: =FL15-FM15 | FO15: =FN15*$E15 | FP15: =FO15*$D15 | FQ15: =FO15*$C15 | FR15: =PM_Angle!$J$31+PM_Angle!$K$31*$D15+PM_Angle!$L$31*$C15 | FS15: =MAX(MIN(Es*FR15,fy),-fy) | FT15: =IF(FR15>0,IF(FR15<=eco,alpha*fck*(1-(1-FR15/eco)^n),alpha*fck),0) | FU15: =FS15-FT15 | FV15: =FU15*$E15 | FW15: =FV15*$D15 | FX15: =FV15*$C15 | FY15: =PM_Angle!$J$32+PM_Angle!$K$32*$D15+PM_Angle!$L$32*$C15 | FZ15: =MAX(MIN(Es*FY15,fy),-fy) | GA15: =IF(FY15>0,IF(FY15<=eco,alpha*fck*(1-(1-FY15/eco)^n),alpha*fck),0) | GB15: =FZ15-GA15 | GC15: =GB15*$E15 | GD15: =GC15*$D15 | GE15: =GC15*$C15 | GF15: =PM_Angle!$J$33+PM_Angle!$K$33*$D15+PM_Angle!$L$33*$C15 | GG15: =MAX(MIN(Es*GF15,fy),-fy) | GH15: =IF(GF15>0,IF(GF15<=eco,alpha*fck*(1-(1-GF15/eco)^n),alpha*fck),0) | GI15: =GG15-GH15 | GJ15: =GI15*$E15 | GK15: =GJ15*$D15 | GL15: =GJ15*$C15 | GM15: =Eq_e0+Eq_kx*$D15+Eq_ky*$C15 | GN15: =MAX(MIN(Es*GM15,fy),-fy) | GO15: =IF(GM15>0,IF(GM15<=eco,alpha*fck*(1-(1-GM15/eco)^n),alpha*fck),0) | GP15: =GN15-GO15 | GQ15: =GP15*$E15 | GR15: =GQ15*$D15 | GS15: =GQ15*$C15
A16: 10 | B16: =Geometry!C51 | C16: =Geometry!D51 | D16: =Geometry!E51 | E16: =Geometry!F51 | F16: =PM_Angle!$J$7+PM_Angle!$K$7*$D16+PM_Angle!$L$7*$C16 | G16: =MAX(MIN(Es*F16,fy),-fy) | H16: =IF(F16>0,IF(F16<=eco,alpha*fck*(1-(1-F16/eco)^n),alpha*fck),0) | I16: =G16-H16 | J16: =I16*$E16 | K16: =J16*$D16 | L16: =J16*$C16 | M16: =PM_Angle!$J$8+PM_Angle!$K$8*$D16+PM_Angle!$L$8*$C16 | N16: =MAX(MIN(Es*M16,fy),-fy) | O16: =IF(M16>0,IF(M16<=eco,alpha*fck*(1-(1-M16/eco)^n),alpha*fck),0) | P16: =N16-O16 | Q16: =P16*$E16 | R16: =Q16*$D16 | S16: =Q16*$C16 | T16: =PM_Angle!$J$9+PM_Angle!$K$9*$D16+PM_Angle!$L$9*$C16 | U16: =MAX(MIN(Es*T16,fy),-fy) | V16: =IF(T16>0,IF(T16<=eco,alpha*fck*(1-(1-T16/eco)^n),alpha*fck),0) | W16: =U16-V16 | X16: =W16*$E16 | Y16: =X16*$D16 | Z16: =X16*$C16 | AA16: =PM_Angle!$J$10+PM_Angle!$K$10*$D16+PM_Angle!$L$10*$C16 | AB16: =MAX(MIN(Es*AA16,fy),-fy) | AC16: =IF(AA16>0,IF(AA16<=eco,alpha*fck*(1-(1-AA16/eco)^n),alpha*fck),0) | AD16: =AB16-AC16 | AE16: =AD16*$E16 | AF16: =AE16*$D16 | AG16: =AE16*$C16 | AH16: =PM_Angle!$J$11+PM_Angle!$K$11*$D16+PM_Angle!$L$11*$C16 | AI16: =MAX(MIN(Es*AH16,fy),-fy) | AJ16: =IF(AH16>0,IF(AH16<=eco,alpha*fck*(1-(1-AH16/eco)^n),alpha*fck),0) | AK16: =AI16-AJ16 | AL16: =AK16*$E16 | AM16: =AL16*$D16 | AN16: =AL16*$C16 | AO16: =PM_Angle!$J$12+PM_Angle!$K$12*$D16+PM_Angle!$L$12*$C16 | AP16: =MAX(MIN(Es*AO16,fy),-fy) | AQ16: =IF(AO16>0,IF(AO16<=eco,alpha*fck*(1-(1-AO16/eco)^n),alpha*fck),0) | AR16: =AP16-AQ16 | AS16: =AR16*$E16 | AT16: =AS16*$D16 | AU16: =AS16*$C16 | AV16: =PM_Angle!$J$13+PM_Angle!$K$13*$D16+PM_Angle!$L$13*$C16 | AW16: =MAX(MIN(Es*AV16,fy),-fy) | AX16: =IF(AV16>0,IF(AV16<=eco,alpha*fck*(1-(1-AV16/eco)^n),alpha*fck),0) | AY16: =AW16-AX16 | AZ16: =AY16*$E16 | BA16: =AZ16*$D16 | BB16: =AZ16*$C16 | BC16: =PM_Angle!$J$14+PM_Angle!$K$14*$D16+PM_Angle!$L$14*$C16 | BD16: =MAX(MIN(Es*BC16,fy),-fy) | BE16: =IF(BC16>0,IF(BC16<=eco,alpha*fck*(1-(1-BC16/eco)^n),alpha*fck),0) | BF16: =BD16-BE16 | BG16: =BF16*$E16 | BH16: =BG16*$D16 | BI16: =BG16*$C16 | BJ16: =PM_Angle!$J$15+PM_Angle!$K$15*$D16+PM_Angle!$L$15*$C16 | BK16: =MAX(MIN(Es*BJ16,fy),-fy) | BL16: =IF(BJ16>0,IF(BJ16<=eco,alpha*fck*(1-(1-BJ16/eco)^n),alpha*fck),0) | BM16: =BK16-BL16 | BN16: =BM16*$E16 | BO16: =BN16*$D16 | BP16: =BN16*$C16 | BQ16: =PM_Angle!$J$16+PM_Angle!$K$16*$D16+PM_Angle!$L$16*$C16 | BR16: =MAX(MIN(Es*BQ16,fy),-fy) | BS16: =IF(BQ16>0,IF(BQ16<=eco,alpha*fck*(1-(1-BQ16/eco)^n),alpha*fck),0) | BT16: =BR16-BS16 | BU16: =BT16*$E16 | BV16: =BU16*$D16 | BW16: =BU16*$C16 | BX16: =PM_Angle!$J$17+PM_Angle!$K$17*$D16+PM_Angle!$L$17*$C16 | BY16: =MAX(MIN(Es*BX16,fy),-fy) | BZ16: =IF(BX16>0,IF(BX16<=eco,alpha*fck*(1-(1-BX16/eco)^n),alpha*fck),0) | CA16: =BY16-BZ16 | CB16: =CA16*$E16 | CC16: =CB16*$D16 | CD16: =CB16*$C16 | CE16: =PM_Angle!$J$18+PM_Angle!$K$18*$D16+PM_Angle!$L$18*$C16 | CF16: =MAX(MIN(Es*CE16,fy),-fy) | CG16: =IF(CE16>0,IF(CE16<=eco,alpha*fck*(1-(1-CE16/eco)^n),alpha*fck),0) | CH16: =CF16-CG16 | CI16: =CH16*$E16 | CJ16: =CI16*$D16 | CK16: =CI16*$C16 | CL16: =PM_Angle!$J$19+PM_Angle!$K$19*$D16+PM_Angle!$L$19*$C16 | CM16: =MAX(MIN(Es*CL16,fy),-fy) | CN16: =IF(CL16>0,IF(CL16<=eco,alpha*fck*(1-(1-CL16/eco)^n),alpha*fck),0) | CO16: =CM16-CN16 | CP16: =CO16*$E16 | CQ16: =CP16*$D16 | CR16: =CP16*$C16 | CS16: =PM_Angle!$J$20+PM_Angle!$K$20*$D16+PM_Angle!$L$20*$C16 | CT16: =MAX(MIN(Es*CS16,fy),-fy) | CU16: =IF(CS16>0,IF(CS16<=eco,alpha*fck*(1-(1-CS16/eco)^n),alpha*fck),0) | CV16: =CT16-CU16 | CW16: =CV16*$E16 | CX16: =CW16*$D16 | CY16: =CW16*$C16 | CZ16: =PM_Angle!$J$21+PM_Angle!$K$21*$D16+PM_Angle!$L$21*$C16 | DA16: =MAX(MIN(Es*CZ16,fy),-fy) | DB16: =IF(CZ16>0,IF(CZ16<=eco,alpha*fck*(1-(1-CZ16/eco)^n),alpha*fck),0) | DC16: =DA16-DB16 | DD16: =DC16*$E16 | DE16: =DD16*$D16 | DF16: =DD16*$C16 | DG16: =PM_Angle!$J$22+PM_Angle!$K$22*$D16+PM_Angle!$L$22*$C16 | DH16: =MAX(MIN(Es*DG16,fy),-fy) | DI16: =IF(DG16>0,IF(DG16<=eco,alpha*fck*(1-(1-DG16/eco)^n),alpha*fck),0) | DJ16: =DH16-DI16 | DK16: =DJ16*$E16 | DL16: =DK16*$D16 | DM16: =DK16*$C16 | DN16: =PM_Angle!$J$23+PM_Angle!$K$23*$D16+PM_Angle!$L$23*$C16 | DO16: =MAX(MIN(Es*DN16,fy),-fy) | DP16: =IF(DN16>0,IF(DN16<=eco,alpha*fck*(1-(1-DN16/eco)^n),alpha*fck),0) | DQ16: =DO16-DP16 | DR16: =DQ16*$E16 | DS16: =DR16*$D16 | DT16: =DR16*$C16 | DU16: =PM_Angle!$J$24+PM_Angle!$K$24*$D16+PM_Angle!$L$24*$C16 | DV16: =MAX(MIN(Es*DU16,fy),-fy) | DW16: =IF(DU16>0,IF(DU16<=eco,alpha*fck*(1-(1-DU16/eco)^n),alpha*fck),0) | DX16: =DV16-DW16 | DY16: =DX16*$E16 | DZ16: =DY16*$D16 | EA16: =DY16*$C16 | EB16: =PM_Angle!$J$25+PM_Angle!$K$25*$D16+PM_Angle!$L$25*$C16 | EC16: =MAX(MIN(Es*EB16,fy),-fy) | ED16: =IF(EB16>0,IF(EB16<=eco,alpha*fck*(1-(1-EB16/eco)^n),alpha*fck),0) | EE16: =EC16-ED16 | EF16: =EE16*$E16 | EG16: =EF16*$D16 | EH16: =EF16*$C16 | EI16: =PM_Angle!$J$26+PM_Angle!$K$26*$D16+PM_Angle!$L$26*$C16 | EJ16: =MAX(MIN(Es*EI16,fy),-fy) | EK16: =IF(EI16>0,IF(EI16<=eco,alpha*fck*(1-(1-EI16/eco)^n),alpha*fck),0) | EL16: =EJ16-EK16 | EM16: =EL16*$E16 | EN16: =EM16*$D16 | EO16: =EM16*$C16 | EP16: =PM_Angle!$J$27+PM_Angle!$K$27*$D16+PM_Angle!$L$27*$C16 | EQ16: =MAX(MIN(Es*EP16,fy),-fy) | ER16: =IF(EP16>0,IF(EP16<=eco,alpha*fck*(1-(1-EP16/eco)^n),alpha*fck),0) | ES16: =EQ16-ER16 | ET16: =ES16*$E16 | EU16: =ET16*$D16 | EV16: =ET16*$C16 | EW16: =PM_Angle!$J$28+PM_Angle!$K$28*$D16+PM_Angle!$L$28*$C16 | EX16: =MAX(MIN(Es*EW16,fy),-fy) | EY16: =IF(EW16>0,IF(EW16<=eco,alpha*fck*(1-(1-EW16/eco)^n),alpha*fck),0) | EZ16: =EX16-EY16 | FA16: =EZ16*$E16 | FB16: =FA16*$D16 | FC16: =FA16*$C16 | FD16: =PM_Angle!$J$29+PM_Angle!$K$29*$D16+PM_Angle!$L$29*$C16 | FE16: =MAX(MIN(Es*FD16,fy),-fy) | FF16: =IF(FD16>0,IF(FD16<=eco,alpha*fck*(1-(1-FD16/eco)^n),alpha*fck),0) | FG16: =FE16-FF16 | FH16: =FG16*$E16 | FI16: =FH16*$D16 | FJ16: =FH16*$C16 | FK16: =PM_Angle!$J$30+PM_Angle!$K$30*$D16+PM_Angle!$L$30*$C16 | FL16: =MAX(MIN(Es*FK16,fy),-fy) | FM16: =IF(FK16>0,IF(FK16<=eco,alpha*fck*(1-(1-FK16/eco)^n),alpha*fck),0) | FN16: =FL16-FM16 | FO16: =FN16*$E16 | FP16: =FO16*$D16 | FQ16: =FO16*$C16 | FR16: =PM_Angle!$J$31+PM_Angle!$K$31*$D16+PM_Angle!$L$31*$C16 | FS16: =MAX(MIN(Es*FR16,fy),-fy) | FT16: =IF(FR16>0,IF(FR16<=eco,alpha*fck*(1-(1-FR16/eco)^n),alpha*fck),0) | FU16: =FS16-FT16 | FV16: =FU16*$E16 | FW16: =FV16*$D16 | FX16: =FV16*$C16 | FY16: =PM_Angle!$J$32+PM_Angle!$K$32*$D16+PM_Angle!$L$32*$C16 | FZ16: =MAX(MIN(Es*FY16,fy),-fy) | GA16: =IF(FY16>0,IF(FY16<=eco,alpha*fck*(1-(1-FY16/eco)^n),alpha*fck),0) | GB16: =FZ16-GA16 | GC16: =GB16*$E16 | GD16: =GC16*$D16 | GE16: =GC16*$C16 | GF16: =PM_Angle!$J$33+PM_Angle!$K$33*$D16+PM_Angle!$L$33*$C16 | GG16: =MAX(MIN(Es*GF16,fy),-fy) | GH16: =IF(GF16>0,IF(GF16<=eco,alpha*fck*(1-(1-GF16/eco)^n),alpha*fck),0) | GI16: =GG16-GH16 | GJ16: =GI16*$E16 | GK16: =GJ16*$D16 | GL16: =GJ16*$C16 | GM16: =Eq_e0+Eq_kx*$D16+Eq_ky*$C16 | GN16: =MAX(MIN(Es*GM16,fy),-fy) | GO16: =IF(GM16>0,IF(GM16<=eco,alpha*fck*(1-(1-GM16/eco)^n),alpha*fck),0) | GP16: =GN16-GO16 | GQ16: =GP16*$E16 | GR16: =GQ16*$D16 | GS16: =GQ16*$C16
A17: 11 | B17: =Geometry!C52 | C17: =Geometry!D52 | D17: =Geometry!E52 | E17: =Geometry!F52 | F17: =PM_Angle!$J$7+PM_Angle!$K$7*$D17+PM_Angle!$L$7*$C17 | G17: =MAX(MIN(Es*F17,fy),-fy) | H17: =IF(F17>0,IF(F17<=eco,alpha*fck*(1-(1-F17/eco)^n),alpha*fck),0) | I17: =G17-H17 | J17: =I17*$E17 | K17: =J17*$D17 | L17: =J17*$C17 | M17: =PM_Angle!$J$8+PM_Angle!$K$8*$D17+PM_Angle!$L$8*$C17 | N17: =MAX(MIN(Es*M17,fy),-fy) | O17: =IF(M17>0,IF(M17<=eco,alpha*fck*(1-(1-M17/eco)^n),alpha*fck),0) | P17: =N17-O17 | Q17: =P17*$E17 | R17: =Q17*$D17 | S17: =Q17*$C17 | T17: =PM_Angle!$J$9+PM_Angle!$K$9*$D17+PM_Angle!$L$9*$C17 | U17: =MAX(MIN(Es*T17,fy),-fy) | V17: =IF(T17>0,IF(T17<=eco,alpha*fck*(1-(1-T17/eco)^n),alpha*fck),0) | W17: =U17-V17 | X17: =W17*$E17 | Y17: =X17*$D17 | Z17: =X17*$C17 | AA17: =PM_Angle!$J$10+PM_Angle!$K$10*$D17+PM_Angle!$L$10*$C17 | AB17: =MAX(MIN(Es*AA17,fy),-fy) | AC17: =IF(AA17>0,IF(AA17<=eco,alpha*fck*(1-(1-AA17/eco)^n),alpha*fck),0) | AD17: =AB17-AC17 | AE17: =AD17*$E17 | AF17: =AE17*$D17 | AG17: =AE17*$C17 | AH17: =PM_Angle!$J$11+PM_Angle!$K$11*$D17+PM_Angle!$L$11*$C17 | AI17: =MAX(MIN(Es*AH17,fy),-fy) | AJ17: =IF(AH17>0,IF(AH17<=eco,alpha*fck*(1-(1-AH17/eco)^n),alpha*fck),0) | AK17: =AI17-AJ17 | AL17: =AK17*$E17 | AM17: =AL17*$D17 | AN17: =AL17*$C17 | AO17: =PM_Angle!$J$12+PM_Angle!$K$12*$D17+PM_Angle!$L$12*$C17 | AP17: =MAX(MIN(Es*AO17,fy),-fy) | AQ17: =IF(AO17>0,IF(AO17<=eco,alpha*fck*(1-(1-AO17/eco)^n),alpha*fck),0) | AR17: =AP17-AQ17 | AS17: =AR17*$E17 | AT17: =AS17*$D17 | AU17: =AS17*$C17 | AV17: =PM_Angle!$J$13+PM_Angle!$K$13*$D17+PM_Angle!$L$13*$C17 | AW17: =MAX(MIN(Es*AV17,fy),-fy) | AX17: =IF(AV17>0,IF(AV17<=eco,alpha*fck*(1-(1-AV17/eco)^n),alpha*fck),0) | AY17: =AW17-AX17 | AZ17: =AY17*$E17 | BA17: =AZ17*$D17 | BB17: =AZ17*$C17 | BC17: =PM_Angle!$J$14+PM_Angle!$K$14*$D17+PM_Angle!$L$14*$C17 | BD17: =MAX(MIN(Es*BC17,fy),-fy) | BE17: =IF(BC17>0,IF(BC17<=eco,alpha*fck*(1-(1-BC17/eco)^n),alpha*fck),0) | BF17: =BD17-BE17 | BG17: =BF17*$E17 | BH17: =BG17*$D17 | BI17: =BG17*$C17 | BJ17: =PM_Angle!$J$15+PM_Angle!$K$15*$D17+PM_Angle!$L$15*$C17 | BK17: =MAX(MIN(Es*BJ17,fy),-fy) | BL17: =IF(BJ17>0,IF(BJ17<=eco,alpha*fck*(1-(1-BJ17/eco)^n),alpha*fck),0) | BM17: =BK17-BL17 | BN17: =BM17*$E17 | BO17: =BN17*$D17 | BP17: =BN17*$C17 | BQ17: =PM_Angle!$J$16+PM_Angle!$K$16*$D17+PM_Angle!$L$16*$C17 | BR17: =MAX(MIN(Es*BQ17,fy),-fy) | BS17: =IF(BQ17>0,IF(BQ17<=eco,alpha*fck*(1-(1-BQ17/eco)^n),alpha*fck),0) | BT17: =BR17-BS17 | BU17: =BT17*$E17 | BV17: =BU17*$D17 | BW17: =BU17*$C17 | BX17: =PM_Angle!$J$17+PM_Angle!$K$17*$D17+PM_Angle!$L$17*$C17 | BY17: =MAX(MIN(Es*BX17,fy),-fy) | BZ17: =IF(BX17>0,IF(BX17<=eco,alpha*fck*(1-(1-BX17/eco)^n),alpha*fck),0) | CA17: =BY17-BZ17 | CB17: =CA17*$E17 | CC17: =CB17*$D17 | CD17: =CB17*$C17 | CE17: =PM_Angle!$J$18+PM_Angle!$K$18*$D17+PM_Angle!$L$18*$C17 | CF17: =MAX(MIN(Es*CE17,fy),-fy) | CG17: =IF(CE17>0,IF(CE17<=eco,alpha*fck*(1-(1-CE17/eco)^n),alpha*fck),0) | CH17: =CF17-CG17 | CI17: =CH17*$E17 | CJ17: =CI17*$D17 | CK17: =CI17*$C17 | CL17: =PM_Angle!$J$19+PM_Angle!$K$19*$D17+PM_Angle!$L$19*$C17 | CM17: =MAX(MIN(Es*CL17,fy),-fy) | CN17: =IF(CL17>0,IF(CL17<=eco,alpha*fck*(1-(1-CL17/eco)^n),alpha*fck),0) | CO17: =CM17-CN17 | CP17: =CO17*$E17 | CQ17: =CP17*$D17 | CR17: =CP17*$C17 | CS17: =PM_Angle!$J$20+PM_Angle!$K$20*$D17+PM_Angle!$L$20*$C17 | CT17: =MAX(MIN(Es*CS17,fy),-fy) | CU17: =IF(CS17>0,IF(CS17<=eco,alpha*fck*(1-(1-CS17/eco)^n),alpha*fck),0) | CV17: =CT17-CU17 | CW17: =CV17*$E17 | CX17: =CW17*$D17 | CY17: =CW17*$C17 | CZ17: =PM_Angle!$J$21+PM_Angle!$K$21*$D17+PM_Angle!$L$21*$C17 | DA17: =MAX(MIN(Es*CZ17,fy),-fy) | DB17: =IF(CZ17>0,IF(CZ17<=eco,alpha*fck*(1-(1-CZ17/eco)^n),alpha*fck),0) | DC17: =DA17-DB17 | DD17: =DC17*$E17 | DE17: =DD17*$D17 | DF17: =DD17*$C17 | DG17: =PM_Angle!$J$22+PM_Angle!$K$22*$D17+PM_Angle!$L$22*$C17 | DH17: =MAX(MIN(Es*DG17,fy),-fy) | DI17: =IF(DG17>0,IF(DG17<=eco,alpha*fck*(1-(1-DG17/eco)^n),alpha*fck),0) | DJ17: =DH17-DI17 | DK17: =DJ17*$E17 | DL17: =DK17*$D17 | DM17: =DK17*$C17 | DN17: =PM_Angle!$J$23+PM_Angle!$K$23*$D17+PM_Angle!$L$23*$C17 | DO17: =MAX(MIN(Es*DN17,fy),-fy) | DP17: =IF(DN17>0,IF(DN17<=eco,alpha*fck*(1-(1-DN17/eco)^n),alpha*fck),0) | DQ17: =DO17-DP17 | DR17: =DQ17*$E17 | DS17: =DR17*$D17 | DT17: =DR17*$C17 | DU17: =PM_Angle!$J$24+PM_Angle!$K$24*$D17+PM_Angle!$L$24*$C17 | DV17: =MAX(MIN(Es*DU17,fy),-fy) | DW17: =IF(DU17>0,IF(DU17<=eco,alpha*fck*(1-(1-DU17/eco)^n),alpha*fck),0) | DX17: =DV17-DW17 | DY17: =DX17*$E17 | DZ17: =DY17*$D17 | EA17: =DY17*$C17 | EB17: =PM_Angle!$J$25+PM_Angle!$K$25*$D17+PM_Angle!$L$25*$C17 | EC17: =MAX(MIN(Es*EB17,fy),-fy) | ED17: =IF(EB17>0,IF(EB17<=eco,alpha*fck*(1-(1-EB17/eco)^n),alpha*fck),0) | EE17: =EC17-ED17 | EF17: =EE17*$E17 | EG17: =EF17*$D17 | EH17: =EF17*$C17 | EI17: =PM_Angle!$J$26+PM_Angle!$K$26*$D17+PM_Angle!$L$26*$C17 | EJ17: =MAX(MIN(Es*EI17,fy),-fy) | EK17: =IF(EI17>0,IF(EI17<=eco,alpha*fck*(1-(1-EI17/eco)^n),alpha*fck),0) | EL17: =EJ17-EK17 | EM17: =EL17*$E17 | EN17: =EM17*$D17 | EO17: =EM17*$C17 | EP17: =PM_Angle!$J$27+PM_Angle!$K$27*$D17+PM_Angle!$L$27*$C17 | EQ17: =MAX(MIN(Es*EP17,fy),-fy) | ER17: =IF(EP17>0,IF(EP17<=eco,alpha*fck*(1-(1-EP17/eco)^n),alpha*fck),0) | ES17: =EQ17-ER17 | ET17: =ES17*$E17 | EU17: =ET17*$D17 | EV17: =ET17*$C17 | EW17: =PM_Angle!$J$28+PM_Angle!$K$28*$D17+PM_Angle!$L$28*$C17 | EX17: =MAX(MIN(Es*EW17,fy),-fy) | EY17: =IF(EW17>0,IF(EW17<=eco,alpha*fck*(1-(1-EW17/eco)^n),alpha*fck),0) | EZ17: =EX17-EY17 | FA17: =EZ17*$E17 | FB17: =FA17*$D17 | FC17: =FA17*$C17 | FD17: =PM_Angle!$J$29+PM_Angle!$K$29*$D17+PM_Angle!$L$29*$C17 | FE17: =MAX(MIN(Es*FD17,fy),-fy) | FF17: =IF(FD17>0,IF(FD17<=eco,alpha*fck*(1-(1-FD17/eco)^n),alpha*fck),0) | FG17: =FE17-FF17 | FH17: =FG17*$E17 | FI17: =FH17*$D17 | FJ17: =FH17*$C17 | FK17: =PM_Angle!$J$30+PM_Angle!$K$30*$D17+PM_Angle!$L$30*$C17 | FL17: =MAX(MIN(Es*FK17,fy),-fy) | FM17: =IF(FK17>0,IF(FK17<=eco,alpha*fck*(1-(1-FK17/eco)^n),alpha*fck),0) | FN17: =FL17-FM17 | FO17: =FN17*$E17 | FP17: =FO17*$D17 | FQ17: =FO17*$C17 | FR17: =PM_Angle!$J$31+PM_Angle!$K$31*$D17+PM_Angle!$L$31*$C17 | FS17: =MAX(MIN(Es*FR17,fy),-fy) | FT17: =IF(FR17>0,IF(FR17<=eco,alpha*fck*(1-(1-FR17/eco)^n),alpha*fck),0) | FU17: =FS17-FT17 | FV17: =FU17*$E17 | FW17: =FV17*$D17 | FX17: =FV17*$C17 | FY17: =PM_Angle!$J$32+PM_Angle!$K$32*$D17+PM_Angle!$L$32*$C17 | FZ17: =MAX(MIN(Es*FY17,fy),-fy) | GA17: =IF(FY17>0,IF(FY17<=eco,alpha*fck*(1-(1-FY17/eco)^n),alpha*fck),0) | GB17: =FZ17-GA17 | GC17: =GB17*$E17 | GD17: =GC17*$D17 | GE17: =GC17*$C17 | GF17: =PM_Angle!$J$33+PM_Angle!$K$33*$D17+PM_Angle!$L$33*$C17 | GG17: =MAX(MIN(Es*GF17,fy),-fy) | GH17: =IF(GF17>0,IF(GF17<=eco,alpha*fck*(1-(1-GF17/eco)^n),alpha*fck),0) | GI17: =GG17-GH17 | GJ17: =GI17*$E17 | GK17: =GJ17*$D17 | GL17: =GJ17*$C17 | GM17: =Eq_e0+Eq_kx*$D17+Eq_ky*$C17 | GN17: =MAX(MIN(Es*GM17,fy),-fy) | GO17: =IF(GM17>0,IF(GM17<=eco,alpha*fck*(1-(1-GM17/eco)^n),alpha*fck),0) | GP17: =GN17-GO17 | GQ17: =GP17*$E17 | GR17: =GQ17*$D17 | GS17: =GQ17*$C17
A18: 12 | B18: =Geometry!C53 | C18: =Geometry!D53 | D18: =Geometry!E53 | E18: =Geometry!F53 | F18: =PM_Angle!$J$7+PM_Angle!$K$7*$D18+PM_Angle!$L$7*$C18 | G18: =MAX(MIN(Es*F18,fy),-fy) | H18: =IF(F18>0,IF(F18<=eco,alpha*fck*(1-(1-F18/eco)^n),alpha*fck),0) | I18: =G18-H18 | J18: =I18*$E18 | K18: =J18*$D18 | L18: =J18*$C18 | M18: =PM_Angle!$J$8+PM_Angle!$K$8*$D18+PM_Angle!$L$8*$C18 | N18: =MAX(MIN(Es*M18,fy),-fy) | O18: =IF(M18>0,IF(M18<=eco,alpha*fck*(1-(1-M18/eco)^n),alpha*fck),0) | P18: =N18-O18 | Q18: =P18*$E18 | R18: =Q18*$D18 | S18: =Q18*$C18 | T18: =PM_Angle!$J$9+PM_Angle!$K$9*$D18+PM_Angle!$L$9*$C18 | U18: =MAX(MIN(Es*T18,fy),-fy) | V18: =IF(T18>0,IF(T18<=eco,alpha*fck*(1-(1-T18/eco)^n),alpha*fck),0) | W18: =U18-V18 | X18: =W18*$E18 | Y18: =X18*$D18 | Z18: =X18*$C18 | AA18: =PM_Angle!$J$10+PM_Angle!$K$10*$D18+PM_Angle!$L$10*$C18 | AB18: =MAX(MIN(Es*AA18,fy),-fy) | AC18: =IF(AA18>0,IF(AA18<=eco,alpha*fck*(1-(1-AA18/eco)^n),alpha*fck),0) | AD18: =AB18-AC18 | AE18: =AD18*$E18 | AF18: =AE18*$D18 | AG18: =AE18*$C18 | AH18: =PM_Angle!$J$11+PM_Angle!$K$11*$D18+PM_Angle!$L$11*$C18 | AI18: =MAX(MIN(Es*AH18,fy),-fy) | AJ18: =IF(AH18>0,IF(AH18<=eco,alpha*fck*(1-(1-AH18/eco)^n),alpha*fck),0) | AK18: =AI18-AJ18 | AL18: =AK18*$E18 | AM18: =AL18*$D18 | AN18: =AL18*$C18 | AO18: =PM_Angle!$J$12+PM_Angle!$K$12*$D18+PM_Angle!$L$12*$C18 | AP18: =MAX(MIN(Es*AO18,fy),-fy) | AQ18: =IF(AO18>0,IF(AO18<=eco,alpha*fck*(1-(1-AO18/eco)^n),alpha*fck),0) | AR18: =AP18-AQ18 | AS18: =AR18*$E18 | AT18: =AS18*$D18 | AU18: =AS18*$C18 | AV18: =PM_Angle!$J$13+PM_Angle!$K$13*$D18+PM_Angle!$L$13*$C18 | AW18: =MAX(MIN(Es*AV18,fy),-fy) | AX18: =IF(AV18>0,IF(AV18<=eco,alpha*fck*(1-(1-AV18/eco)^n),alpha*fck),0) | AY18: =AW18-AX18 | AZ18: =AY18*$E18 | BA18: =AZ18*$D18 | BB18: =AZ18*$C18 | BC18: =PM_Angle!$J$14+PM_Angle!$K$14*$D18+PM_Angle!$L$14*$C18 | BD18: =MAX(MIN(Es*BC18,fy),-fy) | BE18: =IF(BC18>0,IF(BC18<=eco,alpha*fck*(1-(1-BC18/eco)^n),alpha*fck),0) | BF18: =BD18-BE18 | BG18: =BF18*$E18 | BH18: =BG18*$D18 | BI18: =BG18*$C18 | BJ18: =PM_Angle!$J$15+PM_Angle!$K$15*$D18+PM_Angle!$L$15*$C18 | BK18: =MAX(MIN(Es*BJ18,fy),-fy) | BL18: =IF(BJ18>0,IF(BJ18<=eco,alpha*fck*(1-(1-BJ18/eco)^n),alpha*fck),0) | BM18: =BK18-BL18 | BN18: =BM18*$E18 | BO18: =BN18*$D18 | BP18: =BN18*$C18 | BQ18: =PM_Angle!$J$16+PM_Angle!$K$16*$D18+PM_Angle!$L$16*$C18 | BR18: =MAX(MIN(Es*BQ18,fy),-fy) | BS18: =IF(BQ18>0,IF(BQ18<=eco,alpha*fck*(1-(1-BQ18/eco)^n),alpha*fck),0) | BT18: =BR18-BS18 | BU18: =BT18*$E18 | BV18: =BU18*$D18 | BW18: =BU18*$C18 | BX18: =PM_Angle!$J$17+PM_Angle!$K$17*$D18+PM_Angle!$L$17*$C18 | BY18: =MAX(MIN(Es*BX18,fy),-fy) | BZ18: =IF(BX18>0,IF(BX18<=eco,alpha*fck*(1-(1-BX18/eco)^n),alpha*fck),0) | CA18: =BY18-BZ18 | CB18: =CA18*$E18 | CC18: =CB18*$D18 | CD18: =CB18*$C18 | CE18: =PM_Angle!$J$18+PM_Angle!$K$18*$D18+PM_Angle!$L$18*$C18 | CF18: =MAX(MIN(Es*CE18,fy),-fy) | CG18: =IF(CE18>0,IF(CE18<=eco,alpha*fck*(1-(1-CE18/eco)^n),alpha*fck),0) | CH18: =CF18-CG18 | CI18: =CH18*$E18 | CJ18: =CI18*$D18 | CK18: =CI18*$C18 | CL18: =PM_Angle!$J$19+PM_Angle!$K$19*$D18+PM_Angle!$L$19*$C18 | CM18: =MAX(MIN(Es*CL18,fy),-fy) | CN18: =IF(CL18>0,IF(CL18<=eco,alpha*fck*(1-(1-CL18/eco)^n),alpha*fck),0) | CO18: =CM18-CN18 | CP18: =CO18*$E18 | CQ18: =CP18*$D18 | CR18: =CP18*$C18 | CS18: =PM_Angle!$J$20+PM_Angle!$K$20*$D18+PM_Angle!$L$20*$C18 | CT18: =MAX(MIN(Es*CS18,fy),-fy) | CU18: =IF(CS18>0,IF(CS18<=eco,alpha*fck*(1-(1-CS18/eco)^n),alpha*fck),0) | CV18: =CT18-CU18 | CW18: =CV18*$E18 | CX18: =CW18*$D18 | CY18: =CW18*$C18 | CZ18: =PM_Angle!$J$21+PM_Angle!$K$21*$D18+PM_Angle!$L$21*$C18 | DA18: =MAX(MIN(Es*CZ18,fy),-fy) | DB18: =IF(CZ18>0,IF(CZ18<=eco,alpha*fck*(1-(1-CZ18/eco)^n),alpha*fck),0) | DC18: =DA18-DB18 | DD18: =DC18*$E18 | DE18: =DD18*$D18 | DF18: =DD18*$C18 | DG18: =PM_Angle!$J$22+PM_Angle!$K$22*$D18+PM_Angle!$L$22*$C18 | DH18: =MAX(MIN(Es*DG18,fy),-fy) | DI18: =IF(DG18>0,IF(DG18<=eco,alpha*fck*(1-(1-DG18/eco)^n),alpha*fck),0) | DJ18: =DH18-DI18 | DK18: =DJ18*$E18 | DL18: =DK18*$D18 | DM18: =DK18*$C18 | DN18: =PM_Angle!$J$23+PM_Angle!$K$23*$D18+PM_Angle!$L$23*$C18 | DO18: =MAX(MIN(Es*DN18,fy),-fy) | DP18: =IF(DN18>0,IF(DN18<=eco,alpha*fck*(1-(1-DN18/eco)^n),alpha*fck),0) | DQ18: =DO18-DP18 | DR18: =DQ18*$E18 | DS18: =DR18*$D18 | DT18: =DR18*$C18 | DU18: =PM_Angle!$J$24+PM_Angle!$K$24*$D18+PM_Angle!$L$24*$C18 | DV18: =MAX(MIN(Es*DU18,fy),-fy) | DW18: =IF(DU18>0,IF(DU18<=eco,alpha*fck*(1-(1-DU18/eco)^n),alpha*fck),0) | DX18: =DV18-DW18 | DY18: =DX18*$E18 | DZ18: =DY18*$D18 | EA18: =DY18*$C18 | EB18: =PM_Angle!$J$25+PM_Angle!$K$25*$D18+PM_Angle!$L$25*$C18 | EC18: =MAX(MIN(Es*EB18,fy),-fy) | ED18: =IF(EB18>0,IF(EB18<=eco,alpha*fck*(1-(1-EB18/eco)^n),alpha*fck),0) | EE18: =EC18-ED18 | EF18: =EE18*$E18 | EG18: =EF18*$D18 | EH18: =EF18*$C18 | EI18: =PM_Angle!$J$26+PM_Angle!$K$26*$D18+PM_Angle!$L$26*$C18 | EJ18: =MAX(MIN(Es*EI18,fy),-fy) | EK18: =IF(EI18>0,IF(EI18<=eco,alpha*fck*(1-(1-EI18/eco)^n),alpha*fck),0) | EL18: =EJ18-EK18 | EM18: =EL18*$E18 | EN18: =EM18*$D18 | EO18: =EM18*$C18 | EP18: =PM_Angle!$J$27+PM_Angle!$K$27*$D18+PM_Angle!$L$27*$C18 | EQ18: =MAX(MIN(Es*EP18,fy),-fy) | ER18: =IF(EP18>0,IF(EP18<=eco,alpha*fck*(1-(1-EP18/eco)^n),alpha*fck),0) | ES18: =EQ18-ER18 | ET18: =ES18*$E18 | EU18: =ET18*$D18 | EV18: =ET18*$C18 | EW18: =PM_Angle!$J$28+PM_Angle!$K$28*$D18+PM_Angle!$L$28*$C18 | EX18: =MAX(MIN(Es*EW18,fy),-fy) | EY18: =IF(EW18>0,IF(EW18<=eco,alpha*fck*(1-(1-EW18/eco)^n),alpha*fck),0) | EZ18: =EX18-EY18 | FA18: =EZ18*$E18 | FB18: =FA18*$D18 | FC18: =FA18*$C18 | FD18: =PM_Angle!$J$29+PM_Angle!$K$29*$D18+PM_Angle!$L$29*$C18 | FE18: =MAX(MIN(Es*FD18,fy),-fy) | FF18: =IF(FD18>0,IF(FD18<=eco,alpha*fck*(1-(1-FD18/eco)^n),alpha*fck),0) | FG18: =FE18-FF18 | FH18: =FG18*$E18 | FI18: =FH18*$D18 | FJ18: =FH18*$C18 | FK18: =PM_Angle!$J$30+PM_Angle!$K$30*$D18+PM_Angle!$L$30*$C18 | FL18: =MAX(MIN(Es*FK18,fy),-fy) | FM18: =IF(FK18>0,IF(FK18<=eco,alpha*fck*(1-(1-FK18/eco)^n),alpha*fck),0) | FN18: =FL18-FM18 | FO18: =FN18*$E18 | FP18: =FO18*$D18 | FQ18: =FO18*$C18 | FR18: =PM_Angle!$J$31+PM_Angle!$K$31*$D18+PM_Angle!$L$31*$C18 | FS18: =MAX(MIN(Es*FR18,fy),-fy) | FT18: =IF(FR18>0,IF(FR18<=eco,alpha*fck*(1-(1-FR18/eco)^n),alpha*fck),0) | FU18: =FS18-FT18 | FV18: =FU18*$E18 | FW18: =FV18*$D18 | FX18: =FV18*$C18 | FY18: =PM_Angle!$J$32+PM_Angle!$K$32*$D18+PM_Angle!$L$32*$C18 | FZ18: =MAX(MIN(Es*FY18,fy),-fy) | GA18: =IF(FY18>0,IF(FY18<=eco,alpha*fck*(1-(1-FY18/eco)^n),alpha*fck),0) | GB18: =FZ18-GA18 | GC18: =GB18*$E18 | GD18: =GC18*$D18 | GE18: =GC18*$C18 | GF18: =PM_Angle!$J$33+PM_Angle!$K$33*$D18+PM_Angle!$L$33*$C18 | GG18: =MAX(MIN(Es*GF18,fy),-fy) | GH18: =IF(GF18>0,IF(GF18<=eco,alpha*fck*(1-(1-GF18/eco)^n),alpha*fck),0) | GI18: =GG18-GH18 | GJ18: =GI18*$E18 | GK18: =GJ18*$D18 | GL18: =GJ18*$C18 | GM18: =Eq_e0+Eq_kx*$D18+Eq_ky*$C18 | GN18: =MAX(MIN(Es*GM18,fy),-fy) | GO18: =IF(GM18>0,IF(GM18<=eco,alpha*fck*(1-(1-GM18/eco)^n),alpha*fck),0) | GP18: =GN18-GO18 | GQ18: =GP18*$E18 | GR18: =GQ18*$D18 | GS18: =GQ18*$C18
... A24: 18 | B24: =Geometry!C59 | C24: =Geometry!D59 | D24: =Geometry!E59 | E24: =Geometry!F59 | F24: =PM_Angle!$J$7+PM_Angle!$K$7*$D24+PM_Angle!$L$7*$C24 | G24: =MAX(MIN(Es*F24,fy),-fy) | H24: =IF(F24>0,IF(F24<=eco,alpha*fck*(1-(1-F24/eco)^n),alpha*fck),0) | I24: =G24-H24 | J24: =I24*$E24 | K24: =J24*$D24 | L24: =J24*$C24 | M24: =PM_Angle!$J$8+PM_Angle!$K$8*$D24+PM_Angle!$L$8*$C24 | N24: =MAX(MIN(Es*M24,fy),-fy) | O24: =IF(M24>0,IF(M24<=eco,alpha*fck*(1-(1-M24/eco)^n),alpha*fck),0) | P24: =N24-O24 | Q24: =P24*$E24 | R24: =Q24*$D24 | S24: =Q24*$C24 | T24: =PM_Angle!$J$9+PM_Angle!$K$9*$D24+PM_Angle!$L$9*$C24 | U24: =MAX(MIN(Es*T24,fy),-fy) | V24: =IF(T24>0,IF(T24<=eco,alpha*fck*(1-(1-T24/eco)^n),alpha*fck),0) | W24: =U24-V24 | X24: =W24*$E24 | Y24: =X24*$D24 | Z24: =X24*$C24 | AA24: =PM_Angle!$J$10+PM_Angle!$K$10*$D24+PM_Angle!$L$10*$C24 | AB24: =MAX(MIN(Es*AA24,fy),-fy) | AC24: =IF(AA24>0,IF(AA24<=eco,alpha*fck*(1-(1-AA24/eco)^n),alpha*fck),0) | AD24: =AB24-AC24 | AE24: =AD24*$E24 | AF24: =AE24*$D24 | AG24: =AE24*$C24 | AH24: =PM_Angle!$J$11+PM_Angle!$K$11*$D24+PM_Angle!$L$11*$C24 | AI24: =MAX(MIN(Es*AH24,fy),-fy) | AJ24: =IF(AH24>0,IF(AH24<=eco,alpha*fck*(1-(1-AH24/eco)^n),alpha*fck),0) | AK24: =AI24-AJ24 | AL24: =AK24*$E24 | AM24: =AL24*$D24 | AN24: =AL24*$C24 | AO24: =PM_Angle!$J$12+PM_Angle!$K$12*$D24+PM_Angle!$L$12*$C24 | AP24: =MAX(MIN(Es*AO24,fy),-fy) | AQ24: =IF(AO24>0,IF(AO24<=eco,alpha*fck*(1-(1-AO24/eco)^n),alpha*fck),0) | AR24: =AP24-AQ24 | AS24: =AR24*$E24 | AT24: =AS24*$D24 | AU24: =AS24*$C24 | AV24: =PM_Angle!$J$13+PM_Angle!$K$13*$D24+PM_Angle!$L$13*$C24 | AW24: =MAX(MIN(Es*AV24,fy),-fy) | AX24: =IF(AV24>0,IF(AV24<=eco,alpha*fck*(1-(1-AV24/eco)^n),alpha*fck),0) | AY24: =AW24-AX24 | AZ24: =AY24*$E24 | BA24: =AZ24*$D24 | BB24: =AZ24*$C24 | BC24: =PM_Angle!$J$14+PM_Angle!$K$14*$D24+PM_Angle!$L$14*$C24 | BD24: =MAX(MIN(Es*BC24,fy),-fy) | BE24: =IF(BC24>0,IF(BC24<=eco,alpha*fck*(1-(1-BC24/eco)^n),alpha*fck),0) | BF24: =BD24-BE24 | BG24: =BF24*$E24 | BH24: =BG24*$D24 | BI24: =BG24*$C24 | BJ24: =PM_Angle!$J$15+PM_Angle!$K$15*$D24+PM_Angle!$L$15*$C24 | BK24: =MAX(MIN(Es*BJ24,fy),-fy) | BL24: =IF(BJ24>0,IF(BJ24<=eco,alpha*fck*(1-(1-BJ24/eco)^n),alpha*fck),0) | BM24: =BK24-BL24 | BN24: =BM24*$E24 | BO24: =BN24*$D24 | BP24: =BN24*$C24 | BQ24: =PM_Angle!$J$16+PM_Angle!$K$16*$D24+PM_Angle!$L$16*$C24 | BR24: =MAX(MIN(Es*BQ24,fy),-fy) | BS24: =IF(BQ24>0,IF(BQ24<=eco,alpha*fck*(1-(1-BQ24/eco)^n),alpha*fck),0) | BT24: =BR24-BS24 | BU24: =BT24*$E24 | BV24: =BU24*$D24 | BW24: =BU24*$C24 | BX24: =PM_Angle!$J$17+PM_Angle!$K$17*$D24+PM_Angle!$L$17*$C24 | BY24: =MAX(MIN(Es*BX24,fy),-fy) | BZ24: =IF(BX24>0,IF(BX24<=eco,alpha*fck*(1-(1-BX24/eco)^n),alpha*fck),0) | CA24: =BY24-BZ24 | CB24: =CA24*$E24 | CC24: =CB24*$D24 | CD24: =CB24*$C24 | CE24: =PM_Angle!$J$18+PM_Angle!$K$18*$D24+PM_Angle!$L$18*$C24 | CF24: =MAX(MIN(Es*CE24,fy),-fy) | CG24: =IF(CE24>0,IF(CE24<=eco,alpha*fck*(1-(1-CE24/eco)^n),alpha*fck),0) | CH24: =CF24-CG24 | CI24: =CH24*$E24 | CJ24: =CI24*$D24 | CK24: =CI24*$C24 | CL24: =PM_Angle!$J$19+PM_Angle!$K$19*$D24+PM_Angle!$L$19*$C24 | CM24: =MAX(MIN(Es*CL24,fy),-fy) | CN24: =IF(CL24>0,IF(CL24<=eco,alpha*fck*(1-(1-CL24/eco)^n),alpha*fck),0) | CO24: =CM24-CN24 | CP24: =CO24*$E24 | CQ24: =CP24*$D24 | CR24: =CP24*$C24 | CS24: =PM_Angle!$J$20+PM_Angle!$K$20*$D24+PM_Angle!$L$20*$C24 | CT24: =MAX(MIN(Es*CS24,fy),-fy) | CU24: =IF(CS24>0,IF(CS24<=eco,alpha*fck*(1-(1-CS24/eco)^n),alpha*fck),0) | CV24: =CT24-CU24 | CW24: =CV24*$E24 | CX24: =CW24*$D24 | CY24: =CW24*$C24 | CZ24: =PM_Angle!$J$21+PM_Angle!$K$21*$D24+PM_Angle!$L$21*$C24 | DA24: =MAX(MIN(Es*CZ24,fy),-fy) | DB24: =IF(CZ24>0,IF(CZ24<=eco,alpha*fck*(1-(1-CZ24/eco)^n),alpha*fck),0) | DC24: =DA24-DB24 | DD24: =DC24*$E24 | DE24: =DD24*$D24 | DF24: =DD24*$C24 | DG24: =PM_Angle!$J$22+PM_Angle!$K$22*$D24+PM_Angle!$L$22*$C24 | DH24: =MAX(MIN(Es*DG24,fy),-fy) | DI24: =IF(DG24>0,IF(DG24<=eco,alpha*fck*(1-(1-DG24/eco)^n),alpha*fck),0) | DJ24: =DH24-DI24 | DK24: =DJ24*$E24 | DL24: =DK24*$D24 | DM24: =DK24*$C24 | DN24: =PM_Angle!$J$23+PM_Angle!$K$23*$D24+PM_Angle!$L$23*$C24 | DO24: =MAX(MIN(Es*DN24,fy),-fy) | DP24: =IF(DN24>0,IF(DN24<=eco,alpha*fck*(1-(1-DN24/eco)^n),alpha*fck),0) | DQ24: =DO24-DP24 | DR24: =DQ24*$E24 | DS24: =DR24*$D24 | DT24: =DR24*$C24 | DU24: =PM_Angle!$J$24+PM_Angle!$K$24*$D24+PM_Angle!$L$24*$C24 | DV24: =MAX(MIN(Es*DU24,fy),-fy) | DW24: =IF(DU24>0,IF(DU24<=eco,alpha*fck*(1-(1-DU24/eco)^n),alpha*fck),0) | DX24: =DV24-DW24 | DY24: =DX24*$E24 | DZ24: =DY24*$D24 | EA24: =DY24*$C24 | EB24: =PM_Angle!$J$25+PM_Angle!$K$25*$D24+PM_Angle!$L$25*$C24 | EC24: =MAX(MIN(Es*EB24,fy),-fy) | ED24: =IF(EB24>0,IF(EB24<=eco,alpha*fck*(1-(1-EB24/eco)^n),alpha*fck),0) | EE24: =EC24-ED24 | EF24: =EE24*$E24 | EG24: =EF24*$D24 | EH24: =EF24*$C24 | EI24: =PM_Angle!$J$26+PM_Angle!$K$26*$D24+PM_Angle!$L$26*$C24 | EJ24: =MAX(MIN(Es*EI24,fy),-fy) | EK24: =IF(EI24>0,IF(EI24<=eco,alpha*fck*(1-(1-EI24/eco)^n),alpha*fck),0) | EL24: =EJ24-EK24 | EM24: =EL24*$E24 | EN24: =EM24*$D24 | EO24: =EM24*$C24 | EP24: =PM_Angle!$J$27+PM_Angle!$K$27*$D24+PM_Angle!$L$27*$C24 | EQ24: =MAX(MIN(Es*EP24,fy),-fy) | ER24: =IF(EP24>0,IF(EP24<=eco,alpha*fck*(1-(1-EP24/eco)^n),alpha*fck),0) | ES24: =EQ24-ER24 | ET24: =ES24*$E24 | EU24: =ET24*$D24 | EV24: =ET24*$C24 | EW24: =PM_Angle!$J$28+PM_Angle!$K$28*$D24+PM_Angle!$L$28*$C24 | EX24: =MAX(MIN(Es*EW24,fy),-fy) | EY24: =IF(EW24>0,IF(EW24<=eco,alpha*fck*(1-(1-EW24/eco)^n),alpha*fck),0) | EZ24: =EX24-EY24 | FA24: =EZ24*$E24 | FB24: =FA24*$D24 | FC24: =FA24*$C24 | FD24: =PM_Angle!$J$29+PM_Angle!$K$29*$D24+PM_Angle!$L$29*$C24 | FE24: =MAX(MIN(Es*FD24,fy),-fy) | FF24: =IF(FD24>0,IF(FD24<=eco,alpha*fck*(1-(1-FD24/eco)^n),alpha*fck),0) | FG24: =FE24-FF24 | FH24: =FG24*$E24 | FI24: =FH24*$D24 | FJ24: =FH24*$C24 | FK24: =PM_Angle!$J$30+PM_Angle!$K$30*$D24+PM_Angle!$L$30*$C24 | FL24: =MAX(MIN(Es*FK24,fy),-fy) | FM24: =IF(FK24>0,IF(FK24<=eco,alpha*fck*(1-(1-FK24/eco)^n),alpha*fck),0) | FN24: =FL24-FM24 | FO24: =FN24*$E24 | FP24: =FO24*$D24 | FQ24: =FO24*$C24 | FR24: =PM_Angle!$J$31+PM_Angle!$K$31*$D24+PM_Angle!$L$31*$C24 | FS24: =MAX(MIN(Es*FR24,fy),-fy) | FT24: =IF(FR24>0,IF(FR24<=eco,alpha*fck*(1-(1-FR24/eco)^n),alpha*fck),0) | FU24: =FS24-FT24 | FV24: =FU24*$E24 | FW24: =FV24*$D24 | FX24: =FV24*$C24 | FY24: =PM_Angle!$J$32+PM_Angle!$K$32*$D24+PM_Angle!$L$32*$C24 | FZ24: =MAX(MIN(Es*FY24,fy),-fy) | GA24: =IF(FY24>0,IF(FY24<=eco,alpha*fck*(1-(1-FY24/eco)^n),alpha*fck),0) | GB24: =FZ24-GA24 | GC24: =GB24*$E24 | GD24: =GC24*$D24 | GE24: =GC24*$C24 | GF24: =PM_Angle!$J$33+PM_Angle!$K$33*$D24+PM_Angle!$L$33*$C24 | GG24: =MAX(MIN(Es*GF24,fy),-fy) | GH24: =IF(GF24>0,IF(GF24<=eco,alpha*fck*(1-(1-GF24/eco)^n),alpha*fck),0) | GI24: =GG24-GH24 | GJ24: =GI24*$E24 | GK24: =GJ24*$D24 | GL24: =GJ24*$C24 | GM24: =Eq_e0+Eq_kx*$D24+Eq_ky*$C24 | GN24: =MAX(MIN(Es*GM24,fy),-fy) | GO24: =IF(GM24>0,IF(GM24<=eco,alpha*fck*(1-(1-GM24/eco)^n),alpha*fck),0) | GP24: =GN24-GO24 | GQ24: =GP24*$E24 | GR24: =GQ24*$D24 | GS24: =GQ24*$C24

Sheet MxMy_FixedP
B1: Mx–My INTERACTION CONTOUR AT P = Pu
B2: Each of the 36 directions repeats the 27-station schedule. The strain planes and P, Mx, My mesh integrals are engine values (shaded grey); contour, ray query and interpolation remain formulas.
B6: Direction | F6: P0 plane | I6: P1 plane | L6: P2 plane | O6: P3 plane | R6: P4 plane | U6: P5 plane | X6: P6 plane | AA6: P7 plane | AD6: P8 plane | AG6: P9 plane | AJ6: P10 plane | AM6: P11 plane | AP6: P12 plane | AS6: P13 plane | AV6: P14 plane | AY6: P15 plane | BB6: P16 plane | BE6: P17 plane | BH6: P18 plane | BK6: P19 plane | BN6: P20 plane | BQ6: P21 plane | BT6: P22 plane | BW6: P23 plane | BZ6: P24 plane | CC6: P25 plane | CF6: P26 plane | CI6: Station P (kN) | DJ6: Station Mx (kN·m) | EK6: Station My (kN·m) | FL6: Contour at P = Pu | FQ6: Ray at θ_L (demand direction)
B7: β (deg) | C7: u_max (mm) | D7: u_bar (mm) | E7: C1 (mm) | F7: ε₀ | G7: κx | H7: κy | I7: ε₀ | J7: κx | K7: κy | L7: ε₀ | M7: κx | N7: κy | O7: ε₀ | P7: κx | Q7: κy | R7: ε₀ | S7: κx | T7: κy | U7: ε₀ | V7: κx | W7: κy | X7: ε₀ | Y7: κx | Z7: κy | AA7: ε₀ | AB7: κx | AC7: κy | AD7: ε₀ | AE7: κx | AF7: κy | AG7: ε₀ | AH7: κx | AI7: κy | AJ7: ε₀ | AK7: κx | AL7: κy | AM7: ε₀ | AN7: κx | AO7: κy | AP7: ε₀ | AQ7: κx | AR7: κy | AS7: ε₀ | AT7: κx | AU7: κy | AV7: ε₀ | AW7: κx | AX7: κy | AY7: ε₀ | AZ7: κx | BA7: κy | BB7: ε₀ | BC7: κx | BD7: κy | BE7: ε₀ | BF7: κx | BG7: κy | BH7: ε₀ | BI7: κx | BJ7: κy | BK7: ε₀ | BL7: κx | BM7: κy | BN7: ε₀ | BO7: κx | BP7: κy | BQ7: ε₀ | BR7: κx | BS7: κy | BT7: ε₀ | BU7: κx | BV7: κy | BW7: ε₀ | BX7: κx | BY7: κy | BZ7: ε₀ | CA7: κx | CB7: κy | CC7: ε₀ | CD7: κx | CE7: κy | CF7: ε₀ | CG7: κx | CH7: κy | CI7: P0 | CJ7: P1 | CK7: P2 | CL7: P3 | CM7: P4 | CN7: P5 | CO7: P6 | CP7: P7 | CQ7: P8 | CR7: P9 | CS7: P10 | CT7: P11 | CU7: P12 | CV7: P13 | CW7: P14 | CX7: P15 | CY7: P16 | CZ7: P17 | DA7: P18 | DB7: P19 | DC7: P20 | DD7: P21 | DE7: P22 | DF7: P23 | DG7: P24 | DH7: P25 | DI7: P26 | DJ7: P0 | DK7: P1 | DL7: P2 | DM7: P3 | DN7: P4 | DO7: P5 | DP7: P6 | DQ7: P7 | DR7: P8 | DS7: P9 | DT7: P10 | DU7: P11 | DV7: P12 | DW7: P13 | DX7: P14 | DY7: P15 | DZ7: P16 | EA7: P17 | EB7: P18 | EC7: P19 | ED7: P20 | EE7: P21 | EF7: P22 | EG7: P23 | EH7: P24 | EI7: P25 | EJ7: P26 | EK7: P0 | EL7: P1 | EM7: P2 | EN7: P3 | EO7: P4 | EP7: P5 | EQ7: P6 | ER7: P7 | ES7: P8 | ET7: P9 | EU7: P10 | EV7: P11 | EW7: P12 | EX7: P13 | EY7: P14 | EZ7: P15 | FA7: P16 | FB7: P17 | FC7: P18 | FD7: P19 | FE7: P20 | FF7: P21 | FG7: P22 | FH7: P23 | FI7: P24 | FJ7: P25 | FK7: P26 | FL7: k | FM7: t | FN7: Mx (kN·m) | FO7: My (kN·m) | FP7: |M| (kN·m) | FQ7: edge dx | FR7: edge dy | FS7: cross(e,d) | FT7: q | FU7: M on ray | FV7: admissible M
A8: 1 | B8: 0 | C8: 600 | D8: -530 | E8: 1130 | F8: 0.0033 | G8: 0 | H8: 0 | I8: 0.00275 | J8: 9.1666667e-07 | K8: 0 | L8: 0.002475 | M8: 1.375e-06 | N8: 0 | O8: 0.0022 | P8: 1.8333333e-06 | Q8: 0 | R8: 0.001925 | S8: 2.2916667e-06 | T8: 0 | U8: 0.0018 | V8: 2.5e-06 | W8: 0 | X8: 0.00165 | Y8: 2.75e-06 | Z8: 0 | AA8: 0.0015477876 | AB8: 2.920354e-06 | AC8: 0 | AD8: 0.0012823009 | AE8: 3.3628319e-06 | AF8: 0 | AG8: 0.0011495575 | AH8: 3.5840708e-06 | AI8: 0 | AJ8: 0.0010168142 | AK8: 3.8053097e-06 | AL8: 0 | AM8: 0.0008840708 | AN8: 4.0265487e-06 | AO8: 0 | AP8: 0.00075132743 | AQ8: 4.2477876e-06 | AR8: 0 | AS8: 0.00061858407 | AT8: 4.4690265e-06 | AU8: 0 | AV8: 0.00048584071 | AW8: 4.6902655e-06 | AX8: 0 | AY8: 0.00022035398 | AZ8: 5.1327434e-06 | BA8: 0 | BB8: -4.5132743e-05 | BC8: 5.5752212e-06 | BD8: 0 | BE8: -0.00031061947 | BF8: 6.0176991e-06 | BG8: 0 | BH8: -0.00057610619 | BI8: 6.460177e-06 | BJ8: 0 | BK8: -0.0011070796 | BL8: 7.3451327e-06 | BM8: 0 | BN8: -0.0016380531 | BO8: 8.2300885e-06 | BP8: 0 | BQ8: -0.0027 | BR8: 1e-05 | BS8: 0 | BT8: -0.0037619469 | BU8: 1.1769912e-05 | BV8: 0 | BW8: -0.0064168142 | BX8: 1.619469e-05 | BY8: 0 | BZ8: -0.0090716814 | CA8: 2.0619469e-05 | CB8: 0 | CC8: -0.01969115 | CD8: 3.8318584e-05 | CE8: 0 | CF8: -0.05 | CG8: 0 | CH8: 0 | CI8: 33981.434 | CJ8: 33981.434 | CK8: 33697.999 | CL8: 32265.42 | CM8: 29458.702 | CN8: 27730.094 | CO8: 25248.564 | CP8: 23514.322 | CQ8: 20124.121 | CR8: 18882.738 | CS8: 17776.353 | CT8: 16760.389 | CU8: 15800.237 | CV8: 14902.046 | CW8: 14042.955 | CX8: 12848.397 | CY8: 11780.888 | CZ8: 10874.165 | DA8: 10115.376 | DB8: 8812.7456 | DC8: 7793.5737 | DD8: 6221.4623 | DE8: 5040.4527 | DF8: 2747.5192 | DG8: 1203.7013 | DH8: -1714.4396 | DI8: -5790.5836 | DJ8: 6.5541826e-13 | DK8: 6.5541826e-13 | DL8: 150.46136 | DM8: 838.90466 | DN8: 2076.798 | DO8: 2819.1055 | DP8: 3855.0903 | DQ8: 4530.118 | DR8: 5598.135 | DS8: 5894.7969 | DT8: 6124.8126 | DU8: 6314.3379 | DV8: 6477.5371 | DW8: 6612.755 | DX8: 6729.6029 | DY8: 6719.3929 | DZ8: 6681.9447 | EA8: 6619.3767 | EB8: 6520.3005 | EC8: 6317.2216 | ED8: 6095.5954 | EE8: 5669.774 | EF8: 5279.5487 | EG8: 4395.0248 | EH8: 3714.4318 | EI8: 2227.9319 | EJ8: 0 | EK8: -5.220063e-12 | EL8: -5.220063e-12 | EM8: 1.749451e-05 | EN8: 0.00094061182 | EO8: 0.00037674127 | EP8: 0.00021150911 | EQ8: 0.0015901065 | ER8: 0.076356156 | ES8: -0.29892979 | ET8: -0.068351649 | EU8: -0.036833113 | EV8: -0.17062774 | EW8: 0.00076694924 | EX8: -0.16007528 | EY8: 0.20337032 | EZ8: -0.18254523 | FA8: 0.00011138414 | FB8: -0.046919619 | FC8: 0.017060437 | FD8: 0.22085739 | FE8: 0.00052762835 | FF8: 0.058994861 | FG8: 0.30350268 | FH8: 0.81464818 | FI8: 0.39761595 | FJ8: 0.76527668 | FK8: 5.9604645e-14 | FL8: =MAX(1,MIN(26,SUMPRODUCT(--($CI8:$DI8>=Pu)))) | FM8: =(Pu-INDEX($CI8:$DI8,1,$FL8))/(INDEX($CI8:$DI8,1,$FL8+1)-INDEX($CI8:$DI8,1,$FL8)) | FN8: =INDEX($DJ8:$EJ8,1,$FL8)+$FM8*(INDEX($DJ8:$EJ8,1,$FL8+1)-INDEX($DJ8:$EJ8,1,$FL8)) | FO8: =INDEX($EK8:$FK8,1,$FL8)+$FM8*(INDEX($EK8:$FK8,1,$FL8+1)-INDEX($EK8:$FK8,1,$FL8)) | FP8: =SQRT(FN8^2+FO8^2) | FQ8: =FN9-FN8 | FR8: =FO9-FO8 | FS8: =FQ8*SIN(RADIANS(theta_L))-FR8*COS(RADIANS(theta_L)) | FT8: =IF(FS8=0,"",-(FN8*SIN(RADIANS(theta_L))-FO8*COS(RADIANS(theta_L)))/FS8) | FU8: =IF(FT8="","",(FN8+FT8*FQ8)*COS(RADIANS(theta_L))+(FO8+FT8*FR8)*SIN(RADIANS(theta_L))) | FV8: =IF(OR(FT8="",FT8<0,FT8>1,FU8<0),"",FU8)
A9: 2 | B9: 10 | C9: 686.39115 | D9: -591.40738 | E9: 1277.7985 | F9: 0.0033 | G9: 0 | H9: 0 | I9: 0.00275 | J9: 7.8911895e-07 | K9: 1.3914296e-07 | L9: 0.002475 | M9: 1.1836784e-06 | N9: 2.0871444e-07 | O9: 0.0022 | P9: 1.5782379e-06 | Q9: 2.7828592e-07 | R9: 0.001925 | S9: 1.9727974e-06 | T9: 3.4785741e-07 | U9: 0.0018 | V9: 2.1521426e-06 | W9: 3.7948081e-07 | X9: 0.00165 | Y9: 2.3673569e-06 | Z9: 4.1742889e-07 | AA9: 0.001527349 | AB9: 2.5433318e-06 | AC9: 4.4845801e-07 | AD9: 0.0012587656 | AE9: 2.9286851e-06 | AF9: 5.1640619e-07 | AG9: 0.0011244738 | AH9: 3.1213617e-06 | AI9: 5.5038029e-07 | AJ9: 0.00099018208 | AK9: 3.3140384e-06 | AL9: 5.8435438e-07 | AM9: 0.00085589034 | AN9: 3.506715e-06 | AO9: 6.1832847e-07 | AP9: 0.0007215986 | AQ9: 3.6993917e-06 | AR9: 6.5230256e-07 | AS9: 0.00058730686 | AT9: 3.8920683e-06 | AU9: 6.8627665e-07 | AV9: 0.00045301512 | AW9: 4.0847449e-06 | AX9: 7.2025074e-07 | AY9: 0.00018443164 | AZ9: 4.4700982e-06 | BA9: 7.8819893e-07 | BB9: -8.4151837e-05 | BC9: 4.8554515e-06 | BD9: 8.5614711e-07 | BE9: -0.00035273532 | BF9: 5.2408048e-06 | BG9: 9.2409529e-07 | BH9: -0.0006213188 | BI9: 5.6261581e-06 | BJ9: 9.9204348e-07 | BK9: -0.0011584858 | BL9: 6.3968647e-06 | BM9: 1.1279398e-06 | BN9: -0.0016956527 | BO9: 7.1675713e-06 | BP9: 1.2638362e-06 | BQ9: -0.0027699866 | BR9: 8.7089845e-06 | BS9: 1.5356289e-06 | BT9: -0.0038443205 | BU9: 1.0250398e-05 | BV9: 1.8074217e-06 | BW9: -0.0065301553 | BX9: 1.4103931e-05 | BY9: 2.4869035e-06 | BZ9: -0.0092159901 | CA9: 1.7957464e-05 | CB9: 3.1663853e-06 | CC9: -0.019959329 | CD9: 3.3371596e-05 | CE9: 5.8843127e-06 | CF9: -0.05 | CG9: 0 | CH9: 0 | CI9: 33981.434 | CJ9: 33981.434 | CK9: 33817.702 | CL9: 32659.152 | CM9: 30287.886 | CN9: 28772.242 | CO9: 26602.773 | CP9: 24605.695 | CQ9: 20756.861 | CR9: 19289.695 | CS9: 18031.855 | CT9: 16897.794 | CU9: 15852.238 | CV9: 14872.89 | CW9: 13950.734 | CX9: 12421.585 | CY9: 11242.93 | CZ9: 10233.39 | DA9: 9306.5589 | DB9: 7768.0546 | DC9: 6450.5093 | DD9: 4346.0277 | DE9: 2621.2595 | DF9: -149.69189 | DG9: -1975.4895 | DH9: -4743.3882 | DI9: -5790.5836 | DJ9: 6.5541826e-13 | DK9: 6.5541826e-13 | DL9: 85.94864 | DM9: 635.39993 | DN9: 1666.7517 | DO9: 2294.5942 | DP9: 3178.3038 | DQ9: 3966.1187 | DR9: 5242.3334 | DS9: 5608.6686 | DT9: 5866.5844 | DU9: 6062.7782 | DV9: 6217.6491 | DW9: 6345.0434 | DX9: 6451.2012 | DY9: 6529.8617 | DZ9: 6462.1704 | EA9: 6344.4287 | EB9: 6212.486 | EC9: 5898.1012 | ED9: 5542.2646 | EE9: 4834.4267 | EF9: 4161.0469 | EG9: 2909.9793 | EH9: 2023.4448 | EI9: 575.10139 | EJ9: 0 | EK9: -5.220063e-12 | EL9: -5.220063e-12 | EM9: 26.912752 | EN9: 191.34828 | EO9: 464.04738 | EP9: 619.35591 | EQ9: 834.23715 | ER9: 1004.2477 | ES9: 1097.3173 | ET9: 1093.651 | EU9: 1108.1301 | EV9: 1131.1252 | EW9: 1161.2975 | EX9: 1189.6112 | EY9: 1219.5423 | EZ9: 1235.8863 | FA9: 1268.4115 | FB9: 1270.7857 | FC9: 1274.0359 | FD9: 1270.7532 | FE9: 1304.5254 | FF9: 1322.0346 | FG9: 1334.9307 | FH9: 1103.3041 | FI9: 853.16305 | FJ9: 405.27516 | FK9: 5.9604645e-14 | FL9: =MAX(1,MIN(26,SUMPRODUCT(--($CI9:$DI9>=Pu)))) | FM9: =(Pu-INDEX($CI9:$DI9,1,$FL9))/(INDEX($CI9:$DI9,1,$FL9+1)-INDEX($CI9:$DI9,1,$FL9)) | FN9: =INDEX($DJ9:$EJ9,1,$FL9)+$FM9*(INDEX($DJ9:$EJ9,1,$FL9+1)-INDEX($DJ9:$EJ9,1,$FL9)) | FO9: =INDEX($EK9:$FK9,1,$FL9)+$FM9*(INDEX($EK9:$FK9,1,$FL9+1)-INDEX($EK9:$FK9,1,$FL9)) | FP9: =SQRT(FN9^2+FO9^2) | FQ9: =FN10-FN9 | FR9: =FO10-FO9 | FS9: =FQ9*SIN(RADIANS(theta_L))-FR9*COS(RADIANS(theta_L)) | FT9: =IF(FS9=0,"",-(FN9*SIN(RADIANS(theta_L))-FO9*COS(RADIANS(theta_L)))/FS9) | FU9: =IF(FT9="","",(FN9+FT9*FQ9)*COS(RADIANS(theta_L))+(FO9+FT9*FR9)*SIN(RADIANS(theta_L))) | FV9: =IF(OR(FT9="",FT9<0,FT9>1,FU9<0),"",FU9)
A10: 3 | B10: 20 | C10: 751.92665 | D10: -634.84515 | E10: 1386.7718 | F10: 0.0033 | G10: 0 | H10: 0 | I10: 0.00275 | J10: 6.8734223e-07 | K10: 2.5017211e-07 | L10: 0.002475 | M10: 1.0310133e-06 | N10: 3.7525817e-07 | O10: 0.0022 | P10: 1.3746845e-06 | Q10: 5.0034423e-07 | R10: 0.001925 | S10: 1.7183556e-06 | T10: 6.2543028e-07 | U10: 0.0018 | V10: 1.8745697e-06 | W10: 6.8228758e-07 | X10: 0.00165 | Y10: 2.0620267e-06 | Z10: 7.5051634e-07 | AA10: 0.0015106948 | AB10: 2.2361182e-06 | AC10: 8.1388046e-07 | AD10: 0.001239588 | AE10: 2.574924e-06 | AF10: 9.3719568e-07 | AG10: 0.0011040346 | AH10: 2.7443269e-06 | AI10: 9.988533e-07 | AJ10: 0.00096848114 | AK10: 2.9137298e-06 | AL10: 1.0605109e-06 | AM10: 0.00083292772 | AN10: 3.0831327e-06 | AO10: 1.1221685e-06 | AP10: 0.0006973743 | AQ10: 3.2525356e-06 | AR10: 1.1838261e-06 | AS10: 0.00056182087 | AT10: 3.4219384e-06 | AU10: 1.2454837e-06 | AV10: 0.00042626745 | AW10: 3.5913413e-06 | AX10: 1.3071413e-06 | AY10: 0.00015516061 | AZ10: 3.9301471e-06 | BA10: 1.4304566e-06 | BB10: -0.00011594624 | BC10: 4.2689529e-06 | BD10: 1.5537718e-06 | BE10: -0.00038705308 | BF10: 4.6077587e-06 | BG10: 1.677087e-06 | BH10: -0.00065815992 | BI10: 4.9465645e-06 | BJ10: 1.8004022e-06 | BK10: -0.0012003736 | BL10: 5.6241761e-06 | BM10: 2.0470327e-06 | BN10: -0.0017425873 | BO10: 6.3017876e-06 | BP10: 2.2936631e-06 | BQ10: -0.0028270147 | BR10: 7.6570108e-06 | BS10: 2.786924e-06 | BT10: -0.0039114421 | BU10: 9.0122339e-06 | BV10: 3.2801849e-06 | BW10: -0.0066225105 | BX10: 1.2400292e-05 | BY10: 4.5133371e-06 | BZ10: -0.0093335789 | CA10: 1.578835e-05 | CB10: 5.7464893e-06 | CC10: -0.020177853 | CD10: 2.9340581e-05 | CE10: 1.0679098e-05 | CF10: -0.05 | CG10: 0 | CH10: 0 | CI10: 33981.434 | CJ10: 33981.434 | CK10: 33866.461 | CL10: 32846.243 | CM10: 30697.218 | CN10: 29309.608 | CO10: 27300.754 | CP10: 25173.07 | CQ10: 21360.538 | CR10: 19730.655 | CS10: 18286.153 | CT10: 17005.321 | CU10: 15841.229 | CV10: 14756.348 | CW10: 13737.507 | CX10: 11968.68 | CY10: 10539.574 | CZ10: 9327.0143 | DA10: 8303.8198 | DB10: 6450.6664 | DC10: 4912.4732 | DD10: 2611.7963 | DE10: 1066.5351 | DF10: -1528.0088 | DG10: -3015.7821 | DH10: -5070.1259 | DI10: -5790.5836 | DJ10: 6.5541826e-13 | DK10: 6.5541826e-13 | DL10: 56.91933 | DM10: 522.05241 | DN10: 1409.5705 | DO10: 1952.5957 | DP10: 2720.3201 | DQ10: 3501.6011 | DR10: 4715.2395 | DS10: 5138.4279 | DT10: 5448.6899 | DU10: 5665.4914 | DV10: 5816.1351 | DW10: 5927.4807 | DX10: 6010.0358 | DY10: 6051.518 | DZ10: 5958.1545 | EA10: 5787.0342 | EB10: 5570.6486 | EC10: 5111.8736 | ED10: 4662.1336 | EE10: 3839.2018 | EF10: 3221.7183 | EG10: 2096.9735 | EH10: 1395.3286 | EI10: 391.09173 | EJ10: 0 | EK10: -5.220063e-12 | EL10: -5.220063e-12 | EM10: 42.247982 | EN10: 301.81092 | EO10: 778.50478 | EP10: 1063.1973 | EQ10: 1453.945 | ER10: 1817.8614 | ES10: 2144.0906 | ET10: 2186.8998 | EU10: 2220.5439 | EV10: 2258.8743 | EW10: 2307.2223 | EX10: 2356.103 | EY10: 2407.8922 | EZ10: 2477.7778 | FA10: 2492.7451 | FB10: 2530.9408 | FC10: 2546.1175 | FD10: 2545.7165 | FE10: 2475.0876 | FF10: 2329.4832 | FG10: 2097.0482 | FH10: 1555.1543 | FI10: 1142.4854 | FJ10: 339.85806 | FK10: 5.9604645e-14 | FL10: =MAX(1,MIN(26,SUMPRODUCT(--($CI10:$DI10>=Pu)))) | FM10: =(Pu-INDEX($CI10:$DI10,1,$FL10))/(INDEX($CI10:$DI10,1,$FL10+1)-INDEX($CI10:$DI10,1,$FL10)) | FN10: =INDEX($DJ10:$EJ10,1,$FL10)+$FM10*(INDEX($DJ10:$EJ10,1,$FL10+1)-INDEX($DJ10:$EJ10,1,$FL10)) | FO10: =INDEX($EK10:$FK10,1,$FL10)+$FM10*(INDEX($EK10:$FK10,1,$FL10+1)-INDEX($EK10:$FK10,1,$FL10)) | FP10: =SQRT(FN10^2+FO10^2) | FQ10: =FN11-FN10 | FR10: =FO11-FO10 | FS10: =FQ10*SIN(RADIANS(theta_L))-FR10*COS(RADIANS(theta_L)) | FT10: =IF(FS10=0,"",-(FN10*SIN(RADIANS(theta_L))-FO10*COS(RADIANS(theta_L)))/FS10) | FU10: =IF(FT10="","",(FN10+FT10*FQ10)*COS(RADIANS(theta_L))+(FO10+FT10*FR10)*SIN(RADIANS(theta_L))) | FV10: =IF(OR(FT10="",FT10<0,FT10>1,FU10<0),"",FU10)
A11: 4 | B11: 30 | C11: 794.61524 | D11: -658.99346 | E11: 1453.6087 | F11: 0.0033 | G11: 0 | H11: 0 | I11: 0.00275 | J11: 5.9942718e-07 | K11: 3.4607944e-07 | L11: 0.002475 | M11: 8.9914077e-07 | N11: 5.1911916e-07 | O11: 0.0022 | P11: 1.1988544e-06 | Q11: 6.9215888e-07 | R11: 0.001925 | S11: 1.4985679e-06 | T11: 8.6519861e-07 | U11: 0.0018 | V11: 1.6348014e-06 | W11: 9.4385302e-07 | X11: 0.00165 | Y11: 1.7982815e-06 | Z11: 1.0382383e-06 | AA11: 0.0014960549 | AB11: 1.9660613e-06 | AC11: 1.135106e-06 | AD11: 0.0012227299 | AE11: 2.2639494e-06 | AF11: 1.3070918e-06 | AG11: 0.0010860674 | AH11: 2.4128934e-06 | AI11: 1.3930847e-06 | AJ11: 0.00094940487 | AK11: 2.5618375e-06 | AL11: 1.4790775e-06 | AM11: 0.00081274237 | AN11: 2.7107815e-06 | AO11: 1.5650704e-06 | AP11: 0.00067607986 | AQ11: 2.8597255e-06 | AR11: 1.6510633e-06 | AS11: 0.00053941735 | AT11: 3.0086696e-06 | AU11: 1.7370562e-06 | AV11: 0.00040275484 | AW11: 3.1576136e-06 | AX11: 1.8230491e-06 | AY11: 0.00012942983 | AZ11: 3.4555017e-06 | BA11: 1.9950348e-06 | BB11: -0.00014389519 | BC11: 3.7533898e-06 | BD11: 2.1670206e-06 | BE11: -0.0004172202 | BF11: 4.0512778e-06 | BG11: 2.3390064e-06 | BH11: -0.00069054522 | BI11: 4.3491659e-06 | BJ11: 2.5109921e-06 | BK11: -0.0012371952 | BL11: 4.9449421e-06 | BM11: 2.8549636e-06 | BN11: -0.0017838453 | BO11: 5.5407182e-06 | BP11: 3.1989352e-06 | BQ11: -0.0028771453 | BR11: 6.7322705e-06 | BS11: 3.8868782e-06 | BT11: -0.0039704454 | BU11: 7.9238228e-06 | BV11: 4.5748213e-06 | BW11: -0.0067036955 | BX11: 1.0902704e-05 | BY11: 6.2946789e-06 | BZ11: -0.0094369457 | CA11: 1.3881584e-05 | CB11: 8.0145365e-06 | CC11: -0.020369946 | CD11: 2.5797107e-05 | CE11: 1.4893967e-05 | CF11: -0.05 | CG11: 0 | CH11: 0 | CI11: 33981.434 | CJ11: 33981.434 | CK11: 33876.031 | CL11: 32906.012 | CM11: 30851.921 | CN11: 29530.371 | CO11: 27606.296 | CP11: 25380.863 | CQ11: 21708.388 | CR11: 20028.769 | CS11: 18459.098 | CT11: 17009.088 | CU11: 15698.065 | CV11: 14509.519 | CW11: 13398.558 | CX11: 11481.01 | CY11: 9856.4263 | CZ11: 8503.7683 | DA11: 7316.3874 | DB11: 5445.8975 | DC11: 3997.7266 | DD11: 1950.9839 | DE11: 508.67724 | DF11: -1808.7553 | DG11: -3139.0573 | DH11: -5044.668 | DI11: -5790.5836 | DJ11: 6.5541826e-13 | DK11: 6.5541826e-13 | DL11: 48.827914 | DM11: 451.61667 | DN11: 1225.0729 | DO11: 1702.4506 | DP11: 2381.6933 | DQ11: 3127.1167 | DR11: 4144.9528 | DS11: 4521.8231 | DT11: 4824.0218 | DU11: 5045.693 | DV11: 5194.5209 | DW11: 5287.2337 | DX11: 5345.3677 | DY11: 5332.5623 | DZ11: 5211.0103 | EA11: 5022.6336 | EB11: 4796.6549 | EC11: 4296.0487 | ED11: 3875.0332 | EE11: 3246.4322 | EF11: 2731.3046 | EG11: 1813.4055 | EH11: 1252.5262 | EI11: 390.01149 | EJ11: 0 | EK11: -5.220063e-12 | EL11: -5.220063e-12 | EM11: 49.009061 | EN11: 395.30343 | EO11: 1044.9474 | EP11: 1429.3884 | EQ11: 1956.4268 | ER11: 2508.5542 | ES11: 3072.3244 | ET11: 3217.542 | EU11: 3317.9871 | EV11: 3398.1287 | EW11: 3475.1814 | EX11: 3554.1906 | EY11: 3624.778 | EZ11: 3682.9297 | FA11: 3694.6326 | FB11: 3660.0093 | FC11: 3632.3766 | FD11: 3539.2938 | FE11: 3370.1545 | FF11: 2927.2116 | FG11: 2575.5969 | FH11: 1853.2098 | FI11: 1317.6611 | FJ11: 388.24139 | FK11: 5.9604645e-14 | FL11: =MAX(1,MIN(26,SUMPRODUCT(--($CI11:$DI11>=Pu)))) | FM11: =(Pu-INDEX($CI11:$DI11,1,$FL11))/(INDEX($CI11:$DI11,1,$FL11+1)-INDEX($CI11:$DI11,1,$FL11)) | FN11: =INDEX($DJ11:$EJ11,1,$FL11)+$FM11*(INDEX($DJ11:$EJ11,1,$FL11+1)-INDEX($DJ11:$EJ11,1,$FL11)) | FO11: =INDEX($EK11:$FK11,1,$FL11)+$FM11*(INDEX($EK11:$FK11,1,$FL11+1)-INDEX($EK11:$FK11,1,$FL11)) | FP11: =SQRT(FN11^2+FO11^2) | FQ11: =FN12-FN11 | FR11: =FO12-FO11 | FS11: =FQ11*SIN(RADIANS(theta_L))-FR11*COS(RADIANS(theta_L)) | FT11: =IF(FS11=0,"",-(FN11*SIN(RADIANS(theta_L))-FO11*COS(RADIANS(theta_L)))/FS11) | FU11: =IF(FT11="","",(FN11+FT11*FQ11)*COS(RADIANS(theta_L))+(FO11+FT11*FR11)*SIN(RADIANS(theta_L))) | FV11: =IF(OR(FT11="",FT11<0,FT11>1,FU11<0),"",FU11)
A12: 5 | B12: 40 | C12: 813.15985 | D12: -666.90891 | E12: 1480.0688 | F12: 0.0033 | G12: 0 | H12: 0 | I12: 0.00275 | J12: 5.1813237e-07 | K12: 4.3476468e-07 | L12: 0.002475 | M12: 7.7719856e-07 | N12: 6.5214703e-07 | O12: 0.0022 | P12: 1.0362647e-06 | Q12: 8.6952937e-07 | R12: 0.001925 | S12: 1.2953309e-06 | T12: 1.0869117e-06 | U12: 0.0018 | V12: 1.4130883e-06 | W12: 1.1857219e-06 | X12: 0.00165 | Y12: 1.5543971e-06 | Z12: 1.3042941e-06 | AA12: 0.0014869575 | AB12: 1.7079927e-06 | AC12: 1.4331761e-06 | AD12: 0.0012122541 | AE12: 1.9667795e-06 | AF12: 1.6503239e-06 | AG12: 0.0010749024 | AH12: 2.0961729e-06 | AI12: 1.7588979e-06 | AJ12: 0.00093755073 | AK12: 2.2255663e-06 | AL12: 1.8674718e-06 | AM12: 0.00080019903 | AN12: 2.3549597e-06 | AO12: 1.9760458e-06 | AP12: 0.00066284733 | AQ12: 2.484353e-06 | AR12: 2.0846197e-06 | AS12: 0.00052549562 | AT12: 2.6137464e-06 | AU12: 2.1931937e-06 | AV12: 0.00038814392 | AW12: 2.7431398e-06 | AX12: 2.3017676e-06 | AY12: 0.00011344052 | AZ12: 3.0019266e-06 | BA12: 2.5189155e-06 | BB12: -0.00016126289 | BC12: 3.2607134e-06 | BD12: 2.7360634e-06 | BE12: -0.00043596629 | BF12: 3.5195001e-06 | BG12: 2.9532113e-06 | BH12: -0.00071066969 | BI12: 3.7782869e-06 | BJ12: 3.1703592e-06 | BK12: -0.0012600765 | BL12: 4.2958605e-06 | BM12: 3.6046549e-06 | BN12: -0.0018094833 | BO12: 4.813434e-06 | BP12: 4.0389507e-06 | BQ12: -0.0029082969 | BR12: 5.8485811e-06 | BS12: 4.9075423e-06 | BT12: -0.0040071105 | BU12: 6.8837282e-06 | BV12: 5.7761338e-06 | BW12: -0.0067541446 | BX12: 9.471596e-06 | BY12: 7.9476127e-06 | BZ12: -0.0095011786 | CA12: 1.2059464e-05 | CB12: 1.0119092e-05 | CC12: -0.020489315 | CD12: 2.2410935e-05 | CE12: 1.8805007e-05 | CF12: -0.05 | CG12: 0 | CH12: 0 | CI12: 33981.434 | CJ12: 33981.434 | CK12: 33863.402 | CL12: 32899.229 | CM12: 30842.141 | CN12: 29535.781 | CO12: 27634.204 | CP12: 25331.986 | CQ12: 21761.498 | CR12: 20101.234 | CS12: 18512.965 | CT12: 17004.168 | CU12: 15596.041 | CV12: 14295.109 | CW12: 13105.429 | CX12: 11110.812 | CY12: 9458.5648 | CZ12: 8044.4347 | DA12: 6845.7056 | DB12: 5045.352 | DC12: 3785.1692 | DD12: 1892.8787 | DE12: 539.28428 | DF12: -1617.0306 | DG12: -2848.8841 | DH12: -4753.272 | DI12: -5790.5836 | DJ12: 6.5541826e-13 | DK12: 6.5541826e-13 | DL12: 48.958212 | DM12: 398.07615 | DN12: 1088.2678 | DO12: 1510.5394 | DP12: 2101.5491 | DQ12: 2749.1724 | DR12: 3532.4595 | DS12: 3817.9039 | DT12: 4054.0126 | DU12: 4242.4305 | DV12: 4383.051 | DW12: 4474.3614 | DX12: 4527.252 | DY12: 4493.0004 | DZ12: 4364.2994 | EA12: 4189.7965 | EB12: 4004.4503 | EC12: 3650.1449 | ED12: 3332.9835 | EE12: 2821.3633 | EF12: 2452.2456 | EG12: 1732.812 | EH12: 1269.4999 | EI12: 478.29943 | EJ12: 0 | EK12: -5.220063e-12 | EL12: -5.220063e-12 | EM12: 61.952772 | EN12: 493.73003 | EO12: 1280.8288 | EP12: 1753.7365 | EQ12: 2419.284 | ER12: 3138.3267 | ES12: 3910.0949 | ET12: 4157.5523 | EU12: 4343.4436 | EV12: 4477.968 | EW12: 4579.698 | EX12: 4662.4466 | EY12: 4734.7572 | EZ12: 4781.2524 | FA12: 4758.5855 | FB12: 4691.1872 | FC12: 4570.4854 | FD12: 4282.1985 | FE12: 4003.3803 | FF12: 3509.6294 | FG12: 3053.4534 | FH12: 2184.1011 | FI12: 1603.0136 | FJ12: 608.32935 | FK12: 5.9604645e-14 | FL12: =MAX(1,MIN(26,SUMPRODUCT(--($CI12:$DI12>=Pu)))) | FM12: =(Pu-INDEX($CI12:$DI12,1,$FL12))/(INDEX($CI12:$DI12,1,$FL12+1)-INDEX($CI12:$DI12,1,$FL12)) | FN12: =INDEX($DJ12:$EJ12,1,$FL12)+$FM12*(INDEX($DJ12:$EJ12,1,$FL12+1)-INDEX($DJ12:$EJ12,1,$FL12)) | FO12: =INDEX($EK12:$FK12,1,$FL12)+$FM12*(INDEX($EK12:$FK12,1,$FL12+1)-INDEX($EK12:$FK12,1,$FL12)) | FP12: =SQRT(FN12^2+FO12^2) | FQ12: =FN13-FN12 | FR12: =FO13-FO12 | FS12: =FQ12*SIN(RADIANS(theta_L))-FR12*COS(RADIANS(theta_L)) | FT12: =IF(FS12=0,"",-(FN12*SIN(RADIANS(theta_L))-FO12*COS(RADIANS(theta_L)))/FS12) | FU12: =IF(FT12="","",(FN12+FT12*FQ12)*COS(RADIANS(theta_L))+(FO12+FT12*FR12)*SIN(RADIANS(theta_L))) | FV12: =IF(OR(FT12="",FT12<0,FT12>1,FU12<0),"",FU12)
A13: 6 | B13: 50 | C13: 831.64838 | D13: -713.7465 | E13: 1545.3949 | F13: 0.0033 | G13: 0 | H13: 0 | I13: 0.00275 | J13: 4.2509935e-07 | K13: 5.0661368e-07 | L13: 0.002475 | M13: 6.3764903e-07 | N13: 7.5992052e-07 | O13: 0.0022 | P13: 8.501987e-07 | Q13: 1.0132274e-06 | R13: 0.001925 | S13: 1.0627484e-06 | T13: 1.2665342e-06 | U13: 0.0018 | V13: 1.1593619e-06 | W13: 1.3816737e-06 | X13: 0.00165 | Y13: 1.2752981e-06 | Z13: 1.519841e-06 | AA13: 0.0015241176 | AB13: 1.3725936e-06 | AC13: 1.6357933e-06 | AD13: 0.0012550445 | AE13: 1.5805623e-06 | AF13: 1.8836408e-06 | AG13: 0.0011205079 | AH13: 1.6845467e-06 | AI13: 2.0075646e-06 | AJ13: 0.00098597136 | AK13: 1.788531e-06 | AL13: 2.1314883e-06 | AM13: 0.00085143481 | AN13: 1.8925154e-06 | AO13: 2.255412e-06 | AP13: 0.00071689826 | AQ13: 1.9964998e-06 | AR13: 2.3793358e-06 | AS13: 0.00058236171 | AT13: 2.1004841e-06 | AU13: 2.5032595e-06 | AV13: 0.00044782516 | AW13: 2.2044685e-06 | AX13: 2.6271833e-06 | AY13: 0.00017875206 | AZ13: 2.4124372e-06 | BA13: 2.8750307e-06 | BB13: -9.0321035e-05 | BC13: 2.620406e-06 | BD13: 3.1228782e-06 | BE13: -0.00035939413 | BF13: 2.8283747e-06 | BG13: 3.3707257e-06 | BH13: -0.00062846723 | BI13: 3.0363434e-06 | BJ13: 3.6185732e-06 | BK13: -0.0011666134 | BL13: 3.4522809e-06 | BM13: 4.1142681e-06 | BN13: -0.0017047596 | BO13: 3.8682183e-06 | BP13: 4.6099631e-06 | BQ13: -0.002781052 | BR13: 4.7000932e-06 | BS13: 5.601353e-06 | BT13: -0.0038573444 | BU13: 5.5319681e-06 | BV13: 6.5927429e-06 | BW13: -0.0065480754 | BX13: 7.6116554e-06 | BY13: 9.0712176e-06 | BZ13: -0.0092388064 | CA13: 9.6913426e-06 | CB13: 1.1549692e-05 | CC13: -0.02000173 | CD13: 1.8010092e-05 | CE13: 2.1463591e-05 | CF13: -0.05 | CG13: 0 | CH13: 0 | CI13: 33981.434 | CJ13: 33981.434 | CK13: 33861.12 | CL13: 32881.805 | CM13: 30855.016 | CN13: 29533.923 | CO13: 27619.546 | CP13: 25828.733 | CQ13: 22308.651 | CR13: 20694.561 | CS13: 19128.941 | CT13: 17629.78 | CU13: 16201.954 | CV13: 14847.857 | CW13: 13572.614 | CX13: 11395.089 | CY13: 9623.7147 | CZ13: 8193.757 | DA13: 7046.6806 | DB13: 5322.5755 | DC13: 4001.0475 | DD13: 2162.53 | DE13: 836.10541 | DF13: -1331.0196 | DG13: -2663.8787 | DH13: -4670.6449 | DI13: -5790.5836 | DJ13: 6.5541826e-13 | DK13: 6.5541826e-13 | DL13: 43.470386 | DM13: 338.26049 | DN13: 920.30146 | DO13: 1269.5589 | DP13: 1760.1985 | DQ13: 2172.975 | DR13: 2766.6055 | DS13: 2970.9909 | DT13: 3141.1592 | DU13: 3286.9735 | DV13: 3409.1802 | DW13: 3502.9997 | DX13: 3568.0057 | DY13: 3576.2682 | DZ13: 3491.33 | EA13: 3364.1808 | EB13: 3239.1331 | EC13: 3028.6832 | ED13: 2830.1322 | EE13: 2449.7161 | EF13: 2145.923 | EG13: 1613.0539 | EH13: 1203.0075 | EI13: 458.03501 | EJ13: 0 | EK13: -5.220063e-12 | EL13: -5.220063e-12 | EM13: 70.037341 | EN13: 568.35694 | EO13: 1467.8048 | EP13: 2015.1914 | EQ13: 2783.8131 | ER13: 3452.3852 | ES13: 4479.4656 | ET13: 4822.6267 | EU13: 5080.6695 | EV13: 5273.7466 | EW13: 5417.8226 | EX13: 5530.1063 | EY13: 5621.6609 | EZ13: 5684.9512 | FA13: 5644.0539 | FB13: 5533.7186 | FC13: 5383.1622 | FD13: 5021.171 | FE13: 4664.7684 | FF13: 4071.1236 | FG13: 3547.9683 | FH13: 2529.2947 | FI13: 1841.7324 | FJ13: 718.06612 | FK13: 5.9604645e-14 | FL13: =MAX(1,MIN(26,SUMPRODUCT(--($CI13:$DI13>=Pu)))) | FM13: =(Pu-INDEX($CI13:$DI13,1,$FL13))/(INDEX($CI13:$DI13,1,$FL13+1)-INDEX($CI13:$DI13,1,$FL13)) | FN13: =INDEX($DJ13:$EJ13,1,$FL13)+$FM13*(INDEX($DJ13:$EJ13,1,$FL13+1)-INDEX($DJ13:$EJ13,1,$FL13)) | FO13: =INDEX($EK13:$FK13,1,$FL13)+$FM13*(INDEX($EK13:$FK13,1,$FL13+1)-INDEX($EK13:$FK13,1,$FL13)) | FP13: =SQRT(FN13^2+FO13^2) | FQ13: =FN14-FN13 | FR13: =FO14-FO13 | FS13: =FQ13*SIN(RADIANS(theta_L))-FR13*COS(RADIANS(theta_L)) | FT13: =IF(FS13=0,"",-(FN13*SIN(RADIANS(theta_L))-FO13*COS(RADIANS(theta_L)))/FS13) | FU13: =IF(FT13="","",(FN13+FT13*FQ13)*COS(RADIANS(theta_L))+(FO13+FT13*FR13)*SIN(RADIANS(theta_L))) | FV13: =IF(OR(FT13="",FT13<0,FT13>1,FU13<0),"",FU13)
A14: 7 | B14: 60 | C14: 849.51905 | D14: -738.89727 | E14: 1588.4163 | F14: 0.0033 | G14: 0 | H14: 0 | I14: 0.00275 | J14: 3.2371257e-07 | K14: 5.6068663e-07 | L14: 0.002475 | M14: 4.8556886e-07 | N14: 8.4102994e-07 | O14: 0.0022 | P14: 6.4742515e-07 | Q14: 1.1213733e-06 | R14: 0.001925 | S14: 8.0928144e-07 | T14: 1.4017166e-06 | U14: 0.0018 | V14: 8.8285248e-07 | W14: 1.5291453e-06 | X14: 0.00165 | Y14: 9.7113772e-07 | Z14: 1.6820599e-06 | AA14: 0.0015350894 | AB14: 1.0387705e-06 | AC14: 1.7992033e-06 | AD14: 0.0012676787 | AE14: 1.19616e-06 | AF14: 2.0718098e-06 | AG14: 0.0011339733 | AH14: 1.2748547e-06 | AI14: 2.2081131e-06 | AJ14: 0.001000268 | AK14: 1.3535494e-06 | AL14: 2.3444164e-06 | AM14: 0.0008665626 | AN14: 1.4322442e-06 | AO14: 2.4807196e-06 | AP14: 0.00073285725 | AQ14: 1.5109389e-06 | AR14: 2.6170229e-06 | AS14: 0.0005991519 | AT14: 1.5896336e-06 | AU14: 2.7533262e-06 | AV14: 0.00046544655 | AW14: 1.6683284e-06 | AX14: 2.8896295e-06 | AY14: 0.00019803585 | AZ14: 1.8257178e-06 | BA14: 3.162236e-06 | BB14: -6.9374855e-05 | BC14: 1.9831073e-06 | BD14: 3.4348426e-06 | BE14: -0.00033678556 | BF14: 2.1404968e-06 | BG14: 3.7074491e-06 | BH14: -0.00060419626 | BI14: 2.2978862e-06 | BJ14: 3.9800557e-06 | BK14: -0.0011390177 | BL14: 2.6126652e-06 | BM14: 4.5252688e-06 | BN14: -0.0016738391 | BO14: 2.9274441e-06 | BP14: 5.0704819e-06 | BQ14: -0.0027434819 | BR14: 3.557002e-06 | BS14: 6.1609081e-06 | BT14: -0.0038131247 | BU14: 4.1865598e-06 | BV14: 7.2513343e-06 | BW14: -0.0064872317 | BX14: 5.7604545e-06 | BY14: 9.9773999e-06 | BZ14: -0.0091613387 | CA14: 7.3343492e-06 | CB14: 1.2703465e-05 | CC14: -0.019857767 | CD14: 1.3629928e-05 | CE14: 2.3607728e-05 | CF14: -0.05 | CG14: 0 | CH14: 0 | CI14: 33981.434 | CJ14: 33981.434 | CK14: 33858.009 | CL14: 32881.285 | CM14: 30862.421 | CN14: 29545.977 | CO14: 27609.648 | CP14: 25940.547 | CQ14: 22365.056 | CR14: 20781.359 | CS14: 19282.099 | CT14: 17834.011 | CU14: 16419.913 | CV14: 15049.594 | CW14: 13726.144 | CX14: 11427.236 | CY14: 9630.5394 | CZ14: 8260.2785 | DA14: 7167.3481 | DB14: 5508.748 | DC14: 4245.4482 | DD14: 2368.926 | DE14: 1058.9863 | DF14: -1196.8281 | DG14: -2637.7016 | DH14: -4794.1436 | DI14: -5790.5836 | DJ14: 6.5541826e-13 | DK14: 6.5541826e-13 | DL14: 35.789736 | DM14: 269.4717 | DN14: 712.773 | DO14: 981.74155 | DP14: 1356.4044 | DQ14: 1654.981 | DR14: 2065.6607 | DS14: 2183.3081 | DT14: 2293.7415 | DU14: 2396.7738 | DV14: 2487.2918 | DW14: 2560.6294 | DX14: 2613.1908 | DY14: 2638.0852 | DZ14: 2568.3361 | EA14: 2490.6716 | EB14: 2425.327 | EC14: 2293.6034 | ED14: 2174.9286 | EE14: 1970.1161 | EF14: 1771.8189 | EG14: 1356.7755 | EH14: 1030.1211 | EI14: 370.70776 | EJ14: 0 | EK14: -5.220063e-12 | EL14: -5.220063e-12 | EM14: 76.685259 | EN14: 617.94715 | EO14: 1613.8492 | EP14: 2216.7308 | EQ14: 3062.6442 | ER14: 3756.7678 | ES14: 4955.6686 | ET14: 5339.2863 | EU14: 5622.8954 | EV14: 5840.7324 | EW14: 6015.6408 | EX14: 6156.3035 | EY14: 6261.0454 | EZ14: 6339.7903 | FA14: 6292.8132 | FB14: 6161.87 | FC14: 5982.6388 | FD14: 5625.9692 | FE14: 5274.7791 | FF14: 4562.1678 | FG14: 3949.831 | FH14: 2781.5083 | FI14: 1966.7823 | FJ14: 668.63982 | FK14: 5.9604645e-14 | FL14: =MAX(1,MIN(26,SUMPRODUCT(--($CI14:$DI14>=Pu)))) | FM14: =(Pu-INDEX($CI14:$DI14,1,$FL14))/(INDEX($CI14:$DI14,1,$FL14+1)-INDEX($CI14:$DI14,1,$FL14)) | FN14: =INDEX($DJ14:$EJ14,1,$FL14)+$FM14*(INDEX($DJ14:$EJ14,1,$FL14+1)-INDEX($DJ14:$EJ14,1,$FL14)) | FO14: =INDEX($EK14:$FK14,1,$FL14)+$FM14*(INDEX($EK14:$FK14,1,$FL14+1)-INDEX($EK14:$FK14,1,$FL14)) | FP14: =SQRT(FN14^2+FO14^2) | FQ14: =FN15-FN14 | FR14: =FO15-FO14 | FS14: =FQ14*SIN(RADIANS(theta_L))-FR14*COS(RADIANS(theta_L)) | FT14: =IF(FS14=0,"",-(FN14*SIN(RADIANS(theta_L))-FO14*COS(RADIANS(theta_L)))/FS14) | FU14: =IF(FT14="","",(FN14+FT14*FQ14)*COS(RADIANS(theta_L))+(FO14+FT14*FR14)*SIN(RADIANS(theta_L))) | FV14: =IF(OR(FT14="",FT14<0,FT14>1,FU14<0),"",FU14)
A15: 8 | B15: 70 | C15: 841.57752 | D15: -741.59703 | E15: 1583.1745 | F15: 0.0033 | G15: 0 | H15: 0 | I15: 0.00275 | J15: 2.2352199e-07 | K15: 6.1412161e-07 | L15: 0.002475 | M15: 3.3528298e-07 | N15: 9.2118241e-07 | O15: 0.0022 | P15: 4.4704397e-07 | Q15: 1.2282432e-06 | R15: 0.001925 | S15: 5.5880496e-07 | T15: 1.535304e-06 | U15: 0.0018 | V15: 6.0960541e-07 | W15: 1.6748771e-06 | X15: 0.00165 | Y15: 6.7056596e-07 | Z15: 1.8423648e-06 | AA15: 0.0015457993 | AB15: 7.1291348e-07 | AC15: 1.9587137e-06 | AD15: 0.0012800114 | AE15: 8.2093067e-07 | AF15: 2.2554885e-06 | AG15: 0.0011471174 | AH15: 8.7493927e-07 | AI15: 2.4038759e-06 | AJ15: 0.0010142234 | AK15: 9.2894786e-07 | AL15: 2.5522633e-06 | AM15: 0.0008813294 | AN15: 9.8295646e-07 | AO15: 2.7006507e-06 | AP15: 0.00074843541 | AQ15: 1.0369651e-06 | AR15: 2.8490381e-06 | AS15: 0.00061554143 | AT15: 1.0909737e-06 | AU15: 2.9974255e-06 | AV15: 0.00048264744 | AW15: 1.1449823e-06 | AX15: 3.1458129e-06 | AY15: 0.00021685946 | AZ15: 1.2529994e-06 | BA15: 3.4425877e-06 | BB15: -4.8928519e-05 | BC15: 1.3610166e-06 | BD15: 3.7393625e-06 | BE15: -0.0003147165 | BF15: 1.4690338e-06 | BG15: 4.0361373e-06 | BH15: -0.00058050447 | BI15: 1.577051e-06 | BJ15: 4.3329121e-06 | BK15: -0.0011120804 | BL15: 1.7930854e-06 | BM15: 4.9264617e-06 | BN15: -0.0016436564 | BO15: 2.0091198e-06 | BP15: 5.5200113e-06 | BQ15: -0.0027068083 | BR15: 2.4411886e-06 | BS15: 6.7071105e-06 | BT15: -0.0037699602 | BU15: 2.8732573e-06 | BV15: 7.8942097e-06 | BW15: -0.00642784 | BX15: 3.9534293e-06 | BY15: 1.0861958e-05 | BZ15: -0.0090857198 | CA15: 5.0336012e-06 | CB15: 1.3829706e-05 | CC15: -0.019717239 | CD15: 9.354289e-06 | CE15: 2.5700698e-05 | CF15: -0.05 | CG15: 0 | CH15: 0 | CI15: 33981.434 | CJ15: 33981.434 | CK15: 33836.348 | CL15: 32825.411 | CM15: 30736.238 | CN15: 29379.987 | CO15: 27414.14 | CP15: 25849.929 | CQ15: 22255.619 | CR15: 20764.402 | CS15: 19344.178 | CT15: 17934.406 | CU15: 16541.519 | CV15: 15174.687 | CW15: 13848.35 | CX15: 11528.004 | CY15: 9770.704 | CZ15: 8448.5395 | DA15: 7424.226 | DB15: 5858.7897 | DC15: 4737.4147 | DD15: 3042.1508 | DE15: 1690.373 | DF15: -654.45768 | DG15: -2196.6426 | DH15: -4678.1624 | DI15: -5790.5836 | DJ15: 6.5541826e-13 | DK15: 6.5541826e-13 | DL15: 27.197375 | DM15: 198.56493 | DN15: 507.06669 | DO15: 693.29853 | DP15: 953.49307 | DQ15: 1138.5018 | DR15: 1371.3954 | DS15: 1436.7964 | DT15: 1504.7581 | DU15: 1570.4275 | DV15: 1632.5943 | DW15: 1686.8837 | DX15: 1726.4785 | DY15: 1733.5289 | DZ15: 1701.4293 | EA15: 1659.4177 | EB15: 1603.774 | EC15: 1516.9746 | ED15: 1467.9493 | EE15: 1402.634 | EF15: 1328.812 | EG15: 1065.0303 | EH15: 843.89344 | EI15: 345.98902 | EJ15: 0 | EK15: -5.220063e-12 | EL15: -5.220063e-12 | EM15: 94.338113 | EN15: 686.5206 | EO15: 1782.7733 | EP15: 2445.2371 | EQ15: 3374.892 | ER15: 4072.0022 | ES15: 5365.2274 | ET15: 5730.3956 | EU15: 6005.8049 | EV15: 6227.4853 | EW15: 6408.5008 | EX15: 6558.1689 | EY15: 6683.3056 | EZ15: 6791.5313 | FA15: 6731.6089 | FB15: 6610.3121 | FC15: 6467.8086 | FD15: 6165.6012 | FE15: 5830.9975 | FF15: 5179.5195 | FG15: 4552.8162 | FH15: 3271.1703 | FI15: 2341.5612 | FJ15: 764.15095 | FK15: 5.9604645e-14 | FL15: =MAX(1,MIN(26,SUMPRODUCT(--($CI15:$DI15>=Pu)))) | FM15: =(Pu-INDEX($CI15:$DI15,1,$FL15))/(INDEX($CI15:$DI15,1,$FL15+1)-INDEX($CI15:$DI15,1,$FL15)) | FN15: =INDEX($DJ15:$EJ15,1,$FL15)+$FM15*(INDEX($DJ15:$EJ15,1,$FL15+1)-INDEX($DJ15:$EJ15,1,$FL15)) | FO15: =INDEX($EK15:$FK15,1,$FL15)+$FM15*(INDEX($EK15:$FK15,1,$FL15+1)-INDEX($EK15:$FK15,1,$FL15)) | FP15: =SQRT(FN15^2+FO15^2) | FQ15: =FN16-FN15 | FR15: =FO16-FO15 | FS15: =FQ15*SIN(RADIANS(theta_L))-FR15*COS(RADIANS(theta_L)) | FT15: =IF(FS15=0,"",-(FN15*SIN(RADIANS(theta_L))-FO15*COS(RADIANS(theta_L)))/FS15) | FU15: =IF(FT15="","",(FN15+FT15*FQ15)*COS(RADIANS(theta_L))+(FO15+FT15*FR15)*SIN(RADIANS(theta_L))) | FV15: =IF(OR(FT15="",FT15<0,FT15>1,FU15<0),"",FU15)
A16: 9 | B16: 80 | C16: 808.06509 | D16: -721.76373 | E16: 1529.8288 | F16: 0.0033 | G16: 0 | H16: 0 | I16: 0.00275 | J16: 1.1819159e-07 | K16: 6.7029782e-07 | L16: 0.002475 | M16: 1.7728739e-07 | N16: 1.0054467e-06 | O16: 0.0022 | P16: 2.3638318e-07 | Q16: 1.3405956e-06 | R16: 0.001925 | S16: 2.9547898e-07 | T16: 1.6757445e-06 | U16: 0.0018 | V16: 3.223407e-07 | W16: 1.828085e-06 | X16: 0.00165 | Y16: 3.5457477e-07 | Z16: 2.0108935e-06 | AA16: 0.0015569195 | AB16: 3.745772e-07 | AC16: 2.1243328e-06 | AD16: 0.0012928164 | AE16: 4.3133132e-07 | AF16: 2.4462015e-06 | AG16: 0.0011607648 | AH16: 4.5970838e-07 | AI16: 2.6071358e-06 | AJ16: 0.0010287133 | AK16: 4.8808544e-07 | AL16: 2.7680701e-06 | AM16: 0.00089666172 | AN16: 5.164625e-07 | AO16: 2.9290044e-06 | AP16: 0.00076461017 | AQ16: 5.4483956e-07 | AR16: 3.0899387e-06 | AS16: 0.00063255861 | AT16: 5.7321662e-07 | AU16: 3.250873e-06 | AV16: 0.00050050706 | AW16: 6.0159368e-07 | AX16: 3.4118073e-06 | AY16: 0.00023640395 | AZ16: 6.583478e-07 | BA16: 3.7336759e-06 | BB16: -2.7699154e-05 | BC16: 7.1510192e-07 | BD16: 4.0555445e-06 | BE16: -0.00029180226 | BF16: 7.7185604e-07 | BG16: 4.3774131e-06 | BH16: -0.00055590537 | BI16: 8.2861016e-07 | BJ16: 4.6992817e-06 | BK16: -0.0010841116 | BL16: 9.421184e-07 | BM16: 5.343019e-06 | BN16: -0.0016123178 | BO16: 1.0556266e-06 | BP16: 5.9867562e-06 | BQ16: -0.0026687302 | BR16: 1.2826431e-06 | BS16: 7.2742306e-06 | BT16: -0.0037251427 | BU16: 1.5096596e-06 | BV16: 8.5617051e-06 | BW16: -0.0063661737 | BX16: 2.0772008e-06 | BY16: 1.1780391e-05 | BZ16: -0.0090072048 | CA16: 2.644742e-06 | CB16: 1.4999077e-05 | CC16: -0.019571329 | CD16: 4.9149068e-06 | CE16: 2.7873822e-05 | CF16: -0.05 | CG16: 0 | CH16: 0 | CI16: 33981.434 | CJ16: 33981.434 | CK16: 33796.948 | CL16: 32693.446 | CM16: 30469.956 | CN16: 29053.731 | CO16: 26969.396 | CP16: 25522.242 | CQ16: 22092.106 | CR16: 20700.003 | CS16: 19337.524 | CT16: 17985.687 | CU16: 16631.634 | CV16: 15281.374 | CW16: 13950.689 | CX16: 11713.217 | CY16: 9986.0233 | CZ16: 8652.1226 | DA16: 7604.8764 | DB16: 6264.3456 | DC16: 5275.2821 | DD16: 3788.751 | DE16: 2713.3922 | DF16: 525.62255 | DG16: -1078.9294 | DH16: -4093.9775 | DI16: -5790.5836 | DJ16: 6.5541826e-13 | DK16: 6.5541826e-13 | DL16: 14.815261 | DM16: 113.98119 | DN16: 279.71031 | DO16: 377.30157 | DP16: 516.03798 | DQ16: 599.57055 | DR16: 682.89356 | DS16: 707.03223 | DT16: 741.59582 | DU16: 778.98645 | DV16: 815.67191 | DW16: 848.23032 | DX16: 871.52911 | DY16: 869.93808 | DZ16: 877.04979 | EA16: 839.34562 | EB16: 798.38176 | EC16: 746.86955 | ED16: 729.98934 | EE16: 709.60233 | EF16: 710.09805 | EG16: 656.3827 | EH16: 522.36193 | EI16: 351.83068 | EJ16: 0 | EK16: -5.220063e-12 | EL16: -5.220063e-12 | EM16: 123.87276 | EN16: 787.09821 | EO16: 1996.156 | EP16: 2723.9704 | EQ16: 3738.706 | ER16: 4416.6042 | ES16: 5680.0715 | ET16: 6009.518 | EU16: 6269.3477 | EV16: 6485.9687 | EW16: 6672.4462 | EX16: 6834.258 | EY16: 6974.521 | EZ16: 7056.3666 | FA16: 6993.6069 | FB16: 6879.4602 | FC16: 6769.0886 | FD16: 6513.7462 | FE16: 6267.4463 | FF16: 5760.0542 | FG16: 5273.1498 | FH16: 4119.674 | FI16: 3166.2552 | FJ16: 1177.5792 | FK16: 5.9604645e-14 | FL16: =MAX(1,MIN(26,SUMPRODUCT(--($CI16:$DI16>=Pu)))) | FM16: =(Pu-INDEX($CI16:$DI16,1,$FL16))/(INDEX($CI16:$DI16,1,$FL16+1)-INDEX($CI16:$DI16,1,$FL16)) | FN16: =INDEX($DJ16:$EJ16,1,$FL16)+$FM16*(INDEX($DJ16:$EJ16,1,$FL16+1)-INDEX($DJ16:$EJ16,1,$FL16)) | FO16: =INDEX($EK16:$FK16,1,$FL16)+$FM16*(INDEX($EK16:$FK16,1,$FL16+1)-INDEX($EK16:$FK16,1,$FL16)) | FP16: =SQRT(FN16^2+FO16^2) | FQ16: =FN17-FN16 | FR16: =FO17-FO16 | FS16: =FQ16*SIN(RADIANS(theta_L))-FR16*COS(RADIANS(theta_L)) | FT16: =IF(FS16=0,"",-(FN16*SIN(RADIANS(theta_L))-FO16*COS(RADIANS(theta_L)))/FS16) | FU16: =IF(FT16="","",(FN16+FT16*FQ16)*COS(RADIANS(theta_L))+(FO16+FT16*FR16)*SIN(RADIANS(theta_L))) | FV16: =IF(OR(FT16="",FT16<0,FT16>1,FU16<0),"",FU16)
