Workbook
Name Origin_X: Geometry!$C$6
Name Origin_Y: Geometry!$C$7
Name Boundary_X: Geometry!$F$13:$F$36
Name Boundary_Y: Geometry!$G$13:$G$36
Name C_fck: Materials!$C$10
Name C_alpha: Materials!$C$12
Name C_eco: Materials!$C$13
Name C_n: Materials!$C$14
Name C_ecu: Materials!$C$15
Name S_1_fy: Materials!$D$20
Name S_1_Es: Materials!$E$20
Name Mesh_X: Mesh!$B$6:$B$425
Name Mesh_Y: Mesh!$C$6:$C$425
Name Mesh_A: Mesh!$D$6:$D$425

Sheet Geometry
A1: PROJECT GEOMETRY AND LOAD INPUTS
A2: Legend | B2: Editable calculation input | C2: Formula | D2: Generated / check | E2: Requires re-export / remesh
B3: Project | C3: PM-advanced (7) 2D reference case | F3: Client | G3: Engineering review client
B4: Section | C4: PM-advanced (7) 2D — 1500x1200 chamfered section, two voids | F4: Company | G4: Audit engineering
B5: Calculation profile | C5: strain-domain-surface-v1 | F5: Designed by | G5: Engineering example
B6: Analysis origin X | C6: 0 | D6: mm | F6: Checked by | G6: Independent review
B7: Analysis origin Y | C7: 0 | D7: mm | F7: Address | G7: Seoul, Korea
F8: Date | G8: 2026-07-23
A12: Ring ID | B12: Boundary | C12: Point order | D12: X input (mm) | E12: Y input (mm) | F12: x local (mm) | G12: y local (mm)
A13: R1-OUTER | B13: Outer | C13: 1 | D13: -550 | E13: 600 | F13: =D13-Origin_X -> -550 | G13: =E13-Origin_Y -> 600
A14: R1-OUTER | B14: Outer | C14: 2 | D14: 550 | E14: 600 | F14: =D14-Origin_X -> 550 | G14: =E14-Origin_Y -> 600
A15: R1-OUTER | B15: Outer | C15: 3 | D15: 750 | E15: 400 | F15: =D15-Origin_X -> 750 | G15: =E15-Origin_Y -> 400
A16: R1-OUTER | B16: Outer | C16: 4 | D16: 750 | E16: -400 | F16: =D16-Origin_X -> 750 | G16: =E16-Origin_Y -> -400
A17: R1-OUTER | B17: Outer | C17: 5 | D17: 550 | E17: -600 | F17: =D17-Origin_X -> 550 | G17: =E17-Origin_Y -> -600
A18: R1-OUTER | B18: Outer | C18: 6 | D18: -550 | E18: -600 | F18: =D18-Origin_X -> -550 | G18: =E18-Origin_Y -> -600
A19: R1-OUTER | B19: Outer | C19: 7 | D19: -750 | E19: -400 | F19: =D19-Origin_X -> -750 | G19: =E19-Origin_Y -> -400
A20: R1-OUTER | B20: Outer | C20: 8 | D20: -750 | E20: 400 | F20: =D20-Origin_X -> -750 | G20: =E20-Origin_Y -> 400
A21: R1-H1 | B21: Hole | C21: 1 | D21: -450 | E21: 400 | F21: =D21-Origin_X -> -450 | G21: =E21-Origin_Y -> 400
A22: R1-H1 | B22: Hole | C22: 2 | D22: -250 | E22: 400 | F22: =D22-Origin_X -> -250 | G22: =E22-Origin_Y -> 400
A23: R1-H1 | B23: Hole | C23: 3 | D23: -150 | E23: 300 | F23: =D23-Origin_X -> -150 | G23: =E23-Origin_Y -> 300
A24: R1-H1 | B24: Hole | C24: 4 | D24: -150 | E24: -300 | F24: =D24-Origin_X -> -150 | G24: =E24-Origin_Y -> -300
... A36: R1-H2 | B36: Hole | C36: 8 | D36: 150 | E36: 300 | F36: =D36-Origin_X -> 150 | G36: =E36-Origin_Y -> 300
B38: Reinforcement
A39: No. | B39: Rebar ID | C39: Diameter (mm) | D39: X world (mm) | E39: Y world (mm) | F39: X local (mm) | G39: Y local (mm) | H39: Area (mm²) | I39: Steel material ID
A40: 1 | B40: 1 | C40: 32 | D40: -400 | E40: 530 | F40: =D40-Origin_X -> -400 | G40: =E40-Origin_Y -> 530 | H40: =PI()*C40^2/4 -> 804.24772 | I40: 1
A41: 2 | B41: 2 | C41: 32 | D41: -200 | E41: 530 | F41: =D41-Origin_X -> -200 | G41: =E41-Origin_Y -> 530 | H41: =PI()*C41^2/4 -> 804.24772 | I41: 1
A42: 3 | B42: 3 | C42: 32 | D42: 0 | E42: 530 | F42: =D42-Origin_X -> 0 | G42: =E42-Origin_Y -> 530 | H42: =PI()*C42^2/4 -> 804.24772 | I42: 1
A43: 4 | B43: 4 | C43: 32 | D43: 200 | E43: 530 | F43: =D43-Origin_X -> 200 | G43: =E43-Origin_Y -> 530 | H43: =PI()*C43^2/4 -> 804.24772 | I43: 1
A44: 5 | B44: 5 | C44: 32 | D44: 400 | E44: 530 | F44: =D44-Origin_X -> 400 | G44: =E44-Origin_Y -> 530 | H44: =PI()*C44^2/4 -> 804.24772 | I44: 1
A45: 6 | B45: 6 | C45: 32 | D45: -400 | E45: -530 | F45: =D45-Origin_X -> -400 | G45: =E45-Origin_Y -> -530 | H45: =PI()*C45^2/4 -> 804.24772 | I45: 1
A46: 7 | B46: 7 | C46: 32 | D46: -200 | E46: -530 | F46: =D46-Origin_X -> -200 | G46: =E46-Origin_Y -> -530 | H46: =PI()*C46^2/4 -> 804.24772 | I46: 1
A47: 8 | B47: 8 | C47: 32 | D47: 0 | E47: -530 | F47: =D47-Origin_X -> 0 | G47: =E47-Origin_Y -> -530 | H47: =PI()*C47^2/4 -> 804.24772 | I47: 1
A48: 9 | B48: 9 | C48: 32 | D48: 200 | E48: -530 | F48: =D48-Origin_X -> 200 | G48: =E48-Origin_Y -> -530 | H48: =PI()*C48^2/4 -> 804.24772 | I48: 1
A49: 10 | B49: 10 | C49: 32 | D49: 400 | E49: -530 | F49: =D49-Origin_X -> 400 | G49: =E49-Origin_Y -> -530 | H49: =PI()*C49^2/4 -> 804.24772 | I49: 1
A50: 11 | B50: 11 | C50: 32 | D50: -680 | E50: 300 | F50: =D50-Origin_X -> -680 | G50: =E50-Origin_Y -> 300 | H50: =PI()*C50^2/4 -> 804.24772 | I50: 1
A51: 12 | B51: 12 | C51: 32 | D51: -680 | E51: 100 | F51: =D51-Origin_X -> -680 | G51: =E51-Origin_Y -> 100 | H51: =PI()*C51^2/4 -> 804.24772 | I51: 1
... A57: 18 | B57: 18 | C57: 32 | D57: 680 | E57: -300 | F57: =D57-Origin_X -> 680 | G57: =E57-Origin_Y -> -300 | H57: =PI()*C57^2/4 -> 804.24772 | I57: 1
B61: Project load cases
A62: ID | B62: Name | C62: P (kN) | D62: Mx (kN·m) | E62: My (kN·m) | F62: Action basis
A63: 1 | B63: ULS-1 workbook Newton demand (on the 15 deg surface) | C63: 24942.922 | D63: 3714.1659 | E63: 1431.7807 | F63: factoredULS
A64: 2 | B64: ULS-2 same axial, half moment (inside) | C64: 24942.922 | D64: 1857.083 | E64: 715.89036 | F64: factoredULS
A65: 3 | B65: ULS-3 low axial, high moment | C65: 5000 | D65: 4000 | E65: 1500 | F65: factoredULS

Sheet Materials
A1: MATERIALS AND RESISTANCE BASIS
A2: Legend | B2: Editable calculation input | C2: Formula | D2: Generated / check | E2: Requires re-export / remesh
A3: Active result stage | B3: Design resistance | D3: Calculation profile | E3: KDS 2024 current set · resistance: KDS 14 20 10:2021 + KDS 14 20 20:2022
B5: Concrete
A6: Symbol | B6: Parameter | C6: Value | D6: Unit | E6: Basis / use in calculation
B7: Material | C7: KDS C30 (workbook Input)
B8: Standard | C8: KDS
B9: Stress–strain law | C9: kds-parabolic
A10: f′c / fck | B10: Specified concrete compressive strength | C10: 30 | D10: MPa | E10: Strength used by the active material law
A11: Eᴄ | B11: Elastic modulus | C11: 28417.475 | D11: MPa | E11: Concrete elastic modulus reported by the selected standard
A12: α | B12: Concrete stress coefficient | C12: 0.85 | D12: – | E12: Multiplier applied to the concrete compression stress
A13: εc0 | B13: Peak / plateau strain | C13: 0.002 | D13: – | E13: End of the parabolic branch
A14: n | B14: Parabola exponent | C14: 2 | D14: – | E14: Exponent of the concrete stress–strain curve
A15: εcu | B15: Ultimate compression strain | C15: 0.0033 | D15: – | E15: Compression strain used at the neutral-axis boundary state
B16: Calculation law | C16: KDS parabola-rectangle: fc = α·fck·(1−(1−ε/εco)^n) up to εco, then α·fck
B18: Reinforcing steel
A19: ID | B19: Material | C19: Standard | D19: fy (MPa) | E19: Eₛ (MPa) | F19: εy | G19: εu | H19: Stress–strain law
A20: 1 | B20: SD400 (workbook Input) | C20: KDS | D20: 400 | E20: 200000 | F20: =D20/E20 -> 0.002 | H20: elastic-perfectly-plastic
B24: Resistance basis
A25: Symbol / setting | B25: Parameter | C25: Value | D25: Unit | E25: Code basis / note
B26: Resistance format | C26: globalResultantFactor | D26: –
B27: Active result stage | C27: design | D27: –
B28: Profile | C28: kds-2024-current-set | D28: – | E28: KDS 2024 current set · resistance: KDS 14 20 10:2021 + KDS 14 20 20:2022
B29: Transverse reinforcement | C29: other | D29: –
A30: φc | B30: Compression-controlled strength factor | C30: 0.65 | D30: –
A31: φt | B31: Tension-controlled strength factor | C31: 0.85 | D31: –
A32: Pmax | B32: Axial compression limit enabled | C32: Yes | D32: –
A33: Pmax/P0 | B33: Axial compression limit ratio | C33: 0.8 | D33: –
A34: εt | B34: Tension-controlled transition rule | C34: fixed 0.005; high-strength 2.5·εy | D34: –
A36: Blue text marks editable values that drive formulas. Orange text marks settings that require re-export because they change the generated surface or mesh.

Sheet Mesh
A1: CONCRETE INTEGRATION MESH
B2: X and Y are measured from the analysis origin. Area is the quadrature weight used directly by Result SUMPRODUCT formulas.
B3: Cell size (mm) | C3: 150 | D3: Points | E3: 420 | F3: Area error | G3: 4.6566129e-10
A4: Legend | B4: Editable calculation input | C4: Formula | D4: Generated / check | E4: Requires re-export / remesh
A5: No. | B5: X local (mm) | C5: Y local (mm) | D5: Area (mm²) | E5: Component | F5: X world (mm) | G5: Y world (mm)
A6: 1 | B6: -666.66667 | C6: -466.66667 | D6: 1666.6667 | E6: 0 | F6: =B6+Origin_X -> -666.66667 | G6: =C6+Origin_Y -> -466.66667
A7: 2 | B7: -616.66667 | C7: -516.66667 | D7: 1666.6667 | E7: 0 | F7: =B7+Origin_X -> -616.66667 | G7: =C7+Origin_Y -> -516.66667
A8: 3 | B8: -616.66667 | C8: -466.66667 | D8: 1666.6667 | E8: 0 | F8: =B8+Origin_X -> -616.66667 | G8: =C8+Origin_Y -> -466.66667
A9: 4 | B9: -741.66667 | C9: -341.66667 | D9: 833.33333 | E9: 1 | F9: =B9+Origin_X -> -741.66667 | G9: =C9+Origin_Y -> -341.66667
A10: 5 | B10: -741.66667 | C10: -391.66667 | D10: 833.33333 | E10: 1 | F10: =B10+Origin_X -> -741.66667 | G10: =C10+Origin_Y -> -391.66667
A11: 6 | B11: -716.66667 | C11: -416.66667 | D11: 833.33333 | E11: 1 | F11: =B11+Origin_X -> -716.66667 | G11: =C11+Origin_Y -> -416.66667
A12: 7 | B12: -716.66667 | C12: -350 | D12: 2500 | E12: 1 | F12: =B12+Origin_X -> -716.66667 | G12: =C12+Origin_Y -> -350
A13: 8 | B13: -691.66667 | C13: -425 | D13: 2500 | E13: 1 | F13: =B13+Origin_X -> -691.66667 | G13: =C13+Origin_Y -> -425
A14: 9 | B14: -641.66667 | C14: -425 | D14: 2500 | E14: 1 | F14: =B14+Origin_X -> -641.66667 | G14: =C14+Origin_Y -> -425
A15: 10 | B15: -625 | C15: -400 | D15: 3750 | E15: 1 | F15: =B15+Origin_X -> -625 | G15: =C15+Origin_Y -> -400
A16: 11 | B16: -625 | C16: -325 | D16: 3750 | E16: 1 | F16: =B16+Origin_X -> -625 | G16: =C16+Origin_Y -> -325
A17: 12 | B17: -700 | C17: -325 | D17: 3750 | E17: 1 | F17: =B17+Origin_X -> -700 | G17: =C17+Origin_Y -> -325
... A425: 420 | B425: 616.66667 | C425: 516.66667 | D425: 1666.6667 | E425: 63 | F425: =B425+Origin_X -> 616.66667 | G425: =C425+Origin_Y -> 516.66667

Sheet Result
A1: FORMULA-DRIVEN CHART AUDIT
B2: Displayed values are formulas. Each resolved station criterion determines ε₀, κx and κy; the section result is then integrated from Materials and Mesh.
B3: Chart source | C3: Vertical
B4: Resistance stage | C4: design
B5: Selected beta (deg) | C5: 15
A6: Legend | B6: Editable calculation input | C6: Formula | D6: Generated / check | E6: Requires re-export / remesh
A7: # | B7: Resolved criterion | C7: P (kN) | D7: M (kN·m) | G7: Source key | H7: Station / role | I7: β (deg) | J7: Criterion basis | K7: Criterion value | L7: zc (mm) | M7: z control (mm) | N7: D (mm) | O7: εc | P7: ε control | Q7: κ (1/mm) | R7: ε₀ | S7: κx (1/mm) | T7: κy (1/mm) | U7: Concrete P | V7: Concrete Mx | W7: Concrete My | X7: Steel P | Y7: Steel Mx | Z7: Steel My | AA7: Base P | AB7: Base Mx | AC7: Base My | AD7: P scale | AE7: M scale | AF7: Final P | AG7: Final Mx | AH7: Final My | AI7: Engine P | AJ7: Engine Mx | AK7: Engine My | AL7: ΔP | AM7: ΔM | AN7: Calculation mode | AO7: Base engine P | AP7: Base engine Mx | AQ7: Base engine My | AR7: Concrete engine P | AS7: Concrete engine Mx | AT7: Concrete engine My | AU7: Steel engine P | AV7: Steel engine Mx | AW7: Steel engine My
A8: 1 | B8: Pure compression | C8: =$AF$8 -> 17670.346 | D8: =$AG$8*COS(RADIANS($C$5))+$AH$8*SIN(RADIANS($C$5)) -> 0 | G8: 10-pure-compression|0.17453292519943295|0 | H8: Pure compression | I8: 15 | J8: ε = constant | K8: 0.0033 | L8: =MAX(('Geometry'!$G$13*COS(RADIANS(I8))+'Geometry'!$F$13*SIN(RADIANS(I8))),('Geometry'!$G$14*COS(RADIANS(I8))+'Geometry'!$F$14*SIN(RADIANS(I8))),('Geometry'!$G$15*COS(RADIANS(I8))+'Geometry'!$F$15*SIN(RADIANS(I8))),('Geometry'!$G$16*COS(RADIANS(I8))+'Geometry'!$F$16*SIN(RADIANS(I8))),('Geometry'!$G$17*COS(RADIANS(I8))+'Geometry'!$F$17*SIN(RADIANS(I8))),('Geometry'!$G$18*COS(RADIANS(I8))+'Geometry'!$F$18*SIN(RADIANS(I8))),('Geometry'!$G$19*COS(RADIANS(I8))+'Geometry'!$F$19*SIN(RADIANS(I8))),('Geometry'!$G$20*COS(RADIANS(I8))+'Geometry'!$F$20*SIN(RADIANS(I8)))) -> 721.90597 | M8: =L8 -> -615.46831 | N8: =L8-MIN(('Geometry'!$G$13*COS(RADIANS(I8))+'Geometry'!$F$13*SIN(RADIANS(I8))),('Geometry'!$G$14*COS(RADIANS(I8))+'Geometry'!$F$14*SIN(RADIANS(I8))),('Geometry'!$G$15*COS(RADIANS(I8))+'Geometry'!$F$15*SIN(RADIANS(I8))),('Geometry'!$G$16*COS(RADIANS(I8))+'Geometry'!$F$16*SIN(RADIANS(I8))),('Geometry'!$G$17*COS(RADIANS(I8))+'Geometry'!$F$17*SIN(RADIANS(I8))),('Geometry'!$G$18*COS(RADIANS(I8))+'Geometry'!$F$18*SIN(RADIANS(I8))),('Geometry'!$G$19*COS(RADIANS(I8))+'Geometry'!$F$19*SIN(RADIANS(I8))),('Geometry'!$G$20*COS(RADIANS(I8))+'Geometry'!$F$20*SIN(RADIANS(I8)))) -> 1443.8119 | O8: =K8 -> 0.0033 | P8: =K8 -> 0.0033 | Q8: =0 -> 0 | R8: =K8 -> 0.0033 | S8: =Q8*COS(RADIANS(I8)) -> 0 | T8: =Q8*SIN(RADIANS(I8)) -> 0 | U8: =SUMPRODUCT(C_alpha*C_fck*(1-(1-((($R8+$S8*Mesh_Y+$T8*Mesh_X))*(($R8+$S8*Mesh_Y+$T8*Mesh_X)>0)*(($R8+$S8*Mesh_Y+$T8*Mesh_X)<C_eco)+C_eco*(($R8+$S8*Mesh_Y+$T8*Mesh_X)>=C_eco))/C_eco)^C_n)*((($R8+$S8*Mesh_Y+$T8*Mesh_X))>0),Mesh_A)/1000 -> 28560 | V8: =SUMPRODUCT(C_alpha*C_fck*(1-(1-((($R8+$S8*Mesh_Y+$T8*Mesh_X))*(($R8+$S8*Mesh_Y+$T8*Mesh_X)>0)*(($R8+$S8*Mesh_Y+$T8*Mesh_X)<C_eco)+C_eco*(($R8+$S8*Mesh_Y+$T8*Mesh_X)>=C_eco))/C_eco)^C_n)*((($R8+$S8*Mesh_Y+$T8*Mesh_X))>0),Mesh_A,Mesh_Y)/1000000 -> 7.4505806e-15 | W8: =SUMPRODUCT(C_alpha*C_fck*(1-(1-((($R8+$S8*Mesh_Y+$T8*Mesh_X))*(($R8+$S8*Mesh_Y+$T8*Mesh_X)>0)*(($R8+$S8*Mesh_Y+$T8*Mesh_X)<C_eco)+C_eco*(($R8+$S8*Mesh_Y+$T8*Mesh_X)>=C_eco))/C_eco)^C_n)*((($R8+$S8*Mesh_Y+$T8*Mesh_X))>0),Mesh_A,Mesh_X)/1000000 -> 2.4586916e-13 | X8: =(((MAX(MIN(S_1_Es*($R8+$S8*'Geometry'!$G$40+$T8*'Geometry'!$F$40),S_1_fy),-S_1_fy))-(IF(($R8+$S8*'Geometry'!$G$40+$T8*'Geometry'!$F$40)>0,IF(($R8+$S8*'Geometry'!$G$40+$T8*'Geometry'!$F$40)<=C_eco,C_alpha*C_fck*(1-(1-($R8+$S8*'Geometry'!$G$40+$T8*'Geometry'!$F$40)/C_eco)^C_n),C_alpha*C_fck),0)))*'Geometry'!$H$40+((MAX(MIN(S_1_Es*($R8+$S8*'Geometry'!$G$41+$T8*'Geometry'!$F$41),S_1_fy),-S_1_fy))-(IF(($R8+$S8*'Geometry'!$G$41+$T8*'Geometry'!$F$41)>0,IF(($R8+$S8*'Geometry'!$G$41+$T8*'Geometry'!$F$41)<=C_eco,C_alpha*C_fck*(1-(1-($R8+$S8*'Geometry'!$G$41+$T8*'Geometry'!$F$41)/C_eco)^C_n),C_alpha*C_fck),0)))*'Geometry'!$H$41+((MAX(MIN(S_1_Es*($R8+$S8*'Geometry'!$G$42+$T8*'Geometry'!$F$42),S_1_fy),-S_1_fy))-(IF(($R8+$S8*'Geometry'!$G$42+$T8*'Geometry'!$F$42)>0,IF(($R8+$S8*'Geometry'!$G$42+$T8*'Geometry'!$F$42)<=C_eco,C_alpha*C_fck*(1-(1-($R8+$S8*'Geometry'!$G$42+$T8*'Geometry'!$F$42)/C_eco)^C_n),C_alpha*C_fck),0)))*'Geometry'!$H$42+((MAX(MIN(S_1_Es*($R8+$S8*'Geometry'!$G$43+$T8*'Geometry'!$F$43),S_1_fy),-S_1_fy))-(IF(($R8+$S8*'Geometry'!$G$43+$T8*'Geometry'!$F$43)>0,IF(($R8+$S8*'Geometry'!$G$43+$T8*'Geometry'!$F$43)<=C_eco,C_alpha*C_fck*(1-(1-($R8+$S8*'Geometry'!$G$43+$T8*'Geometry'!$F$43)/C_eco)^C_n),C_alpha*C_fck),0)))*'Geometry'!$H$43+((MAX(MIN(S_1_Es*($R8+$S8*'Geometry'!$G$44+$T8*'Geometry'!$F$44),S_1_fy),-S_1_fy))-(IF(($R8+$S8*'Geometry'!$G$44+$T8*'Geometry'!$F$44)>0,IF(($R8+$S8*'Geometry'!$G$44+$T8*'Geometry'!$F$44)<=C_eco,C_alpha*C_fck*(1-(1-($R8+$S8*'Geometry'!$G$44+$T8*'Geometry'!$F$44)/C_eco)^C_n),C_alpha*C_fck),0)))*'Geometry'!$H$44+((MAX(MIN(S_1_Es*($R8+$S8*'Geometry'!$G$45+$T8*'Geometry'!$F$45),S_1_fy),-S_1_fy))-(IF(($R8+$S8*'Geometry'!$G$45+$T8*'Geometry'!$F$45)>0,IF(($R8+$S8*'Geometry'!$G$45+$T8*'Geometry'!$F$45)<=C_eco,C_alpha*C_fck*(1-(1-($R8+$S8*'Geometry'!$G$45+$T8*'Geometry'!$F$45)/C_eco)^C_n),C_alpha*C_fck),0)))*'Geometry'!$H$45+((MAX(MIN(S_1_Es*($R8+$S8*'Geometry'!$G$46+$T8*'Geometry'!$F$46),S_1_fy),-S_1_fy))-(IF(($R8+$S8*'Geometry'!$G$46+$T8*'Geometry'!$F$46)>0,IF(($R8+$S8*'Geometry'!$G$46+$T8*'Geometry'!$F$46)<=C_eco,C_alpha*C_fck*(1-(1-($R8+$S8*'Geometry'!$G$46+$T8*'Geometry'!$F$46)/C_eco)^C_n),C_alpha*C_fck),0)))*'Geometry'!$H$46+((MAX(MIN(S_1_Es*($R8+$S8*'Geometry'!$G$47+$T8*'Geometry'!$F$47),S_1_fy),-S_1_fy))-(IF(($R8+$S8*'Geometry'!$G$47+$T8*'Geometry'!$F$47)>0,IF(($R8+$S8*'Geometry'!$G$47+$T8*'Geometry'!$F$47)<=C_eco,C_alpha*C_fck*(1-(1-($R8+$S8*'Geometry'!$G$47+$T8*'Geometry'!$F$47)/C_eco)^C_n),C_alpha*C_fck),0)))*'Geometry'!$H$47+((MAX(MIN(S_1_Es*($R8+$S8*'Geometry'!$G$48+$T8*'Geometry'!$F$48),S_1_fy),-S_1_fy))-(IF(($R8+$S8*'Geometry'!$G$48+$T8*'Geometry'!$F$48)>0,IF(($R8+$S8*'Geometry'!$G$48+$T8*'Geometry'!$F$48)<=C_eco,C_alpha*C_fck*(1-(1-($R8+$S8*'Geometry'!$G$48+$T8*'Geometry'!$F$48)/C_eco)^C_n),C_alpha*C_fck),0)))*'Geometry'!$H$48+((MAX(MIN(S_1_Es*($R8+$S8*'Geometry'!$G$49+$T8*'Geometry'!$F$49),S_1_fy),-S_1_fy))-(IF(($R8+$S8*'Geometry'!$G$49+$T8*'Geometry'!$F$49)>0,IF(($R8+$S8*'Geometry'!$G$49+$T8*'Geometry'!$F$49)<=C_eco,C_alpha*C_fck*(1-(1-($R8+$S8*'Geometry'!$G$49+$T8*'Geometry'!$F$49)/C_eco)^C_n),C_alpha*C_fck),0)))*'Geometry'!$H$49+((MAX(MIN(S_1_Es*($R8+$S8*'Geometry'!$G$50+$T8*'Geometry'!$F$50),S_1_fy),-S_1_fy))-(IF(($R8+$S8*'Geometry'!$G$50+$T8*'Geometry'!$F$50)>0,IF(($R8+$S8*'Geometry'!$G$50+$T8*'Geometry'!$F$50)<=C_eco,C_alpha*C_fck*(1-(1-($R8+$S8*'Geometry'!$G$50+$T8*'Geometry'!$F$50)/C_eco)^C_n),C_alpha*C_fck),0)))*'Geometry'!$H$50+((MAX(MIN(S_1_Es*($R8+$S8*'Geometry'!$G$51+$T8*'Geometry'!$F$51),S_1_fy),-S_1_fy))-(IF(($R8+$S8*'Geometry'!$G$51+$T8*'Geometry'!$F$51)>0,IF(($R8+$S8*'Geometry'!$G$51+$T8*'Geometry'!$F$51)<=C_eco,C_alpha*C_fck*(1-(1-($R8+$S8*'Geometry'!$G$51+$T8*'Geometry'!$F$51)/C_eco)^C_n),C_alpha*C_fck),0)))*'Geometry'!$H$51+((MAX(MIN(S_1_Es*($R8+$S8*'Geometry'!$G$52+$T8*'Geometry'!$F$52),S_1_fy),-S_1_fy))-(IF(($R8+$S8*'Geometry'!$G$52+$T8*'Geometry'!$F$52)>0,IF(($R8+$S8*'Geometry'!$G$52+$T8*'Geometry'!$F$52)<=C_eco,C_alpha*C_fck*(1-(1-($R8+$S8*'Geometry'!$G$52+$T8*'Geometry'!$F$52)/C_eco)^C_n),C_alpha*C_fck),0)))*'Geometry'!$H$52+((MAX(MIN(S_1_Es*($R8+$S8*'Geometry'!$G$53+$T8*'Geometry'!$F$53),S_1_fy),-S_1_fy))-(IF(($R8+$S8*'Geometry'!$G$53+$T8*'Geometry'!$F$53)>0,IF(($R8+$S8*'Geometry'!$G$53+$T8*'Geometry'!$F$53)<=C_eco,C_alpha*C_fck*(1-(1-($R8+$S8*'Geometry'!$G$53+$T8*'Geometry'!$F$53)/C_eco)^C_n),C_alpha*C_fck),0)))*'Geometry'!$H$53+((MAX(MIN(S_1_Es*($R8+$S8*'Geometry'!$G$54+$T8*'Geometry'!$F$54),S_1_fy),-S_1_fy))-(IF(($R8+$S8*'Geometry'!$G$54+$T8*'Geometry'!$F$54)>0,IF(($R8+$S8*'Geometry'!$G$54+$T8*'Geometry'!$F$54)<=C_eco,C_alpha*C_fck*(1-(1-($R8+$S8*'Geometry'!$G$54+$T8*'Geometry'!$F$54)/C_eco)^C_n),C_alpha*C_fck),0)))*'Geometry'!$H$54+((MAX(MIN(S_1_Es*($R8+$S8*'Geometry'!$G$55+$T8*'Geometry'!$F$55),S_1_fy),-S_1_fy))-(IF(($R8+$S8*'Geometry'!$G$55+$T8*'Geometry'!$F$55)>0,IF(($R8+$S8*'Geometry'!$G$55+$T8*'Geometry'!$F$55)<=C_eco,C_alpha*C_fck*(1-(1-($R8+$S8*'Geometry'!$G$55+$T8*'Geometry'!$F$55)/C_eco)^C_n),C_alpha*C_fck),0)))*'Geometry'!$H$55+((MAX(MIN(S_1_Es*($R8+$S8*'Geometry'!$G$56+$T8*'Geometry'!$F$56),S_1_fy),-S_1_fy))-(IF(($R8+$S8*'Geometry'!$G$56+$T8*'Geometry'!$F$56)>0,IF(($R8+$S8*'Geometry'!$G$56+$T8*'Geometry'!$F$56)<=C_eco,C_alpha*C_fck*(1-(1-($R8+$S8*'Geometry'!$G$56+$T8*'Geometry'!$F$56)/C_eco)^C_n),C_alpha*C_fck),0)))*'Geometry'!$H$56+((MAX(MIN(S_1_Es*($R8+$S8*'Geometry'!$G$57+$T8*'Geometry'!$F$57),S_1_fy),-S_1_fy))-(IF(($R8+$S8*'Geometry'!$G$57+$T8*'Geometry'!$F$57)>0,IF(($R8+$S8*'Geometry'!$G$57+$T8*'Geometry'!$F$57)<=C_eco,C_alpha*C_fck*(1-(1-($R8+$S8*'Geometry'!$G$57+$T8*'Geometry'!$F$57)/C_eco)^C_n),C_alpha*C_fck),0)))*'Geometry'!$H$57)/1000 -> 5421.4339 | Y8: =(((MAX(MIN(S_1_Es*($R8+$S8*'Geometry'!$G$40+$T8*'Geometry'!$F$40),S_1_fy),-S_1_fy))-(IF(($R8+$S8*'Geometry'!$G$40+$T8*'Geometry'!$F$40)>0,IF(($R8+$S8*'Geometry'!$G$40+$T8*'Geometry'!$F$40)<=C_eco,C_alpha*C_fck*(1-(1-($R8+$S8*'Geometry'!$G$40+$T8*'Geometry'!$F$40)/C_eco)^C_n),C_alpha*C_fck),0)))*'Geometry'!$H$40*'Geometry'!$G$40+((MAX(MIN(S_1_Es*($R8+$S8*'Geometry'!$G$41+$T8*'Geometry'!$F$41),S_1_fy),-S_1_fy))-(IF(($R8+$S8*'Geometry'!$G$41+$T8*'Geometry'!$F$41)>0,IF(($R8+$S8*'Geometry'!$G$41+$T8*'Geometry'!$F$41)<=C_eco,C_alpha*C_fck*(1-(1-($R8+$S8*'Geometry'!$G$41+$T8*'Geometry'!$F$41)/C_eco)^C_n),C_alpha*C_fck),0)))*'Geometry'!$H$41*'Geometry'!$G$41+((MAX(MIN(S_1_Es*($R8+$S8*'Geometry'!$G$42+$T8*'Geometry'!$F$42),S_1_fy),-S_1_fy))-(IF(($R8+$S8*'Geometry'!$G$42+$T8*'Geometry'!$F$42)>0,IF(($R8+$S8*'Geometry'!$G$42+$T8*'Geometry'!$F$42)<=C_eco,C_alpha*C_fck*(1-(1-($R8+$S8*'Geometry'!$G$42+$T8*'Geometry'!$F$42)/C_eco)^C_n),C_alpha*C_fck),0)))*'Geometry'!$H$42*'Geometry'!$G$42+((MAX(MIN(S_1_Es*($R8+$S8*'Geometry'!$G$43+$T8*'Geometry'!$F$43),S_1_fy),-S_1_fy))-(IF(($R8+$S8*'Geometry'!$G$43+$T8*'Geometry'!$F$43)>0,IF(($R8+$S8*'Geometry'!$G$43+$T8*'Geometry'!$F$43)<=C_eco,C_alpha*C_fck*(1-(1-($R8+$S8*'Geometry'!$G$43+$T8*'Geometry'!$F$43)/C_eco)^C_n),C_alpha*C_fck),0)))*'Geometry'!$H$43*'Geometry'!$G$43+((MAX(MIN(S_1_Es*($R8+$S8*'Geometry'!$G$44+$T8*'Geometry'!$F$44),S_1_fy),-S_1_fy))-(IF(($R8+$S8*'Geometry'!$G$44+$T8*'Geometry'!$F$44)>0,IF(($R8+$S8*'Geometry'!$G$44+$T8*'Geometry'!$F$44)<=C_eco,C_alpha*C_fck*(1-(1-($R8+$S8*'Geometry'!$G$44+$T8*'Geometry'!$F$44)/C_eco)^C_n),C_alpha*C_fck),0)))*'Geometry'!$H$44*'Geometry'!$G$44+((MAX(MIN(S_1_Es*($R8+$S8*'Geometry'!$G$45+$T8*'Geometry'!$F$45),S_1_fy),-S_1_fy))-(IF(($R8+$S8*'Geometry'!$G$45+$T8*'Geometry'!$F$45)>0,IF(($R8+$S8*'Geometry'!$G$45+$T8*'Geometry'!$F$45)<=C_eco,C_alpha*C_fck*(1-(1-($R8+$S8*'Geometry'!$G$45+$T8*'Geometry'!$F$45)/C_eco)^C_n),C_alpha*C_fck),0)))*'Geometry'!$H$45*'Geometry'!$G$45+((MAX(MIN(S_1_Es*($R8+$S8*'Geometry'!$G$46+$T8*'Geometry'!$F$46),S_1_fy),-S_1_fy))-(IF(($R8+$S8*'Geometry'!$G$46+$T8*'Geometry'!$F$46)>0,IF(($R8+$S8*'Geometry'!$G$46+$T8*'Geometry'!$F$46)<=C_eco,C_alpha*C_fck*(1-(1-($R8+$S8*'Geometry'!$G$46+$T8*'Geometry'!$F$46)/C_eco)^C_n),C_alpha*C_fck),0)))*'Geometry'!$H$46*'Geometry'!$G$46+((MAX(MIN(S_1_Es*($R8+$S8*'Geometry'!$G$47+$T8*'Geometry'!$F$47),S_1_fy),-S_1_fy))-(IF(($R8+$S8*'Geometry'!$G$47+$T8*'Geometry'!$F$47)>0,IF(($R8+$S8*'Geometry'!$G$47+$T8*'Geometry'!$F$47)<=C_eco,C_alpha*C_fck*(1-(1-($R8+$S8*'Geometry'!$G$47+$T8*'Geometry'!$F$47)/C_eco)^C_n),C_alpha*C_fck),0)))*'Geometry'!$H$47*'Geometry'!$G$47+((MAX(MIN(S_1_Es*($R8+$S8*'Geometry'!$G$48+$T8*'Geometry'!$F$48),S_1_fy),-S_1_fy))-(IF(($R8+$S8*'Geometry'!$G$48+$T8*'Geometry'!$F$48)>0,IF(($R8+$S8*'Geometry'!$G$48+$T8*'Geometry'!$F$48)<=C_eco,C_alpha*C_fck*(1-(1-($R8+$S8*'Geometry'!$G$48+$T8*'Geometry'!$F$48)/C_eco)^C_n),C_alpha*C_fck),0)))*'Geometry'!$H$48*'Geometry'!$G$48+((MAX(MIN(S_1_Es*($R8+$S8*'Geometry'!$G$49+$T8*'Geometry'!$F$49),S_1_fy),-S_1_fy))-(IF(($R8+$S8*'Geometry'!$G$49+$T8*'Geometry'!$F$49)>0,IF(($R8+$S8*'Geometry'!$G$49+$T8*'Geometry'!$F$49)<=C_eco,C_alpha*C_fck*(1-(1-($R8+$S8*'Geometry'!$G$49+$T8*'Geometry'!$F$49)/C_eco)^C_n),C_alpha*C_fck),0)))*'Geometry'!$H$49*'Geometry'!$G$49+((MAX(MIN(S_1_Es*($R8+$S8*'Geometry'!$G$50+$T8*'Geometry'!$F$50),S_1_fy),-S_1_fy))-(IF(($R8+$S8*'Geometry'!$G$50+$T8*'Geometry'!$F$50)>0,IF(($R8+$S8*'Geometry'!$G$50+$T8*'Geometry'!$F$50)<=C_eco,C_alpha*C_fck*(1-(1-($R8+$S8*'Geometry'!$G$50+$T8*'Geometry'!$F$50)/C_eco)^C_n),C_alpha*C_fck),0)))*'Geometry'!$H$50*'Geometry'!$G$50+((MAX(MIN(S_1_Es*($R8+$S8*'Geometry'!$G$51+$T8*'Geometry'!$F$51),S_1_fy),-S_1_fy))-(IF(($R8+$S8*'Geometry'!$G$51+$T8*'Geometry'!$F$51)>0,IF(($R8+$S8*'Geometry'!$G$51+$T8*'Geometry'!$F$51)<=C_eco,C_alpha*C_fck*(1-(1-($R8+$S8*'Geometry'!$G$51+$T8*'Geometry'!$F$51)/C_eco)^C_n),C_alpha*C_fck),0)))*'Geometry'!$H$51*'Geometry'!$G$51+((MAX(MIN(S_1_Es*($R8+$S8*'Geometry'!$G$52+$T8*'Geometry'!$F$52),S_1_fy),-S_1_fy))-(IF(($R8+$S8*'Geometry'!$G$52+$T8*'Geometry'!$F$52)>0,IF(($R8+$S8*'Geometry'!$G$52+$T8*'Geometry'!$F$52)<=C_eco,C_alpha*C_fck*(1-(1-($R8+$S8*'Geometry'!$G$52+$T8*'Geometry'!$F$52)/C_eco)^C_n),C_alpha*C_fck),0)))*'Geometry'!$H$52*'Geometry'!$G$52+((MAX(MIN(S_1_Es*($R8+$S8*'Geometry'!$G$53+$T8*'Geometry'!$F$53),S_1_fy),-S_1_fy))-(IF(($R8+$S8*'Geometry'!$G$53+$T8*'Geometry'!$F$53)>0,IF(($R8+$S8*'Geometry'!$G$53+$T8*'Geometry'!$F$53)<=C_eco,C_alpha*C_fck*(1-(1-($R8+$S8*'Geometry'!$G$53+$T8*'Geometry'!$F$53)/C_eco)^C_n),C_alpha*C_fck),0)))*'Geometry'!$H$53*'Geometry'!$G$53+((MAX(MIN(S_1_Es*($R8+$S8*'Geometry'!$G$54+$T8*'Geometry'!$F$54),S_1_fy),-S_1_fy))-(IF(($R8+$S8*'Geometry'!$G$54+$T8*'Geometry'!$F$54)>0,IF(($R8+$S8*'Geometry'!$G$54+$T8*'Geometry'!$F$54)<=C_eco,C_alpha*C_fck*(1-(1-($R8+$S8*'Geometry'!$G$54+$T8*'Geometry'!$F$54)/C_eco)^C_n),C_alpha*C_fck),0)))*'Geometry'!$H$54*'Geometry'!$G$54+((MAX(MIN(S_1_Es*($R8+$S8*'Geometry'!$G$55+$T8*'Geometry'!$F$55),S_1_fy),-S_1_fy))-(IF(($R8+$S8*'Geometry'!$G$55+$T8*'Geometry'!$F$55)>0,IF(($R8+$S8*'Geometry'!$G$55+$T8*'Geometry'!$F$55)<=C_eco,C_alpha*C_fck*(1-(1-($R8+$S8*'Geometry'!$G$55+$T8*'Geometry'!$F$55)/C_eco)^C_n),C_alpha*C_fck),0)))*'Geometry'!$H$55*'Geometry'!$G$55+((MAX(MIN(S_1_Es*($R8+$S8*'Geometry'!$G$56+$T8*'Geometry'!$F$56),S_1_fy),-S_1_fy))-(IF(($R8+$S8*'Geometry'!$G$56+$T8*'Geometry'!$F$56)>0,IF(($R8+$S8*'Geometry'!$G$56+$T8*'Geometry'!$F$56)<=C_eco,C_alpha*C_fck*(1-(1-($R8+$S8*'Geometry'!$G$56+$T8*'Geometry'!$F$56)/C_eco)^C_n),C_alpha*C_fck),0)))*'Geometry'!$H$56*'Geometry'!$G$56+((MAX(MIN(S_1_Es*($R8+$S8*'Geometry'!$G$57+$T8*'Geometry'!$F$57),S_1_fy),-S_1_fy))-(IF(($R8+$S8*'Geometry'!$G$57+$T8*'Geometry'!$F$57)>0,IF(($R8+$S8*'Geometry'!$G$57+$T8*'Geometry'!$F$57)<=C_eco,C_alpha*C_fck*(1-(1-($R8+$S8*'Geometry'!$G$57+$T8*'Geometry'!$F$57)/C_eco)^C_n),C_alpha*C_fck),0)))*'Geometry'!$H$57*'Geometry'!$G$57)/1000000 -> 0 | Z8: =(((MAX(MIN(S_1_Es*($R8+$S8*'Geometry'!$G$40+$T8*'Geometry'!$F$40),S_1_fy),-S_1_fy))-(IF(($R8+$S8*'Geometry'!$G$40+$T8*'Geometry'!$F$40)>0,IF(($R8+$S8*'Geometry'!$G$40+$T8*'Geometry'!$F$40)<=C_eco,C_alpha*C_fck*(1-(1-($R8+$S8*'Geometry'!$G$40+$T8*'Geometry'!$F$40)/C_eco)^C_n),C_alpha*C_fck),0)))*'Geometry'!$H$40*'Geometry'!$F$40+((MAX(MIN(S_1_Es*($R8+$S8*'Geometry'!$G$41+$T8*'Geometry'!$F$41),S_1_fy),-S_1_fy))-(IF(($R8+$S8*'Geometry'!$G$41+$T8*'Geometry'!$F$41)>0,IF(($R8+$S8*'Geometry'!$G$41+$T8*'Geometry'!$F$41)<=C_eco,C_alpha*C_fck*(1-(1-($R8+$S8*'Geometry'!$G$41+$T8*'Geometry'!$F$41)/C_eco)^C_n),C_alpha*C_fck),0)))*'Geometry'!$H$41*'Geometry'!$F$41+((MAX(MIN(S_1_Es*($R8+$S8*'Geometry'!$G$42+$T8*'Geometry'!$F$42),S_1_fy),-S_1_fy))-(IF(($R8+$S8*'Geometry'!$G$42+$T8*'Geometry'!$F$42)>0,IF(($R8+$S8*'Geometry'!$G$42+$T8*'Geometry'!$F$42)<=C_eco,C_alpha*C_fck*(1-(1-($R8+$S8*'Geometry'!$G$42+$T8*'Geometry'!$F$42)/C_eco)^C_n),C_alpha*C_fck),0)))*'Geometry'!$H$42*'Geometry'!$F$42+((MAX(MIN(S_1_Es*($R8+$S8*'Geometry'!$G$43+$T8*'Geometry'!$F$43),S_1_fy),-S_1_fy))-(IF(($R8+$S8*'Geometry'!$G$43+$T8*'Geometry'!$F$43)>0,IF(($R8+$S8*'Geometry'!$G$43+$T8*'Geometry'!$F$43)<=C_eco,C_alpha*C_fck*(1-(1-($R8+$S8*'Geometry'!$G$43+$T8*'Geometry'!$F$43)/C_eco)^C_n),C_alpha*C_fck),0)))*'Geometry'!$H$43*'Geometry'!$F$43+((MAX(MIN(S_1_Es*($R8+$S8*'Geometry'!$G$44+$T8*'Geometry'!$F$44),S_1_fy),-S_1_fy))-(IF(($R8+$S8*'Geometry'!$G$44+$T8*'Geometry'!$F$44)>0,IF(($R8+$S8*'Geometry'!$G$44+$T8*'Geometry'!$F$44)<=C_eco,C_alpha*C_fck*(1-(1-($R8+$S8*'Geometry'!$G$44+$T8*'Geometry'!$F$44)/C_eco)^C_n),C_alpha*C_fck),0)))*'Geometry'!$H$44*'Geometry'!$F$44+((MAX(MIN(S_1_Es*($R8+$S8*'Geometry'!$G$45+$T8*'Geometry'!$F$45),S_1_fy),-S_1_fy))-(IF(($R8+$S8*'Geometry'!$G$45+$T8*'Geometry'!$F$45)>0,IF(($R8+$S8*'Geometry'!$G$45+$T8*'Geometry'!$F$45)<=C_eco,C_alpha*C_fck*(1-(1-($R8+$S8*'Geometry'!$G$45+$T8*'Geometry'!$F$45)/C_eco)^C_n),C_alpha*C_fck),0)))*'Geometry'!$H$45*'Geometry'!$F$45+((MAX(MIN(S_1_Es*($R8+$S8*'Geometry'!$G$46+$T8*'Geometry'!$F$46),S_1_fy),-S_1_fy))-(IF(($R8+$S8*'Geometry'!$G$46+$T8*'Geometry'!$F$46)>0,IF(($R8+$S8*'Geometry'!$G$46+$T8*'Geometry'!$F$46)<=C_eco,C_alpha*C_fck*(1-(1-($R8+$S8*'Geometry'!$G$46+$T8*'Geometry'!$F$46)/C_eco)^C_n),C_alpha*C_fck),0)))*'Geometry'!$H$46*'Geometry'!$F$46+((MAX(MIN(S_1_Es*($R8+$S8*'Geometry'!$G$47+$T8*'Geometry'!$F$47),S_1_fy),-S_1_fy))-(IF(($R8+$S8*'Geometry'!$G$47+$T8*'Geometry'!$F$47)>0,IF(($R8+$S8*'Geometry'!$G$47+$T8*'Geometry'!$F$47)<=C_eco,C_alpha*C_fck*(1-(1-($R8+$S8*'Geometry'!$G$47+$T8*'Geometry'!$F$47)/C_eco)^C_n),C_alpha*C_fck),0)))*'Geometry'!$H$47*'Geometry'!$F$47+((MAX(MIN(S_1_Es*($R8+$S8*'Geometry'!$G$48+$T8*'Geometry'!$F$48),S_1_fy),-S_1_fy))-(IF(($R8+$S8*'Geometry'!$G$48+$T8*'Geometry'!$F$48)>0,IF(($R8+$S8*'Geometry'!$G$48+$T8*'Geometry'!$F$48)<=C_eco,C_alpha*C_fck*(1-(1-($R8+$S8*'Geometry'!$G$48+$T8*'Geometry'!$F$48)/C_eco)^C_n),C_alpha*C_fck),0)))*'Geometry'!$H$48*'Geometry'!$F$48+((MAX(MIN(S_1_Es*($R8+$S8*'Geometry'!$G$49+$T8*'Geometry'!$F$49),S_1_fy),-S_1_fy))-(IF(($R8+$S8*'Geometry'!$G$49+$T8*'Geometry'!$F$49)>0,IF(($R8+$S8*'Geometry'!$G$49+$T8*'Geometry'!$F$49)<=C_eco,C_alpha*C_fck*(1-(1-($R8+$S8*'Geometry'!$G$49+$T8*'Geometry'!$F$49)/C_eco)^C_n),C_alpha*C_fck),0)))*'Geometry'!$H$49*'Geometry'!$F$49+((MAX(MIN(S_1_Es*($R8+$S8*'Geometry'!$G$50+$T8*'Geometry'!$F$50),S_1_fy),-S_1_fy))-(IF(($R8+$S8*'Geometry'!$G$50+$T8*'Geometry'!$F$50)>0,IF(($R8+$S8*'Geometry'!$G$50+$T8*'Geometry'!$F$50)<=C_eco,C_alpha*C_fck*(1-(1-($R8+$S8*'Geometry'!$G$50+$T8*'Geometry'!$F$50)/C_eco)^C_n),C_alpha*C_fck),0)))*'Geometry'!$H$50*'Geometry'!$F$50+((MAX(MIN(S_1_Es*($R8+$S8*'Geometry'!$G$51+$T8*'Geometry'!$F$51),S_1_fy),-S_1_fy))-(IF(($R8+$S8*'Geometry'!$G$51+$T8*'Geometry'!$F$51)>0,IF(($R8+$S8*'Geometry'!$G$51+$T8*'Geometry'!$F$51)<=C_eco,C_alpha*C_fck*(1-(1-($R8+$S8*'Geometry'!$G$51+$T8*'Geometry'!$F$51)/C_eco)^C_n),C_alpha*C_fck),0)))*'Geometry'!$H$51*'Geometry'!$F$51+((MAX(MIN(S_1_Es*($R8+$S8*'Geometry'!$G$52+$T8*'Geometry'!$F$52),S_1_fy),-S_1_fy))-(IF(($R8+$S8*'Geometry'!$G$52+$T8*'Geometry'!$F$52)>0,IF(($R8+$S8*'Geometry'!$G$52+$T8*'Geometry'!$F$52)<=C_eco,C_alpha*C_fck*(1-(1-($R8+$S8*'Geometry'!$G$52+$T8*'Geometry'!$F$52)/C_eco)^C_n),C_alpha*C_fck),0)))*'Geometry'!$H$52*'Geometry'!$F$52+((MAX(MIN(S_1_Es*($R8+$S8*'Geometry'!$G$53+$T8*'Geometry'!$F$53),S_1_fy),-S_1_fy))-(IF(($R8+$S8*'Geometry'!$G$53+$T8*'Geometry'!$F$53)>0,IF(($R8+$S8*'Geometry'!$G$53+$T8*'Geometry'!$F$53)<=C_eco,C_alpha*C_fck*(1-(1-($R8+$S8*'Geometry'!$G$53+$T8*'Geometry'!$F$53)/C_eco)^C_n),C_alpha*C_fck),0)))*'Geometry'!$H$53*'Geometry'!$F$53+((MAX(MIN(S_1_Es*($R8+$S8*'Geometry'!$G$54+$T8*'Geometry'!$F$54),S_1_fy),-S_1_fy))-(IF(($R8+$S8*'Geometry'!$G$54+$T8*'Geometry'!$F$54)>0,IF(($R8+$S8*'Geometry'!$G$54+$T8*'Geometry'!$F$54)<=C_eco,C_alpha*C_fck*(1-(1-($R8+$S8*'Geometry'!$G$54+$T8*'Geometry'!$F$54)/C_eco)^C_n),C_alpha*C_fck),0)))*'Geometry'!$H$54*'Geometry'!$F$54+((MAX(MIN(S_1_Es*($R8+$S8*'Geometry'!$G$55+$T8*'Geometry'!$F$55),S_1_fy),-S_1_fy))-(IF(($R8+$S8*'Geometry'!$G$55+$T8*'Geometry'!$F$55)>0,IF(($R8+$S8*'Geometry'!$G$55+$T8*'Geometry'!$F$55)<=C_eco,C_alpha*C_fck*(1-(1-($R8+$S8*'Geometry'!$G$55+$T8*'Geometry'!$F$55)/C_eco)^C_n),C_alpha*C_fck),0)))*'Geometry'!$H$55*'Geometry'!$F$55+((MAX(MIN(S_1_Es*($R8+$S8*'Geometry'!$G$56+$T8*'Geometry'!$F$56),S_1_fy),-S_1_fy))-(IF(($R8+$S8*'Geometry'!$G$56+$T8*'Geometry'!$F$56)>0,IF(($R8+$S8*'Geometry'!$G$56+$T8*'Geometry'!$F$56)<=C_eco,C_alpha*C_fck*(1-(1-($R8+$S8*'Geometry'!$G$56+$T8*'Geometry'!$F$56)/C_eco)^C_n),C_alpha*C_fck),0)))*'Geometry'!$H$56*'Geometry'!$F$56+((MAX(MIN(S_1_Es*($R8+$S8*'Geometry'!$G$57+$T8*'Geometry'!$F$57),S_1_fy),-S_1_fy))-(IF(($R8+$S8*'Geometry'!$G$57+$T8*'Geometry'!$F$57)>0,IF(($R8+$S8*'Geometry'!$G$57+$T8*'Geometry'!$F$57)<=C_eco,C_alpha*C_fck*(1-(1-($R8+$S8*'Geometry'!$G$57+$T8*'Geometry'!$F$57)/C_eco)^C_n),C_alpha*C_fck),0)))*'Geometry'!$H$57*'Geometry'!$F$57)/1000000 -> -5.5879354e-14 | AA8: =U8+X8 -> 33981.434 | AB8: =V8+Y8 -> 7.4505806e-15 | AC8: =W8+Z8 -> 1.8998981e-13 | AD8: 0.52 | AE8: 1 | AF8: =AA8*AD8 -> 17670.346 | AG8: =AB8*AE8 -> 0 | AH8: =AC8*AE8 -> 0 | AI8: 17670.346 | AJ8: 0 | AK8: 0 | AL8: =AF8-AI8 -> 0 | AM8: =SQRT((AG8-AJ8)^2+(AH8-AK8)^2) -> 0 | AN8: mesh formula | AO8: 33981.434 | AP8: 7.4505806e-15 | AQ8: 1.8998981e-13 | AR8: 28560 | AS8: 7.4505806e-15 | AT8: 2.4586916e-13 | AU8: 5421.4339 | AV8: 0 | AW8: -5.5879354e-14
A9: 2 | B9: c/D = 3 | C9: =$AF$9 -> 17670.346 | D9: =$AG$9*COS(RADIANS($C$5))+$AH$9*SIN(RADIANS($C$5)) -> 344.96662 | G9: 10-station-1|0.17453292519943295|1 | H9: c/D = 3 | I9: 10 | J9: c/D | K9: 3 | L9: =MAX(('Geometry'!$G$13*COS(RADIANS(I9))+'Geometry'!$F$13*SIN(RADIANS(I9))),('Geometry'!$G$14*COS(RADIANS(I9))+'Geometry'!$F$14*SIN(RADIANS(I9))),('Geometry'!$G$15*COS(RADIANS(I9))+'Geometry'!$F$15*SIN(RADIANS(I9))),('Geometry'!$G$16*COS(RADIANS(I9))+'Geometry'!$F$16*SIN(RADIANS(I9))),('Geometry'!$G$17*COS(RADIANS(I9))+'Geometry'!$F$17*SIN(RADIANS(I9))),('Geometry'!$G$18*COS(RADIANS(I9))+'Geometry'!$F$18*SIN(RADIANS(I9))),('Geometry'!$G$19*COS(RADIANS(I9))+'Geometry'!$F$19*SIN(RADIANS(I9))),('Geometry'!$G$20*COS(RADIANS(I9))+'Geometry'!$F$20*SIN(RADIANS(I9)))) -> 686.39115 | M9: =L9-K9*N9 -> -3431.9557 | N9: =L9-MIN(('Geometry'!$G$13*COS(RADIANS(I9))+'Geometry'!$F$13*SIN(RADIANS(I9))),('Geometry'!$G$14*COS(RADIANS(I9))+'Geometry'!$F$14*SIN(RADIANS(I9))),('Geometry'!$G$15*COS(RADIANS(I9))+'Geometry'!$F$15*SIN(RADIANS(I9))),('Geometry'!$G$16*COS(RADIANS(I9))+'Geometry'!$F$16*SIN(RADIANS(I9))),('Geometry'!$G$17*COS(RADIANS(I9))+'Geometry'!$F$17*SIN(RADIANS(I9))),('Geometry'!$G$18*COS(RADIANS(I9))+'Geometry'!$F$18*SIN(RADIANS(I9))),('Geometry'!$G$19*COS(RADIANS(I9))+'Geometry'!$F$19*SIN(RADIANS(I9))),('Geometry'!$G$20*COS(RADIANS(I9))+'Geometry'!$F$20*SIN(RADIANS(I9)))) -> 1372.7823 | O9: =C_ecu -> 0.0033 | P9: =0 -> 0 | Q9: =IF(ABS(L9-M9)<0.000000000001,0,(O9-P9)/(L9-M9)) -> 8.0129238e-07 | R9: =O9-Q9*L9 -> 0.00275 | S9: =Q9*COS(RADIANS(I9)) -> 7.8911895e-07 | T9: =Q9*SIN(RADIANS(I9)) -> 1.3914296e-07 | U9: =SUMPRODUCT(C_alpha*C_fck*(1-(1-((($R9+$S9*Mesh_Y+$T9*Mesh_X))*(($R9+$S9*Mesh_Y+$T9*Mesh_X)>0)*(($R9+$S9*Mesh_Y+$T9*Mesh_X)<C_eco)+C_eco*(($R9+$S9*Mesh_Y+$T9*Mesh_X)>=C_eco))/C_eco)^C_n)*((($R9+$S9*Mesh_Y+$T9*Mesh_X))>0),Mesh_A)/1000 -> 28560 | V9: =SUMPRODUCT(C_alpha*C_fck*(1-(1-((($R9+$S9*Mesh_Y+$T9*Mesh_X))*(($R9+$S9*Mesh_Y+$T9*Mesh_X)>0)*(($R9+$S9*Mesh_Y+$T9*Mesh_X)<C_eco)+C_eco*(($R9+$S9*Mesh_Y+$T9*Mesh_X)>=C_eco))/C_eco)^C_n)*((($R9+$S9*Mesh_Y+$T9*Mesh_X))>0),Mesh_A,Mesh_Y)/1000000 -> 7.4505806e-15 | W9: =SUMPRODUCT(C_alpha*C_fck*(1-(1-((($R9+$S9*Mesh_Y+$T9*Mesh_X))*(($R9+$S9*Mesh_Y+$T9*Mesh_X)>0)*(($R9+$S9*Mesh_Y+$T9*Mesh_X)<C_eco)+C_eco*(($R9+$S9*Mesh_Y+$T9*Mesh_X)>=C_eco))/C_eco)^C_n)*((($R9+$S9*Mesh_Y+$T9*Mesh_X))>0),Mesh_A,Mesh_X)/1000000 -> 2.4586916e-13 | X9: =(((MAX(MIN(S_1_Es*($R9+$S9*'Geometry'!$G$40+$T9*'Geometry'!$F$40),S_1_fy),-S_1_fy))-(IF(($R9+$S9*'Geometry'!$G$40+$T9*'Geometry'!$F$40)>0,IF(($R9+$S9*'Geometry'!$G$40+$T9*'Geometry'!$F$40)<=C_eco,C_alpha*C_fck*(1-(1-($R9+$S9*'Geometry'!$G$40+$T9*'Geometry'!$F$40)/C_eco)^C_n),C_alpha*C_fck),0)))*'Geometry'!$H$40+((MAX(MIN(S_1_Es*($R9+$S9*'Geometry'!$G$41+$T9*'Geometry'!$F$41),S_1_fy),-S_1_fy))-(IF(($R9+$S9*'Geometry'!$G$41+$T9*'Geometry'!$F$41)>0,IF(($R9+$S9*'Geometry'!$G$41+$T9*'Geometry'!$F$41)<=C_eco,C_alpha*C_fck*(1-(1-($R9+$S9*'Geometry'!$G$41+$T9*'Geometry'!$F$41)/C_eco)^C_n),C_alpha*C_fck),0)))*'Geometry'!$H$41+((MAX(MIN(S_1_Es*($R9+$S9*'Geometry'!$G$42+$T9*'Geometry'!$F$42),S_1_fy),-S_1_fy))-(IF(($R9+$S9*'Geometry'!$G$42+$T9*'Geometry'!$F$42)>0,IF(($R9+$S9*'Geometry'!$G$42+$T9*'Geometry'!$F$42)<=C_eco,C_alpha*C_fck*(1-(1-($R9+$S9*'Geometry'!$G$42+$T9*'Geometry'!$F$42)/C_eco)^C_n),C_alpha*C_fck),0)))*'Geometry'!$H$42+((MAX(MIN(S_1_Es*($R9+$S9*'Geometry'!$G$43+$T9*'Geometry'!$F$43),S_1_fy),-S_1_fy))-(IF(($R9+$S9*'Geometry'!$G$43+$T9*'Geometry'!$F$43)>0,IF(($R9+$S9*'Geometry'!$G$43+$T9*'Geometry'!$F$43)<=C_eco,C_alpha*C_fck*(1-(1-($R9+$S9*'Geometry'!$G$43+$T9*'Geometry'!$F$43)/C_eco)^C_n),C_alpha*C_fck),0)))*'Geometry'!$H$43+((MAX(MIN(S_1_Es*($R9+$S9*'Geometry'!$G$44+$T9*'Geometry'!$F$44),S_1_fy),-S_1_fy))-(IF(($R9+$S9*'Geometry'!$G$44+$T9*'Geometry'!$F$44)>0,IF(($R9+$S9*'Geometry'!$G$44+$T9*'Geometry'!$F$44)<=C_eco,C_alpha*C_fck*(1-(1-($R9+$S9*'Geometry'!$G$44+$T9*'Geometry'!$F$44)/C_eco)^C_n),C_alpha*C_fck),0)))*'Geometry'!$H$44+((MAX(MIN(S_1_Es*($R9+$S9*'Geometry'!$G$45+$T9*'Geometry'!$F$45),S_1_fy),-S_1_fy))-(IF(($R9+$S9*'Geometry'!$G$45+$T9*'Geometry'!$F$45)>0,IF(($R9+$S9*'Geometry'!$G$45+$T9*'Geometry'!$F$45)<=C_eco,C_alpha*C_fck*(1-(1-($R9+$S9*'Geometry'!$G$45+$T9*'Geometry'!$F$45)/C_eco)^C_n),C_alpha*C_fck),0)))*'Geometry'!$H$45+((MAX(MIN(S_1_Es*($R9+$S9*'Geometry'!$G$46+$T9*'Geometry'!$F$46),S_1_fy),-S_1_fy))-(IF(($R9+$S9*'Geometry'!$G$46+$T9*'Geometry'!$F$46)>0,IF(($R9+$S9*'Geometry'!$G$46+$T9*'Geometry'!$F$46)<=C_eco,C_alpha*C_fck*(1-(1-($R9+$S9*'Geometry'!$G$46+$T9*'Geometry'!$F$46)/C_eco)^C_n),C_alpha*C_fck),0)))*'Geometry'!$H$46+((MAX(MIN(S_1_Es*($R9+$S9*'Geometry'!$G$47+$T9*'Geometry'!$F$47),S_1_fy),-S_1_fy))-(IF(($R9+$S9*'Geometry'!$G$47+$T9*'Geometry'!$F$47)>0,IF(($R9+$S9*'Geometry'!$G$47+$T9*'Geometry'!$F$47)<=C_eco,C_alpha*C_fck*(1-(1-($R9+$S9*'Geometry'!$G$47+$T9*'Geometry'!$F$47)/C_eco)^C_n),C_alpha*C_fck),0)))*'Geometry'!$H$47+((MAX(MIN(S_1_Es*($R9+$S9*'Geometry'!$G$48+$T9*'Geometry'!$F$48),S_1_fy),-S_1_fy))-(IF(($R9+$S9*'Geometry'!$G$48+$T9*'Geometry'!$F$48)>0,IF(($R9+$S9*'Geometry'!$G$48+$T9*'Geometry'!$F$48)<=C_eco,C_alpha*C_fck*(1-(1-($R9+$S9*'Geometry'!$G$48+$T9*'Geometry'!$F$48)/C_eco)^C_n),C_alpha*C_fck),0)))*'Geometry'!$H$48+((MAX(MIN(S_1_Es*($R9+$S9*'Geometry'!$G$49+$T9*'Geometry'!$F$49),S_1_fy),-S_1_fy))-(IF(($R9+$S9*'Geometry'!$G$49+$T9*'Geometry'!$F$49)>0,IF(($R9+$S9*'Geometry'!$G$49+$T9*'Geometry'!$F$49)<=C_eco,C_alpha*C_fck*(1-(1-($R9+$S9*'Geometry'!$G$49+$T9*'Geometry'!$F$49)/C_eco)^C_n),C_alpha*C_fck),0)))*'Geometry'!$H$49+((MAX(MIN(S_1_Es*($R9+$S9*'Geometry'!$G$50+$T9*'Geometry'!$F$50),S_1_fy),-S_1_fy))-(IF(($R9+$S9*'Geometry'!$G$50+$T9*'Geometry'!$F$50)>0,IF(($R9+$S9*'Geometry'!$G$50+$T9*'Geometry'!$F$50)<=C_eco,C_alpha*C_fck*(1-(1-($R9+$S9*'Geometry'!$G$50+$T9*'Geometry'!$F$50)/C_eco)^C_n),C_alpha*C_fck),0)))*'Geometry'!$H$50+((MAX(MIN(S_1_Es*($R9+$S9*'Geometry'!$G$51+$T9*'Geometry'!$F$51),S_1_fy),-S_1_fy))-(IF(($R9+$S9*'Geometry'!$G$51+$T9*'Geometry'!$F$51)>0,IF(($R9+$S9*'Geometry'!$G$51+$T9*'Geometry'!$F$51)<=C_eco,C_alpha*C_fck*(1-(1-($R9+$S9*'Geometry'!$G$51+$T9*'Geometry'!$F$51)/C_eco)^C_n),C_alpha*C_fck),0)))*'Geometry'!$H$51+((MAX(MIN(S_1_Es*($R9+$S9*'Geometry'!$G$52+$T9*'Geometry'!$F$52),S_1_fy),-S_1_fy))-(IF(($R9+$S9*'Geometry'!$G$52+$T9*'Geometry'!$F$52)>0,IF(($R9+$S9*'Geometry'!$G$52+$T9*'Geometry'!$F$52)<=C_eco,C_alpha*C_fck*(1-(1-($R9+$S9*'Geometry'!$G$52+$T9*'Geometry'!$F$52)/C_eco)^C_n),C_alpha*C_fck),0)))*'Geometry'!$H$52+((MAX(MIN(S_1_Es*($R9+$S9*'Geometry'!$G$53+$T9*'Geometry'!$F$53),S_1_fy),-S_1_fy))-(IF(($R9+$S9*'Geometry'!$G$53+$T9*'Geometry'!$F$53)>0,IF(($R9+$S9*'Geometry'!$G$53+$T9*'Geometry'!$F$53)<=C_eco,C_alpha*C_fck*(1-(1-($R9+$S9*'Geometry'!$G$53+$T9*'Geometry'!$F$53)/C_eco)^C_n),C_alpha*C_fck),0)))*'Geometry'!$H$53+((MAX(MIN(S_1_Es*($R9+$S9*'Geometry'!$G$54+$T9*'Geometry'!$F$54),S_1_fy),-S_1_fy))-(IF(($R9+$S9*'Geometry'!$G$54+$T9*'Geometry'!$F$54)>0,IF(($R9+$S9*'Geometry'!$G$54+$T9*'Geometry'!$F$54)<=C_eco,C_alpha*C_fck*(1-(1-($R9+$S9*'Geometry'!$G$54+$T9*'Geometry'!$F$54)/C_eco)^C_n),C_alpha*C_fck),0)))*'Geometry'!$H$54+((MAX(MIN(S_1_Es*($R9+$S9*'Geometry'!$G$55+$T9*'Geometry'!$F$55),S_1_fy),-S_1_fy))-(IF(($R9+$S9*'Geometry'!$G$55+$T9*'Geometry'!$F$55)>0,IF(($R9+$S9*'Geometry'!$G$55+$T9*'Geometry'!$F$55)<=C_eco,C_alpha*C_fck*(1-(1-($R9+$S9*'Geometry'!$G$55+$T9*'Geometry'!$F$55)/C_eco)^C_n),C_alpha*C_fck),0)))*'Geometry'!$H$55+((MAX(MIN(S_1_Es*($R9+$S9*'Geometry'!$G$56+$T9*'Geometry'!$F$56),S_1_fy),-S_1_fy))-(IF(($R9+$S9*'Geometry'!$G$56+$T9*'Geometry'!$F$56)>0,IF(($R9+$S9*'Geometry'!$G$56+$T9*'Geometry'!$F$56)<=C_eco,C_alpha*C_fck*(1-(1-($R9+$S9*'Geometry'!$G$56+$T9*'Geometry'!$F$56)/C_eco)^C_n),C_alpha*C_fck),0)))*'Geometry'!$H$56+((MAX(MIN(S_1_Es*($R9+$S9*'Geometry'!$G$57+$T9*'Geometry'!$F$57),S_1_fy),-S_1_fy))-(IF(($R9+$S9*'Geometry'!$G$57+$T9*'Geometry'!$F$57)>0,IF(($R9+$S9*'Geometry'!$G$57+$T9*'Geometry'!$F$57)<=C_eco,C_alpha*C_fck*(1-(1-($R9+$S9*'Geometry'!$G$57+$T9*'Geometry'!$F$57)/C_eco)^C_n),C_alpha*C_fck),0)))*'Geometry'!$H$57)/1000 -> 5421.4339 | Y9: =(((MAX(MIN(S_1_Es*($R9+$S9*'Geometry'!$G$40+$T9*'Geometry'!$F$40),S_1_fy),-S_1_fy))-(IF(($R9+$S9*'Geometry'!$G$40+$T9*'Geometry'!$F$40)>0,IF(($R9+$S9*'Geometry'!$G$40+$T9*'Geometry'!$F$40)<=C_eco,C_alpha*C_fck*(1-(1-($R9+$S9*'Geometry'!$G$40+$T9*'Geometry'!$F$40)/C_eco)^C_n),C_alpha*C_fck),0)))*'Geometry'!$H$40*'Geometry'!$G$40+((MAX(MIN(S_1_Es*($R9+$S9*'Geometry'!$G$41+$T9*'Geometry'!$F$41),S_1_fy),-S_1_fy))-(IF(($R9+$S9*'Geometry'!$G$41+$T9*'Geometry'!$F$41)>0,IF(($R9+$S9*'Geometry'!$G$41+$T9*'Geometry'!$F$41)<=C_eco,C_alpha*C_fck*(1-(1-($R9+$S9*'Geometry'!$G$41+$T9*'Geometry'!$F$41)/C_eco)^C_n),C_alpha*C_fck),0)))*'Geometry'!$H$41*'Geometry'!$G$41+((MAX(MIN(S_1_Es*($R9+$S9*'Geometry'!$G$42+$T9*'Geometry'!$F$42),S_1_fy),-S_1_fy))-(IF(($R9+$S9*'Geometry'!$G$42+$T9*'Geometry'!$F$42)>0,IF(($R9+$S9*'Geometry'!$G$42+$T9*'Geometry'!$F$42)<=C_eco,C_alpha*C_fck*(1-(1-($R9+$S9*'Geometry'!$G$42+$T9*'Geometry'!$F$42)/C_eco)^C_n),C_alpha*C_fck),0)))*'Geometry'!$H$42*'Geometry'!$G$42+((MAX(MIN(S_1_Es*($R9+$S9*'Geometry'!$G$43+$T9*'Geometry'!$F$43),S_1_fy),-S_1_fy))-(IF(($R9+$S9*'Geometry'!$G$43+$T9*'Geometry'!$F$43)>0,IF(($R9+$S9*'Geometry'!$G$43+$T9*'Geometry'!$F$43)<=C_eco,C_alpha*C_fck*(1-(1-($R9+$S9*'Geometry'!$G$43+$T9*'Geometry'!$F$43)/C_eco)^C_n),C_alpha*C_fck),0)))*'Geometry'!$H$43*'Geometry'!$G$43+((MAX(MIN(S_1_Es*($R9+$S9*'Geometry'!$G$44+$T9*'Geometry'!$F$44),S_1_fy),-S_1_fy))-(IF(($R9+$S9*'Geometry'!$G$44+$T9*'Geometry'!$F$44)>0,IF(($R9+$S9*'Geometry'!$G$44+$T9*'Geometry'!$F$44)<=C_eco,C_alpha*C_fck*(1-(1-($R9+$S9*'Geometry'!$G$44+$T9*'Geometry'!$F$44)/C_eco)^C_n),C_alpha*C_fck),0)))*'Geometry'!$H$44*'Geometry'!$G$44+((MAX(MIN(S_1_Es*($R9+$S9*'Geometry'!$G$45+$T9*'Geometry'!$F$45),S_1_fy),-S_1_fy))-(IF(($R9+$S9*'Geometry'!$G$45+$T9*'Geometry'!$F$45)>0,IF(($R9+$S9*'Geometry'!$G$45+$T9*'Geometry'!$F$45)<=C_eco,C_alpha*C_fck*(1-(1-($R9+$S9*'Geometry'!$G$45+$T9*'Geometry'!$F$45)/C_eco)^C_n),C_alpha*C_fck),0)))*'Geometry'!$H$45*'Geometry'!$G$45+((MAX(MIN(S_1_Es*($R9+$S9*'Geometry'!$G$46+$T9*'Geometry'!$F$46),S_1_fy),-S_1_fy))-(IF(($R9+$S9*'Geometry'!$G$46+$T9*'Geometry'!$F$46)>0,IF(($R9+$S9*'Geometry'!$G$46+$T9*'Geometry'!$F$46)<=C_eco,C_alpha*C_fck*(1-(1-($R9+$S9*'Geometry'!$G$46+$T9*'Geometry'!$F$46)/C_eco)^C_n),C_alpha*C_fck),0)))*'Geometry'!$H$46*'Geometry'!$G$46+((MAX(MIN(S_1_Es*($R9+$S9*'Geometry'!$G$47+$T9*'Geometry'!$F$47),S_1_fy),-S_1_fy))-(IF(($R9+$S9*'Geometry'!$G$47+$T9*'Geometry'!$F$47)>0,IF(($R9+$S9*'Geometry'!$G$47+$T9*'Geometry'!$F$47)<=C_eco,C_alpha*C_fck*(1-(1-($R9+$S9*'Geometry'!$G$47+$T9*'Geometry'!$F$47)/C_eco)^C_n),C_alpha*C_fck),0)))*'Geometry'!$H$47*'Geometry'!$G$47+((MAX(MIN(S_1_Es*($R9+$S9*'Geometry'!$G$48+$T9*'Geometry'!$F$48),S_1_fy),-S_1_fy))-(IF(($R9+$S9*'Geometry'!$G$48+$T9*'Geometry'!$F$48)>0,IF(($R9+$S9*'Geometry'!$G$48+$T9*'Geometry'!$F$48)<=C_eco,C_alpha*C_fck*(1-(1-($R9+$S9*'Geometry'!$G$48+$T9*'Geometry'!$F$48)/C_eco)^C_n),C_alpha*C_fck),0)))*'Geometry'!$H$48*'Geometry'!$G$48+((MAX(MIN(S_1_Es*($R9+$S9*'Geometry'!$G$49+$T9*'Geometry'!$F$49),S_1_fy),-S_1_fy))-(IF(($R9+$S9*'Geometry'!$G$49+$T9*'Geometry'!$F$49)>0,IF(($R9+$S9*'Geometry'!$G$49+$T9*'Geometry'!$F$49)<=C_eco,C_alpha*C_fck*(1-(1-($R9+$S9*'Geometry'!$G$49+$T9*'Geometry'!$F$49)/C_eco)^C_n),C_alpha*C_fck),0)))*'Geometry'!$H$49*'Geometry'!$G$49+((MAX(MIN(S_1_Es*($R9+$S9*'Geometry'!$G$50+$T9*'Geometry'!$F$50),S_1_fy),-S_1_fy))-(IF(($R9+$S9*'Geometry'!$G$50+$T9*'Geometry'!$F$50)>0,IF(($R9+$S9*'Geometry'!$G$50+$T9*'Geometry'!$F$50)<=C_eco,C_alpha*C_fck*(1-(1-($R9+$S9*'Geometry'!$G$50+$T9*'Geometry'!$F$50)/C_eco)^C_n),C_alpha*C_fck),0)))*'Geometry'!$H$50*'Geometry'!$G$50+((MAX(MIN(S_1_Es*($R9+$S9*'Geometry'!$G$51+$T9*'Geometry'!$F$51),S_1_fy),-S_1_fy))-(IF(($R9+$S9*'Geometry'!$G$51+$T9*'Geometry'!$F$51)>0,IF(($R9+$S9*'Geometry'!$G$51+$T9*'Geometry'!$F$51)<=C_eco,C_alpha*C_fck*(1-(1-($R9+$S9*'Geometry'!$G$51+$T9*'Geometry'!$F$51)/C_eco)^C_n),C_alpha*C_fck),0)))*'Geometry'!$H$51*'Geometry'!$G$51+((MAX(MIN(S_1_Es*($R9+$S9*'Geometry'!$G$52+$T9*'Geometry'!$F$52),S_1_fy),-S_1_fy))-(IF(($R9+$S9*'Geometry'!$G$52+$T9*'Geometry'!$F$52)>0,IF(($R9+$S9*'Geometry'!$G$52+$T9*'Geometry'!$F$52)<=C_eco,C_alpha*C_fck*(1-(1-($R9+$S9*'Geometry'!$G$52+$T9*'Geometry'!$F$52)/C_eco)^C_n),C_alpha*C_fck),0)))*'Geometry'!$H$52*'Geometry'!$G$52+((MAX(MIN(S_1_Es*($R9+$S9*'Geometry'!$G$53+$T9*'Geometry'!$F$53),S_1_fy),-S_1_fy))-(IF(($R9+$S9*'Geometry'!$G$53+$T9*'Geometry'!$F$53)>0,IF(($R9+$S9*'Geometry'!$G$53+$T9*'Geometry'!$F$53)<=C_eco,C_alpha*C_fck*(1-(1-($R9+$S9*'Geometry'!$G$53+$T9*'Geometry'!$F$53)/C_eco)^C_n),C_alpha*C_fck),0)))*'Geometry'!$H$53*'Geometry'!$G$53+((MAX(MIN(S_1_Es*($R9+$S9*'Geometry'!$G$54+$T9*'Geometry'!$F$54),S_1_fy),-S_1_fy))-(IF(($R9+$S9*'Geometry'!$G$54+$T9*'Geometry'!$F$54)>0,IF(($R9+$S9*'Geometry'!$G$54+$T9*'Geometry'!$F$54)<=C_eco,C_alpha*C_fck*(1-(1-($R9+$S9*'Geometry'!$G$54+$T9*'Geometry'!$F$54)/C_eco)^C_n),C_alpha*C_fck),0)))*'Geometry'!$H$54*'Geometry'!$G$54+((MAX(MIN(S_1_Es*($R9+$S9*'Geometry'!$G$55+$T9*'Geometry'!$F$55),S_1_fy),-S_1_fy))-(IF(($R9+$S9*'Geometry'!$G$55+$T9*'Geometry'!$F$55)>0,IF(($R9+$S9*'Geometry'!$G$55+$T9*'Geometry'!$F$55)<=C_eco,C_alpha*C_fck*(1-(1-($R9+$S9*'Geometry'!$G$55+$T9*'Geometry'!$F$55)/C_eco)^C_n),C_alpha*C_fck),0)))*'Geometry'!$H$55*'Geometry'!$G$55+((MAX(MIN(S_1_Es*($R9+$S9*'Geometry'!$G$56+$T9*'Geometry'!$F$56),S_1_fy),-S_1_fy))-(IF(($R9+$S9*'Geometry'!$G$56+$T9*'Geometry'!$F$56)>0,IF(($R9+$S9*'Geometry'!$G$56+$T9*'Geometry'!$F$56)<=C_eco,C_alpha*C_fck*(1-(1-($R9+$S9*'Geometry'!$G$56+$T9*'Geometry'!$F$56)/C_eco)^C_n),C_alpha*C_fck),0)))*'Geometry'!$H$56*'Geometry'!$G$56+((MAX(MIN(S_1_Es*($R9+$S9*'Geometry'!$G$57+$T9*'Geometry'!$F$57),S_1_fy),-S_1_fy))-(IF(($R9+$S9*'Geometry'!$G$57+$T9*'Geometry'!$F$57)>0,IF(($R9+$S9*'Geometry'!$G$57+$T9*'Geometry'!$F$57)<=C_eco,C_alpha*C_fck*(1-(1-($R9+$S9*'Geometry'!$G$57+$T9*'Geometry'!$F$57)/C_eco)^C_n),C_alpha*C_fck),0)))*'Geometry'!$H$57*'Geometry'!$G$57)/1000000 -> 0 | Z9: =(((MAX(MIN(S_1_Es*($R9+$S9*'Geometry'!$G$40+$T9*'Geometry'!$F$40),S_1_fy),-S_1_fy))-(IF(($R9+$S9*'Geometry'!$G$40+$T9*'Geometry'!$F$40)>0,IF(($R9+$S9*'Geometry'!$G$40+$T9*'Geometry'!$F$40)<=C_eco,C_alpha*C_fck*(1-(1-($R9+$S9*'Geometry'!$G$40+$T9*'Geometry'!$F$40)/C_eco)^C_n),C_alpha*C_fck),0)))*'Geometry'!$H$40*'Geometry'!$F$40+((MAX(MIN(S_1_Es*($R9+$S9*'Geometry'!$G$41+$T9*'Geometry'!$F$41),S_1_fy),-S_1_fy))-(IF(($R9+$S9*'Geometry'!$G$41+$T9*'Geometry'!$F$41)>0,IF(($R9+$S9*'Geometry'!$G$41+$T9*'Geometry'!$F$41)<=C_eco,C_alpha*C_fck*(1-(1-($R9+$S9*'Geometry'!$G$41+$T9*'Geometry'!$F$41)/C_eco)^C_n),C_alpha*C_fck),0)))*'Geometry'!$H$41*'Geometry'!$F$41+((MAX(MIN(S_1_Es*($R9+$S9*'Geometry'!$G$42+$T9*'Geometry'!$F$42),S_1_fy),-S_1_fy))-(IF(($R9+$S9*'Geometry'!$G$42+$T9*'Geometry'!$F$42)>0,IF(($R9+$S9*'Geometry'!$G$42+$T9*'Geometry'!$F$42)<=C_eco,C_alpha*C_fck*(1-(1-($R9+$S9*'Geometry'!$G$42+$T9*'Geometry'!$F$42)/C_eco)^C_n),C_alpha*C_fck),0)))*'Geometry'!$H$42*'Geometry'!$F$42+((MAX(MIN(S_1_Es*($R9+$S9*'Geometry'!$G$43+$T9*'Geometry'!$F$43),S_1_fy),-S_1_fy))-(IF(($R9+$S9*'Geometry'!$G$43+$T9*'Geometry'!$F$43)>0,IF(($R9+$S9*'Geometry'!$G$43+$T9*'Geometry'!$F$43)<=C_eco,C_alpha*C_fck*(1-(1-($R9+$S9*'Geometry'!$G$43+$T9*'Geometry'!$F$43)/C_eco)^C_n),C_alpha*C_fck),0)))*'Geometry'!$H$43*'Geometry'!$F$43+((MAX(MIN(S_1_Es*($R9+$S9*'Geometry'!$G$44+$T9*'Geometry'!$F$44),S_1_fy),-S_1_fy))-(IF(($R9+$S9*'Geometry'!$G$44+$T9*'Geometry'!$F$44)>0,IF(($R9+$S9*'Geometry'!$G$44+$T9*'Geometry'!$F$44)<=C_eco,C_alpha*C_fck*(1-(1-($R9+$S9*'Geometry'!$G$44+$T9*'Geometry'!$F$44)/C_eco)^C_n),C_alpha*C_fck),0)))*'Geometry'!$H$44*'Geometry'!$F$44+((MAX(MIN(S_1_Es*($R9+$S9*'Geometry'!$G$45+$T9*'Geometry'!$F$45),S_1_fy),-S_1_fy))-(IF(($R9+$S9*'Geometry'!$G$45+$T9*'Geometry'!$F$45)>0,IF(($R9+$S9*'Geometry'!$G$45+$T9*'Geometry'!$F$45)<=C_eco,C_alpha*C_fck*(1-(1-($R9+$S9*'Geometry'!$G$45+$T9*'Geometry'!$F$45)/C_eco)^C_n),C_alpha*C_fck),0)))*'Geometry'!$H$45*'Geometry'!$F$45+((MAX(MIN(S_1_Es*($R9+$S9*'Geometry'!$G$46+$T9*'Geometry'!$F$46),S_1_fy),-S_1_fy))-(IF(($R9+$S9*'Geometry'!$G$46+$T9*'Geometry'!$F$46)>0,IF(($R9+$S9*'Geometry'!$G$46+$T9*'Geometry'!$F$46)<=C_eco,C_alpha*C_fck*(1-(1-($R9+$S9*'Geometry'!$G$46+$T9*'Geometry'!$F$46)/C_eco)^C_n),C_alpha*C_fck),0)))*'Geometry'!$H$46*'Geometry'!$F$46+((MAX(MIN(S_1_Es*($R9+$S9*'Geometry'!$G$47+$T9*'Geometry'!$F$47),S_1_fy),-S_1_fy))-(IF(($R9+$S9*'Geometry'!$G$47+$T9*'Geometry'!$F$47)>0,IF(($R9+$S9*'Geometry'!$G$47+$T9*'Geometry'!$F$47)<=C_eco,C_alpha*C_fck*(1-(1-($R9+$S9*'Geometry'!$G$47+$T9*'Geometry'!$F$47)/C_eco)^C_n),C_alpha*C_fck),0)))*'Geometry'!$H$47*'Geometry'!$F$47+((MAX(MIN(S_1_Es*($R9+$S9*'Geometry'!$G$48+$T9*'Geometry'!$F$48),S_1_fy),-S_1_fy))-(IF(($R9+$S9*'Geometry'!$G$48+$T9*'Geometry'!$F$48)>0,IF(($R9+$S9*'Geometry'!$G$48+$T9*'Geometry'!$F$48)<=C_eco,C_alpha*C_fck*(1-(1-($R9+$S9*'Geometry'!$G$48+$T9*'Geometry'!$F$48)/C_eco)^C_n),C_alpha*C_fck),0)))*'Geometry'!$H$48*'Geometry'!$F$48+((MAX(MIN(S_1_Es*($R9+$S9*'Geometry'!$G$49+$T9*'Geometry'!$F$49),S_1_fy),-S_1_fy))-(IF(($R9+$S9*'Geometry'!$G$49+$T9*'Geometry'!$F$49)>0,IF(($R9+$S9*'Geometry'!$G$49+$T9*'Geometry'!$F$49)<=C_eco,C_alpha*C_fck*(1-(1-($R9+$S9*'Geometry'!$G$49+$T9*'Geometry'!$F$49)/C_eco)^C_n),C_alpha*C_fck),0)))*'Geometry'!$H$49*'Geometry'!$F$49+((MAX(MIN(S_1_Es*($R9+$S9*'Geometry'!$G$50+$T9*'Geometry'!$F$50),S_1_fy),-S_1_fy))-(IF(($R9+$S9*'Geometry'!$G$50+$T9*'Geometry'!$F$50)>0,IF(($R9+$S9*'Geometry'!$G$50+$T9*'Geometry'!$F$50)<=C_eco,C_alpha*C_fck*(1-(1-($R9+$S9*'Geometry'!$G$50+$T9*'Geometry'!$F$50)/C_eco)^C_n),C_alpha*C_fck),0)))*'Geometry'!$H$50*'Geometry'!$F$50+((MAX(MIN(S_1_Es*($R9+$S9*'Geometry'!$G$51+$T9*'Geometry'!$F$51),S_1_fy),-S_1_fy))-(IF(($R9+$S9*'Geometry'!$G$51+$T9*'Geometry'!$F$51)>0,IF(($R9+$S9*'Geometry'!$G$51+$T9*'Geometry'!$F$51)<=C_eco,C_alpha*C_fck*(1-(1-($R9+$S9*'Geometry'!$G$51+$T9*'Geometry'!$F$51)/C_eco)^C_n),C_alpha*C_fck),0)))*'Geometry'!$H$51*'Geometry'!$F$51+((MAX(MIN(S_1_Es*($R9+$S9*'Geometry'!$G$52+$T9*'Geometry'!$F$52),S_1_fy),-S_1_fy))-(IF(($R9+$S9*'Geometry'!$G$52+$T9*'Geometry'!$F$52)>0,IF(($R9+$S9*'Geometry'!$G$52+$T9*'Geometry'!$F$52)<=C_eco,C_alpha*C_fck*(1-(1-($R9+$S9*'Geometry'!$G$52+$T9*'Geometry'!$F$52)/C_eco)^C_n),C_alpha*C_fck),0)))*'Geometry'!$H$52*'Geometry'!$F$52+((MAX(MIN(S_1_Es*($R9+$S9*'Geometry'!$G$53+$T9*'Geometry'!$F$53),S_1_fy),-S_1_fy))-(IF(($R9+$S9*'Geometry'!$G$53+$T9*'Geometry'!$F$53)>0,IF(($R9+$S9*'Geometry'!$G$53+$T9*'Geometry'!$F$53)<=C_eco,C_alpha*C_fck*(1-(1-($R9+$S9*'Geometry'!$G$53+$T9*'Geometry'!$F$53)/C_eco)^C_n),C_alpha*C_fck),0)))*'Geometry'!$H$53*'Geometry'!$F$53+((MAX(MIN(S_1_Es*($R9+$S9*'Geometry'!$G$54+$T9*'Geometry'!$F$54),S_1_fy),-S_1_fy))-(IF(($R9+$S9*'Geometry'!$G$54+$T9*'Geometry'!$F$54)>0,IF(($R9+$S9*'Geometry'!$G$54+$T9*'Geometry'!$F$54)<=C_eco,C_alpha*C_fck*(1-(1-($R9+$S9*'Geometry'!$G$54+$T9*'Geometry'!$F$54)/C_eco)^C_n),C_alpha*C_fck),0)))*'Geometry'!$H$54*'Geometry'!$F$54+((MAX(MIN(S_1_Es*($R9+$S9*'Geometry'!$G$55+$T9*'Geometry'!$F$55),S_1_fy),-S_1_fy))-(IF(($R9+$S9*'Geometry'!$G$55+$T9*'Geometry'!$F$55)>0,IF(($R9+$S9*'Geometry'!$G$55+$T9*'Geometry'!$F$55)<=C_eco,C_alpha*C_fck*(1-(1-($R9+$S9*'Geometry'!$G$55+$T9*'Geometry'!$F$55)/C_eco)^C_n),C_alpha*C_fck),0)))*'Geometry'!$H$55*'Geometry'!$F$55+((MAX(MIN(S_1_Es*($R9+$S9*'Geometry'!$G$56+$T9*'Geometry'!$F$56),S_1_fy),-S_1_fy))-(IF(($R9+$S9*'Geometry'!$G$56+$T9*'Geometry'!$F$56)>0,IF(($R9+$S9*'Geometry'!$G$56+$T9*'Geometry'!$F$56)<=C_eco,C_alpha*C_fck*(1-(1-($R9+$S9*'Geometry'!$G$56+$T9*'Geometry'!$F$56)/C_eco)^C_n),C_alpha*C_fck),0)))*'Geometry'!$H$56*'Geometry'!$F$56+((MAX(MIN(S_1_Es*($R9+$S9*'Geometry'!$G$57+$T9*'Geometry'!$F$57),S_1_fy),-S_1_fy))-(IF(($R9+$S9*'Geometry'!$G$57+$T9*'Geometry'!$F$57)>0,IF(($R9+$S9*'Geometry'!$G$57+$T9*'Geometry'!$F$57)<=C_eco,C_alpha*C_fck*(1-(1-($R9+$S9*'Geometry'!$G$57+$T9*'Geometry'!$F$57)/C_eco)^C_n),C_alpha*C_fck),0)))*'Geometry'!$H$57*'Geometry'!$F$57)/1000000 -> -5.5879354e-14 | AA9: =U9+X9 -> 33981.434 | AB9: =V9+Y9 -> 7.4505806e-15 | AC9: =W9+Z9 -> 1.8998981e-13 | AD9: 0.52 | AE9: 0 | AF9: =AA9*AD9 -> 17670.346 | AG9: =AB9*AE9 -> 333.53729 | AH9: =AC9*AE9 -> 88.070562 | AI9: 17670.346 | AJ9: 333.53729 | AK9: 88.070562 | AL9: =AF9-AI9 -> 0 | AM9: =SQRT((AG9-AJ9)^2+(AH9-AK9)^2) -> 0 | AN9: mesh formula | AO9: 33981.434 | AP9: 7.4505806e-15 | AQ9: 1.8998981e-13 | AR9: 28560 | AS9: 7.4505806e-15 | AT9: 2.4586916e-13 | AU9: 5421.4339 | AV9: 0 | AW9: -5.5879354e-14
A10: 3 | B10: c/D = 2 | C10: =$AF$10 -> 17670.346 | D10: =$AG$10*COS(RADIANS($C$5))+$AH$10*SIN(RADIANS($C$5)) -> 689.93325 | G10: 10-station-2|0.17453292519943295|2 | H10: c/D = 2 | I10: 10 | J10: c/D | K10: 2 | L10: =MAX(('Geometry'!$G$13*COS(RADIANS(I10))+'Geometry'!$F$13*SIN(RADIANS(I10))),('Geometry'!$G$14*COS(RADIANS(I10))+'Geometry'!$F$14*SIN(RADIANS(I10))),('Geometry'!$G$15*COS(RADIANS(I10))+'Geometry'!$F$15*SIN(RADIANS(I10))),('Geometry'!$G$16*COS(RADIANS(I10))+'Geometry'!$F$16*SIN(RADIANS(I10))),('Geometry'!$G$17*COS(RADIANS(I10))+'Geometry'!$F$17*SIN(RADIANS(I10))),('Geometry'!$G$18*COS(RADIANS(I10))+'Geometry'!$F$18*SIN(RADIANS(I10))),('Geometry'!$G$19*COS(RADIANS(I10))+'Geometry'!$F$19*SIN(RADIANS(I10))),('Geometry'!$G$20*COS(RADIANS(I10))+'Geometry'!$F$20*SIN(RADIANS(I10)))) -> 686.39115 | M10: =L10-K10*N10 -> -2059.1734 | N10: =L10-MIN(('Geometry'!$G$13*COS(RADIANS(I10))+'Geometry'!$F$13*SIN(RADIANS(I10))),('Geometry'!$G$14*COS(RADIANS(I10))+'Geometry'!$F$14*SIN(RADIANS(I10))),('Geometry'!$G$15*COS(RADIANS(I10))+'Geometry'!$F$15*SIN(RADIANS(I10))),('Geometry'!$G$16*COS(RADIANS(I10))+'Geometry'!$F$16*SIN(RADIANS(I10))),('Geometry'!$G$17*COS(RADIANS(I10))+'Geometry'!$F$17*SIN(RADIANS(I10))),('Geometry'!$G$18*COS(RADIANS(I10))+'Geometry'!$F$18*SIN(RADIANS(I10))),('Geometry'!$G$19*COS(RADIANS(I10))+'Geometry'!$F$19*SIN(RADIANS(I10))),('Geometry'!$G$20*COS(RADIANS(I10))+'Geometry'!$F$20*SIN(RADIANS(I10)))) -> 1372.7823 | O10: =C_ecu -> 0.0033 | P10: =0 -> 0 | Q10: =IF(ABS(L10-M10)<0.000000000001,0,(O10-P10)/(L10-M10)) -> 1.2019386e-06 | R10: =O10-Q10*L10 -> 0.002475 | S10: =Q10*COS(RADIANS(I10)) -> 1.1836784e-06 | T10: =Q10*SIN(RADIANS(I10)) -> 2.0871444e-07 | U10: =SUMPRODUCT(C_alpha*C_fck*(1-(1-((($R10+$S10*Mesh_Y+$T10*Mesh_X))*(($R10+$S10*Mesh_Y+$T10*Mesh_X)>0)*(($R10+$S10*Mesh_Y+$T10*Mesh_X)<C_eco)+C_eco*(($R10+$S10*Mesh_Y+$T10*Mesh_X)>=C_eco))/C_eco)^C_n)*((($R10+$S10*Mesh_Y+$T10*Mesh_X))>0),Mesh_A)/1000 -> 28521.668 | V10: =SUMPRODUCT(C_alpha*C_fck*(1-(1-((($R10+$S10*Mesh_Y+$T10*Mesh_X))*(($R10+$S10*Mesh_Y+$T10*Mesh_X)>0)*(($R10+$S10*Mesh_Y+$T10*Mesh_X)<C_eco)+C_eco*(($R10+$S10*Mesh_Y+$T10*Mesh_X)>=C_eco))/C_eco)^C_n)*((($R10+$S10*Mesh_Y+$T10*Mesh_X))>0),Mesh_A,Mesh_Y)/1000000 -> 20.301678 | W10: =SUMPRODUCT(C_alpha*C_fck*(1-(1-((($R10+$S10*Mesh_Y+$T10*Mesh_X))*(($R10+$S10*Mesh_Y+$T10*Mesh_X)>0)*(($R10+$S10*Mesh_Y+$T10*Mesh_X)<C_eco)+C_eco*(($R10+$S10*Mesh_Y+$T10*Mesh_X)>=C_eco))/C_eco)^C_n)*((($R10+$S10*Mesh_Y+$T10*Mesh_X))>0),Mesh_A,Mesh_X)/1000000 -> 11.20319 | X10: =(((MAX(MIN(S_1_Es*($R10+$S10*'Geometry'!$G$40+$T10*'Geometry'!$F$40),S_1_fy),-S_1_fy))-(IF(($R10+$S10*'Geometry'!$G$40+$T10*'Geometry'!$F$40)>0,IF(($R10+$S10*'Geometry'!$G$40+$T10*'Geometry'!$F$40)<=C_eco,C_alpha*C_fck*(1-(1-($R10+$S10*'Geometry'!$G$40+$T10*'Geometry'!$F$40)/C_eco)^C_n),C_alpha*C_fck),0)))*'Geometry'!$H$40+((MAX(MIN(S_1_Es*($R10+$S10*'Geometry'!$G$41+$T10*'Geometry'!$F$41),S_1_fy),-S_1_fy))-(IF(($R10+$S10*'Geometry'!$G$41+$T10*'Geometry'!$F$41)>0,IF(($R10+$S10*'Geometry'!$G$41+$T10*'Geometry'!$F$41)<=C_eco,C_alpha*C_fck*(1-(1-($R10+$S10*'Geometry'!$G$41+$T10*'Geometry'!$F$41)/C_eco)^C_n),C_alpha*C_fck),0)))*'Geometry'!$H$41+((MAX(MIN(S_1_Es*($R10+$S10*'Geometry'!$G$42+$T10*'Geometry'!$F$42),S_1_fy),-S_1_fy))-(IF(($R10+$S10*'Geometry'!$G$42+$T10*'Geometry'!$F$42)>0,IF(($R10+$S10*'Geometry'!$G$42+$T10*'Geometry'!$F$42)<=C_eco,C_alpha*C_fck*(1-(1-($R10+$S10*'Geometry'!$G$42+$T10*'Geometry'!$F$42)/C_eco)^C_n),C_alpha*C_fck),0)))*'Geometry'!$H$42+((MAX(MIN(S_1_Es*($R10+$S10*'Geometry'!$G$43+$T10*'Geometry'!$F$43),S_1_fy),-S_1_fy))-(IF(($R10+$S10*'Geometry'!$G$43+$T10*'Geometry'!$F$43)>0,IF(($R10+$S10*'Geometry'!$G$43+$T10*'Geometry'!$F$43)<=C_eco,C_alpha*C_fck*(1-(1-($R10+$S10*'Geometry'!$G$43+$T10*'Geometry'!$F$43)/C_eco)^C_n),C_alpha*C_fck),0)))*'Geometry'!$H$43+((MAX(MIN(S_1_Es*($R10+$S10*'Geometry'!$G$44+$T10*'Geometry'!$F$44),S_1_fy),-S_1_fy))-(IF(($R10+$S10*'Geometry'!$G$44+$T10*'Geometry'!$F$44)>0,IF(($R10+$S10*'Geometry'!$G$44+$T10*'Geometry'!$F$44)<=C_eco,C_alpha*C_fck*(1-(1-($R10+$S10*'Geometry'!$G$44+$T10*'Geometry'!$F$44)/C_eco)^C_n),C_alpha*C_fck),0)))*'Geometry'!$H$44+((MAX(MIN(S_1_Es*($R10+$S10*'Geometry'!$G$45+$T10*'Geometry'!$F$45),S_1_fy),-S_1_fy))-(IF(($R10+$S10*'Geometry'!$G$45+$T10*'Geometry'!$F$45)>0,IF(($R10+$S10*'Geometry'!$G$45+$T10*'Geometry'!$F$45)<=C_eco,C_alpha*C_fck*(1-(1-($R10+$S10*'Geometry'!$G$45+$T10*'Geometry'!$F$45)/C_eco)^C_n),C_alpha*C_fck),0)))*'Geometry'!$H$45+((MAX(MIN(S_1_Es*($R10+$S10*'Geometry'!$G$46+$T10*'Geometry'!$F$46),S_1_fy),-S_1_fy))-(IF(($R10+$S10*'Geometry'!$G$46+$T10*'Geometry'!$F$46)>0,IF(($R10+$S10*'Geometry'!$G$46+$T10*'Geometry'!$F$46)<=C_eco,C_alpha*C_fck*(1-(1-($R10+$S10*'Geometry'!$G$46+$T10*'Geometry'!$F$46)/C_eco)^C_n),C_alpha*C_fck),0)))*'Geometry'!$H$46+((MAX(MIN(S_1_Es*($R10+$S10*'Geometry'!$G$47+$T10*'Geometry'!$F$47),S_1_fy),-S_1_fy))-(IF(($R10+$S10*'Geometry'!$G$47+$T10*'Geometry'!$F$47)>0,IF(($R10+$S10*'Geometry'!$G$47+$T10*'Geometry'!$F$47)<=C_eco,C_alpha*C_fck*(1-(1-($R10+$S10*'Geometry'!$G$47+$T10*'Geometry'!$F$47)/C_eco)^C_n),C_alpha*C_fck),0)))*'Geometry'!$H$47+((MAX(MIN(S_1_Es*($R10+$S10*'Geometry'!$G$48+$T10*'Geometry'!$F$48),S_1_fy),-S_1_fy))-(IF(($R10+$S10*'Geometry'!$G$48+$T10*'Geometry'!$F$48)>0,IF(($R10+$S10*'Geometry'!$G$48+$T10*'Geometry'!$F$48)<=C_eco,C_alpha*C_fck*(1-(1-($R10+$S10*'Geometry'!$G$48+$T10*'Geometry'!$F$48)/C_eco)^C_n),C_alpha*C_fck),0)))*'Geometry'!$H$48+((MAX(MIN(S_1_Es*($R10+$S10*'Geometry'!$G$49+$T10*'Geometry'!$F$49),S_1_fy),-S_1_fy))-(IF(($R10+$S10*'Geometry'!$G$49+$T10*'Geometry'!$F$49)>0,IF(($R10+$S10*'Geometry'!$G$49+$T10*'Geometry'!$F$49)<=C_eco,C_alpha*C_fck*(1-(1-($R10+$S10*'Geometry'!$G$49+$T10*'Geometry'!$F$49)/C_eco)^C_n),C_alpha*C_fck),0)))*'Geometry'!$H$49+((MAX(MIN(S_1_Es*($R10+$S10*'Geometry'!$G$50+$T10*'Geometry'!$F$50),S_1_fy),-S_1_fy))-(IF(($R10+$S10*'Geometry'!$G$50+$T10*'Geometry'!$F$50)>0,IF(($R10+$S10*'Geometry'!$G$50+$T10*'Geometry'!$F$50)<=C_eco,C_alpha*C_fck*(1-(1-($R10+$S10*'Geometry'!$G$50+$T10*'Geometry'!$F$50)/C_eco)^C_n),C_alpha*C_fck),0)))*'Geometry'!$H$50+((MAX(MIN(S_1_Es*($R10+$S10*'Geometry'!$G$51+$T10*'Geometry'!$F$51),S_1_fy),-S_1_fy))-(IF(($R10+$S10*'Geometry'!$G$51+$T10*'Geometry'!$F$51)>0,IF(($R10+$S10*'Geometry'!$G$51+$T10*'Geometry'!$F$51)<=C_eco,C_alpha*C_fck*(1-(1-($R10+$S10*'Geometry'!$G$51+$T10*'Geometry'!$F$51)/C_eco)^C_n),C_alpha*C_fck),0)))*'Geometry'!$H$51+((MAX(MIN(S_1_Es*($R10+$S10*'Geometry'!$G$52+$T10*'Geometry'!$F$52),S_1_fy),-S_1_fy))-(IF(($R10+$S10*'Geometry'!$G$52+$T10*'Geometry'!$F$52)>0,IF(($R10+$S10*'Geometry'!$G$52+$T10*'Geometry'!$F$52)<=C_eco,C_alpha*C_fck*(1-(1-($R10+$S10*'Geometry'!$G$52+$T10*'Geometry'!$F$52)/C_eco)^C_n),C_alpha*C_fck),0)))*'Geometry'!$H$52+((MAX(MIN(S_1_Es*($R10+$S10*'Geometry'!$G$53+$T10*'Geometry'!$F$53),S_1_fy),-S_1_fy))-(IF(($R10+$S10*'Geometry'!$G$53+$T10*'Geometry'!$F$53)>0,IF(($R10+$S10*'Geometry'!$G$53+$T10*'Geometry'!$F$53)<=C_eco,C_alpha*C_fck*(1-(1-($R10+$S10*'Geometry'!$G$53+$T10*'Geometry'!$F$53)/C_eco)^C_n),C_alpha*C_fck),0)))*'Geometry'!$H$53+((MAX(MIN(S_1_Es*($R10+$S10*'Geometry'!$G$54+$T10*'Geometry'!$F$54),S_1_fy),-S_1_fy))-(IF(($R10+$S10*'Geometry'!$G$54+$T10*'Geometry'!$F$54)>0,IF(($R10+$S10*'Geometry'!$G$54+$T10*'Geometry'!$F$54)<=C_eco,C_alpha*C_fck*(1-(1-($R10+$S10*'Geometry'!$G$54+$T10*'Geometry'!$F$54)/C_eco)^C_n),C_alpha*C_fck),0)))*'Geometry'!$H$54+((MAX(MIN(S_1_Es*($R10+$S10*'Geometry'!$G$55+$T10*'Geometry'!$F$55),S_1_fy),-S_1_fy))-(IF(($R10+$S10*'Geometry'!$G$55+$T10*'Geometry'!$F$55)>0,IF(($R10+$S10*'Geometry'!$G$55+$T10*'Geometry'!$F$55)<=C_eco,C_alpha*C_fck*(1-(1-($R10+$S10*'Geometry'!$G$55+$T10*'Geometry'!$F$55)/C_eco)^C_n),C_alpha*C_fck),0)))*'Geometry'!$H$55+((MAX(MIN(S_1_Es*($R10+$S10*'Geometry'!$G$56+$T10*'Geometry'!$F$56),S_1_fy),-S_1_fy))-(IF(($R10+$S10*'Geometry'!$G$56+$T10*'Geometry'!$F$56)>0,IF(($R10+$S10*'Geometry'!$G$56+$T10*'Geometry'!$F$56)<=C_eco,C_alpha*C_fck*(1-(1-($R10+$S10*'Geometry'!$G$56+$T10*'Geometry'!$F$56)/C_eco)^C_n),C_alpha*C_fck),0)))*'Geometry'!$H$56+((MAX(MIN(S_1_Es*($R10+$S10*'Geometry'!$G$57+$T10*'Geometry'!$F$57),S_1_fy),-S_1_fy))-(IF(($R10+$S10*'Geometry'!$G$57+$T10*'Geometry'!$F$57)>0,IF(($R10+$S10*'Geometry'!$G$57+$T10*'Geometry'!$F$57)<=C_eco,C_alpha*C_fck*(1-(1-($R10+$S10*'Geometry'!$G$57+$T10*'Geometry'!$F$57)/C_eco)^C_n),C_alpha*C_fck),0)))*'Geometry'!$H$57)/1000 -> 5296.0505 | Y10: =(((MAX(MIN(S_1_Es*($R10+$S10*'Geometry'!$G$40+$T10*'Geometry'!$F$40),S_1_fy),-S_1_fy))-(IF(($R10+$S10*'Geometry'!$G$40+$T10*'Geometry'!$F$40)>0,IF(($R10+$S10*'Geometry'!$G$40+$T10*'Geometry'!$F$40)<=C_eco,C_alpha*C_fck*(1-(1-($R10+$S10*'Geometry'!$G$40+$T10*'Geometry'!$F$40)/C_eco)^C_n),C_alpha*C_fck),0)))*'Geometry'!$H$40*'Geometry'!$G$40+((MAX(MIN(S_1_Es*($R10+$S10*'Geometry'!$G$41+$T10*'Geometry'!$F$41),S_1_fy),-S_1_fy))-(IF(($R10+$S10*'Geometry'!$G$41+$T10*'Geometry'!$F$41)>0,IF(($R10+$S10*'Geometry'!$G$41+$T10*'Geometry'!$F$41)<=C_eco,C_alpha*C_fck*(1-(1-($R10+$S10*'Geometry'!$G$41+$T10*'Geometry'!$F$41)/C_eco)^C_n),C_alpha*C_fck),0)))*'Geometry'!$H$41*'Geometry'!$G$41+((MAX(MIN(S_1_Es*($R10+$S10*'Geometry'!$G$42+$T10*'Geometry'!$F$42),S_1_fy),-S_1_fy))-(IF(($R10+$S10*'Geometry'!$G$42+$T10*'Geometry'!$F$42)>0,IF(($R10+$S10*'Geometry'!$G$42+$T10*'Geometry'!$F$42)<=C_eco,C_alpha*C_fck*(1-(1-($R10+$S10*'Geometry'!$G$42+$T10*'Geometry'!$F$42)/C_eco)^C_n),C_alpha*C_fck),0)))*'Geometry'!$H$42*'Geometry'!$G$42+((MAX(MIN(S_1_Es*($R10+$S10*'Geometry'!$G$43+$T10*'Geometry'!$F$43),S_1_fy),-S_1_fy))-(IF(($R10+$S10*'Geometry'!$G$43+$T10*'Geometry'!$F$43)>0,IF(($R10+$S10*'Geometry'!$G$43+$T10*'Geometry'!$F$43)<=C_eco,C_alpha*C_fck*(1-(1-($R10+$S10*'Geometry'!$G$43+$T10*'Geometry'!$F$43)/C_eco)^C_n),C_alpha*C_fck),0)))*'Geometry'!$H$43*'Geometry'!$G$43+((MAX(MIN(S_1_Es*($R10+$S10*'Geometry'!$G$44+$T10*'Geometry'!$F$44),S_1_fy),-S_1_fy))-(IF(($R10+$S10*'Geometry'!$G$44+$T10*'Geometry'!$F$44)>0,IF(($R10+$S10*'Geometry'!$G$44+$T10*'Geometry'!$F$44)<=C_eco,C_alpha*C_fck*(1-(1-($R10+$S10*'Geometry'!$G$44+$T10*'Geometry'!$F$44)/C_eco)^C_n),C_alpha*C_fck),0)))*'Geometry'!$H$44*'Geometry'!$G$44+((MAX(MIN(S_1_Es*($R10+$S10*'Geometry'!$G$45+$T10*'Geometry'!$F$45),S_1_fy),-S_1_fy))-(IF(($R10+$S10*'Geometry'!$G$45+$T10*'Geometry'!$F$45)>0,IF(($R10+$S10*'Geometry'!$G$45+$T10*'Geometry'!$F$45)<=C_eco,C_alpha*C_fck*(1-(1-($R10+$S10*'Geometry'!$G$45+$T10*'Geometry'!$F$45)/C_eco)^C_n),C_alpha*C_fck),0)))*'Geometry'!$H$45*'Geometry'!$G$45+((MAX(MIN(S_1_Es*($R10+$S10*'Geometry'!$G$46+$T10*'Geometry'!$F$46),S_1_fy),-S_1_fy))-(IF(($R10+$S10*'Geometry'!$G$46+$T10*'Geometry'!$F$46)>0,IF(($R10+$S10*'Geometry'!$G$46+$T10*'Geometry'!$F$46)<=C_eco,C_alpha*C_fck*(1-(1-($R10+$S10*'Geometry'!$G$46+$T10*'Geometry'!$F$46)/C_eco)^C_n),C_alpha*C_fck),0)))*'Geometry'!$H$46*'Geometry'!$G$46+((MAX(MIN(S_1_Es*($R10+$S10*'Geometry'!$G$47+$T10*'Geometry'!$F$47),S_1_fy),-S_1_fy))-(IF(($R10+$S10*'Geometry'!$G$47+$T10*'Geometry'!$F$47)>0,IF(($R10+$S10*'Geometry'!$G$47+$T10*'Geometry'!$F$47)<=C_eco,C_alpha*C_fck*(1-(1-($R10+$S10*'Geometry'!$G$47+$T10*'Geometry'!$F$47)/C_eco)^C_n),C_alpha*C_fck),0)))*'Geometry'!$H$47*'Geometry'!$G$47+((MAX(MIN(S_1_Es*($R10+$S10*'Geometry'!$G$48+$T10*'Geometry'!$F$48),S_1_fy),-S_1_fy))-(IF(($R10+$S10*'Geometry'!$G$48+$T10*'Geometry'!$F$48)>0,IF(($R10+$S10*'Geometry'!$G$48+$T10*'Geometry'!$F$48)<=C_eco,C_alpha*C_fck*(1-(1-($R10+$S10*'Geometry'!$G$48+$T10*'Geometry'!$F$48)/C_eco)^C_n),C_alpha*C_fck),0)))*'Geometry'!$H$48*'Geometry'!$G$48+((MAX(MIN(S_1_Es*($R10+$S10*'Geometry'!$G$49+$T10*'Geometry'!$F$49),S_1_fy),-S_1_fy))-(IF(($R10+$S10*'Geometry'!$G$49+$T10*'Geometry'!$F$49)>0,IF(($R10+$S10*'Geometry'!$G$49+$T10*'Geometry'!$F$49)<=C_eco,C_alpha*C_fck*(1-(1-($R10+$S10*'Geometry'!$G$49+$T10*'Geometry'!$F$49)/C_eco)^C_n),C_alpha*C_fck),0)))*'Geometry'!$H$49*'Geometry'!$G$49+((MAX(MIN(S_1_Es*($R10+$S10*'Geometry'!$G$50+$T10*'Geometry'!$F$50),S_1_fy),-S_1_fy))-(IF(($R10+$S10*'Geometry'!$G$50+$T10*'Geometry'!$F$50)>0,IF(($R10+$S10*'Geometry'!$G$50+$T10*'Geometry'!$F$50)<=C_eco,C_alpha*C_fck*(1-(1-($R10+$S10*'Geometry'!$G$50+$T10*'Geometry'!$F$50)/C_eco)^C_n),C_alpha*C_fck),0)))*'Geometry'!$H$50*'Geometry'!$G$50+((MAX(MIN(S_1_Es*($R10+$S10*'Geometry'!$G$51+$T10*'Geometry'!$F$51),S_1_fy),-S_1_fy))-(IF(($R10+$S10*'Geometry'!$G$51+$T10*'Geometry'!$F$51)>0,IF(($R10+$S10*'Geometry'!$G$51+$T10*'Geometry'!$F$51)<=C_eco,C_alpha*C_fck*(1-(1-($R10+$S10*'Geometry'!$G$51+$T10*'Geometry'!$F$51)/C_eco)^C_n),C_alpha*C_fck),0)))*'Geometry'!$H$51*'Geometry'!$G$51+((MAX(MIN(S_1_Es*($R10+$S10*'Geometry'!$G$52+$T10*'Geometry'!$F$52),S_1_fy),-S_1_fy))-(IF(($R10+$S10*'Geometry'!$G$52+$T10*'Geometry'!$F$52)>0,IF(($R10+$S10*'Geometry'!$G$52+$T10*'Geometry'!$F$52)<=C_eco,C_alpha*C_fck*(1-(1-($R10+$S10*'Geometry'!$G$52+$T10*'Geometry'!$F$52)/C_eco)^C_n),C_alpha*C_fck),0)))*'Geometry'!$H$52*'Geometry'!$G$52+((MAX(MIN(S_1_Es*($R10+$S10*'Geometry'!$G$53+$T10*'Geometry'!$F$53),S_1_fy),-S_1_fy))-(IF(($R10+$S10*'Geometry'!$G$53+$T10*'Geometry'!$F$53)>0,IF(($R10+$S10*'Geometry'!$G$53+$T10*'Geometry'!$F$53)<=C_eco,C_alpha*C_fck*(1-(1-($R10+$S10*'Geometry'!$G$53+$T10*'Geometry'!$F$53)/C_eco)^C_n),C_alpha*C_fck),0)))*'Geometry'!$H$53*'Geometry'!$G$53+((MAX(MIN(S_1_Es*($R10+$S10*'Geometry'!$G$54+$T10*'Geometry'!$F$54),S_1_fy),-S_1_fy))-(IF(($R10+$S10*'Geometry'!$G$54+$T10*'Geometry'!$F$54)>0,IF(($R10+$S10*'Geometry'!$G$54+$T10*'Geometry'!$F$54)<=C_eco,C_alpha*C_fck*(1-(1-($R10+$S10*'Geometry'!$G$54+$T10*'Geometry'!$F$54)/C_eco)^C_n),C_alpha*C_fck),0)))*'Geometry'!$H$54*'Geometry'!$G$54+((MAX(MIN(S_1_Es*($R10+$S10*'Geometry'!$G$55+$T10*'Geometry'!$F$55),S_1_fy),-S_1_fy))-(IF(($R10+$S10*'Geometry'!$G$55+$T10*'Geometry'!$F$55)>0,IF(($R10+$S10*'Geometry'!$G$55+$T10*'Geometry'!$F$55)<=C_eco,C_alpha*C_fck*(1-(1-($R10+$S10*'Geometry'!$G$55+$T10*'Geometry'!$F$55)/C_eco)^C_n),C_alpha*C_fck),0)))*'Geometry'!$H$55*'Geometry'!$G$55+((MAX(MIN(S_1_Es*($R10+$S10*'Geometry'!$G$56+$T10*'Geometry'!$F$56),S_1_fy),-S_1_fy))-(IF(($R10+$S10*'Geometry'!$G$56+$T10*'Geometry'!$F$56)>0,IF(($R10+$S10*'Geometry'!$G$56+$T10*'Geometry'!$F$56)<=C_eco,C_alpha*C_fck*(1-(1-($R10+$S10*'Geometry'!$G$56+$T10*'Geometry'!$F$56)/C_eco)^C_n),C_alpha*C_fck),0)))*'Geometry'!$H$56*'Geometry'!$G$56+((MAX(MIN(S_1_Es*($R10+$S10*'Geometry'!$G$57+$T10*'Geometry'!$F$57),S_1_fy),-S_1_fy))-(IF(($R10+$S10*'Geometry'!$G$57+$T10*'Geometry'!$F$57)>0,IF(($R10+$S10*'Geometry'!$G$57+$T10*'Geometry'!$F$57)<=C_eco,C_alpha*C_fck*(1-(1-($R10+$S10*'Geometry'!$G$57+$T10*'Geometry'!$F$57)/C_eco)^C_n),C_alpha*C_fck),0)))*'Geometry'!$H$57*'Geometry'!$G$57)/1000000 -> 65.638773 | Z10: =(((MAX(MIN(S_1_Es*($R10+$S10*'Geometry'!$G$40+$T10*'Geometry'!$F$40),S_1_fy),-S_1_fy))-(IF(($R10+$S10*'Geometry'!$G$40+$T10*'Geometry'!$F$40)>0,IF(($R10+$S10*'Geometry'!$G$40+$T10*'Geometry'!$F$40)<=C_eco,C_alpha*C_fck*(1-(1-($R10+$S10*'Geometry'!$G$40+$T10*'Geometry'!$F$40)/C_eco)^C_n),C_alpha*C_fck),0)))*'Geometry'!$H$40*'Geometry'!$F$40+((MAX(MIN(S_1_Es*($R10+$S10*'Geometry'!$G$41+$T10*'Geometry'!$F$41),S_1_fy),-S_1_fy))-(IF(($R10+$S10*'Geometry'!$G$41+$T10*'Geometry'!$F$41)>0,IF(($R10+$S10*'Geometry'!$G$41+$T10*'Geometry'!$F$41)<=C_eco,C_alpha*C_fck*(1-(1-($R10+$S10*'Geometry'!$G$41+$T10*'Geometry'!$F$41)/C_eco)^C_n),C_alpha*C_fck),0)))*'Geometry'!$H$41*'Geometry'!$F$41+((MAX(MIN(S_1_Es*($R10+$S10*'Geometry'!$G$42+$T10*'Geometry'!$F$42),S_1_fy),-S_1_fy))-(IF(($R10+$S10*'Geometry'!$G$42+$T10*'Geometry'!$F$42)>0,IF(($R10+$S10*'Geometry'!$G$42+$T10*'Geometry'!$F$42)<=C_eco,C_alpha*C_fck*(1-(1-($R10+$S10*'Geometry'!$G$42+$T10*'Geometry'!$F$42)/C_eco)^C_n),C_alpha*C_fck),0)))*'Geometry'!$H$42*'Geometry'!$F$42+((MAX(MIN(S_1_Es*($R10+$S10*'Geometry'!$G$43+$T10*'Geometry'!$F$43),S_1_fy),-S_1_fy))-(IF(($R10+$S10*'Geometry'!$G$43+$T10*'Geometry'!$F$43)>0,IF(($R10+$S10*'Geometry'!$G$43+$T10*'Geometry'!$F$43)<=C_eco,C_alpha*C_fck*(1-(1-($R10+$S10*'Geometry'!$G$43+$T10*'Geometry'!$F$43)/C_eco)^C_n),C_alpha*C_fck),0)))*'Geometry'!$H$43*'Geometry'!$F$43+((MAX(MIN(S_1_Es*($R10+$S10*'Geometry'!$G$44+$T10*'Geometry'!$F$44),S_1_fy),-S_1_fy))-(IF(($R10+$S10*'Geometry'!$G$44+$T10*'Geometry'!$F$44)>0,IF(($R10+$S10*'Geometry'!$G$44+$T10*'Geometry'!$F$44)<=C_eco,C_alpha*C_fck*(1-(1-($R10+$S10*'Geometry'!$G$44+$T10*'Geometry'!$F$44)/C_eco)^C_n),C_alpha*C_fck),0)))*'Geometry'!$H$44*'Geometry'!$F$44+((MAX(MIN(S_1_Es*($R10+$S10*'Geometry'!$G$45+$T10*'Geometry'!$F$45),S_1_fy),-S_1_fy))-(IF(($R10+$S10*'Geometry'!$G$45+$T10*'Geometry'!$F$45)>0,IF(($R10+$S10*'Geometry'!$G$45+$T10*'Geometry'!$F$45)<=C_eco,C_alpha*C_fck*(1-(1-($R10+$S10*'Geometry'!$G$45+$T10*'Geometry'!$F$45)/C_eco)^C_n),C_alpha*C_fck),0)))*'Geometry'!$H$45*'Geometry'!$F$45+((MAX(MIN(S_1_Es*($R10+$S10*'Geometry'!$G$46+$T10*'Geometry'!$F$46),S_1_fy),-S_1_fy))-(IF(($R10+$S10*'Geometry'!$G$46+$T10*'Geometry'!$F$46)>0,IF(($R10+$S10*'Geometry'!$G$46+$T10*'Geometry'!$F$46)<=C_eco,C_alpha*C_fck*(1-(1-($R10+$S10*'Geometry'!$G$46+$T10*'Geometry'!$F$46)/C_eco)^C_n),C_alpha*C_fck),0)))*'Geometry'!$H$46*'Geometry'!$F$46+((MAX(MIN(S_1_Es*($R10+$S10*'Geometry'!$G$47+$T10*'Geometry'!$F$47),S_1_fy),-S_1_fy))-(IF(($R10+$S10*'Geometry'!$G$47+$T10*'Geometry'!$F$47)>0,IF(($R10+$S10*'Geometry'!$G$47+$T10*'Geometry'!$F$47)<=C_eco,C_alpha*C_fck*(1-(1-($R10+$S10*'Geometry'!$G$47+$T10*'Geometry'!$F$47)/C_eco)^C_n),C_alpha*C_fck),0)))*'Geometry'!$H$47*'Geometry'!$F$47+((MAX(MIN(S_1_Es*($R10+$S10*'Geometry'!$G$48+$T10*'Geometry'!$F$48),S_1_fy),-S_1_fy))-(IF(($R10+$S10*'Geometry'!$G$48+$T10*'Geometry'!$F$48)>0,IF(($R10+$S10*'Geometry'!$G$48+$T10*'Geometry'!$F$48)<=C_eco,C_alpha*C_fck*(1-(1-($R10+$S10*'Geometry'!$G$48+$T10*'Geometry'!$F$48)/C_eco)^C_n),C_alpha*C_fck),0)))*'Geometry'!$H$48*'Geometry'!$F$48+((MAX(MIN(S_1_Es*($R10+$S10*'Geometry'!$G$49+$T10*'Geometry'!$F$49),S_1_fy),-S_1_fy))-(IF(($R10+$S10*'Geometry'!$G$49+$T10*'Geometry'!$F$49)>0,IF(($R10+$S10*'Geometry'!$G$49+$T10*'Geometry'!$F$49)<=C_eco,C_alpha*C_fck*(1-(1-($R10+$S10*'Geometry'!$G$49+$T10*'Geometry'!$F$49)/C_eco)^C_n),C_alpha*C_fck),0)))*'Geometry'!$H$49*'Geometry'!$F$49+((MAX(MIN(S_1_Es*($R10+$S10*'Geometry'!$G$50+$T10*'Geometry'!$F$50),S_1_fy),-S_1_fy))-(IF(($R10+$S10*'Geometry'!$G$50+$T10*'Geometry'!$F$50)>0,IF(($R10+$S10*'Geometry'!$G$50+$T10*'Geometry'!$F$50)<=C_eco,C_alpha*C_fck*(1-(1-($R10+$S10*'Geometry'!$G$50+$T10*'Geometry'!$F$50)/C_eco)^C_n),C_alpha*C_fck),0)))*'Geometry'!$H$50*'Geometry'!$F$50+((MAX(MIN(S_1_Es*($R10+$S10*'Geometry'!$G$51+$T10*'Geometry'!$F$51),S_1_fy),-S_1_fy))-(IF(($R10+$S10*'Geometry'!$G$51+$T10*'Geometry'!$F$51)>0,IF(($R10+$S10*'Geometry'!$G$51+$T10*'Geometry'!$F$51)<=C_eco,C_alpha*C_fck*(1-(1-($R10+$S10*'Geometry'!$G$51+$T10*'Geometry'!$F$51)/C_eco)^C_n),C_alpha*C_fck),0)))*'Geometry'!$H$51*'Geometry'!$F$51+((MAX(MIN(S_1_Es*($R10+$S10*'Geometry'!$G$52+$T10*'Geometry'!$F$52),S_1_fy),-S_1_fy))-(IF(($R10+$S10*'Geometry'!$G$52+$T10*'Geometry'!$F$52)>0,IF(($R10+$S10*'Geometry'!$G$52+$T10*'Geometry'!$F$52)<=C_eco,C_alpha*C_fck*(1-(1-($R10+$S10*'Geometry'!$G$52+$T10*'Geometry'!$F$52)/C_eco)^C_n),C_alpha*C_fck),0)))*'Geometry'!$H$52*'Geometry'!$F$52+((MAX(MIN(S_1_Es*($R10+$S10*'Geometry'!$G$53+$T10*'Geometry'!$F$53),S_1_fy),-S_1_fy))-(IF(($R10+$S10*'Geometry'!$G$53+$T10*'Geometry'!$F$53)>0,IF(($R10+$S10*'Geometry'!$G$53+$T10*'Geometry'!$F$53)<=C_eco,C_alpha*C_fck*(1-(1-($R10+$S10*'Geometry'!$G$53+$T10*'Geometry'!$F$53)/C_eco)^C_n),C_alpha*C_fck),0)))*'Geometry'!$H$53*'Geometry'!$F$53+((MAX(MIN(S_1_Es*($R10+$S10*'Geometry'!$G$54+$T10*'Geometry'!$F$54),S_1_fy),-S_1_fy))-(IF(($R10+$S10*'Geometry'!$G$54+$T10*'Geometry'!$F$54)>0,IF(($R10+$S10*'Geometry'!$G$54+$T10*'Geometry'!$F$54)<=C_eco,C_alpha*C_fck*(1-(1-($R10+$S10*'Geometry'!$G$54+$T10*'Geometry'!$F$54)/C_eco)^C_n),C_alpha*C_fck),0)))*'Geometry'!$H$54*'Geometry'!$F$54+((MAX(MIN(S_1_Es*($R10+$S10*'Geometry'!$G$55+$T10*'Geometry'!$F$55),S_1_fy),-S_1_fy))-(IF(($R10+$S10*'Geometry'!$G$55+$T10*'Geometry'!$F$55)>0,IF(($R10+$S10*'Geometry'!$G$55+$T10*'Geometry'!$F$55)<=C_eco,C_alpha*C_fck*(1-(1-($R10+$S10*'Geometry'!$G$55+$T10*'Geometry'!$F$55)/C_eco)^C_n),C_alpha*C_fck),0)))*'Geometry'!$H$55*'Geometry'!$F$55+((MAX(MIN(S_1_Es*($R10+$S10*'Geometry'!$G$56+$T10*'Geometry'!$F$56),S_1_fy),-S_1_fy))-(IF(($R10+$S10*'Geometry'!$G$56+$T10*'Geometry'!$F$56)>0,IF(($R10+$S10*'Geometry'!$G$56+$T10*'Geometry'!$F$56)<=C_eco,C_alpha*C_fck*(1-(1-($R10+$S10*'Geometry'!$G$56+$T10*'Geometry'!$F$56)/C_eco)^C_n),C_alpha*C_fck),0)))*'Geometry'!$H$56*'Geometry'!$F$56+((MAX(MIN(S_1_Es*($R10+$S10*'Geometry'!$G$57+$T10*'Geometry'!$F$57),S_1_fy),-S_1_fy))-(IF(($R10+$S10*'Geometry'!$G$57+$T10*'Geometry'!$F$57)>0,IF(($R10+$S10*'Geometry'!$G$57+$T10*'Geometry'!$F$57)<=C_eco,C_alpha*C_fck*(1-(1-($R10+$S10*'Geometry'!$G$57+$T10*'Geometry'!$F$57)/C_eco)^C_n),C_alpha*C_fck),0)))*'Geometry'!$H$57*'Geometry'!$F$57)/1000000 -> 15.706054 | AA10: =U10+X10 -> 33817.718 | AB10: =V10+Y10 -> 85.940451 | AC10: =W10+Z10 -> 26.909244 | AD10: 0.52251738 | AE10: 7.6534552 | AF10: =AA10*AD10 -> 17670.346 | AG10: =AB10*AE10 -> 667.07459 | AH10: =AC10*AE10 -> 176.14112 | AI10: 17670.346 | AJ10: 667.07459 | AK10: 176.14112 | AL10: =AF10-AI10 -> 0 | AM10: =SQRT((AG10-AJ10)^2+(AH10-AK10)^2) -> 0 | AN10: mesh formula | AO10: 33817.718 | AP10: 85.940451 | AQ10: 26.909244 | AR10: 28521.668 | AS10: 20.301678 | AT10: 11.20319 | AU10: 5296.0505 | AV10: 65.638773 | AW10: 15.706054
A11: 4 | B11: c/D = 1.5 | C11: =$AF$11 -> 17670.346 | D11: =$AG$11*COS(RADIANS($C$5))+$AH$11*SIN(RADIANS($C$5)) -> 1034.8999 | G11: 10-station-3|0.17453292519943295|3 | H11: c/D = 1.5 | I11: 10 | J11: c/D | K11: 1.5 | L11: =MAX(('Geometry'!$G$13*COS(RADIANS(I11))+'Geometry'!$F$13*SIN(RADIANS(I11))),('Geometry'!$G$14*COS(RADIANS(I11))+'Geometry'!$F$14*SIN(RADIANS(I11))),('Geometry'!$G$15*COS(RADIANS(I11))+'Geometry'!$F$15*SIN(RADIANS(I11))),('Geometry'!$G$16*COS(RADIANS(I11))+'Geometry'!$F$16*SIN(RADIANS(I11))),('Geometry'!$G$17*COS(RADIANS(I11))+'Geometry'!$F$17*SIN(RADIANS(I11))),('Geometry'!$G$18*COS(RADIANS(I11))+'Geometry'!$F$18*SIN(RADIANS(I11))),('Geometry'!$G$19*COS(RADIANS(I11))+'Geometry'!$F$19*SIN(RADIANS(I11))),('Geometry'!$G$20*COS(RADIANS(I11))+'Geometry'!$F$20*SIN(RADIANS(I11)))) -> 686.39115 | M11: =L11-K11*N11 -> -1372.7823 | N11: =L11-MIN(('Geometry'!$G$13*COS(RADIANS(I11))+'Geometry'!$F$13*SIN(RADIANS(I11))),('Geometry'!$G$14*COS(RADIANS(I11))+'Geometry'!$F$14*SIN(RADIANS(I11))),('Geometry'!$G$15*COS(RADIANS(I11))+'Geometry'!$F$15*SIN(RADIANS(I11))),('Geometry'!$G$16*COS(RADIANS(I11))+'Geometry'!$F$16*SIN(RADIANS(I11))),('Geometry'!$G$17*COS(RADIANS(I11))+'Geometry'!$F$17*SIN(RADIANS(I11))),('Geometry'!$G$18*COS(RADIANS(I11))+'Geometry'!$F$18*SIN(RADIANS(I11))),('Geometry'!$G$19*COS(RADIANS(I11))+'Geometry'!$F$19*SIN(RADIANS(I11))),('Geometry'!$G$20*COS(RADIANS(I11))+'Geometry'!$F$20*SIN(RADIANS(I11)))) -> 1372.7823 | O11: =C_ecu -> 0.0033 | P11: =0 -> 0 | Q11: =IF(ABS(L11-M11)<0.000000000001,0,(O11-P11)/(L11-M11)) -> 1.6025848e-06 | R11: =O11-Q11*L11 -> 0.0022 | S11: =Q11*COS(RADIANS(I11)) -> 1.5782379e-06 | T11: =Q11*SIN(RADIANS(I11)) -> 2.7828592e-07 | U11: =SUMPRODUCT(C_alpha*C_fck*(1-(1-((($R11+$S11*Mesh_Y+$T11*Mesh_X))*(($R11+$S11*Mesh_Y+$T11*Mesh_X)>0)*(($R11+$S11*Mesh_Y+$T11*Mesh_X)<C_eco)+C_eco*(($R11+$S11*Mesh_Y+$T11*Mesh_X)>=C_eco))/C_eco)^C_n)*((($R11+$S11*Mesh_Y+$T11*Mesh_X))>0),Mesh_A)/1000 -> 27849.461 | V11: =SUMPRODUCT(C_alpha*C_fck*(1-(1-((($R11+$S11*Mesh_Y+$T11*Mesh_X))*(($R11+$S11*Mesh_Y+$T11*Mesh_X)>0)*(($R11+$S11*Mesh_Y+$T11*Mesh_X)<C_eco)+C_eco*(($R11+$S11*Mesh_Y+$T11*Mesh_X)>=C_eco))/C_eco)^C_n)*((($R11+$S11*Mesh_Y+$T11*Mesh_X))>0),Mesh_A,Mesh_Y)/1000000 -> 341.27673 | W11: =SUMPRODUCT(C_alpha*C_fck*(1-(1-((($R11+$S11*Mesh_Y+$T11*Mesh_X))*(($R11+$S11*Mesh_Y+$T11*Mesh_X)>0)*(($R11+$S11*Mesh_Y+$T11*Mesh_X)<C_eco)+C_eco*(($R11+$S11*Mesh_Y+$T11*Mesh_X)>=C_eco))/C_eco)^C_n)*((($R11+$S11*Mesh_Y+$T11*Mesh_X))>0),Mesh_A,Mesh_X)/1000000 -> 117.49461 | X11: =(((MAX(MIN(S_1_Es*($R11+$S11*'Geometry'!$G$40+$T11*'Geometry'!$F$40),S_1_fy),-S_1_fy))-(IF(($R11+$S11*'Geometry'!$G$40+$T11*'Geometry'!$F$40)>0,IF(($R11+$S11*'Geometry'!$G$40+$T11*'Geometry'!$F$40)<=C_eco,C_alpha*C_fck*(1-(1-($R11+$S11*'Geometry'!$G$40+$T11*'Geometry'!$F$40)/C_eco)^C_n),C_alpha*C_fck),0)))*'Geometry'!$H$40+((MAX(MIN(S_1_Es*($R11+$S11*'Geometry'!$G$41+$T11*'Geometry'!$F$41),S_1_fy),-S_1_fy))-(IF(($R11+$S11*'Geometry'!$G$41+$T11*'Geometry'!$F$41)>0,IF(($R11+$S11*'Geometry'!$G$41+$T11*'Geometry'!$F$41)<=C_eco,C_alpha*C_fck*(1-(1-($R11+$S11*'Geometry'!$G$41+$T11*'Geometry'!$F$41)/C_eco)^C_n),C_alpha*C_fck),0)))*'Geometry'!$H$41+((MAX(MIN(S_1_Es*($R11+$S11*'Geometry'!$G$42+$T11*'Geometry'!$F$42),S_1_fy),-S_1_fy))-(IF(($R11+$S11*'Geometry'!$G$42+$T11*'Geometry'!$F$42)>0,IF(($R11+$S11*'Geometry'!$G$42+$T11*'Geometry'!$F$42)<=C_eco,C_alpha*C_fck*(1-(1-($R11+$S11*'Geometry'!$G$42+$T11*'Geometry'!$F$42)/C_eco)^C_n),C_alpha*C_fck),0)))*'Geometry'!$H$42+((MAX(MIN(S_1_Es*($R11+$S11*'Geometry'!$G$43+$T11*'Geometry'!$F$43),S_1_fy),-S_1_fy))-(IF(($R11+$S11*'Geometry'!$G$43+$T11*'Geometry'!$F$43)>0,IF(($R11+$S11*'Geometry'!$G$43+$T11*'Geometry'!$F$43)<=C_eco,C_alpha*C_fck*(1-(1-($R11+$S11*'Geometry'!$G$43+$T11*'Geometry'!$F$43)/C_eco)^C_n),C_alpha*C_fck),0)))*'Geometry'!$H$43+((MAX(MIN(S_1_Es*($R11+$S11*'Geometry'!$G$44+$T11*'Geometry'!$F$44),S_1_fy),-S_1_fy))-(IF(($R11+$S11*'Geometry'!$G$44+$T11*'Geometry'!$F$44)>0,IF(($R11+$S11*'Geometry'!$G$44+$T11*'Geometry'!$F$44)<=C_eco,C_alpha*C_fck*(1-(1-($R11+$S11*'Geometry'!$G$44+$T11*'Geometry'!$F$44)/C_eco)^C_n),C_alpha*C_fck),0)))*'Geometry'!$H$44+((MAX(MIN(S_1_Es*($R11+$S11*'Geometry'!$G$45+$T11*'Geometry'!$F$45),S_1_fy),-S_1_fy))-(IF(($R11+$S11*'Geometry'!$G$45+$T11*'Geometry'!$F$45)>0,IF(($R11+$S11*'Geometry'!$G$45+$T11*'Geometry'!$F$45)<=C_eco,C_alpha*C_fck*(1-(1-($R11+$S11*'Geometry'!$G$45+$T11*'Geometry'!$F$45)/C_eco)^C_n),C_alpha*C_fck),0)))*'Geometry'!$H$45+((MAX(MIN(S_1_Es*($R11+$S11*'Geometry'!$G$46+$T11*'Geometry'!$F$46),S_1_fy),-S_1_fy))-(IF(($R11+$S11*'Geometry'!$G$46+$T11*'Geometry'!$F$46)>0,IF(($R11+$S11*'Geometry'!$G$46+$T11*'Geometry'!$F$46)<=C_eco,C_alpha*C_fck*(1-(1-($R11+$S11*'Geometry'!$G$46+$T11*'Geometry'!$F$46)/C_eco)^C_n),C_alpha*C_fck),0)))*'Geometry'!$H$46+((MAX(MIN(S_1_Es*($R11+$S11*'Geometry'!$G$47+$T11*'Geometry'!$F$47),S_1_fy),-S_1_fy))-(IF(($R11+$S11*'Geometry'!$G$47+$T11*'Geometry'!$F$47)>0,IF(($R11+$S11*'Geometry'!$G$47+$T11*'Geometry'!$F$47)<=C_eco,C_alpha*C_fck*(1-(1-($R11+$S11*'Geometry'!$G$47+$T11*'Geometry'!$F$47)/C_eco)^C_n),C_alpha*C_fck),0)))*'Geometry'!$H$47+((MAX(MIN(S_1_Es*($R11+$S11*'Geometry'!$G$48+$T11*'Geometry'!$F$48),S_1_fy),-S_1_fy))-(IF(($R11+$S11*'Geometry'!$G$48+$T11*'Geometry'!$F$48)>0,IF(($R11+$S11*'Geometry'!$G$48+$T11*'Geometry'!$F$48)<=C_eco,C_alpha*C_fck*(1-(1-($R11+$S11*'Geometry'!$G$48+$T11*'Geometry'!$F$48)/C_eco)^C_n),C_alpha*C_fck),0)))*'Geometry'!$H$48+((MAX(MIN(S_1_Es*($R11+$S11*'Geometry'!$G$49+$T11*'Geometry'!$F$49),S_1_fy),-S_1_fy))-(IF(($R11+$S11*'Geometry'!$G$49+$T11*'Geometry'!$F$49)>0,IF(($R11+$S11*'Geometry'!$G$49+$T11*'Geometry'!$F$49)<=C_eco,C_alpha*C_fck*(1-(1-($R11+$S11*'Geometry'!$G$49+$T11*'Geometry'!$F$49)/C_eco)^C_n),C_alpha*C_fck),0)))*'Geometry'!$H$49+((MAX(MIN(S_1_Es*($R11+$S11*'Geometry'!$G$50+$T11*'Geometry'!$F$50),S_1_fy),-S_1_fy))-(IF(($R11+$S11*'Geometry'!$G$50+$T11*'Geometry'!$F$50)>0,IF(($R11+$S11*'Geometry'!$G$50+$T11*'Geometry'!$F$50)<=C_eco,C_alpha*C_fck*(1-(1-($R11+$S11*'Geometry'!$G$50+$T11*'Geometry'!$F$50)/C_eco)^C_n),C_alpha*C_fck),0)))*'Geometry'!$H$50+((MAX(MIN(S_1_Es*($R11+$S11*'Geometry'!$G$51+$T11*'Geometry'!$F$51),S_1_fy),-S_1_fy))-(IF(($R11+$S11*'Geometry'!$G$51+$T11*'Geometry'!$F$51)>0,IF(($R11+$S11*'Geometry'!$G$51+$T11*'Geometry'!$F$51)<=C_eco,C_alpha*C_fck*(1-(1-($R11+$S11*'Geometry'!$G$51+$T11*'Geometry'!$F$51)/C_eco)^C_n),C_alpha*C_fck),0)))*'Geometry'!$H$51+((MAX(MIN(S_1_Es*($R11+$S11*'Geometry'!$G$52+$T11*'Geometry'!$F$52),S_1_fy),-S_1_fy))-(IF(($R11+$S11*'Geometry'!$G$52+$T11*'Geometry'!$F$52)>0,IF(($R11+$S11*'Geometry'!$G$52+$T11*'Geometry'!$F$52)<=C_eco,C_alpha*C_fck*(1-(1-($R11+$S11*'Geometry'!$G$52+$T11*'Geometry'!$F$52)/C_eco)^C_n),C_alpha*C_fck),0)))*'Geometry'!$H$52+((MAX(MIN(S_1_Es*($R11+$S11*'Geometry'!$G$53+$T11*'Geometry'!$F$53),S_1_fy),-S_1_fy))-(IF(($R11+$S11*'Geometry'!$G$53+$T11*'Geometry'!$F$53)>0,IF(($R11+$S11*'Geometry'!$G$53+$T11*'Geometry'!$F$53)<=C_eco,C_alpha*C_fck*(1-(1-($R11+$S11*'Geometry'!$G$53+$T11*'Geometry'!$F$53)/C_eco)^C_n),C_alpha*C_fck),0)))*'Geometry'!$H$53+((MAX(MIN(S_1_Es*($R11+$S11*'Geometry'!$G$54+$T11*'Geometry'!$F$54),S_1_fy),-S_1_fy))-(IF(($R11+$S11*'Geometry'!$G$54+$T11*'Geometry'!$F$54)>0,IF(($R11+$S11*'Geometry'!$G$54+$T11*'Geometry'!$F$54)<=C_eco,C_alpha*C_fck*(1-(1-($R11+$S11*'Geometry'!$G$54+$T11*'Geometry'!$F$54)/C_eco)^C_n),C_alpha*C_fck),0)))*'Geometry'!$H$54+((MAX(MIN(S_1_Es*($R11+$S11*'Geometry'!$G$55+$T11*'Geometry'!$F$55),S_1_fy),-S_1_fy))-(IF(($R11+$S11*'Geometry'!$G$55+$T11*'Geometry'!$F$55)>0,IF(($R11+$S11*'Geometry'!$G$55+$T11*'Geometry'!$F$55)<=C_eco,C_alpha*C_fck*(1-(1-($R11+$S11*'Geometry'!$G$55+$T11*'Geometry'!$F$55)/C_eco)^C_n),C_alpha*C_fck),0)))*'Geometry'!$H$55+((MAX(MIN(S_1_Es*($R11+$S11*'Geometry'!$G$56+$T11*'Geometry'!$F$56),S_1_fy),-S_1_fy))-(IF(($R11+$S11*'Geometry'!$G$56+$T11*'Geometry'!$F$56)>0,IF(($R11+$S11*'Geometry'!$G$56+$T11*'Geometry'!$F$56)<=C_eco,C_alpha*C_fck*(1-(1-($R11+$S11*'Geometry'!$G$56+$T11*'Geometry'!$F$56)/C_eco)^C_n),C_alpha*C_fck),0)))*'Geometry'!$H$56+((MAX(MIN(S_1_Es*($R11+$S11*'Geometry'!$G$57+$T11*'Geometry'!$F$57),S_1_fy),-S_1_fy))-(IF(($R11+$S11*'Geometry'!$G$57+$T11*'Geometry'!$F$57)>0,IF(($R11+$S11*'Geometry'!$G$57+$T11*'Geometry'!$F$57)<=C_eco,C_alpha*C_fck*(1-(1-($R11+$S11*'Geometry'!$G$57+$T11*'Geometry'!$F$57)/C_eco)^C_n),C_alpha*C_fck),0)))*'Geometry'!$H$57)/1000 -> 4809.7161 | Y11: =(((MAX(MIN(S_1_Es*($R11+$S11*'Geometry'!$G$40+$T11*'Geometry'!$F$40),S_1_fy),-S_1_fy))-(IF(($R11+$S11*'Geometry'!$G$40+$T11*'Geometry'!$F$40)>0,IF(($R11+$S11*'Geometry'!$G$40+$T11*'Geometry'!$F$40)<=C_eco,C_alpha*C_fck*(1-(1-($R11+$S11*'Geometry'!$G$40+$T11*'Geometry'!$F$40)/C_eco)^C_n),C_alpha*C_fck),0)))*'Geometry'!$H$40*'Geometry'!$G$40+((MAX(MIN(S_1_Es*($R11+$S11*'Geometry'!$G$41+$T11*'Geometry'!$F$41),S_1_fy),-S_1_fy))-(IF(($R11+$S11*'Geometry'!$G$41+$T11*'Geometry'!$F$41)>0,IF(($R11+$S11*'Geometry'!$G$41+$T11*'Geometry'!$F$41)<=C_eco,C_alpha*C_fck*(1-(1-($R11+$S11*'Geometry'!$G$41+$T11*'Geometry'!$F$41)/C_eco)^C_n),C_alpha*C_fck),0)))*'Geometry'!$H$41*'Geometry'!$G$41+((MAX(MIN(S_1_Es*($R11+$S11*'Geometry'!$G$42+$T11*'Geometry'!$F$42),S_1_fy),-S_1_fy))-(IF(($R11+$S11*'Geometry'!$G$42+$T11*'Geometry'!$F$42)>0,IF(($R11+$S11*'Geometry'!$G$42+$T11*'Geometry'!$F$42)<=C_eco,C_alpha*C_fck*(1-(1-($R11+$S11*'Geometry'!$G$42+$T11*'Geometry'!$F$42)/C_eco)^C_n),C_alpha*C_fck),0)))*'Geometry'!$H$42*'Geometry'!$G$42+((MAX(MIN(S_1_Es*($R11+$S11*'Geometry'!$G$43+$T11*'Geometry'!$F$43),S_1_fy),-S_1_fy))-(IF(($R11+$S11*'Geometry'!$G$43+$T11*'Geometry'!$F$43)>0,IF(($R11+$S11*'Geometry'!$G$43+$T11*'Geometry'!$F$43)<=C_eco,C_alpha*C_fck*(1-(1-($R11+$S11*'Geometry'!$G$43+$T11*'Geometry'!$F$43)/C_eco)^C_n),C_alpha*C_fck),0)))*'Geometry'!$H$43*'Geometry'!$G$43+((MAX(MIN(S_1_Es*($R11+$S11*'Geometry'!$G$44+$T11*'Geometry'!$F$44),S_1_fy),-S_1_fy))-(IF(($R11+$S11*'Geometry'!$G$44+$T11*'Geometry'!$F$44)>0,IF(($R11+$S11*'Geometry'!$G$44+$T11*'Geometry'!$F$44)<=C_eco,C_alpha*C_fck*(1-(1-($R11+$S11*'Geometry'!$G$44+$T11*'Geometry'!$F$44)/C_eco)^C_n),C_alpha*C_fck),0)))*'Geometry'!$H$44*'Geometry'!$G$44+((MAX(MIN(S_1_Es*($R11+$S11*'Geometry'!$G$45+$T11*'Geometry'!$F$45),S_1_fy),-S_1_fy))-(IF(($R11+$S11*'Geometry'!$G$45+$T11*'Geometry'!$F$45)>0,IF(($R11+$S11*'Geometry'!$G$45+$T11*'Geometry'!$F$45)<=C_eco,C_alpha*C_fck*(1-(1-($R11+$S11*'Geometry'!$G$45+$T11*'Geometry'!$F$45)/C_eco)^C_n),C_alpha*C_fck),0)))*'Geometry'!$H$45*'Geometry'!$G$45+((MAX(MIN(S_1_Es*($R11+$S11*'Geometry'!$G$46+$T11*'Geometry'!$F$46),S_1_fy),-S_1_fy))-(IF(($R11+$S11*'Geometry'!$G$46+$T11*'Geometry'!$F$46)>0,IF(($R11+$S11*'Geometry'!$G$46+$T11*'Geometry'!$F$46)<=C_eco,C_alpha*C_fck*(1-(1-($R11+$S11*'Geometry'!$G$46+$T11*'Geometry'!$F$46)/C_eco)^C_n),C_alpha*C_fck),0)))*'Geometry'!$H$46*'Geometry'!$G$46+((MAX(MIN(S_1_Es*($R11+$S11*'Geometry'!$G$47+$T11*'Geometry'!$F$47),S_1_fy),-S_1_fy))-(IF(($R11+$S11*'Geometry'!$G$47+$T11*'Geometry'!$F$47)>0,IF(($R11+$S11*'Geometry'!$G$47+$T11*'Geometry'!$F$47)<=C_eco,C_alpha*C_fck*(1-(1-($R11+$S11*'Geometry'!$G$47+$T11*'Geometry'!$F$47)/C_eco)^C_n),C_alpha*C_fck),0)))*'Geometry'!$H$47*'Geometry'!$G$47+((MAX(MIN(S_1_Es*($R11+$S11*'Geometry'!$G$48+$T11*'Geometry'!$F$48),S_1_fy),-S_1_fy))-(IF(($R11+$S11*'Geometry'!$G$48+$T11*'Geometry'!$F$48)>0,IF(($R11+$S11*'Geometry'!$G$48+$T11*'Geometry'!$F$48)<=C_eco,C_alpha*C_fck*(1-(1-($R11+$S11*'Geometry'!$G$48+$T11*'Geometry'!$F$48)/C_eco)^C_n),C_alpha*C_fck),0)))*'Geometry'!$H$48*'Geometry'!$G$48+((MAX(MIN(S_1_Es*($R11+$S11*'Geometry'!$G$49+$T11*'Geometry'!$F$49),S_1_fy),-S_1_fy))-(IF(($R11+$S11*'Geometry'!$G$49+$T11*'Geometry'!$F$49)>0,IF(($R11+$S11*'Geometry'!$G$49+$T11*'Geometry'!$F$49)<=C_eco,C_alpha*C_fck*(1-(1-($R11+$S11*'Geometry'!$G$49+$T11*'Geometry'!$F$49)/C_eco)^C_n),C_alpha*C_fck),0)))*'Geometry'!$H$49*'Geometry'!$G$49+((MAX(MIN(S_1_Es*($R11+$S11*'Geometry'!$G$50+$T11*'Geometry'!$F$50),S_1_fy),-S_1_fy))-(IF(($R11+$S11*'Geometry'!$G$50+$T11*'Geometry'!$F$50)>0,IF(($R11+$S11*'Geometry'!$G$50+$T11*'Geometry'!$F$50)<=C_eco,C_alpha*C_fck*(1-(1-($R11+$S11*'Geometry'!$G$50+$T11*'Geometry'!$F$50)/C_eco)^C_n),C_alpha*C_fck),0)))*'Geometry'!$H$50*'Geometry'!$G$50+((MAX(MIN(S_1_Es*($R11+$S11*'Geometry'!$G$51+$T11*'Geometry'!$F$51),S_1_fy),-S_1_fy))-(IF(($R11+$S11*'Geometry'!$G$51+$T11*'Geometry'!$F$51)>0,IF(($R11+$S11*'Geometry'!$G$51+$T11*'Geometry'!$F$51)<=C_eco,C_alpha*C_fck*(1-(1-($R11+$S11*'Geometry'!$G$51+$T11*'Geometry'!$F$51)/C_eco)^C_n),C_alpha*C_fck),0)))*'Geometry'!$H$51*'Geometry'!$G$51+((MAX(MIN(S_1_Es*($R11+$S11*'Geometry'!$G$52+$T11*'Geometry'!$F$52),S_1_fy),-S_1_fy))-(IF(($R11+$S11*'Geometry'!$G$52+$T11*'Geometry'!$F$52)>0,IF(($R11+$S11*'Geometry'!$G$52+$T11*'Geometry'!$F$52)<=C_eco,C_alpha*C_fck*(1-(1-($R11+$S11*'Geometry'!$G$52+$T11*'Geometry'!$F$52)/C_eco)^C_n),C_alpha*C_fck),0)))*'Geometry'!$H$52*'Geometry'!$G$52+((MAX(MIN(S_1_Es*($R11+$S11*'Geometry'!$G$53+$T11*'Geometry'!$F$53),S_1_fy),-S_1_fy))-(IF(($R11+$S11*'Geometry'!$G$53+$T11*'Geometry'!$F$53)>0,IF(($R11+$S11*'Geometry'!$G$53+$T11*'Geometry'!$F$53)<=C_eco,C_alpha*C_fck*(1-(1-($R11+$S11*'Geometry'!$G$53+$T11*'Geometry'!$F$53)/C_eco)^C_n),C_alpha*C_fck),0)))*'Geometry'!$H$53*'Geometry'!$G$53+((MAX(MIN(S_1_Es*($R11+$S11*'Geometry'!$G$54+$T11*'Geometry'!$F$54),S_1_fy),-S_1_fy))-(IF(($R11+$S11*'Geometry'!$G$54+$T11*'Geometry'!$F$54)>0,IF(($R11+$S11*'Geometry'!$G$54+$T11*'Geometry'!$F$54)<=C_eco,C_alpha*C_fck*(1-(1-($R11+$S11*'Geometry'!$G$54+$T11*'Geometry'!$F$54)/C_eco)^C_n),C_alpha*C_fck),0)))*'Geometry'!$H$54*'Geometry'!$G$54+((MAX(MIN(S_1_Es*($R11+$S11*'Geometry'!$G$55+$T11*'Geometry'!$F$55),S_1_fy),-S_1_fy))-(IF(($R11+$S11*'Geometry'!$G$55+$T11*'Geometry'!$F$55)>0,IF(($R11+$S11*'Geometry'!$G$55+$T11*'Geometry'!$F$55)<=C_eco,C_alpha*C_fck*(1-(1-($R11+$S11*'Geometry'!$G$55+$T11*'Geometry'!$F$55)/C_eco)^C_n),C_alpha*C_fck),0)))*'Geometry'!$H$55*'Geometry'!$G$55+((MAX(MIN(S_1_Es*($R11+$S11*'Geometry'!$G$56+$T11*'Geometry'!$F$56),S_1_fy),-S_1_fy))-(IF(($R11+$S11*'Geometry'!$G$56+$T11*'Geometry'!$F$56)>0,IF(($R11+$S11*'Geometry'!$G$56+$T11*'Geometry'!$F$56)<=C_eco,C_alpha*C_fck*(1-(1-($R11+$S11*'Geometry'!$G$56+$T11*'Geometry'!$F$56)/C_eco)^C_n),C_alpha*C_fck),0)))*'Geometry'!$H$56*'Geometry'!$G$56+((MAX(MIN(S_1_Es*($R11+$S11*'Geometry'!$G$57+$T11*'Geometry'!$F$57),S_1_fy),-S_1_fy))-(IF(($R11+$S11*'Geometry'!$G$57+$T11*'Geometry'!$F$57)>0,IF(($R11+$S11*'Geometry'!$G$57+$T11*'Geometry'!$F$57)<=C_eco,C_alpha*C_fck*(1-(1-($R11+$S11*'Geometry'!$G$57+$T11*'Geometry'!$F$57)/C_eco)^C_n),C_alpha*C_fck),0)))*'Geometry'!$H$57*'Geometry'!$G$57)/1000000 -> 294.11323 | Z11: =(((MAX(MIN(S_1_Es*($R11+$S11*'Geometry'!$G$40+$T11*'Geometry'!$F$40),S_1_fy),-S_1_fy))-(IF(($R11+$S11*'Geometry'!$G$40+$T11*'Geometry'!$F$40)>0,IF(($R11+$S11*'Geometry'!$G$40+$T11*'Geometry'!$F$40)<=C_eco,C_alpha*C_fck*(1-(1-($R11+$S11*'Geometry'!$G$40+$T11*'Geometry'!$F$40)/C_eco)^C_n),C_alpha*C_fck),0)))*'Geometry'!$H$40*'Geometry'!$F$40+((MAX(MIN(S_1_Es*($R11+$S11*'Geometry'!$G$41+$T11*'Geometry'!$F$41),S_1_fy),-S_1_fy))-(IF(($R11+$S11*'Geometry'!$G$41+$T11*'Geometry'!$F$41)>0,IF(($R11+$S11*'Geometry'!$G$41+$T11*'Geometry'!$F$41)<=C_eco,C_alpha*C_fck*(1-(1-($R11+$S11*'Geometry'!$G$41+$T11*'Geometry'!$F$41)/C_eco)^C_n),C_alpha*C_fck),0)))*'Geometry'!$H$41*'Geometry'!$F$41+((MAX(MIN(S_1_Es*($R11+$S11*'Geometry'!$G$42+$T11*'Geometry'!$F$42),S_1_fy),-S_1_fy))-(IF(($R11+$S11*'Geometry'!$G$42+$T11*'Geometry'!$F$42)>0,IF(($R11+$S11*'Geometry'!$G$42+$T11*'Geometry'!$F$42)<=C_eco,C_alpha*C_fck*(1-(1-($R11+$S11*'Geometry'!$G$42+$T11*'Geometry'!$F$42)/C_eco)^C_n),C_alpha*C_fck),0)))*'Geometry'!$H$42*'Geometry'!$F$42+((MAX(MIN(S_1_Es*($R11+$S11*'Geometry'!$G$43+$T11*'Geometry'!$F$43),S_1_fy),-S_1_fy))-(IF(($R11+$S11*'Geometry'!$G$43+$T11*'Geometry'!$F$43)>0,IF(($R11+$S11*'Geometry'!$G$43+$T11*'Geometry'!$F$43)<=C_eco,C_alpha*C_fck*(1-(1-($R11+$S11*'Geometry'!$G$43+$T11*'Geometry'!$F$43)/C_eco)^C_n),C_alpha*C_fck),0)))*'Geometry'!$H$43*'Geometry'!$F$43+((MAX(MIN(S_1_Es*($R11+$S11*'Geometry'!$G$44+$T11*'Geometry'!$F$44),S_1_fy),-S_1_fy))-(IF(($R11+$S11*'Geometry'!$G$44+$T11*'Geometry'!$F$44)>0,IF(($R11+$S11*'Geometry'!$G$44+$T11*'Geometry'!$F$44)<=C_eco,C_alpha*C_fck*(1-(1-($R11+$S11*'Geometry'!$G$44+$T11*'Geometry'!$F$44)/C_eco)^C_n),C_alpha*C_fck),0)))*'Geometry'!$H$44*'Geometry'!$F$44+((MAX(MIN(S_1_Es*($R11+$S11*'Geometry'!$G$45+$T11*'Geometry'!$F$45),S_1_fy),-S_1_fy))-(IF(($R11+$S11*'Geometry'!$G$45+$T11*'Geometry'!$F$45)>0,IF(($R11+$S11*'Geometry'!$G$45+$T11*'Geometry'!$F$45)<=C_eco,C_alpha*C_fck*(1-(1-($R11+$S11*'Geometry'!$G$45+$T11*'Geometry'!$F$45)/C_eco)^C_n),C_alpha*C_fck),0)))*'Geometry'!$H$45*'Geometry'!$F$45+((MAX(MIN(S_1_Es*($R11+$S11*'Geometry'!$G$46+$T11*'Geometry'!$F$46),S_1_fy),-S_1_fy))-(IF(($R11+$S11*'Geometry'!$G$46+$T11*'Geometry'!$F$46)>0,IF(($R11+$S11*'Geometry'!$G$46+$T11*'Geometry'!$F$46)<=C_eco,C_alpha*C_fck*(1-(1-($R11+$S11*'Geometry'!$G$46+$T11*'Geometry'!$F$46)/C_eco)^C_n),C_alpha*C_fck),0)))*'Geometry'!$H$46*'Geometry'!$F$46+((MAX(MIN(S_1_Es*($R11+$S11*'Geometry'!$G$47+$T11*'Geometry'!$F$47),S_1_fy),-S_1_fy))-(IF(($R11+$S11*'Geometry'!$G$47+$T11*'Geometry'!$F$47)>0,IF(($R11+$S11*'Geometry'!$G$47+$T11*'Geometry'!$F$47)<=C_eco,C_alpha*C_fck*(1-(1-($R11+$S11*'Geometry'!$G$47+$T11*'Geometry'!$F$47)/C_eco)^C_n),C_alpha*C_fck),0)))*'Geometry'!$H$47*'Geometry'!$F$47+((MAX(MIN(S_1_Es*($R11+$S11*'Geometry'!$G$48+$T11*'Geometry'!$F$48),S_1_fy),-S_1_fy))-(IF(($R11+$S11*'Geometry'!$G$48+$T11*'Geometry'!$F$48)>0,IF(($R11+$S11*'Geometry'!$G$48+$T11*'Geometry'!$F$48)<=C_eco,C_alpha*C_fck*(1-(1-($R11+$S11*'Geometry'!$G$48+$T11*'Geometry'!$F$48)/C_eco)^C_n),C_alpha*C_fck),0)))*'Geometry'!$H$48*'Geometry'!$F$48+((MAX(MIN(S_1_Es*($R11+$S11*'Geometry'!$G$49+$T11*'Geometry'!$F$49),S_1_fy),-S_1_fy))-(IF(($R11+$S11*'Geometry'!$G$49+$T11*'Geometry'!$F$49)>0,IF(($R11+$S11*'Geometry'!$G$49+$T11*'Geometry'!$F$49)<=C_eco,C_alpha*C_fck*(1-(1-($R11+$S11*'Geometry'!$G$49+$T11*'Geometry'!$F$49)/C_eco)^C_n),C_alpha*C_fck),0)))*'Geometry'!$H$49*'Geometry'!$F$49+((MAX(MIN(S_1_Es*($R11+$S11*'Geometry'!$G$50+$T11*'Geometry'!$F$50),S_1_fy),-S_1_fy))-(IF(($R11+$S11*'Geometry'!$G$50+$T11*'Geometry'!$F$50)>0,IF(($R11+$S11*'Geometry'!$G$50+$T11*'Geometry'!$F$50)<=C_eco,C_alpha*C_fck*(1-(1-($R11+$S11*'Geometry'!$G$50+$T11*'Geometry'!$F$50)/C_eco)^C_n),C_alpha*C_fck),0)))*'Geometry'!$H$50*'Geometry'!$F$50+((MAX(MIN(S_1_Es*($R11+$S11*'Geometry'!$G$51+$T11*'Geometry'!$F$51),S_1_fy),-S_1_fy))-(IF(($R11+$S11*'Geometry'!$G$51+$T11*'Geometry'!$F$51)>0,IF(($R11+$S11*'Geometry'!$G$51+$T11*'Geometry'!$F$51)<=C_eco,C_alpha*C_fck*(1-(1-($R11+$S11*'Geometry'!$G$51+$T11*'Geometry'!$F$51)/C_eco)^C_n),C_alpha*C_fck),0)))*'Geometry'!$H$51*'Geometry'!$F$51+((MAX(MIN(S_1_Es*($R11+$S11*'Geometry'!$G$52+$T11*'Geometry'!$F$52),S_1_fy),-S_1_fy))-(IF(($R11+$S11*'Geometry'!$G$52+$T11*'Geometry'!$F$52)>0,IF(($R11+$S11*'Geometry'!$G$52+$T11*'Geometry'!$F$52)<=C_eco,C_alpha*C_fck*(1-(1-($R11+$S11*'Geometry'!$G$52+$T11*'Geometry'!$F$52)/C_eco)^C_n),C_alpha*C_fck),0)))*'Geometry'!$H$52*'Geometry'!$F$52+((MAX(MIN(S_1_Es*($R11+$S11*'Geometry'!$G$53+$T11*'Geometry'!$F$53),S_1_fy),-S_1_fy))-(IF(($R11+$S11*'Geometry'!$G$53+$T11*'Geometry'!$F$53)>0,IF(($R11+$S11*'Geometry'!$G$53+$T11*'Geometry'!$F$53)<=C_eco,C_alpha*C_fck*(1-(1-($R11+$S11*'Geometry'!$G$53+$T11*'Geometry'!$F$53)/C_eco)^C_n),C_alpha*C_fck),0)))*'Geometry'!$H$53*'Geometry'!$F$53+((MAX(MIN(S_1_Es*($R11+$S11*'Geometry'!$G$54+$T11*'Geometry'!$F$54),S_1_fy),-S_1_fy))-(IF(($R11+$S11*'Geometry'!$G$54+$T11*'Geometry'!$F$54)>0,IF(($R11+$S11*'Geometry'!$G$54+$T11*'Geometry'!$F$54)<=C_eco,C_alpha*C_fck*(1-(1-($R11+$S11*'Geometry'!$G$54+$T11*'Geometry'!$F$54)/C_eco)^C_n),C_alpha*C_fck),0)))*'Geometry'!$H$54*'Geometry'!$F$54+((MAX(MIN(S_1_Es*($R11+$S11*'Geometry'!$G$55+$T11*'Geometry'!$F$55),S_1_fy),-S_1_fy))-(IF(($R11+$S11*'Geometry'!$G$55+$T11*'Geometry'!$F$55)>0,IF(($R11+$S11*'Geometry'!$G$55+$T11*'Geometry'!$F$55)<=C_eco,C_alpha*C_fck*(1-(1-($R11+$S11*'Geometry'!$G$55+$T11*'Geometry'!$F$55)/C_eco)^C_n),C_alpha*C_fck),0)))*'Geometry'!$H$55*'Geometry'!$F$55+((MAX(MIN(S_1_Es*($R11+$S11*'Geometry'!$G$56+$T11*'Geometry'!$F$56),S_1_fy),-S_1_fy))-(IF(($R11+$S11*'Geometry'!$G$56+$T11*'Geometry'!$F$56)>0,IF(($R11+$S11*'Geometry'!$G$56+$T11*'Geometry'!$F$56)<=C_eco,C_alpha*C_fck*(1-(1-($R11+$S11*'Geometry'!$G$56+$T11*'Geometry'!$F$56)/C_eco)^C_n),C_alpha*C_fck),0)))*'Geometry'!$H$56*'Geometry'!$F$56+((MAX(MIN(S_1_Es*($R11+$S11*'Geometry'!$G$57+$T11*'Geometry'!$F$57),S_1_fy),-S_1_fy))-(IF(($R11+$S11*'Geometry'!$G$57+$T11*'Geometry'!$F$57)>0,IF(($R11+$S11*'Geometry'!$G$57+$T11*'Geometry'!$F$57)<=C_eco,C_alpha*C_fck*(1-(1-($R11+$S11*'Geometry'!$G$57+$T11*'Geometry'!$F$57)/C_eco)^C_n),C_alpha*C_fck),0)))*'Geometry'!$H$57*'Geometry'!$F$57)/1000000 -> 73.86223 | AA11: =U11+X11 -> 32659.177 | AB11: =V11+Y11 -> 635.38996 | AC11: =W11+Z11 -> 191.35684 | AD11: 0.541053 | AE11: 1.5586611 | AF11: =AA11*AD11 -> 17670.346 | AG11: =AB11*AE11 -> 1000.6119 | AH11: =AC11*AE11 -> 264.21169 | AI11: 17670.346 | AJ11: 1000.6119 | AK11: 264.21169 | AL11: =AF11-AI11 -> 0 | AM11: =SQRT((AG11-AJ11)^2+(AH11-AK11)^2) -> 0 | AN11: mesh formula | AO11: 32659.177 | AP11: 635.38996 | AQ11: 191.35684 | AR11: 27849.461 | AS11: 341.27673 | AT11: 117.49461 | AU11: 4809.7161 | AV11: 294.11323 | AW11: 73.86223
A12: 5 | B12: c/D = 1.2 | C12: =$AF$12 -> 17670.346 | D12: =$AG$12*COS(RADIANS($C$5))+$AH$12*SIN(RADIANS($C$5)) -> 1379.8665 | G12: 10-station-4|0.17453292519943295|4 | H12: c/D = 1.2 | I12: 10 | J12: c/D | K12: 1.2 | L12: =MAX(('Geometry'!$G$13*COS(RADIANS(I12))+'Geometry'!$F$13*SIN(RADIANS(I12))),('Geometry'!$G$14*COS(RADIANS(I12))+'Geometry'!$F$14*SIN(RADIANS(I12))),('Geometry'!$G$15*COS(RADIANS(I12))+'Geometry'!$F$15*SIN(RADIANS(I12))),('Geometry'!$G$16*COS(RADIANS(I12))+'Geometry'!$F$16*SIN(RADIANS(I12))),('Geometry'!$G$17*COS(RADIANS(I12))+'Geometry'!$F$17*SIN(RADIANS(I12))),('Geometry'!$G$18*COS(RADIANS(I12))+'Geometry'!$F$18*SIN(RADIANS(I12))),('Geometry'!$G$19*COS(RADIANS(I12))+'Geometry'!$F$19*SIN(RADIANS(I12))),('Geometry'!$G$20*COS(RADIANS(I12))+'Geometry'!$F$20*SIN(RADIANS(I12)))) -> 686.39115 | M12: =L12-K12*N12 -> -960.94761 | N12: =L12-MIN(('Geometry'!$G$13*COS(RADIANS(I12))+'Geometry'!$F$13*SIN(RADIANS(I12))),('Geometry'!$G$14*COS(RADIANS(I12))+'Geometry'!$F$14*SIN(RADIANS(I12))),('Geometry'!$G$15*COS(RADIANS(I12))+'Geometry'!$F$15*SIN(RADIANS(I12))),('Geometry'!$G$16*COS(RADIANS(I12))+'Geometry'!$F$16*SIN(RADIANS(I12))),('Geometry'!$G$17*COS(RADIANS(I12))+'Geometry'!$F$17*SIN(RADIANS(I12))),('Geometry'!$G$18*COS(RADIANS(I12))+'Geometry'!$F$18*SIN(RADIANS(I12))),('Geometry'!$G$19*COS(RADIANS(I12))+'Geometry'!$F$19*SIN(RADIANS(I12))),('Geometry'!$G$20*COS(RADIANS(I12))+'Geometry'!$F$20*SIN(RADIANS(I12)))) -> 1372.7823 | O12: =C_ecu -> 0.0033 | P12: =0 -> 0 | Q12: =IF(ABS(L12-M12)<0.000000000001,0,(O12-P12)/(L12-M12)) -> 2.003231e-06 | R12: =O12-Q12*L12 -> 0.001925 | S12: =Q12*COS(RADIANS(I12)) -> 1.9727974e-06 | T12: =Q12*SIN(RADIANS(I12)) -> 3.4785741e-07 | U12: =SUMPRODUCT(C_alpha*C_fck*(1-(1-((($R12+$S12*Mesh_Y+$T12*Mesh_X))*(($R12+$S12*Mesh_Y+$T12*Mesh_X)>0)*(($R12+$S12*Mesh_Y+$T12*Mesh_X)<C_eco)+C_eco*(($R12+$S12*Mesh_Y+$T12*Mesh_X)>=C_eco))/C_eco)^C_n)*((($R12+$S12*Mesh_Y+$T12*Mesh_X))>0),Mesh_A)/1000 -> 26049.236 | V12: =SUMPRODUCT(C_alpha*C_fck*(1-(1-((($R12+$S12*Mesh_Y+$T12*Mesh_X))*(($R12+$S12*Mesh_Y+$T12*Mesh_X)>0)*(($R12+$S12*Mesh_Y+$T12*Mesh_X)<C_eco)+C_eco*(($R12+$S12*Mesh_Y+$T12*Mesh_X)>=C_eco))/C_eco)^C_n)*((($R12+$S12*Mesh_Y+$T12*Mesh_X))>0),Mesh_A,Mesh_Y)/1000000 -> 1136.6745 | W12: =SUMPRODUCT(C_alpha*C_fck*(1-(1-((($R12+$S12*Mesh_Y+$T12*Mesh_X))*(($R12+$S12*Mesh_Y+$T12*Mesh_X)>0)*(($R12+$S12*Mesh_Y+$T12*Mesh_X)<C_eco)+C_eco*(($R12+$S12*Mesh_Y+$T12*Mesh_X)>=C_eco))/C_eco)^C_n)*((($R12+$S12*Mesh_Y+$T12*Mesh_X))>0),Mesh_A,Mesh_X)/1000000 -> 330.42199 | X12: =(((MAX(MIN(S_1_Es*($R12+$S12*'Geometry'!$G$40+$T12*'Geometry'!$F$40),S_1_fy),-S_1_fy))-(IF(($R12+$S12*'Geometry'!$G$40+$T12*'Geometry'!$F$40)>0,IF(($R12+$S12*'Geometry'!$G$40+$T12*'Geometry'!$F$40)<=C_eco,C_alpha*C_fck*(1-(1-($R12+$S12*'Geometry'!$G$40+$T12*'Geometry'!$F$40)/C_eco)^C_n),C_alpha*C_fck),0)))*'Geometry'!$H$40+((MAX(MIN(S_1_Es*($R12+$S12*'Geometry'!$G$41+$T12*'Geometry'!$F$41),S_1_fy),-S_1_fy))-(IF(($R12+$S12*'Geometry'!$G$41+$T12*'Geometry'!$F$41)>0,IF(($R12+$S12*'Geometry'!$G$41+$T12*'Geometry'!$F$41)<=C_eco,C_alpha*C_fck*(1-(1-($R12+$S12*'Geometry'!$G$41+$T12*'Geometry'!$F$41)/C_eco)^C_n),C_alpha*C_fck),0)))*'Geometry'!$H$41+((MAX(MIN(S_1_Es*($R12+$S12*'Geometry'!$G$42+$T12*'Geometry'!$F$42),S_1_fy),-S_1_fy))-(IF(($R12+$S12*'Geometry'!$G$42+$T12*'Geometry'!$F$42)>0,IF(($R12+$S12*'Geometry'!$G$42+$T12*'Geometry'!$F$42)<=C_eco,C_alpha*C_fck*(1-(1-($R12+$S12*'Geometry'!$G$42+$T12*'Geometry'!$F$42)/C_eco)^C_n),C_alpha*C_fck),0)))*'Geometry'!$H$42+((MAX(MIN(S_1_Es*($R12+$S12*'Geometry'!$G$43+$T12*'Geometry'!$F$43),S_1_fy),-S_1_fy))-(IF(($R12+$S12*'Geometry'!$G$43+$T12*'Geometry'!$F$43)>0,IF(($R12+$S12*'Geometry'!$G$43+$T12*'Geometry'!$F$43)<=C_eco,C_alpha*C_fck*(1-(1-($R12+$S12*'Geometry'!$G$43+$T12*'Geometry'!$F$43)/C_eco)^C_n),C_alpha*C_fck),0)))*'Geometry'!$H$43+((MAX(MIN(S_1_Es*($R12+$S12*'Geometry'!$G$44+$T12*'Geometry'!$F$44),S_1_fy),-S_1_fy))-(IF(($R12+$S12*'Geometry'!$G$44+$T12*'Geometry'!$F$44)>0,IF(($R12+$S12*'Geometry'!$G$44+$T12*'Geometry'!$F$44)<=C_eco,C_alpha*C_fck*(1-(1-($R12+$S12*'Geometry'!$G$44+$T12*'Geometry'!$F$44)/C_eco)^C_n),C_alpha*C_fck),0)))*'Geometry'!$H$44+((MAX(MIN(S_1_Es*($R12+$S12*'Geometry'!$G$45+$T12*'Geometry'!$F$45),S_1_fy),-S_1_fy))-(IF(($R12+$S12*'Geometry'!$G$45+$T12*'Geometry'!$F$45)>0,IF(($R12+$S12*'Geometry'!$G$45+$T12*'Geometry'!$F$45)<=C_eco,C_alpha*C_fck*(1-(1-($R12+$S12*'Geometry'!$G$45+$T12*'Geometry'!$F$45)/C_eco)^C_n),C_alpha*C_fck),0)))*'Geometry'!$H$45+((MAX(MIN(S_1_Es*($R12+$S12*'Geometry'!$G$46+$T12*'Geometry'!$F$46),S_1_fy),-S_1_fy))-(IF(($R12+$S12*'Geometry'!$G$46+$T12*'Geometry'!$F$46)>0,IF(($R12+$S12*'Geometry'!$G$46+$T12*'Geometry'!$F$46)<=C_eco,C_alpha*C_fck*(1-(1-($R12+$S12*'Geometry'!$G$46+$T12*'Geometry'!$F$46)/C_eco)^C_n),C_alpha*C_fck),0)))*'Geometry'!$H$46+((MAX(MIN(S_1_Es*($R12+$S12*'Geometry'!$G$47+$T12*'Geometry'!$F$47),S_1_fy),-S_1_fy))-(IF(($R12+$S12*'Geometry'!$G$47+$T12*'Geometry'!$F$47)>0,IF(($R12+$S12*'Geometry'!$G$47+$T12*'Geometry'!$F$47)<=C_eco,C_alpha*C_fck*(1-(1-($R12+$S12*'Geometry'!$G$47+$T12*'Geometry'!$F$47)/C_eco)^C_n),C_alpha*C_fck),0)))*'Geometry'!$H$47+((MAX(MIN(S_1_Es*($R12+$S12*'Geometry'!$G$48+$T12*'Geometry'!$F$48),S_1_fy),-S_1_fy))-(IF(($R12+$S12*'Geometry'!$G$48+$T12*'Geometry'!$F$48)>0,IF(($R12+$S12*'Geometry'!$G$48+$T12*'Geometry'!$F$48)<=C_eco,C_alpha*C_fck*(1-(1-($R12+$S12*'Geometry'!$G$48+$T12*'Geometry'!$F$48)/C_eco)^C_n),C_alpha*C_fck),0)))*'Geometry'!$H$48+((MAX(MIN(S_1_Es*($R12+$S12*'Geometry'!$G$49+$T12*'Geometry'!$F$49),S_1_fy),-S_1_fy))-(IF(($R12+$S12*'Geometry'!$G$49+$T12*'Geometry'!$F$49)>0,IF(($R12+$S12*'Geometry'!$G$49+$T12*'Geometry'!$F$49)<=C_eco,C_alpha*C_fck*(1-(1-($R12+$S12*'Geometry'!$G$49+$T12*'Geometry'!$F$49)/C_eco)^C_n),C_alpha*C_fck),0)))*'Geometry'!$H$49+((MAX(MIN(S_1_Es*($R12+$S12*'Geometry'!$G$50+$T12*'Geometry'!$F$50),S_1_fy),-S_1_fy))-(IF(($R12+$S12*'Geometry'!$G$50+$T12*'Geometry'!$F$50)>0,IF(($R12+$S12*'Geometry'!$G$50+$T12*'Geometry'!$F$50)<=C_eco,C_alpha*C_fck*(1-(1-($R12+$S12*'Geometry'!$G$50+$T12*'Geometry'!$F$50)/C_eco)^C_n),C_alpha*C_fck),0)))*'Geometry'!$H$50+((MAX(MIN(S_1_Es*($R12+$S12*'Geometry'!$G$51+$T12*'Geometry'!$F$51),S_1_fy),-S_1_fy))-(IF(($R12+$S12*'Geometry'!$G$51+$T12*'Geometry'!$F$51)>0,IF(($R12+$S12*'Geometry'!$G$51+$T12*'Geometry'!$F$51)<=C_eco,C_alpha*C_fck*(1-(1-($R12+$S12*'Geometry'!$G$51+$T12*'Geometry'!$F$51)/C_eco)^C_n),C_alpha*C_fck),0)))*'Geometry'!$H$51+((MAX(MIN(S_1_Es*($R12+$S12*'Geometry'!$G$52+$T12*'Geometry'!$F$52),S_1_fy),-S_1_fy))-(IF(($R12+$S12*'Geometry'!$G$52+$T12*'Geometry'!$F$52)>0,IF(($R12+$S12*'Geometry'!$G$52+$T12*'Geometry'!$F$52)<=C_eco,C_alpha*C_fck*(1-(1-($R12+$S12*'Geometry'!$G$52+$T12*'Geometry'!$F$52)/C_eco)^C_n),C_alpha*C_fck),0)))*'Geometry'!$H$52+((MAX(MIN(S_1_Es*($R12+$S12*'Geometry'!$G$53+$T12*'Geometry'!$F$53),S_1_fy),-S_1_fy))-(IF(($R12+$S12*'Geometry'!$G$53+$T12*'Geometry'!$F$53)>0,IF(($R12+$S12*'Geometry'!$G$53+$T12*'Geometry'!$F$53)<=C_eco,C_alpha*C_fck*(1-(1-($R12+$S12*'Geometry'!$G$53+$T12*'Geometry'!$F$53)/C_eco)^C_n),C_alpha*C_fck),0)))*'Geometry'!$H$53+((MAX(MIN(S_1_Es*($R12+$S12*'Geometry'!$G$54+$T12*'Geometry'!$F$54),S_1_fy),-S_1_fy))-(IF(($R12+$S12*'Geometry'!$G$54+$T12*'Geometry'!$F$54)>0,IF(($R12+$S12*'Geometry'!$G$54+$T12*'Geometry'!$F$54)<=C_eco,C_alpha*C_fck*(1-(1-($R12+$S12*'Geometry'!$G$54+$T12*'Geometry'!$F$54)/C_eco)^C_n),C_alpha*C_fck),0)))*'Geometry'!$H$54+((MAX(MIN(S_1_Es*($R12+$S12*'Geometry'!$G$55+$T12*'Geometry'!$F$55),S_1_fy),-S_1_fy))-(IF(($R12+$S12*'Geometry'!$G$55+$T12*'Geometry'!$F$55)>0,IF(($R12+$S12*'Geometry'!$G$55+$T12*'Geometry'!$F$55)<=C_eco,C_alpha*C_fck*(1-(1-($R12+$S12*'Geometry'!$G$55+$T12*'Geometry'!$F$55)/C_eco)^C_n),C_alpha*C_fck),0)))*'Geometry'!$H$55+((MAX(MIN(S_1_Es*($R12+$S12*'Geometry'!$G$56+$T12*'Geometry'!$F$56),S_1_fy),-S_1_fy))-(IF(($R12+$S12*'Geometry'!$G$56+$T12*'Geometry'!$F$56)>0,IF(($R12+$S12*'Geometry'!$G$56+$T12*'Geometry'!$F$56)<=C_eco,C_alpha*C_fck*(1-(1-($R12+$S12*'Geometry'!$G$56+$T12*'Geometry'!$F$56)/C_eco)^C_n),C_alpha*C_fck),0)))*'Geometry'!$H$56+((MAX(MIN(S_1_Es*($R12+$S12*'Geometry'!$G$57+$T12*'Geometry'!$F$57),S_1_fy),-S_1_fy))-(IF(($R12+$S12*'Geometry'!$G$57+$T12*'Geometry'!$F$57)>0,IF(($R12+$S12*'Geometry'!$G$57+$T12*'Geometry'!$F$57)<=C_eco,C_alpha*C_fck*(1-(1-($R12+$S12*'Geometry'!$G$57+$T12*'Geometry'!$F$57)/C_eco)^C_n),C_alpha*C_fck),0)))*'Geometry'!$H$57)/1000 -> 4238.688 | Y12: =(((MAX(MIN(S_1_Es*($R12+$S12*'Geometry'!$G$40+$T12*'Geometry'!$F$40),S_1_fy),-S_1_fy))-(IF(($R12+$S12*'Geometry'!$G$40+$T12*'Geometry'!$F$40)>0,IF(($R12+$S12*'Geometry'!$G$40+$T12*'Geometry'!$F$40)<=C_eco,C_alpha*C_fck*(1-(1-($R12+$S12*'Geometry'!$G$40+$T12*'Geometry'!$F$40)/C_eco)^C_n),C_alpha*C_fck),0)))*'Geometry'!$H$40*'Geometry'!$G$40+((MAX(MIN(S_1_Es*($R12+$S12*'Geometry'!$G$41+$T12*'Geometry'!$F$41),S_1_fy),-S_1_fy))-(IF(($R12+$S12*'Geometry'!$G$41+$T12*'Geometry'!$F$41)>0,IF(($R12+$S12*'Geometry'!$G$41+$T12*'Geometry'!$F$41)<=C_eco,C_alpha*C_fck*(1-(1-($R12+$S12*'Geometry'!$G$41+$T12*'Geometry'!$F$41)/C_eco)^C_n),C_alpha*C_fck),0)))*'Geometry'!$H$41*'Geometry'!$G$41+((MAX(MIN(S_1_Es*($R12+$S12*'Geometry'!$G$42+$T12*'Geometry'!$F$42),S_1_fy),-S_1_fy))-(IF(($R12+$S12*'Geometry'!$G$42+$T12*'Geometry'!$F$42)>0,IF(($R12+$S12*'Geometry'!$G$42+$T12*'Geometry'!$F$42)<=C_eco,C_alpha*C_fck*(1-(1-($R12+$S12*'Geometry'!$G$42+$T12*'Geometry'!$F$42)/C_eco)^C_n),C_alpha*C_fck),0)))*'Geometry'!$H$42*'Geometry'!$G$42+((MAX(MIN(S_1_Es*($R12+$S12*'Geometry'!$G$43+$T12*'Geometry'!$F$43),S_1_fy),-S_1_fy))-(IF(($R12+$S12*'Geometry'!$G$43+$T12*'Geometry'!$F$43)>0,IF(($R12+$S12*'Geometry'!$G$43+$T12*'Geometry'!$F$43)<=C_eco,C_alpha*C_fck*(1-(1-($R12+$S12*'Geometry'!$G$43+$T12*'Geometry'!$F$43)/C_eco)^C_n),C_alpha*C_fck),0)))*'Geometry'!$H$43*'Geometry'!$G$43+((MAX(MIN(S_1_Es*($R12+$S12*'Geometry'!$G$44+$T12*'Geometry'!$F$44),S_1_fy),-S_1_fy))-(IF(($R12+$S12*'Geometry'!$G$44+$T12*'Geometry'!$F$44)>0,IF(($R12+$S12*'Geometry'!$G$44+$T12*'Geometry'!$F$44)<=C_eco,C_alpha*C_fck*(1-(1-($R12+$S12*'Geometry'!$G$44+$T12*'Geometry'!$F$44)/C_eco)^C_n),C_alpha*C_fck),0)))*'Geometry'!$H$44*'Geometry'!$G$44+((MAX(MIN(S_1_Es*($R12+$S12*'Geometry'!$G$45+$T12*'Geometry'!$F$45),S_1_fy),-S_1_fy))-(IF(($R12+$S12*'Geometry'!$G$45+$T12*'Geometry'!$F$45)>0,IF(($R12+$S12*'Geometry'!$G$45+$T12*'Geometry'!$F$45)<=C_eco,C_alpha*C_fck*(1-(1-($R12+$S12*'Geometry'!$G$45+$T12*'Geometry'!$F$45)/C_eco)^C_n),C_alpha*C_fck),0)))*'Geometry'!$H$45*'Geometry'!$G$45+((MAX(MIN(S_1_Es*($R12+$S12*'Geometry'!$G$46+$T12*'Geometry'!$F$46),S_1_fy),-S_1_fy))-(IF(($R12+$S12*'Geometry'!$G$46+$T12*'Geometry'!$F$46)>0,IF(($R12+$S12*'Geometry'!$G$46+$T12*'Geometry'!$F$46)<=C_eco,C_alpha*C_fck*(1-(1-($R12+$S12*'Geometry'!$G$46+$T12*'Geometry'!$F$46)/C_eco)^C_n),C_alpha*C_fck),0)))*'Geometry'!$H$46*'Geometry'!$G$46+((MAX(MIN(S_1_Es*($R12+$S12*'Geometry'!$G$47+$T12*'Geometry'!$F$47),S_1_fy),-S_1_fy))-(IF(($R12+$S12*'Geometry'!$G$47+$T12*'Geometry'!$F$47)>0,IF(($R12+$S12*'Geometry'!$G$47+$T12*'Geometry'!$F$47)<=C_eco,C_alpha*C_fck*(1-(1-($R12+$S12*'Geometry'!$G$47+$T12*'Geometry'!$F$47)/C_eco)^C_n),C_alpha*C_fck),0)))*'Geometry'!$H$47*'Geometry'!$G$47+((MAX(MIN(S_1_Es*($R12+$S12*'Geometry'!$G$48+$T12*'Geometry'!$F$48),S_1_fy),-S_1_fy))-(IF(($R12+$S12*'Geometry'!$G$48+$T12*'Geometry'!$F$48)>0,IF(($R12+$S12*'Geometry'!$G$48+$T12*'Geometry'!$F$48)<=C_eco,C_alpha*C_fck*(1-(1-($R12+$S12*'Geometry'!$G$48+$T12*'Geometry'!$F$48)/C_eco)^C_n),C_alpha*C_fck),0)))*'Geometry'!$H$48*'Geometry'!$G$48+((MAX(MIN(S_1_Es*($R12+$S12*'Geometry'!$G$49+$T12*'Geometry'!$F$49),S_1_fy),-S_1_fy))-(IF(($R12+$S12*'Geometry'!$G$49+$T12*'Geometry'!$F$49)>0,IF(($R12+$S12*'Geometry'!$G$49+$T12*'Geometry'!$F$49)<=C_eco,C_alpha*C_fck*(1-(1-($R12+$S12*'Geometry'!$G$49+$T12*'Geometry'!$F$49)/C_eco)^C_n),C_alpha*C_fck),0)))*'Geometry'!$H$49*'Geometry'!$G$49+((MAX(MIN(S_1_Es*($R12+$S12*'Geometry'!$G$50+$T12*'Geometry'!$F$50),S_1_fy),-S_1_fy))-(IF(($R12+$S12*'Geometry'!$G$50+$T12*'Geometry'!$F$50)>0,IF(($R12+$S12*'Geometry'!$G$50+$T12*'Geometry'!$F$50)<=C_eco,C_alpha*C_fck*(1-(1-($R12+$S12*'Geometry'!$G$50+$T12*'Geometry'!$F$50)/C_eco)^C_n),C_alpha*C_fck),0)))*'Geometry'!$H$50*'Geometry'!$G$50+((MAX(MIN(S_1_Es*($R12+$S12*'Geometry'!$G$51+$T12*'Geometry'!$F$51),S_1_fy),-S_1_fy))-(IF(($R12+$S12*'Geometry'!$G$51+$T12*'Geometry'!$F$51)>0,IF(($R12+$S12*'Geometry'!$G$51+$T12*'Geometry'!$F$51)<=C_eco,C_alpha*C_fck*(1-(1-($R12+$S12*'Geometry'!$G$51+$T12*'Geometry'!$F$51)/C_eco)^C_n),C_alpha*C_fck),0)))*'Geometry'!$H$51*'Geometry'!$G$51+((MAX(MIN(S_1_Es*($R12+$S12*'Geometry'!$G$52+$T12*'Geometry'!$F$52),S_1_fy),-S_1_fy))-(IF(($R12+$S12*'Geometry'!$G$52+$T12*'Geometry'!$F$52)>0,IF(($R12+$S12*'Geometry'!$G$52+$T12*'Geometry'!$F$52)<=C_eco,C_alpha*C_fck*(1-(1-($R12+$S12*'Geometry'!$G$52+$T12*'Geometry'!$F$52)/C_eco)^C_n),C_alpha*C_fck),0)))*'Geometry'!$H$52*'Geometry'!$G$52+((MAX(MIN(S_1_Es*($R12+$S12*'Geometry'!$G$53+$T12*'Geometry'!$F$53),S_1_fy),-S_1_fy))-(IF(($R12+$S12*'Geometry'!$G$53+$T12*'Geometry'!$F$53)>0,IF(($R12+$S12*'Geometry'!$G$53+$T12*'Geometry'!$F$53)<=C_eco,C_alpha*C_fck*(1-(1-($R12+$S12*'Geometry'!$G$53+$T12*'Geometry'!$F$53)/C_eco)^C_n),C_alpha*C_fck),0)))*'Geometry'!$H$53*'Geometry'!$G$53+((MAX(MIN(S_1_Es*($R12+$S12*'Geometry'!$G$54+$T12*'Geometry'!$F$54),S_1_fy),-S_1_fy))-(IF(($R12+$S12*'Geometry'!$G$54+$T12*'Geometry'!$F$54)>0,IF(($R12+$S12*'Geometry'!$G$54+$T12*'Geometry'!$F$54)<=C_eco,C_alpha*C_fck*(1-(1-($R12+$S12*'Geometry'!$G$54+$T12*'Geometry'!$F$54)/C_eco)^C_n),C_alpha*C_fck),0)))*'Geometry'!$H$54*'Geometry'!$G$54+((MAX(MIN(S_1_Es*($R12+$S12*'Geometry'!$G$55+$T12*'Geometry'!$F$55),S_1_fy),-S_1_fy))-(IF(($R12+$S12*'Geometry'!$G$55+$T12*'Geometry'!$F$55)>0,IF(($R12+$S12*'Geometry'!$G$55+$T12*'Geometry'!$F$55)<=C_eco,C_alpha*C_fck*(1-(1-($R12+$S12*'Geometry'!$G$55+$T12*'Geometry'!$F$55)/C_eco)^C_n),C_alpha*C_fck),0)))*'Geometry'!$H$55*'Geometry'!$G$55+((MAX(MIN(S_1_Es*($R12+$S12*'Geometry'!$G$56+$T12*'Geometry'!$F$56),S_1_fy),-S_1_fy))-(IF(($R12+$S12*'Geometry'!$G$56+$T12*'Geometry'!$F$56)>0,IF(($R12+$S12*'Geometry'!$G$56+$T12*'Geometry'!$F$56)<=C_eco,C_alpha*C_fck*(1-(1-($R12+$S12*'Geometry'!$G$56+$T12*'Geometry'!$F$56)/C_eco)^C_n),C_alpha*C_fck),0)))*'Geometry'!$H$56*'Geometry'!$G$56+((MAX(MIN(S_1_Es*($R12+$S12*'Geometry'!$G$57+$T12*'Geometry'!$F$57),S_1_fy),-S_1_fy))-(IF(($R12+$S12*'Geometry'!$G$57+$T12*'Geometry'!$F$57)>0,IF(($R12+$S12*'Geometry'!$G$57+$T12*'Geometry'!$F$57)<=C_eco,C_alpha*C_fck*(1-(1-($R12+$S12*'Geometry'!$G$57+$T12*'Geometry'!$F$57)/C_eco)^C_n),C_alpha*C_fck),0)))*'Geometry'!$H$57*'Geometry'!$G$57)/1000000 -> 530.0683 | Z12: =(((MAX(MIN(S_1_Es*($R12+$S12*'Geometry'!$G$40+$T12*'Geometry'!$F$40),S_1_fy),-S_1_fy))-(IF(($R12+$S12*'Geometry'!$G$40+$T12*'Geometry'!$F$40)>0,IF(($R12+$S12*'Geometry'!$G$40+$T12*'Geometry'!$F$40)<=C_eco,C_alpha*C_fck*(1-(1-($R12+$S12*'Geometry'!$G$40+$T12*'Geometry'!$F$40)/C_eco)^C_n),C_alpha*C_fck),0)))*'Geometry'!$H$40*'Geometry'!$F$40+((MAX(MIN(S_1_Es*($R12+$S12*'Geometry'!$G$41+$T12*'Geometry'!$F$41),S_1_fy),-S_1_fy))-(IF(($R12+$S12*'Geometry'!$G$41+$T12*'Geometry'!$F$41)>0,IF(($R12+$S12*'Geometry'!$G$41+$T12*'Geometry'!$F$41)<=C_eco,C_alpha*C_fck*(1-(1-($R12+$S12*'Geometry'!$G$41+$T12*'Geometry'!$F$41)/C_eco)^C_n),C_alpha*C_fck),0)))*'Geometry'!$H$41*'Geometry'!$F$41+((MAX(MIN(S_1_Es*($R12+$S12*'Geometry'!$G$42+$T12*'Geometry'!$F$42),S_1_fy),-S_1_fy))-(IF(($R12+$S12*'Geometry'!$G$42+$T12*'Geometry'!$F$42)>0,IF(($R12+$S12*'Geometry'!$G$42+$T12*'Geometry'!$F$42)<=C_eco,C_alpha*C_fck*(1-(1-($R12+$S12*'Geometry'!$G$42+$T12*'Geometry'!$F$42)/C_eco)^C_n),C_alpha*C_fck),0)))*'Geometry'!$H$42*'Geometry'!$F$42+((MAX(MIN(S_1_Es*($R12+$S12*'Geometry'!$G$43+$T12*'Geometry'!$F$43),S_1_fy),-S_1_fy))-(IF(($R12+$S12*'Geometry'!$G$43+$T12*'Geometry'!$F$43)>0,IF(($R12+$S12*'Geometry'!$G$43+$T12*'Geometry'!$F$43)<=C_eco,C_alpha*C_fck*(1-(1-($R12+$S12*'Geometry'!$G$43+$T12*'Geometry'!$F$43)/C_eco)^C_n),C_alpha*C_fck),0)))*'Geometry'!$H$43*'Geometry'!$F$43+((MAX(MIN(S_1_Es*($R12+$S12*'Geometry'!$G$44+$T12*'Geometry'!$F$44),S_1_fy),-S_1_fy))-(IF(($R12+$S12*'Geometry'!$G$44+$T12*'Geometry'!$F$44)>0,IF(($R12+$S12*'Geometry'!$G$44+$T12*'Geometry'!$F$44)<=C_eco,C_alpha*C_fck*(1-(1-($R12+$S12*'Geometry'!$G$44+$T12*'Geometry'!$F$44)/C_eco)^C_n),C_alpha*C_fck),0)))*'Geometry'!$H$44*'Geometry'!$F$44+((MAX(MIN(S_1_Es*($R12+$S12*'Geometry'!$G$45+$T12*'Geometry'!$F$45),S_1_fy),-S_1_fy))-(IF(($R12+$S12*'Geometry'!$G$45+$T12*'Geometry'!$F$45)>0,IF(($R12+$S12*'Geometry'!$G$45+$T12*'Geometry'!$F$45)<=C_eco,C_alpha*C_fck*(1-(1-($R12+$S12*'Geometry'!$G$45+$T12*'Geometry'!$F$45)/C_eco)^C_n),C_alpha*C_fck),0)))*'Geometry'!$H$45*'Geometry'!$F$45+((MAX(MIN(S_1_Es*($R12+$S12*'Geometry'!$G$46+$T12*'Geometry'!$F$46),S_1_fy),-S_1_fy))-(IF(($R12+$S12*'Geometry'!$G$46+$T12*'Geometry'!$F$46)>0,IF(($R12+$S12*'Geometry'!$G$46+$T12*'Geometry'!$F$46)<=C_eco,C_alpha*C_fck*(1-(1-($R12+$S12*'Geometry'!$G$46+$T12*'Geometry'!$F$46)/C_eco)^C_n),C_alpha*C_fck),0)))*'Geometry'!$H$46*'Geometry'!$F$46+((MAX(MIN(S_1_Es*($R12+$S12*'Geometry'!$G$47+$T12*'Geometry'!$F$47),S_1_fy),-S_1_fy))-(IF(($R12+$S12*'Geometry'!$G$47+$T12*'Geometry'!$F$47)>0,IF(($R12+$S12*'Geometry'!$G$47+$T12*'Geometry'!$F$47)<=C_eco,C_alpha*C_fck*(1-(1-($R12+$S12*'Geometry'!$G$47+$T12*'Geometry'!$F$47)/C_eco)^C_n),C_alpha*C_fck),0)))*'Geometry'!$H$47*'Geometry'!$F$47+((MAX(MIN(S_1_Es*($R12+$S12*'Geometry'!$G$48+$T12*'Geometry'!$F$48),S_1_fy),-S_1_fy))-(IF(($R12+$S12*'Geometry'!$G$48+$T12*'Geometry'!$F$48)>0,IF(($R12+$S12*'Geometry'!$G$48+$T12*'Geometry'!$F$48)<=C_eco,C_alpha*C_fck*(1-(1-($R12+$S12*'Geometry'!$G$48+$T12*'Geometry'!$F$48)/C_eco)^C_n),C_alpha*C_fck),0)))*'Geometry'!$H$48*'Geometry'!$F$48+((MAX(MIN(S_1_Es*($R12+$S12*'Geometry'!$G$49+$T12*'Geometry'!$F$49),S_1_fy),-S_1_fy))-(IF(($R12+$S12*'Geometry'!$G$49+$T12*'Geometry'!$F$49)>0,IF(($R12+$S12*'Geometry'!$G$49+$T12*'Geometry'!$F$49)<=C_eco,C_alpha*C_fck*(1-(1-($R12+$S12*'Geometry'!$G$49+$T12*'Geometry'!$F$49)/C_eco)^C_n),C_alpha*C_fck),0)))*'Geometry'!$H$49*'Geometry'!$F$49+((MAX(MIN(S_1_Es*($R12+$S12*'Geometry'!$G$50+$T12*'Geometry'!$F$50),S_1_fy),-S_1_fy))-(IF(($R12+$S12*'Geometry'!$G$50+$T12*'Geometry'!$F$50)>0,IF(($R12+$S12*'Geometry'!$G$50+$T12*'Geometry'!$F$50)<=C_eco,C_alpha*C_fck*(1-(1-($R12+$S12*'Geometry'!$G$50+$T12*'Geometry'!$F$50)/C_eco)^C_n),C_alpha*C_fck),0)))*'Geometry'!$H$50*'Geometry'!$F$50+((MAX(MIN(S_1_Es*($R12+$S12*'Geometry'!$G$51+$T12*'Geometry'!$F$51),S_1_fy),-S_1_fy))-(IF(($R12+$S12*'Geometry'!$G$51+$T12*'Geometry'!$F$51)>0,IF(($R12+$S12*'Geometry'!$G$51+$T12*'Geometry'!$F$51)<=C_eco,C_alpha*C_fck*(1-(1-($R12+$S12*'Geometry'!$G$51+$T12*'Geometry'!$F$51)/C_eco)^C_n),C_alpha*C_fck),0)))*'Geometry'!$H$51*'Geometry'!$F$51+((MAX(MIN(S_1_Es*($R12+$S12*'Geometry'!$G$52+$T12*'Geometry'!$F$52),S_1_fy),-S_1_fy))-(IF(($R12+$S12*'Geometry'!$G$52+$T12*'Geometry'!$F$52)>0,IF(($R12+$S12*'Geometry'!$G$52+$T12*'Geometry'!$F$52)<=C_eco,C_alpha*C_fck*(1-(1-($R12+$S12*'Geometry'!$G$52+$T12*'Geometry'!$F$52)/C_eco)^C_n),C_alpha*C_fck),0)))*'Geometry'!$H$52*'Geometry'!$F$52+((MAX(MIN(S_1_Es*($R12+$S12*'Geometry'!$G$53+$T12*'Geometry'!$F$53),S_1_fy),-S_1_fy))-(IF(($R12+$S12*'Geometry'!$G$53+$T12*'Geometry'!$F$53)>0,IF(($R12+$S12*'Geometry'!$G$53+$T12*'Geometry'!$F$53)<=C_eco,C_alpha*C_fck*(1-(1-($R12+$S12*'Geometry'!$G$53+$T12*'Geometry'!$F$53)/C_eco)^C_n),C_alpha*C_fck),0)))*'Geometry'!$H$53*'Geometry'!$F$53+((MAX(MIN(S_1_Es*($R12+$S12*'Geometry'!$G$54+$T12*'Geometry'!$F$54),S_1_fy),-S_1_fy))-(IF(($R12+$S12*'Geometry'!$G$54+$T12*'Geometry'!$F$54)>0,IF(($R12+$S12*'Geometry'!$G$54+$T12*'Geometry'!$F$54)<=C_eco,C_alpha*C_fck*(1-(1-($R12+$S12*'Geometry'!$G$54+$T12*'Geometry'!$F$54)/C_eco)^C_n),C_alpha*C_fck),0)))*'Geometry'!$H$54*'Geometry'!$F$54+((MAX(MIN(S_1_Es*($R12+$S12*'Geometry'!$G$55+$T12*'Geometry'!$F$55),S_1_fy),-S_1_fy))-(IF(($R12+$S12*'Geometry'!$G$55+$T12*'Geometry'!$F$55)>0,IF(($R12+$S12*'Geometry'!$G$55+$T12*'Geometry'!$F$55)<=C_eco,C_alpha*C_fck*(1-(1-($R12+$S12*'Geometry'!$G$55+$T12*'Geometry'!$F$55)/C_eco)^C_n),C_alpha*C_fck),0)))*'Geometry'!$H$55*'Geometry'!$F$55+((MAX(MIN(S_1_Es*($R12+$S12*'Geometry'!$G$56+$T12*'Geometry'!$F$56),S_1_fy),-S_1_fy))-(IF(($R12+$S12*'Geometry'!$G$56+$T12*'Geometry'!$F$56)>0,IF(($R12+$S12*'Geometry'!$G$56+$T12*'Geometry'!$F$56)<=C_eco,C_alpha*C_fck*(1-(1-($R12+$S12*'Geometry'!$G$56+$T12*'Geometry'!$F$56)/C_eco)^C_n),C_alpha*C_fck),0)))*'Geometry'!$H$56*'Geometry'!$F$56+((MAX(MIN(S_1_Es*($R12+$S12*'Geometry'!$G$57+$T12*'Geometry'!$F$57),S_1_fy),-S_1_fy))-(IF(($R12+$S12*'Geometry'!$G$57+$T12*'Geometry'!$F$57)>0,IF(($R12+$S12*'Geometry'!$G$57+$T12*'Geometry'!$F$57)<=C_eco,C_alpha*C_fck*(1-(1-($R12+$S12*'Geometry'!$G$57+$T12*'Geometry'!$F$57)/C_eco)^C_n),C_alpha*C_fck),0)))*'Geometry'!$H$57*'Geometry'!$F$57)/1000000 -> 133.62678 | AA12: =U12+X12 -> 30287.924 | AB12: =V12+Y12 -> 1666.7428 | AC12: =W12+Z12 -> 464.04878 | AD12: 0.58341224 | AE12: 0.79748159 | AF12: =AA12*AD12 -> 17670.346 | AG12: =AB12*AE12 -> 1334.1492 | AH12: =AC12*AE12 -> 352.28225 | AI12: 17670.346 | AJ12: 1334.1492 | AK12: 352.28225 | AL12: =AF12-AI12 -> 0 | AM12: =SQRT((AG12-AJ12)^2+(AH12-AK12)^2) -> 0 | AN12: mesh formula | AO12: 30287.924 | AP12: 1666.7428 | AQ12: 464.04878 | AR12: 26049.236 | AS12: 1136.6745 | AT12: 330.42199 | AU12: 4238.688 | AV12: 530.0683 | AW12: 133.62678
A13: 6 | B13: c/D = 1.1 | C13: =$AF$13 -> 17670.346 | D13: =$AG$13*COS(RADIANS($C$5))+$AH$13*SIN(RADIANS($C$5)) -> 1724.8331 | G13: 10-station-5|0.17453292519943295|5 | H13: c/D = 1.1 | I13: 10 | J13: c/D | K13: 1.1 | L13: =MAX(('Geometry'!$G$13*COS(RADIANS(I13))+'Geometry'!$F$13*SIN(RADIANS(I13))),('Geometry'!$G$14*COS(RADIANS(I13))+'Geometry'!$F$14*SIN(RADIANS(I13))),('Geometry'!$G$15*COS(RADIANS(I13))+'Geometry'!$F$15*SIN(RADIANS(I13))),('Geometry'!$G$16*COS(RADIANS(I13))+'Geometry'!$F$16*SIN(RADIANS(I13))),('Geometry'!$G$17*COS(RADIANS(I13))+'Geometry'!$F$17*SIN(RADIANS(I13))),('Geometry'!$G$18*COS(RADIANS(I13))+'Geometry'!$F$18*SIN(RADIANS(I13))),('Geometry'!$G$19*COS(RADIANS(I13))+'Geometry'!$F$19*SIN(RADIANS(I13))),('Geometry'!$G$20*COS(RADIANS(I13))+'Geometry'!$F$20*SIN(RADIANS(I13)))) -> 686.39115 | M13: =L13-K13*N13 -> -823.66938 | N13: =L13-MIN(('Geometry'!$G$13*COS(RADIANS(I13))+'Geometry'!$F$13*SIN(RADIANS(I13))),('Geometry'!$G$14*COS(RADIANS(I13))+'Geometry'!$F$14*SIN(RADIANS(I13))),('Geometry'!$G$15*COS(RADIANS(I13))+'Geometry'!$F$15*SIN(RADIANS(I13))),('Geometry'!$G$16*COS(RADIANS(I13))+'Geometry'!$F$16*SIN(RADIANS(I13))),('Geometry'!$G$17*COS(RADIANS(I13))+'Geometry'!$F$17*SIN(RADIANS(I13))),('Geometry'!$G$18*COS(RADIANS(I13))+'Geometry'!$F$18*SIN(RADIANS(I13))),('Geometry'!$G$19*COS(RADIANS(I13))+'Geometry'!$F$19*SIN(RADIANS(I13))),('Geometry'!$G$20*COS(RADIANS(I13))+'Geometry'!$F$20*SIN(RADIANS(I13)))) -> 1372.7823 | O13: =C_ecu -> 0.0033 | P13: =0 -> 0 | Q13: =IF(ABS(L13-M13)<0.000000000001,0,(O13-P13)/(L13-M13)) -> 2.1853429e-06 | R13: =O13-Q13*L13 -> 0.0018 | S13: =Q13*COS(RADIANS(I13)) -> 2.1521426e-06 | T13: =Q13*SIN(RADIANS(I13)) -> 3.7948081e-07 | U13: =SUMPRODUCT(C_alpha*C_fck*(1-(1-((($R13+$S13*Mesh_Y+$T13*Mesh_X))*(($R13+$S13*Mesh_Y+$T13*Mesh_X)>0)*(($R13+$S13*Mesh_Y+$T13*Mesh_X)<C_eco)+C_eco*(($R13+$S13*Mesh_Y+$T13*Mesh_X)>=C_eco))/C_eco)^C_n)*((($R13+$S13*Mesh_Y+$T13*Mesh_X))>0),Mesh_A)/1000 -> 24816.523 | V13: =SUMPRODUCT(C_alpha*C_fck*(1-(1-((($R13+$S13*Mesh_Y+$T13*Mesh_X))*(($R13+$S13*Mesh_Y+$T13*Mesh_X)>0)*(($R13+$S13*Mesh_Y+$T13*Mesh_X)<C_eco)+C_eco*(($R13+$S13*Mesh_Y+$T13*Mesh_X)>=C_eco))/C_eco)^C_n)*((($R13+$S13*Mesh_Y+$T13*Mesh_X))>0),Mesh_A,Mesh_Y)/1000000 -> 1659.2644 | W13: =SUMPRODUCT(C_alpha*C_fck*(1-(1-((($R13+$S13*Mesh_Y+$T13*Mesh_X))*(($R13+$S13*Mesh_Y+$T13*Mesh_X)>0)*(($R13+$S13*Mesh_Y+$T13*Mesh_X)<C_eco)+C_eco*(($R13+$S13*Mesh_Y+$T13*Mesh_X)>=C_eco))/C_eco)^C_n)*((($R13+$S13*Mesh_Y+$T13*Mesh_X))>0),Mesh_A,Mesh_X)/1000000 -> 462.29279 | X13: =(((MAX(MIN(S_1_Es*($R13+$S13*'Geometry'!$G$40+$T13*'Geometry'!$F$40),S_1_fy),-S_1_fy))-(IF(($R13+$S13*'Geometry'!$G$40+$T13*'Geometry'!$F$40)>0,IF(($R13+$S13*'Geometry'!$G$40+$T13*'Geometry'!$F$40)<=C_eco,C_alpha*C_fck*(1-(1-($R13+$S13*'Geometry'!$G$40+$T13*'Geometry'!$F$40)/C_eco)^C_n),C_alpha*C_fck),0)))*'Geometry'!$H$40+((MAX(MIN(S_1_Es*($R13+$S13*'Geometry'!$G$41+$T13*'Geometry'!$F$41),S_1_fy),-S_1_fy))-(IF(($R13+$S13*'Geometry'!$G$41+$T13*'Geometry'!$F$41)>0,IF(($R13+$S13*'Geometry'!$G$41+$T13*'Geometry'!$F$41)<=C_eco,C_alpha*C_fck*(1-(1-($R13+$S13*'Geometry'!$G$41+$T13*'Geometry'!$F$41)/C_eco)^C_n),C_alpha*C_fck),0)))*'Geometry'!$H$41+((MAX(MIN(S_1_Es*($R13+$S13*'Geometry'!$G$42+$T13*'Geometry'!$F$42),S_1_fy),-S_1_fy))-(IF(($R13+$S13*'Geometry'!$G$42+$T13*'Geometry'!$F$42)>0,IF(($R13+$S13*'Geometry'!$G$42+$T13*'Geometry'!$F$42)<=C_eco,C_alpha*C_fck*(1-(1-($R13+$S13*'Geometry'!$G$42+$T13*'Geometry'!$F$42)/C_eco)^C_n),C_alpha*C_fck),0)))*'Geometry'!$H$42+((MAX(MIN(S_1_Es*($R13+$S13*'Geometry'!$G$43+$T13*'Geometry'!$F$43),S_1_fy),-S_1_fy))-(IF(($R13+$S13*'Geometry'!$G$43+$T13*'Geometry'!$F$43)>0,IF(($R13+$S13*'Geometry'!$G$43+$T13*'Geometry'!$F$43)<=C_eco,C_alpha*C_fck*(1-(1-($R13+$S13*'Geometry'!$G$43+$T13*'Geometry'!$F$43)/C_eco)^C_n),C_alpha*C_fck),0)))*'Geometry'!$H$43+((MAX(MIN(S_1_Es*($R13+$S13*'Geometry'!$G$44+$T13*'Geometry'!$F$44),S_1_fy),-S_1_fy))-(IF(($R13+$S13*'Geometry'!$G$44+$T13*'Geometry'!$F$44)>0,IF(($R13+$S13*'Geometry'!$G$44+$T13*'Geometry'!$F$44)<=C_eco,C_alpha*C_fck*(1-(1-($R13+$S13*'Geometry'!$G$44+$T13*'Geometry'!$F$44)/C_eco)^C_n),C_alpha*C_fck),0)))*'Geometry'!$H$44+((MAX(MIN(S_1_Es*($R13+$S13*'Geometry'!$G$45+$T13*'Geometry'!$F$45),S_1_fy),-S_1_fy))-(IF(($R13+$S13*'Geometry'!$G$45+$T13*'Geometry'!$F$45)>0,IF(($R13+$S13*'Geometry'!$G$45+$T13*'Geometry'!$F$45)<=C_eco,C_alpha*C_fck*(1-(1-($R13+$S13*'Geometry'!$G$45+$T13*'Geometry'!$F$45)/C_eco)^C_n),C_alpha*C_fck),0)))*'Geometry'!$H$45+((MAX(MIN(S_1_Es*($R13+$S13*'Geometry'!$G$46+$T13*'Geometry'!$F$46),S_1_fy),-S_1_fy))-(IF(($R13+$S13*'Geometry'!$G$46+$T13*'Geometry'!$F$46)>0,IF(($R13+$S13*'Geometry'!$G$46+$T13*'Geometry'!$F$46)<=C_eco,C_alpha*C_fck*(1-(1-($R13+$S13*'Geometry'!$G$46+$T13*'Geometry'!$F$46)/C_eco)^C_n),C_alpha*C_fck),0)))*'Geometry'!$H$46+((MAX(MIN(S_1_Es*($R13+$S13*'Geometry'!$G$47+$T13*'Geometry'!$F$47),S_1_fy),-S_1_fy))-(IF(($R13+$S13*'Geometry'!$G$47+$T13*'Geometry'!$F$47)>0,IF(($R13+$S13*'Geometry'!$G$47+$T13*'Geometry'!$F$47)<=C_eco,C_alpha*C_fck*(1-(1-($R13+$S13*'Geometry'!$G$47+$T13*'Geometry'!$F$47)/C_eco)^C_n),C_alpha*C_fck),0)))*'Geometry'!$H$47+((MAX(MIN(S_1_Es*($R13+$S13*'Geometry'!$G$48+$T13*'Geometry'!$F$48),S_1_fy),-S_1_fy))-(IF(($R13+$S13*'Geometry'!$G$48+$T13*'Geometry'!$F$48)>0,IF(($R13+$S13*'Geometry'!$G$48+$T13*'Geometry'!$F$48)<=C_eco,C_alpha*C_fck*(1-(1-($R13+$S13*'Geometry'!$G$48+$T13*'Geometry'!$F$48)/C_eco)^C_n),C_alpha*C_fck),0)))*'Geometry'!$H$48+((MAX(MIN(S_1_Es*($R13+$S13*'Geometry'!$G$49+$T13*'Geometry'!$F$49),S_1_fy),-S_1_fy))-(IF(($R13+$S13*'Geometry'!$G$49+$T13*'Geometry'!$F$49)>0,IF(($R13+$S13*'Geometry'!$G$49+$T13*'Geometry'!$F$49)<=C_eco,C_alpha*C_fck*(1-(1-($R13+$S13*'Geometry'!$G$49+$T13*'Geometry'!$F$49)/C_eco)^C_n),C_alpha*C_fck),0)))*'Geometry'!$H$49+((MAX(MIN(S_1_Es*($R13+$S13*'Geometry'!$G$50+$T13*'Geometry'!$F$50),S_1_fy),-S_1_fy))-(IF(($R13+$S13*'Geometry'!$G$50+$T13*'Geometry'!$F$50)>0,IF(($R13+$S13*'Geometry'!$G$50+$T13*'Geometry'!$F$50)<=C_eco,C_alpha*C_fck*(1-(1-($R13+$S13*'Geometry'!$G$50+$T13*'Geometry'!$F$50)/C_eco)^C_n),C_alpha*C_fck),0)))*'Geometry'!$H$50+((MAX(MIN(S_1_Es*($R13+$S13*'Geometry'!$G$51+$T13*'Geometry'!$F$51),S_1_fy),-S_1_fy))-(IF(($R13+$S13*'Geometry'!$G$51+$T13*'Geometry'!$F$51)>0,IF(($R13+$S13*'Geometry'!$G$51+$T13*'Geometry'!$F$51)<=C_eco,C_alpha*C_fck*(1-(1-($R13+$S13*'Geometry'!$G$51+$T13*'Geometry'!$F$51)/C_eco)^C_n),C_alpha*C_fck),0)))*'Geometry'!$H$51+((MAX(MIN(S_1_Es*($R13+$S13*'Geometry'!$G$52+$T13*'Geometry'!$F$52),S_1_fy),-S_1_fy))-(IF(($R13+$S13*'Geometry'!$G$52+$T13*'Geometry'!$F$52)>0,IF(($R13+$S13*'Geometry'!$G$52+$T13*'Geometry'!$F$52)<=C_eco,C_alpha*C_fck*(1-(1-($R13+$S13*'Geometry'!$G$52+$T13*'Geometry'!$F$52)/C_eco)^C_n),C_alpha*C_fck),0)))*'Geometry'!$H$52+((MAX(MIN(S_1_Es*($R13+$S13*'Geometry'!$G$53+$T13*'Geometry'!$F$53),S_1_fy),-S_1_fy))-(IF(($R13+$S13*'Geometry'!$G$53+$T13*'Geometry'!$F$53)>0,IF(($R13+$S13*'Geometry'!$G$53+$T13*'Geometry'!$F$53)<=C_eco,C_alpha*C_fck*(1-(1-($R13+$S13*'Geometry'!$G$53+$T13*'Geometry'!$F$53)/C_eco)^C_n),C_alpha*C_fck),0)))*'Geometry'!$H$53+((MAX(MIN(S_1_Es*($R13+$S13*'Geometry'!$G$54+$T13*'Geometry'!$F$54),S_1_fy),-S_1_fy))-(IF(($R13+$S13*'Geometry'!$G$54+$T13*'Geometry'!$F$54)>0,IF(($R13+$S13*'Geometry'!$G$54+$T13*'Geometry'!$F$54)<=C_eco,C_alpha*C_fck*(1-(1-($R13+$S13*'Geometry'!$G$54+$T13*'Geometry'!$F$54)/C_eco)^C_n),C_alpha*C_fck),0)))*'Geometry'!$H$54+((MAX(MIN(S_1_Es*($R13+$S13*'Geometry'!$G$55+$T13*'Geometry'!$F$55),S_1_fy),-S_1_fy))-(IF(($R13+$S13*'Geometry'!$G$55+$T13*'Geometry'!$F$55)>0,IF(($R13+$S13*'Geometry'!$G$55+$T13*'Geometry'!$F$55)<=C_eco,C_alpha*C_fck*(1-(1-($R13+$S13*'Geometry'!$G$55+$T13*'Geometry'!$F$55)/C_eco)^C_n),C_alpha*C_fck),0)))*'Geometry'!$H$55+((MAX(MIN(S_1_Es*($R13+$S13*'Geometry'!$G$56+$T13*'Geometry'!$F$56),S_1_fy),-S_1_fy))-(IF(($R13+$S13*'Geometry'!$G$56+$T13*'Geometry'!$F$56)>0,IF(($R13+$S13*'Geometry'!$G$56+$T13*'Geometry'!$F$56)<=C_eco,C_alpha*C_fck*(1-(1-($R13+$S13*'Geometry'!$G$56+$T13*'Geometry'!$F$56)/C_eco)^C_n),C_alpha*C_fck),0)))*'Geometry'!$H$56+((MAX(MIN(S_1_Es*($R13+$S13*'Geometry'!$G$57+$T13*'Geometry'!$F$57),S_1_fy),-S_1_fy))-(IF(($R13+$S13*'Geometry'!$G$57+$T13*'Geometry'!$F$57)>0,IF(($R13+$S13*'Geometry'!$G$57+$T13*'Geometry'!$F$57)<=C_eco,C_alpha*C_fck*(1-(1-($R13+$S13*'Geometry'!$G$57+$T13*'Geometry'!$F$57)/C_eco)^C_n),C_alpha*C_fck),0)))*'Geometry'!$H$57)/1000 -> 3955.6933 | Y13: =(((MAX(MIN(S_1_Es*($R13+$S13*'Geometry'!$G$40+$T13*'Geometry'!$F$40),S_1_fy),-S_1_fy))-(IF(($R13+$S13*'Geometry'!$G$40+$T13*'Geometry'!$F$40)>0,IF(($R13+$S13*'Geometry'!$G$40+$T13*'Geometry'!$F$40)<=C_eco,C_alpha*C_fck*(1-(1-($R13+$S13*'Geometry'!$G$40+$T13*'Geometry'!$F$40)/C_eco)^C_n),C_alpha*C_fck),0)))*'Geometry'!$H$40*'Geometry'!$G$40+((MAX(MIN(S_1_Es*($R13+$S13*'Geometry'!$G$41+$T13*'Geometry'!$F$41),S_1_fy),-S_1_fy))-(IF(($R13+$S13*'Geometry'!$G$41+$T13*'Geometry'!$F$41)>0,IF(($R13+$S13*'Geometry'!$G$41+$T13*'Geometry'!$F$41)<=C_eco,C_alpha*C_fck*(1-(1-($R13+$S13*'Geometry'!$G$41+$T13*'Geometry'!$F$41)/C_eco)^C_n),C_alpha*C_fck),0)))*'Geometry'!$H$41*'Geometry'!$G$41+((MAX(MIN(S_1_Es*($R13+$S13*'Geometry'!$G$42+$T13*'Geometry'!$F$42),S_1_fy),-S_1_fy))-(IF(($R13+$S13*'Geometry'!$G$42+$T13*'Geometry'!$F$42)>0,IF(($R13+$S13*'Geometry'!$G$42+$T13*'Geometry'!$F$42)<=C_eco,C_alpha*C_fck*(1-(1-($R13+$S13*'Geometry'!$G$42+$T13*'Geometry'!$F$42)/C_eco)^C_n),C_alpha*C_fck),0)))*'Geometry'!$H$42*'Geometry'!$G$42+((MAX(MIN(S_1_Es*($R13+$S13*'Geometry'!$G$43+$T13*'Geometry'!$F$43),S_1_fy),-S_1_fy))-(IF(($R13+$S13*'Geometry'!$G$43+$T13*'Geometry'!$F$43)>0,IF(($R13+$S13*'Geometry'!$G$43+$T13*'Geometry'!$F$43)<=C_eco,C_alpha*C_fck*(1-(1-($R13+$S13*'Geometry'!$G$43+$T13*'Geometry'!$F$43)/C_eco)^C_n),C_alpha*C_fck),0)))*'Geometry'!$H$43*'Geometry'!$G$43+((MAX(MIN(S_1_Es*($R13+$S13*'Geometry'!$G$44+$T13*'Geometry'!$F$44),S_1_fy),-S_1_fy))-(IF(($R13+$S13*'Geometry'!$G$44+$T13*'Geometry'!$F$44)>0,IF(($R13+$S13*'Geometry'!$G$44+$T13*'Geometry'!$F$44)<=C_eco,C_alpha*C_fck*(1-(1-($R13+$S13*'Geometry'!$G$44+$T13*'Geometry'!$F$44)/C_eco)^C_n),C_alpha*C_fck),0)))*'Geometry'!$H$44*'Geometry'!$G$44+((MAX(MIN(S_1_Es*($R13+$S13*'Geometry'!$G$45+$T13*'Geometry'!$F$45),S_1_fy),-S_1_fy))-(IF(($R13+$S13*'Geometry'!$G$45+$T13*'Geometry'!$F$45)>0,IF(($R13+$S13*'Geometry'!$G$45+$T13*'Geometry'!$F$45)<=C_eco,C_alpha*C_fck*(1-(1-($R13+$S13*'Geometry'!$G$45+$T13*'Geometry'!$F$45)/C_eco)^C_n),C_alpha*C_fck),0)))*'Geometry'!$H$45*'Geometry'!$G$45+((MAX(MIN(S_1_Es*($R13+$S13*'Geometry'!$G$46+$T13*'Geometry'!$F$46),S_1_fy),-S_1_fy))-(IF(($R13+$S13*'Geometry'!$G$46+$T13*'Geometry'!$F$46)>0,IF(($R13+$S13*'Geometry'!$G$46+$T13*'Geometry'!$F$46)<=C_eco,C_alpha*C_fck*(1-(1-($R13+$S13*'Geometry'!$G$46+$T13*'Geometry'!$F$46)/C_eco)^C_n),C_alpha*C_fck),0)))*'Geometry'!$H$46*'Geometry'!$G$46+((MAX(MIN(S_1_Es*($R13+$S13*'Geometry'!$G$47+$T13*'Geometry'!$F$47),S_1_fy),-S_1_fy))-(IF(($R13+$S13*'Geometry'!$G$47+$T13*'Geometry'!$F$47)>0,IF(($R13+$S13*'Geometry'!$G$47+$T13*'Geometry'!$F$47)<=C_eco,C_alpha*C_fck*(1-(1-($R13+$S13*'Geometry'!$G$47+$T13*'Geometry'!$F$47)/C_eco)^C_n),C_alpha*C_fck),0)))*'Geometry'!$H$47*'Geometry'!$G$47+((MAX(MIN(S_1_Es*($R13+$S13*'Geometry'!$G$48+$T13*'Geometry'!$F$48),S_1_fy),-S_1_fy))-(IF(($R13+$S13*'Geometry'!$G$48+$T13*'Geometry'!$F$48)>0,IF(($R13+$S13*'Geometry'!$G$48+$T13*'Geometry'!$F$48)<=C_eco,C_alpha*C_fck*(1-(1-($R13+$S13*'Geometry'!$G$48+$T13*'Geometry'!$F$48)/C_eco)^C_n),C_alpha*C_fck),0)))*'Geometry'!$H$48*'Geometry'!$G$48+((MAX(MIN(S_1_Es*($R13+$S13*'Geometry'!$G$49+$T13*'Geometry'!$F$49),S_1_fy),-S_1_fy))-(IF(($R13+$S13*'Geometry'!$G$49+$T13*'Geometry'!$F$49)>0,IF(($R13+$S13*'Geometry'!$G$49+$T13*'Geometry'!$F$49)<=C_eco,C_alpha*C_fck*(1-(1-($R13+$S13*'Geometry'!$G$49+$T13*'Geometry'!$F$49)/C_eco)^C_n),C_alpha*C_fck),0)))*'Geometry'!$H$49*'Geometry'!$G$49+((MAX(MIN(S_1_Es*($R13+$S13*'Geometry'!$G$50+$T13*'Geometry'!$F$50),S_1_fy),-S_1_fy))-(IF(($R13+$S13*'Geometry'!$G$50+$T13*'Geometry'!$F$50)>0,IF(($R13+$S13*'Geometry'!$G$50+$T13*'Geometry'!$F$50)<=C_eco,C_alpha*C_fck*(1-(1-($R13+$S13*'Geometry'!$G$50+$T13*'Geometry'!$F$50)/C_eco)^C_n),C_alpha*C_fck),0)))*'Geometry'!$H$50*'Geometry'!$G$50+((MAX(MIN(S_1_Es*($R13+$S13*'Geometry'!$G$51+$T13*'Geometry'!$F$51),S_1_fy),-S_1_fy))-(IF(($R13+$S13*'Geometry'!$G$51+$T13*'Geometry'!$F$51)>0,IF(($R13+$S13*'Geometry'!$G$51+$T13*'Geometry'!$F$51)<=C_eco,C_alpha*C_fck*(1-(1-($R13+$S13*'Geometry'!$G$51+$T13*'Geometry'!$F$51)/C_eco)^C_n),C_alpha*C_fck),0)))*'Geometry'!$H$51*'Geometry'!$G$51+((MAX(MIN(S_1_Es*($R13+$S13*'Geometry'!$G$52+$T13*'Geometry'!$F$52),S_1_fy),-S_1_fy))-(IF(($R13+$S13*'Geometry'!$G$52+$T13*'Geometry'!$F$52)>0,IF(($R13+$S13*'Geometry'!$G$52+$T13*'Geometry'!$F$52)<=C_eco,C_alpha*C_fck*(1-(1-($R13+$S13*'Geometry'!$G$52+$T13*'Geometry'!$F$52)/C_eco)^C_n),C_alpha*C_fck),0)))*'Geometry'!$H$52*'Geometry'!$G$52+((MAX(MIN(S_1_Es*($R13+$S13*'Geometry'!$G$53+$T13*'Geometry'!$F$53),S_1_fy),-S_1_fy))-(IF(($R13+$S13*'Geometry'!$G$53+$T13*'Geometry'!$F$53)>0,IF(($R13+$S13*'Geometry'!$G$53+$T13*'Geometry'!$F$53)<=C_eco,C_alpha*C_fck*(1-(1-($R13+$S13*'Geometry'!$G$53+$T13*'Geometry'!$F$53)/C_eco)^C_n),C_alpha*C_fck),0)))*'Geometry'!$H$53*'Geometry'!$G$53+((MAX(MIN(S_1_Es*($R13+$S13*'Geometry'!$G$54+$T13*'Geometry'!$F$54),S_1_fy),-S_1_fy))-(IF(($R13+$S13*'Geometry'!$G$54+$T13*'Geometry'!$F$54)>0,IF(($R13+$S13*'Geometry'!$G$54+$T13*'Geometry'!$F$54)<=C_eco,C_alpha*C_fck*(1-(1-($R13+$S13*'Geometry'!$G$54+$T13*'Geometry'!$F$54)/C_eco)^C_n),C_alpha*C_fck),0)))*'Geometry'!$H$54*'Geometry'!$G$54+((MAX(MIN(S_1_Es*($R13+$S13*'Geometry'!$G$55+$T13*'Geometry'!$F$55),S_1_fy),-S_1_fy))-(IF(($R13+$S13*'Geometry'!$G$55+$T13*'Geometry'!$F$55)>0,IF(($R13+$S13*'Geometry'!$G$55+$T13*'Geometry'!$F$55)<=C_eco,C_alpha*C_fck*(1-(1-($R13+$S13*'Geometry'!$G$55+$T13*'Geometry'!$F$55)/C_eco)^C_n),C_alpha*C_fck),0)))*'Geometry'!$H$55*'Geometry'!$G$55+((MAX(MIN(S_1_Es*($R13+$S13*'Geometry'!$G$56+$T13*'Geometry'!$F$56),S_1_fy),-S_1_fy))-(IF(($R13+$S13*'Geometry'!$G$56+$T13*'Geometry'!$F$56)>0,IF(($R13+$S13*'Geometry'!$G$56+$T13*'Geometry'!$F$56)<=C_eco,C_alpha*C_fck*(1-(1-($R13+$S13*'Geometry'!$G$56+$T13*'Geometry'!$F$56)/C_eco)^C_n),C_alpha*C_fck),0)))*'Geometry'!$H$56*'Geometry'!$G$56+((MAX(MIN(S_1_Es*($R13+$S13*'Geometry'!$G$57+$T13*'Geometry'!$F$57),S_1_fy),-S_1_fy))-(IF(($R13+$S13*'Geometry'!$G$57+$T13*'Geometry'!$F$57)>0,IF(($R13+$S13*'Geometry'!$G$57+$T13*'Geometry'!$F$57)<=C_eco,C_alpha*C_fck*(1-(1-($R13+$S13*'Geometry'!$G$57+$T13*'Geometry'!$F$57)/C_eco)^C_n),C_alpha*C_fck),0)))*'Geometry'!$H$57*'Geometry'!$G$57)/1000000 -> 635.31626 | Z13: =(((MAX(MIN(S_1_Es*($R13+$S13*'Geometry'!$G$40+$T13*'Geometry'!$F$40),S_1_fy),-S_1_fy))-(IF(($R13+$S13*'Geometry'!$G$40+$T13*'Geometry'!$F$40)>0,IF(($R13+$S13*'Geometry'!$G$40+$T13*'Geometry'!$F$40)<=C_eco,C_alpha*C_fck*(1-(1-($R13+$S13*'Geometry'!$G$40+$T13*'Geometry'!$F$40)/C_eco)^C_n),C_alpha*C_fck),0)))*'Geometry'!$H$40*'Geometry'!$F$40+((MAX(MIN(S_1_Es*($R13+$S13*'Geometry'!$G$41+$T13*'Geometry'!$F$41),S_1_fy),-S_1_fy))-(IF(($R13+$S13*'Geometry'!$G$41+$T13*'Geometry'!$F$41)>0,IF(($R13+$S13*'Geometry'!$G$41+$T13*'Geometry'!$F$41)<=C_eco,C_alpha*C_fck*(1-(1-($R13+$S13*'Geometry'!$G$41+$T13*'Geometry'!$F$41)/C_eco)^C_n),C_alpha*C_fck),0)))*'Geometry'!$H$41*'Geometry'!$F$41+((MAX(MIN(S_1_Es*($R13+$S13*'Geometry'!$G$42+$T13*'Geometry'!$F$42),S_1_fy),-S_1_fy))-(IF(($R13+$S13*'Geometry'!$G$42+$T13*'Geometry'!$F$42)>0,IF(($R13+$S13*'Geometry'!$G$42+$T13*'Geometry'!$F$42)<=C_eco,C_alpha*C_fck*(1-(1-($R13+$S13*'Geometry'!$G$42+$T13*'Geometry'!$F$42)/C_eco)^C_n),C_alpha*C_fck),0)))*'Geometry'!$H$42*'Geometry'!$F$42+((MAX(MIN(S_1_Es*($R13+$S13*'Geometry'!$G$43+$T13*'Geometry'!$F$43),S_1_fy),-S_1_fy))-(IF(($R13+$S13*'Geometry'!$G$43+$T13*'Geometry'!$F$43)>0,IF(($R13+$S13*'Geometry'!$G$43+$T13*'Geometry'!$F$43)<=C_eco,C_alpha*C_fck*(1-(1-($R13+$S13*'Geometry'!$G$43+$T13*'Geometry'!$F$43)/C_eco)^C_n),C_alpha*C_fck),0)))*'Geometry'!$H$43*'Geometry'!$F$43+((MAX(MIN(S_1_Es*($R13+$S13*'Geometry'!$G$44+$T13*'Geometry'!$F$44),S_1_fy),-S_1_fy))-(IF(($R13+$S13*'Geometry'!$G$44+$T13*'Geometry'!$F$44)>0,IF(($R13+$S13*'Geometry'!$G$44+$T13*'Geometry'!$F$44)<=C_eco,C_alpha*C_fck*(1-(1-($R13+$S13*'Geometry'!$G$44+$T13*'Geometry'!$F$44)/C_eco)^C_n),C_alpha*C_fck),0)))*'Geometry'!$H$44*'Geometry'!$F$44+((MAX(MIN(S_1_Es*($R13+$S13*'Geometry'!$G$45+$T13*'Geometry'!$F$45),S_1_fy),-S_1_fy))-(IF(($R13+$S13*'Geometry'!$G$45+$T13*'Geometry'!$F$45)>0,IF(($R13+$S13*'Geometry'!$G$45+$T13*'Geometry'!$F$45)<=C_eco,C_alpha*C_fck*(1-(1-($R13+$S13*'Geometry'!$G$45+$T13*'Geometry'!$F$45)/C_eco)^C_n),C_alpha*C_fck),0)))*'Geometry'!$H$45*'Geometry'!$F$45+((MAX(MIN(S_1_Es*($R13+$S13*'Geometry'!$G$46+$T13*'Geometry'!$F$46),S_1_fy),-S_1_fy))-(IF(($R13+$S13*'Geometry'!$G$46+$T13*'Geometry'!$F$46)>0,IF(($R13+$S13*'Geometry'!$G$46+$T13*'Geometry'!$F$46)<=C_eco,C_alpha*C_fck*(1-(1-($R13+$S13*'Geometry'!$G$46+$T13*'Geometry'!$F$46)/C_eco)^C_n),C_alpha*C_fck),0)))*'Geometry'!$H$46*'Geometry'!$F$46+((MAX(MIN(S_1_Es*($R13+$S13*'Geometry'!$G$47+$T13*'Geometry'!$F$47),S_1_fy),-S_1_fy))-(IF(($R13+$S13*'Geometry'!$G$47+$T13*'Geometry'!$F$47)>0,IF(($R13+$S13*'Geometry'!$G$47+$T13*'Geometry'!$F$47)<=C_eco,C_alpha*C_fck*(1-(1-($R13+$S13*'Geometry'!$G$47+$T13*'Geometry'!$F$47)/C_eco)^C_n),C_alpha*C_fck),0)))*'Geometry'!$H$47*'Geometry'!$F$47+((MAX(MIN(S_1_Es*($R13+$S13*'Geometry'!$G$48+$T13*'Geometry'!$F$48),S_1_fy),-S_1_fy))-(IF(($R13+$S13*'Geometry'!$G$48+$T13*'Geometry'!$F$48)>0,IF(($R13+$S13*'Geometry'!$G$48+$T13*'Geometry'!$F$48)<=C_eco,C_alpha*C_fck*(1-(1-($R13+$S13*'Geometry'!$G$48+$T13*'Geometry'!$F$48)/C_eco)^C_n),C_alpha*C_fck),0)))*'Geometry'!$H$48*'Geometry'!$F$48+((MAX(MIN(S_1_Es*($R13+$S13*'Geometry'!$G$49+$T13*'Geometry'!$F$49),S_1_fy),-S_1_fy))-(IF(($R13+$S13*'Geometry'!$G$49+$T13*'Geometry'!$F$49)>0,IF(($R13+$S13*'Geometry'!$G$49+$T13*'Geometry'!$F$49)<=C_eco,C_alpha*C_fck*(1-(1-($R13+$S13*'Geometry'!$G$49+$T13*'Geometry'!$F$49)/C_eco)^C_n),C_alpha*C_fck),0)))*'Geometry'!$H$49*'Geometry'!$F$49+((MAX(MIN(S_1_Es*($R13+$S13*'Geometry'!$G$50+$T13*'Geometry'!$F$50),S_1_fy),-S_1_fy))-(IF(($R13+$S13*'Geometry'!$G$50+$T13*'Geometry'!$F$50)>0,IF(($R13+$S13*'Geometry'!$G$50+$T13*'Geometry'!$F$50)<=C_eco,C_alpha*C_fck*(1-(1-($R13+$S13*'Geometry'!$G$50+$T13*'Geometry'!$F$50)/C_eco)^C_n),C_alpha*C_fck),0)))*'Geometry'!$H$50*'Geometry'!$F$50+((MAX(MIN(S_1_Es*($R13+$S13*'Geometry'!$G$51+$T13*'Geometry'!$F$51),S_1_fy),-S_1_fy))-(IF(($R13+$S13*'Geometry'!$G$51+$T13*'Geometry'!$F$51)>0,IF(($R13+$S13*'Geometry'!$G$51+$T13*'Geometry'!$F$51)<=C_eco,C_alpha*C_fck*(1-(1-($R13+$S13*'Geometry'!$G$51+$T13*'Geometry'!$F$51)/C_eco)^C_n),C_alpha*C_fck),0)))*'Geometry'!$H$51*'Geometry'!$F$51+((MAX(MIN(S_1_Es*($R13+$S13*'Geometry'!$G$52+$T13*'Geometry'!$F$52),S_1_fy),-S_1_fy))-(IF(($R13+$S13*'Geometry'!$G$52+$T13*'Geometry'!$F$52)>0,IF(($R13+$S13*'Geometry'!$G$52+$T13*'Geometry'!$F$52)<=C_eco,C_alpha*C_fck*(1-(1-($R13+$S13*'Geometry'!$G$52+$T13*'Geometry'!$F$52)/C_eco)^C_n),C_alpha*C_fck),0)))*'Geometry'!$H$52*'Geometry'!$F$52+((MAX(MIN(S_1_Es*($R13+$S13*'Geometry'!$G$53+$T13*'Geometry'!$F$53),S_1_fy),-S_1_fy))-(IF(($R13+$S13*'Geometry'!$G$53+$T13*'Geometry'!$F$53)>0,IF(($R13+$S13*'Geometry'!$G$53+$T13*'Geometry'!$F$53)<=C_eco,C_alpha*C_fck*(1-(1-($R13+$S13*'Geometry'!$G$53+$T13*'Geometry'!$F$53)/C_eco)^C_n),C_alpha*C_fck),0)))*'Geometry'!$H$53*'Geometry'!$F$53+((MAX(MIN(S_1_Es*($R13+$S13*'Geometry'!$G$54+$T13*'Geometry'!$F$54),S_1_fy),-S_1_fy))-(IF(($R13+$S13*'Geometry'!$G$54+$T13*'Geometry'!$F$54)>0,IF(($R13+$S13*'Geometry'!$G$54+$T13*'Geometry'!$F$54)<=C_eco,C_alpha*C_fck*(1-(1-($R13+$S13*'Geometry'!$G$54+$T13*'Geometry'!$F$54)/C_eco)^C_n),C_alpha*C_fck),0)))*'Geometry'!$H$54*'Geometry'!$F$54+((MAX(MIN(S_1_Es*($R13+$S13*'Geometry'!$G$55+$T13*'Geometry'!$F$55),S_1_fy),-S_1_fy))-(IF(($R13+$S13*'Geometry'!$G$55+$T13*'Geometry'!$F$55)>0,IF(($R13+$S13*'Geometry'!$G$55+$T13*'Geometry'!$F$55)<=C_eco,C_alpha*C_fck*(1-(1-($R13+$S13*'Geometry'!$G$55+$T13*'Geometry'!$F$55)/C_eco)^C_n),C_alpha*C_fck),0)))*'Geometry'!$H$55*'Geometry'!$F$55+((MAX(MIN(S_1_Es*($R13+$S13*'Geometry'!$G$56+$T13*'Geometry'!$F$56),S_1_fy),-S_1_fy))-(IF(($R13+$S13*'Geometry'!$G$56+$T13*'Geometry'!$F$56)>0,IF(($R13+$S13*'Geometry'!$G$56+$T13*'Geometry'!$F$56)<=C_eco,C_alpha*C_fck*(1-(1-($R13+$S13*'Geometry'!$G$56+$T13*'Geometry'!$F$56)/C_eco)^C_n),C_alpha*C_fck),0)))*'Geometry'!$H$56*'Geometry'!$F$56+((MAX(MIN(S_1_Es*($R13+$S13*'Geometry'!$G$57+$T13*'Geometry'!$F$57),S_1_fy),-S_1_fy))-(IF(($R13+$S13*'Geometry'!$G$57+$T13*'Geometry'!$F$57)>0,IF(($R13+$S13*'Geometry'!$G$57+$T13*'Geometry'!$F$57)<=C_eco,C_alpha*C_fck*(1-(1-($R13+$S13*'Geometry'!$G$57+$T13*'Geometry'!$F$57)/C_eco)^C_n),C_alpha*C_fck),0)))*'Geometry'!$H$57*'Geometry'!$F$57)/1000000 -> 157.04487 | AA13: =U13+X13 -> 28772.216 | AB13: =V13+Y13 -> 2294.5806 | AC13: =W13+Z13 -> 619.33766 | AD13: 0.61414614 | AE13: 0.7257215 | AF13: =AA13*AD13 -> 17670.346 | AG13: =AB13*AE13 -> 1667.6865 | AH13: =AC13*AE13 -> 440.35281 | AI13: 17670.346 | AJ13: 1667.6865 | AK13: 440.35281 | AL13: =AF13-AI13 -> 0 | AM13: =SQRT((AG13-AJ13)^2+(AH13-AK13)^2) -> 0 | AN13: mesh formula | AO13: 28772.216 | AP13: 2294.5806 | AQ13: 619.33766 | AR13: 24816.523 | AS13: 1659.2644 | AT13: 462.29279 | AU13: 3955.6933 | AV13: 635.31626 | AW13: 157.04487
A14: 7 | B14: c/D = 1 | C14: =$AF$14 -> 17291.797 | D14: =$AG$14*COS(RADIANS($C$5))+$AH$14*SIN(RADIANS($C$5)) -> 2135.8457 | G14: 10-station-6|0.17453292519943295|6 | H14: c/D = 1 | I14: 10 | J14: c/D | K14: 1 | L14: =MAX(('Geometry'!$G$13*COS(RADIANS(I14))+'Geometry'!$F$13*SIN(RADIANS(I14))),('Geometry'!$G$14*COS(RADIANS(I14))+'Geometry'!$F$14*SIN(RADIANS(I14))),('Geometry'!$G$15*COS(RADIANS(I14))+'Geometry'!$F$15*SIN(RADIANS(I14))),('Geometry'!$G$16*COS(RADIANS(I14))+'Geometry'!$F$16*SIN(RADIANS(I14))),('Geometry'!$G$17*COS(RADIANS(I14))+'Geometry'!$F$17*SIN(RADIANS(I14))),('Geometry'!$G$18*COS(RADIANS(I14))+'Geometry'!$F$18*SIN(RADIANS(I14))),('Geometry'!$G$19*COS(RADIANS(I14))+'Geometry'!$F$19*SIN(RADIANS(I14))),('Geometry'!$G$20*COS(RADIANS(I14))+'Geometry'!$F$20*SIN(RADIANS(I14)))) -> 686.39115 | M14: =L14-K14*N14 -> -686.39115 | N14: =L14-MIN(('Geometry'!$G$13*COS(RADIANS(I14))+'Geometry'!$F$13*SIN(RADIANS(I14))),('Geometry'!$G$14*COS(RADIANS(I14))+'Geometry'!$F$14*SIN(RADIANS(I14))),('Geometry'!$G$15*COS(RADIANS(I14))+'Geometry'!$F$15*SIN(RADIANS(I14))),('Geometry'!$G$16*COS(RADIANS(I14))+'Geometry'!$F$16*SIN(RADIANS(I14))),('Geometry'!$G$17*COS(RADIANS(I14))+'Geometry'!$F$17*SIN(RADIANS(I14))),('Geometry'!$G$18*COS(RADIANS(I14))+'Geometry'!$F$18*SIN(RADIANS(I14))),('Geometry'!$G$19*COS(RADIANS(I14))+'Geometry'!$F$19*SIN(RADIANS(I14))),('Geometry'!$G$20*COS(RADIANS(I14))+'Geometry'!$F$20*SIN(RADIANS(I14)))) -> 1372.7823 | O14: =C_ecu -> 0.0033 | P14: =0 -> 0 | Q14: =IF(ABS(L14-M14)<0.000000000001,0,(O14-P14)/(L14-M14)) -> 2.4038771e-06 | R14: =O14-Q14*L14 -> 0.00165 | S14: =Q14*COS(RADIANS(I14)) -> 2.3673569e-06 | T14: =Q14*SIN(RADIANS(I14)) -> 4.1742889e-07 | U14: =SUMPRODUCT(C_alpha*C_fck*(1-(1-((($R14+$S14*Mesh_Y+$T14*Mesh_X))*(($R14+$S14*Mesh_Y+$T14*Mesh_X)>0)*(($R14+$S14*Mesh_Y+$T14*Mesh_X)<C_eco)+C_eco*(($R14+$S14*Mesh_Y+$T14*Mesh_X)>=C_eco))/C_eco)^C_n)*((($R14+$S14*Mesh_Y+$T14*Mesh_X))>0),Mesh_A)/1000 -> 22981.715 | V14: =SUMPRODUCT(C_alpha*C_fck*(1-(1-((($R14+$S14*Mesh_Y+$T14*Mesh_X))*(($R14+$S14*Mesh_Y+$T14*Mesh_X)>0)*(($R14+$S14*Mesh_Y+$T14*Mesh_X)<C_eco)+C_eco*(($R14+$S14*Mesh_Y+$T14*Mesh_X)>=C_eco))/C_eco)^C_n)*((($R14+$S14*Mesh_Y+$T14*Mesh_X))>0),Mesh_A,Mesh_Y)/1000000 -> 2418.7074 | W14: =SUMPRODUCT(C_alpha*C_fck*(1-(1-((($R14+$S14*Mesh_Y+$T14*Mesh_X))*(($R14+$S14*Mesh_Y+$T14*Mesh_X)>0)*(($R14+$S14*Mesh_Y+$T14*Mesh_X)<C_eco)+C_eco*(($R14+$S14*Mesh_Y+$T14*Mesh_X)>=C_eco))/C_eco)^C_n)*((($R14+$S14*Mesh_Y+$T14*Mesh_X))>0),Mesh_A,Mesh_X)/1000000 -> 649.62509 | X14: =(((MAX(MIN(S_1_Es*($R14+$S14*'Geometry'!$G$40+$T14*'Geometry'!$F$40),S_1_fy),-S_1_fy))-(IF(($R14+$S14*'Geometry'!$G$40+$T14*'Geometry'!$F$40)>0,IF(($R14+$S14*'Geometry'!$G$40+$T14*'Geometry'!$F$40)<=C_eco,C_alpha*C_fck*(1-(1-($R14+$S14*'Geometry'!$G$40+$T14*'Geometry'!$F$40)/C_eco)^C_n),C_alpha*C_fck),0)))*'Geometry'!$H$40+((MAX(MIN(S_1_Es*($R14+$S14*'Geometry'!$G$41+$T14*'Geometry'!$F$41),S_1_fy),-S_1_fy))-(IF(($R14+$S14*'Geometry'!$G$41+$T14*'Geometry'!$F$41)>0,IF(($R14+$S14*'Geometry'!$G$41+$T14*'Geometry'!$F$41)<=C_eco,C_alpha*C_fck*(1-(1-($R14+$S14*'Geometry'!$G$41+$T14*'Geometry'!$F$41)/C_eco)^C_n),C_alpha*C_fck),0)))*'Geometry'!$H$41+((MAX(MIN(S_1_Es*($R14+$S14*'Geometry'!$G$42+$T14*'Geometry'!$F$42),S_1_fy),-S_1_fy))-(IF(($R14+$S14*'Geometry'!$G$42+$T14*'Geometry'!$F$42)>0,IF(($R14+$S14*'Geometry'!$G$42+$T14*'Geometry'!$F$42)<=C_eco,C_alpha*C_fck*(1-(1-($R14+$S14*'Geometry'!$G$42+$T14*'Geometry'!$F$42)/C_eco)^C_n),C_alpha*C_fck),0)))*'Geometry'!$H$42+((MAX(MIN(S_1_Es*($R14+$S14*'Geometry'!$G$43+$T14*'Geometry'!$F$43),S_1_fy),-S_1_fy))-(IF(($R14+$S14*'Geometry'!$G$43+$T14*'Geometry'!$F$43)>0,IF(($R14+$S14*'Geometry'!$G$43+$T14*'Geometry'!$F$43)<=C_eco,C_alpha*C_fck*(1-(1-($R14+$S14*'Geometry'!$G$43+$T14*'Geometry'!$F$43)/C_eco)^C_n),C_alpha*C_fck),0)))*'Geometry'!$H$43+((MAX(MIN(S_1_Es*($R14+$S14*'Geometry'!$G$44+$T14*'Geometry'!$F$44),S_1_fy),-S_1_fy))-(IF(($R14+$S14*'Geometry'!$G$44+$T14*'Geometry'!$F$44)>0,IF(($R14+$S14*'Geometry'!$G$44+$T14*'Geometry'!$F$44)<=C_eco,C_alpha*C_fck*(1-(1-($R14+$S14*'Geometry'!$G$44+$T14*'Geometry'!$F$44)/C_eco)^C_n),C_alpha*C_fck),0)))*'Geometry'!$H$44+((MAX(MIN(S_1_Es*($R14+$S14*'Geometry'!$G$45+$T14*'Geometry'!$F$45),S_1_fy),-S_1_fy))-(IF(($R14+$S14*'Geometry'!$G$45+$T14*'Geometry'!$F$45)>0,IF(($R14+$S14*'Geometry'!$G$45+$T14*'Geometry'!$F$45)<=C_eco,C_alpha*C_fck*(1-(1-($R14+$S14*'Geometry'!$G$45+$T14*'Geometry'!$F$45)/C_eco)^C_n),C_alpha*C_fck),0)))*'Geometry'!$H$45+((MAX(MIN(S_1_Es*($R14+$S14*'Geometry'!$G$46+$T14*'Geometry'!$F$46),S_1_fy),-S_1_fy))-(IF(($R14+$S14*'Geometry'!$G$46+$T14*'Geometry'!$F$46)>0,IF(($R14+$S14*'Geometry'!$G$46+$T14*'Geometry'!$F$46)<=C_eco,C_alpha*C_fck*(1-(1-($R14+$S14*'Geometry'!$G$46+$T14*'Geometry'!$F$46)/C_eco)^C_n),C_alpha*C_fck),0)))*'Geometry'!$H$46+((MAX(MIN(S_1_Es*($R14+$S14*'Geometry'!$G$47+$T14*'Geometry'!$F$47),S_1_fy),-S_1_fy))-(IF(($R14+$S14*'Geometry'!$G$47+$T14*'Geometry'!$F$47)>0,IF(($R14+$S14*'Geometry'!$G$47+$T14*'Geometry'!$F$47)<=C_eco,C_alpha*C_fck*(1-(1-($R14+$S14*'Geometry'!$G$47+$T14*'Geometry'!$F$47)/C_eco)^C_n),C_alpha*C_fck),0)))*'Geometry'!$H$47+((MAX(MIN(S_1_Es*($R14+$S14*'Geometry'!$G$48+$T14*'Geometry'!$F$48),S_1_fy),-S_1_fy))-(IF(($R14+$S14*'Geometry'!$G$48+$T14*'Geometry'!$F$48)>0,IF(($R14+$S14*'Geometry'!$G$48+$T14*'Geometry'!$F$48)<=C_eco,C_alpha*C_fck*(1-(1-($R14+$S14*'Geometry'!$G$48+$T14*'Geometry'!$F$48)/C_eco)^C_n),C_alpha*C_fck),0)))*'Geometry'!$H$48+((MAX(MIN(S_1_Es*($R14+$S14*'Geometry'!$G$49+$T14*'Geometry'!$F$49),S_1_fy),-S_1_fy))-(IF(($R14+$S14*'Geometry'!$G$49+$T14*'Geometry'!$F$49)>0,IF(($R14+$S14*'Geometry'!$G$49+$T14*'Geometry'!$F$49)<=C_eco,C_alpha*C_fck*(1-(1-($R14+$S14*'Geometry'!$G$49+$T14*'Geometry'!$F$49)/C_eco)^C_n),C_alpha*C_fck),0)))*'Geometry'!$H$49+((MAX(MIN(S_1_Es*($R14+$S14*'Geometry'!$G$50+$T14*'Geometry'!$F$50),S_1_fy),-S_1_fy))-(IF(($R14+$S14*'Geometry'!$G$50+$T14*'Geometry'!$F$50)>0,IF(($R14+$S14*'Geometry'!$G$50+$T14*'Geometry'!$F$50)<=C_eco,C_alpha*C_fck*(1-(1-($R14+$S14*'Geometry'!$G$50+$T14*'Geometry'!$F$50)/C_eco)^C_n),C_alpha*C_fck),0)))*'Geometry'!$H$50+((MAX(MIN(S_1_Es*($R14+$S14*'Geometry'!$G$51+$T14*'Geometry'!$F$51),S_1_fy),-S_1_fy))-(IF(($R14+$S14*'Geometry'!$G$51+$T14*'Geometry'!$F$51)>0,IF(($R14+$S14*'Geometry'!$G$51+$T14*'Geometry'!$F$51)<=C_eco,C_alpha*C_fck*(1-(1-($R14+$S14*'Geometry'!$G$51+$T14*'Geometry'!$F$51)/C_eco)^C_n),C_alpha*C_fck),0)))*'Geometry'!$H$51+((MAX(MIN(S_1_Es*($R14+$S14*'Geometry'!$G$52+$T14*'Geometry'!$F$52),S_1_fy),-S_1_fy))-(IF(($R14+$S14*'Geometry'!$G$52+$T14*'Geometry'!$F$52)>0,IF(($R14+$S14*'Geometry'!$G$52+$T14*'Geometry'!$F$52)<=C_eco,C_alpha*C_fck*(1-(1-($R14+$S14*'Geometry'!$G$52+$T14*'Geometry'!$F$52)/C_eco)^C_n),C_alpha*C_fck),0)))*'Geometry'!$H$52+((MAX(MIN(S_1_Es*($R14+$S14*'Geometry'!$G$53+$T14*'Geometry'!$F$53),S_1_fy),-S_1_fy))-(IF(($R14+$S14*'Geometry'!$G$53+$T14*'Geometry'!$F$53)>0,IF(($R14+$S14*'Geometry'!$G$53+$T14*'Geometry'!$F$53)<=C_eco,C_alpha*C_fck*(1-(1-($R14+$S14*'Geometry'!$G$53+$T14*'Geometry'!$F$53)/C_eco)^C_n),C_alpha*C_fck),0)))*'Geometry'!$H$53+((MAX(MIN(S_1_Es*($R14+$S14*'Geometry'!$G$54+$T14*'Geometry'!$F$54),S_1_fy),-S_1_fy))-(IF(($R14+$S14*'Geometry'!$G$54+$T14*'Geometry'!$F$54)>0,IF(($R14+$S14*'Geometry'!$G$54+$T14*'Geometry'!$F$54)<=C_eco,C_alpha*C_fck*(1-(1-($R14+$S14*'Geometry'!$G$54+$T14*'Geometry'!$F$54)/C_eco)^C_n),C_alpha*C_fck),0)))*'Geometry'!$H$54+((MAX(MIN(S_1_Es*($R14+$S14*'Geometry'!$G$55+$T14*'Geometry'!$F$55),S_1_fy),-S_1_fy))-(IF(($R14+$S14*'Geometry'!$G$55+$T14*'Geometry'!$F$55)>0,IF(($R14+$S14*'Geometry'!$G$55+$T14*'Geometry'!$F$55)<=C_eco,C_alpha*C_fck*(1-(1-($R14+$S14*'Geometry'!$G$55+$T14*'Geometry'!$F$55)/C_eco)^C_n),C_alpha*C_fck),0)))*'Geometry'!$H$55+((MAX(MIN(S_1_Es*($R14+$S14*'Geometry'!$G$56+$T14*'Geometry'!$F$56),S_1_fy),-S_1_fy))-(IF(($R14+$S14*'Geometry'!$G$56+$T14*'Geometry'!$F$56)>0,IF(($R14+$S14*'Geometry'!$G$56+$T14*'Geometry'!$F$56)<=C_eco,C_alpha*C_fck*(1-(1-($R14+$S14*'Geometry'!$G$56+$T14*'Geometry'!$F$56)/C_eco)^C_n),C_alpha*C_fck),0)))*'Geometry'!$H$56+((MAX(MIN(S_1_Es*($R14+$S14*'Geometry'!$G$57+$T14*'Geometry'!$F$57),S_1_fy),-S_1_fy))-(IF(($R14+$S14*'Geometry'!$G$57+$T14*'Geometry'!$F$57)>0,IF(($R14+$S14*'Geometry'!$G$57+$T14*'Geometry'!$F$57)<=C_eco,C_alpha*C_fck*(1-(1-($R14+$S14*'Geometry'!$G$57+$T14*'Geometry'!$F$57)/C_eco)^C_n),C_alpha*C_fck),0)))*'Geometry'!$H$57)/1000 -> 3621.0495 | Y14: =(((MAX(MIN(S_1_Es*($R14+$S14*'Geometry'!$G$40+$T14*'Geometry'!$F$40),S_1_fy),-S_1_fy))-(IF(($R14+$S14*'Geometry'!$G$40+$T14*'Geometry'!$F$40)>0,IF(($R14+$S14*'Geometry'!$G$40+$T14*'Geometry'!$F$40)<=C_eco,C_alpha*C_fck*(1-(1-($R14+$S14*'Geometry'!$G$40+$T14*'Geometry'!$F$40)/C_eco)^C_n),C_alpha*C_fck),0)))*'Geometry'!$H$40*'Geometry'!$G$40+((MAX(MIN(S_1_Es*($R14+$S14*'Geometry'!$G$41+$T14*'Geometry'!$F$41),S_1_fy),-S_1_fy))-(IF(($R14+$S14*'Geometry'!$G$41+$T14*'Geometry'!$F$41)>0,IF(($R14+$S14*'Geometry'!$G$41+$T14*'Geometry'!$F$41)<=C_eco,C_alpha*C_fck*(1-(1-($R14+$S14*'Geometry'!$G$41+$T14*'Geometry'!$F$41)/C_eco)^C_n),C_alpha*C_fck),0)))*'Geometry'!$H$41*'Geometry'!$G$41+((MAX(MIN(S_1_Es*($R14+$S14*'Geometry'!$G$42+$T14*'Geometry'!$F$42),S_1_fy),-S_1_fy))-(IF(($R14+$S14*'Geometry'!$G$42+$T14*'Geometry'!$F$42)>0,IF(($R14+$S14*'Geometry'!$G$42+$T14*'Geometry'!$F$42)<=C_eco,C_alpha*C_fck*(1-(1-($R14+$S14*'Geometry'!$G$42+$T14*'Geometry'!$F$42)/C_eco)^C_n),C_alpha*C_fck),0)))*'Geometry'!$H$42*'Geometry'!$G$42+((MAX(MIN(S_1_Es*($R14+$S14*'Geometry'!$G$43+$T14*'Geometry'!$F$43),S_1_fy),-S_1_fy))-(IF(($R14+$S14*'Geometry'!$G$43+$T14*'Geometry'!$F$43)>0,IF(($R14+$S14*'Geometry'!$G$43+$T14*'Geometry'!$F$43)<=C_eco,C_alpha*C_fck*(1-(1-($R14+$S14*'Geometry'!$G$43+$T14*'Geometry'!$F$43)/C_eco)^C_n),C_alpha*C_fck),0)))*'Geometry'!$H$43*'Geometry'!$G$43+((MAX(MIN(S_1_Es*($R14+$S14*'Geometry'!$G$44+$T14*'Geometry'!$F$44),S_1_fy),-S_1_fy))-(IF(($R14+$S14*'Geometry'!$G$44+$T14*'Geometry'!$F$44)>0,IF(($R14+$S14*'Geometry'!$G$44+$T14*'Geometry'!$F$44)<=C_eco,C_alpha*C_fck*(1-(1-($R14+$S14*'Geometry'!$G$44+$T14*'Geometry'!$F$44)/C_eco)^C_n),C_alpha*C_fck),0)))*'Geometry'!$H$44*'Geometry'!$G$44+((MAX(MIN(S_1_Es*($R14+$S14*'Geometry'!$G$45+$T14*'Geometry'!$F$45),S_1_fy),-S_1_fy))-(IF(($R14+$S14*'Geometry'!$G$45+$T14*'Geometry'!$F$45)>0,IF(($R14+$S14*'Geometry'!$G$45+$T14*'Geometry'!$F$45)<=C_eco,C_alpha*C_fck*(1-(1-($R14+$S14*'Geometry'!$G$45+$T14*'Geometry'!$F$45)/C_eco)^C_n),C_alpha*C_fck),0)))*'Geometry'!$H$45*'Geometry'!$G$45+((MAX(MIN(S_1_Es*($R14+$S14*'Geometry'!$G$46+$T14*'Geometry'!$F$46),S_1_fy),-S_1_fy))-(IF(($R14+$S14*'Geometry'!$G$46+$T14*'Geometry'!$F$46)>0,IF(($R14+$S14*'Geometry'!$G$46+$T14*'Geometry'!$F$46)<=C_eco,C_alpha*C_fck*(1-(1-($R14+$S14*'Geometry'!$G$46+$T14*'Geometry'!$F$46)/C_eco)^C_n),C_alpha*C_fck),0)))*'Geometry'!$H$46*'Geometry'!$G$46+((MAX(MIN(S_1_Es*($R14+$S14*'Geometry'!$G$47+$T14*'Geometry'!$F$47),S_1_fy),-S_1_fy))-(IF(($R14+$S14*'Geometry'!$G$47+$T14*'Geometry'!$F$47)>0,IF(($R14+$S14*'Geometry'!$G$47+$T14*'Geometry'!$F$47)<=C_eco,C_alpha*C_fck*(1-(1-($R14+$S14*'Geometry'!$G$47+$T14*'Geometry'!$F$47)/C_eco)^C_n),C_alpha*C_fck),0)))*'Geometry'!$H$47*'Geometry'!$G$47+((MAX(MIN(S_1_Es*($R14+$S14*'Geometry'!$G$48+$T14*'Geometry'!$F$48),S_1_fy),-S_1_fy))-(IF(($R14+$S14*'Geometry'!$G$48+$T14*'Geometry'!$F$48)>0,IF(($R14+$S14*'Geometry'!$G$48+$T14*'Geometry'!$F$48)<=C_eco,C_alpha*C_fck*(1-(1-($R14+$S14*'Geometry'!$G$48+$T14*'Geometry'!$F$48)/C_eco)^C_n),C_alpha*C_fck),0)))*'Geometry'!$H$48*'Geometry'!$G$48+((MAX(MIN(S_1_Es*($R14+$S14*'Geometry'!$G$49+$T14*'Geometry'!$F$49),S_1_fy),-S_1_fy))-(IF(($R14+$S14*'Geometry'!$G$49+$T14*'Geometry'!$F$49)>0,IF(($R14+$S14*'Geometry'!$G$49+$T14*'Geometry'!$F$49)<=C_eco,C_alpha*C_fck*(1-(1-($R14+$S14*'Geometry'!$G$49+$T14*'Geometry'!$F$49)/C_eco)^C_n),C_alpha*C_fck),0)))*'Geometry'!$H$49*'Geometry'!$G$49+((MAX(MIN(S_1_Es*($R14+$S14*'Geometry'!$G$50+$T14*'Geometry'!$F$50),S_1_fy),-S_1_fy))-(IF(($R14+$S14*'Geometry'!$G$50+$T14*'Geometry'!$F$50)>0,IF(($R14+$S14*'Geometry'!$G$50+$T14*'Geometry'!$F$50)<=C_eco,C_alpha*C_fck*(1-(1-($R14+$S14*'Geometry'!$G$50+$T14*'Geometry'!$F$50)/C_eco)^C_n),C_alpha*C_fck),0)))*'Geometry'!$H$50*'Geometry'!$G$50+((MAX(MIN(S_1_Es*($R14+$S14*'Geometry'!$G$51+$T14*'Geometry'!$F$51),S_1_fy),-S_1_fy))-(IF(($R14+$S14*'Geometry'!$G$51+$T14*'Geometry'!$F$51)>0,IF(($R14+$S14*'Geometry'!$G$51+$T14*'Geometry'!$F$51)<=C_eco,C_alpha*C_fck*(1-(1-($R14+$S14*'Geometry'!$G$51+$T14*'Geometry'!$F$51)/C_eco)^C_n),C_alpha*C_fck),0)))*'Geometry'!$H$51*'Geometry'!$G$51+((MAX(MIN(S_1_Es*($R14+$S14*'Geometry'!$G$52+$T14*'Geometry'!$F$52),S_1_fy),-S_1_fy))-(IF(($R14+$S14*'Geometry'!$G$52+$T14*'Geometry'!$F$52)>0,IF(($R14+$S14*'Geometry'!$G$52+$T14*'Geometry'!$F$52)<=C_eco,C_alpha*C_fck*(1-(1-($R14+$S14*'Geometry'!$G$52+$T14*'Geometry'!$F$52)/C_eco)^C_n),C_alpha*C_fck),0)))*'Geometry'!$H$52*'Geometry'!$G$52+((MAX(MIN(S_1_Es*($R14+$S14*'Geometry'!$G$53+$T14*'Geometry'!$F$53),S_1_fy),-S_1_fy))-(IF(($R14+$S14*'Geometry'!$G$53+$T14*'Geometry'!$F$53)>0,IF(($R14+$S14*'Geometry'!$G$53+$T14*'Geometry'!$F$53)<=C_eco,C_alpha*C_fck*(1-(1-($R14+$S14*'Geometry'!$G$53+$T14*'Geometry'!$F$53)/C_eco)^C_n),C_alpha*C_fck),0)))*'Geometry'!$H$53*'Geometry'!$G$53+((MAX(MIN(S_1_Es*($R14+$S14*'Geometry'!$G$54+$T14*'Geometry'!$F$54),S_1_fy),-S_1_fy))-(IF(($R14+$S14*'Geometry'!$G$54+$T14*'Geometry'!$F$54)>0,IF(($R14+$S14*'Geometry'!$G$54+$T14*'Geometry'!$F$54)<=C_eco,C_alpha*C_fck*(1-(1-($R14+$S14*'Geometry'!$G$54+$T14*'Geometry'!$F$54)/C_eco)^C_n),C_alpha*C_fck),0)))*'Geometry'!$H$54*'Geometry'!$G$54+((MAX(MIN(S_1_Es*($R14+$S14*'Geometry'!$G$55+$T14*'Geometry'!$F$55),S_1_fy),-S_1_fy))-(IF(($R14+$S14*'Geometry'!$G$55+$T14*'Geometry'!$F$55)>0,IF(($R14+$S14*'Geometry'!$G$55+$T14*'Geometry'!$F$55)<=C_eco,C_alpha*C_fck*(1-(1-($R14+$S14*'Geometry'!$G$55+$T14*'Geometry'!$F$55)/C_eco)^C_n),C_alpha*C_fck),0)))*'Geometry'!$H$55*'Geometry'!$G$55+((MAX(MIN(S_1_Es*($R14+$S14*'Geometry'!$G$56+$T14*'Geometry'!$F$56),S_1_fy),-S_1_fy))-(IF(($R14+$S14*'Geometry'!$G$56+$T14*'Geometry'!$F$56)>0,IF(($R14+$S14*'Geometry'!$G$56+$T14*'Geometry'!$F$56)<=C_eco,C_alpha*C_fck*(1-(1-($R14+$S14*'Geometry'!$G$56+$T14*'Geometry'!$F$56)/C_eco)^C_n),C_alpha*C_fck),0)))*'Geometry'!$H$56*'Geometry'!$G$56+((MAX(MIN(S_1_Es*($R14+$S14*'Geometry'!$G$57+$T14*'Geometry'!$F$57),S_1_fy),-S_1_fy))-(IF(($R14+$S14*'Geometry'!$G$57+$T14*'Geometry'!$F$57)>0,IF(($R14+$S14*'Geometry'!$G$57+$T14*'Geometry'!$F$57)<=C_eco,C_alpha*C_fck*(1-(1-($R14+$S14*'Geometry'!$G$57+$T14*'Geometry'!$F$57)/C_eco)^C_n),C_alpha*C_fck),0)))*'Geometry'!$H$57*'Geometry'!$G$57)/1000000 -> 759.57645 | Z14: =(((MAX(MIN(S_1_Es*($R14+$S14*'Geometry'!$G$40+$T14*'Geometry'!$F$40),S_1_fy),-S_1_fy))-(IF(($R14+$S14*'Geometry'!$G$40+$T14*'Geometry'!$F$40)>0,IF(($R14+$S14*'Geometry'!$G$40+$T14*'Geometry'!$F$40)<=C_eco,C_alpha*C_fck*(1-(1-($R14+$S14*'Geometry'!$G$40+$T14*'Geometry'!$F$40)/C_eco)^C_n),C_alpha*C_fck),0)))*'Geometry'!$H$40*'Geometry'!$F$40+((MAX(MIN(S_1_Es*($R14+$S14*'Geometry'!$G$41+$T14*'Geometry'!$F$41),S_1_fy),-S_1_fy))-(IF(($R14+$S14*'Geometry'!$G$41+$T14*'Geometry'!$F$41)>0,IF(($R14+$S14*'Geometry'!$G$41+$T14*'Geometry'!$F$41)<=C_eco,C_alpha*C_fck*(1-(1-($R14+$S14*'Geometry'!$G$41+$T14*'Geometry'!$F$41)/C_eco)^C_n),C_alpha*C_fck),0)))*'Geometry'!$H$41*'Geometry'!$F$41+((MAX(MIN(S_1_Es*($R14+$S14*'Geometry'!$G$42+$T14*'Geometry'!$F$42),S_1_fy),-S_1_fy))-(IF(($R14+$S14*'Geometry'!$G$42+$T14*'Geometry'!$F$42)>0,IF(($R14+$S14*'Geometry'!$G$42+$T14*'Geometry'!$F$42)<=C_eco,C_alpha*C_fck*(1-(1-($R14+$S14*'Geometry'!$G$42+$T14*'Geometry'!$F$42)/C_eco)^C_n),C_alpha*C_fck),0)))*'Geometry'!$H$42*'Geometry'!$F$42+((MAX(MIN(S_1_Es*($R14+$S14*'Geometry'!$G$43+$T14*'Geometry'!$F$43),S_1_fy),-S_1_fy))-(IF(($R14+$S14*'Geometry'!$G$43+$T14*'Geometry'!$F$43)>0,IF(($R14+$S14*'Geometry'!$G$43+$T14*'Geometry'!$F$43)<=C_eco,C_alpha*C_fck*(1-(1-($R14+$S14*'Geometry'!$G$43+$T14*'Geometry'!$F$43)/C_eco)^C_n),C_alpha*C_fck),0)))*'Geometry'!$H$43*'Geometry'!$F$43+((MAX(MIN(S_1_Es*($R14+$S14*'Geometry'!$G$44+$T14*'Geometry'!$F$44),S_1_fy),-S_1_fy))-(IF(($R14+$S14*'Geometry'!$G$44+$T14*'Geometry'!$F$44)>0,IF(($R14+$S14*'Geometry'!$G$44+$T14*'Geometry'!$F$44)<=C_eco,C_alpha*C_fck*(1-(1-($R14+$S14*'Geometry'!$G$44+$T14*'Geometry'!$F$44)/C_eco)^C_n),C_alpha*C_fck),0)))*'Geometry'!$H$44*'Geometry'!$F$44+((MAX(MIN(S_1_Es*($R14+$S14*'Geometry'!$G$45+$T14*'Geometry'!$F$45),S_1_fy),-S_1_fy))-(IF(($R14+$S14*'Geometry'!$G$45+$T14*'Geometry'!$F$45)>0,IF(($R14+$S14*'Geometry'!$G$45+$T14*'Geometry'!$F$45)<=C_eco,C_alpha*C_fck*(1-(1-($R14+$S14*'Geometry'!$G$45+$T14*'Geometry'!$F$45)/C_eco)^C_n),C_alpha*C_fck),0)))*'Geometry'!$H$45*'Geometry'!$F$45+((MAX(MIN(S_1_Es*($R14+$S14*'Geometry'!$G$46+$T14*'Geometry'!$F$46),S_1_fy),-S_1_fy))-(IF(($R14+$S14*'Geometry'!$G$46+$T14*'Geometry'!$F$46)>0,IF(($R14+$S14*'Geometry'!$G$46+$T14*'Geometry'!$F$46)<=C_eco,C_alpha*C_fck*(1-(1-($R14+$S14*'Geometry'!$G$46+$T14*'Geometry'!$F$46)/C_eco)^C_n),C_alpha*C_fck),0)))*'Geometry'!$H$46*'Geometry'!$F$46+((MAX(MIN(S_1_Es*($R14+$S14*'Geometry'!$G$47+$T14*'Geometry'!$F$47),S_1_fy),-S_1_fy))-(IF(($R14+$S14*'Geometry'!$G$47+$T14*'Geometry'!$F$47)>0,IF(($R14+$S14*'Geometry'!$G$47+$T14*'Geometry'!$F$47)<=C_eco,C_alpha*C_fck*(1-(1-($R14+$S14*'Geometry'!$G$47+$T14*'Geometry'!$F$47)/C_eco)^C_n),C_alpha*C_fck),0)))*'Geometry'!$H$47*'Geometry'!$F$47+((MAX(MIN(S_1_Es*($R14+$S14*'Geometry'!$G$48+$T14*'Geometry'!$F$48),S_1_fy),-S_1_fy))-(IF(($R14+$S14*'Geometry'!$G$48+$T14*'Geometry'!$F$48)>0,IF(($R14+$S14*'Geometry'!$G$48+$T14*'Geometry'!$F$48)<=C_eco,C_alpha*C_fck*(1-(1-($R14+$S14*'Geometry'!$G$48+$T14*'Geometry'!$F$48)/C_eco)^C_n),C_alpha*C_fck),0)))*'Geometry'!$H$48*'Geometry'!$F$48+((MAX(MIN(S_1_Es*($R14+$S14*'Geometry'!$G$49+$T14*'Geometry'!$F$49),S_1_fy),-S_1_fy))-(IF(($R14+$S14*'Geometry'!$G$49+$T14*'Geometry'!$F$49)>0,IF(($R14+$S14*'Geometry'!$G$49+$T14*'Geometry'!$F$49)<=C_eco,C_alpha*C_fck*(1-(1-($R14+$S14*'Geometry'!$G$49+$T14*'Geometry'!$F$49)/C_eco)^C_n),C_alpha*C_fck),0)))*'Geometry'!$H$49*'Geometry'!$F$49+((MAX(MIN(S_1_Es*($R14+$S14*'Geometry'!$G$50+$T14*'Geometry'!$F$50),S_1_fy),-S_1_fy))-(IF(($R14+$S14*'Geometry'!$G$50+$T14*'Geometry'!$F$50)>0,IF(($R14+$S14*'Geometry'!$G$50+$T14*'Geometry'!$F$50)<=C_eco,C_alpha*C_fck*(1-(1-($R14+$S14*'Geometry'!$G$50+$T14*'Geometry'!$F$50)/C_eco)^C_n),C_alpha*C_fck),0)))*'Geometry'!$H$50*'Geometry'!$F$50+((MAX(MIN(S_1_Es*($R14+$S14*'Geometry'!$G$51+$T14*'Geometry'!$F$51),S_1_fy),-S_1_fy))-(IF(($R14+$S14*'Geometry'!$G$51+$T14*'Geometry'!$F$51)>0,IF(($R14+$S14*'Geometry'!$G$51+$T14*'Geometry'!$F$51)<=C_eco,C_alpha*C_fck*(1-(1-($R14+$S14*'Geometry'!$G$51+$T14*'Geometry'!$F$51)/C_eco)^C_n),C_alpha*C_fck),0)))*'Geometry'!$H$51*'Geometry'!$F$51+((MAX(MIN(S_1_Es*($R14+$S14*'Geometry'!$G$52+$T14*'Geometry'!$F$52),S_1_fy),-S_1_fy))-(IF(($R14+$S14*'Geometry'!$G$52+$T14*'Geometry'!$F$52)>0,IF(($R14+$S14*'Geometry'!$G$52+$T14*'Geometry'!$F$52)<=C_eco,C_alpha*C_fck*(1-(1-($R14+$S14*'Geometry'!$G$52+$T14*'Geometry'!$F$52)/C_eco)^C_n),C_alpha*C_fck),0)))*'Geometry'!$H$52*'Geometry'!$F$52+((MAX(MIN(S_1_Es*($R14+$S14*'Geometry'!$G$53+$T14*'Geometry'!$F$53),S_1_fy),-S_1_fy))-(IF(($R14+$S14*'Geometry'!$G$53+$T14*'Geometry'!$F$53)>0,IF(($R14+$S14*'Geometry'!$G$53+$T14*'Geometry'!$F$53)<=C_eco,C_alpha*C_fck*(1-(1-($R14+$S14*'Geometry'!$G$53+$T14*'Geometry'!$F$53)/C_eco)^C_n),C_alpha*C_fck),0)))*'Geometry'!$H$53*'Geometry'!$F$53+((MAX(MIN(S_1_Es*($R14+$S14*'Geometry'!$G$54+$T14*'Geometry'!$F$54),S_1_fy),-S_1_fy))-(IF(($R14+$S14*'Geometry'!$G$54+$T14*'Geometry'!$F$54)>0,IF(($R14+$S14*'Geometry'!$G$54+$T14*'Geometry'!$F$54)<=C_eco,C_alpha*C_fck*(1-(1-($R14+$S14*'Geometry'!$G$54+$T14*'Geometry'!$F$54)/C_eco)^C_n),C_alpha*C_fck),0)))*'Geometry'!$H$54*'Geometry'!$F$54+((MAX(MIN(S_1_Es*($R14+$S14*'Geometry'!$G$55+$T14*'Geometry'!$F$55),S_1_fy),-S_1_fy))-(IF(($R14+$S14*'Geometry'!$G$55+$T14*'Geometry'!$F$55)>0,IF(($R14+$S14*'Geometry'!$G$55+$T14*'Geometry'!$F$55)<=C_eco,C_alpha*C_fck*(1-(1-($R14+$S14*'Geometry'!$G$55+$T14*'Geometry'!$F$55)/C_eco)^C_n),C_alpha*C_fck),0)))*'Geometry'!$H$55*'Geometry'!$F$55+((MAX(MIN(S_1_Es*($R14+$S14*'Geometry'!$G$56+$T14*'Geometry'!$F$56),S_1_fy),-S_1_fy))-(IF(($R14+$S14*'Geometry'!$G$56+$T14*'Geometry'!$F$56)>0,IF(($R14+$S14*'Geometry'!$G$56+$T14*'Geometry'!$F$56)<=C_eco,C_alpha*C_fck*(1-(1-($R14+$S14*'Geometry'!$G$56+$T14*'Geometry'!$F$56)/C_eco)^C_n),C_alpha*C_fck),0)))*'Geometry'!$H$56*'Geometry'!$F$56+((MAX(MIN(S_1_Es*($R14+$S14*'Geometry'!$G$57+$T14*'Geometry'!$F$57),S_1_fy),-S_1_fy))-(IF(($R14+$S14*'Geometry'!$G$57+$T14*'Geometry'!$F$57)>0,IF(($R14+$S14*'Geometry'!$G$57+$T14*'Geometry'!$F$57)<=C_eco,C_alpha*C_fck*(1-(1-($R14+$S14*'Geometry'!$G$57+$T14*'Geometry'!$F$57)/C_eco)^C_n),C_alpha*C_fck),0)))*'Geometry'!$H$57*'Geometry'!$F$57)/1000000 -> 184.66435 | AA14: =U14+X14 -> 26602.765 | AB14: =V14+Y14 -> 3178.2838 | AC14: =W14+Z14 -> 834.28945 | AD14: 0.65 | AE14: 0.65 | AF14: =AA14*AD14 -> 17291.797 | AG14: =AB14*AE14 -> 2065.8845 | AH14: =AC14*AE14 -> 542.28814 | AI14: 17291.797 | AJ14: 2065.8845 | AK14: 542.28814 | AL14: =AF14-AI14 -> 0 | AM14: =SQRT((AG14-AJ14)^2+(AH14-AK14)^2) -> 0 | AN14: mesh formula | AO14: 26602.765 | AP14: 3178.2838 | AQ14: 834.28945 | AR14: 22981.715 | AS14: 2418.7074 | AT14: 649.62509 | AU14: 3621.0495 | AV14: 759.57645 | AW14: 184.66435
A15: 8 | B15: εₛ/εy = 0 | C15: =$AF$15 -> 15995.024 | D15: =$AG$15*COS(RADIANS($C$5))+$AH$15*SIN(RADIANS($C$5)) -> 2658.3031 | G15: 10-station-7|0.17453292519943295|7 | H15: εₛ/εy = 0 | I15: 10 | J15: εₛ/εy | K15: 0 | L15: =MAX(('Geometry'!$G$13*COS(RADIANS(I15))+'Geometry'!$F$13*SIN(RADIANS(I15))),('Geometry'!$G$14*COS(RADIANS(I15))+'Geometry'!$F$14*SIN(RADIANS(I15))),('Geometry'!$G$15*COS(RADIANS(I15))+'Geometry'!$F$15*SIN(RADIANS(I15))),('Geometry'!$G$16*COS(RADIANS(I15))+'Geometry'!$F$16*SIN(RADIANS(I15))),('Geometry'!$G$17*COS(RADIANS(I15))+'Geometry'!$F$17*SIN(RADIANS(I15))),('Geometry'!$G$18*COS(RADIANS(I15))+'Geometry'!$F$18*SIN(RADIANS(I15))),('Geometry'!$G$19*COS(RADIANS(I15))+'Geometry'!$F$19*SIN(RADIANS(I15))),('Geometry'!$G$20*COS(RADIANS(I15))+'Geometry'!$F$20*SIN(RADIANS(I15)))) -> 686.39115 | M15: =MIN(('Geometry'!$G$40*COS(RADIANS(I15))+'Geometry'!$F$40*SIN(RADIANS(I15))),('Geometry'!$G$41*COS(RADIANS(I15))+'Geometry'!$F$41*SIN(RADIANS(I15))),('Geometry'!$G$42*COS(RADIANS(I15))+'Geometry'!$F$42*SIN(RADIANS(I15))),('Geometry'!$G$43*COS(RADIANS(I15))+'Geometry'!$F$43*SIN(RADIANS(I15))),('Geometry'!$G$44*COS(RADIANS(I15))+'Geometry'!$F$44*SIN(RADIANS(I15))),('Geometry'!$G$45*COS(RADIANS(I15))+'Geometry'!$F$45*SIN(RADIANS(I15))),('Geometry'!$G$46*COS(RADIANS(I15))+'Geometry'!$F$46*SIN(RADIANS(I15))),('Geometry'!$G$47*COS(RADIANS(I15))+'Geometry'!$F$47*SIN(RADIANS(I15))),('Geometry'!$G$48*COS(RADIANS(I15))+'Geometry'!$F$48*SIN(RADIANS(I15))),('Geometry'!$G$49*COS(RADIANS(I15))+'Geometry'!$F$49*SIN(RADIANS(I15))),('Geometry'!$G$50*COS(RADIANS(I15))+'Geometry'!$F$50*SIN(RADIANS(I15))),('Geometry'!$G$51*COS(RADIANS(I15))+'Geometry'!$F$51*SIN(RADIANS(I15))),('Geometry'!$G$52*COS(RADIANS(I15))+'Geometry'!$F$52*SIN(RADIANS(I15))),('Geometry'!$G$53*COS(RADIANS(I15))+'Geometry'!$F$53*SIN(RADIANS(I15))),('Geometry'!$G$54*COS(RADIANS(I15))+'Geometry'!$F$54*SIN(RADIANS(I15))),('Geometry'!$G$55*COS(RADIANS(I15))+'Geometry'!$F$55*SIN(RADIANS(I15))),('Geometry'!$G$56*COS(RADIANS(I15))+'Geometry'!$F$56*SIN(RADIANS(I15))),('Geometry'!$G$57*COS(RADIANS(I15))+'Geometry'!$F$57*SIN(RADIANS(I15)))) -> -591.40738 | N15: =L15-MIN(('Geometry'!$G$13*COS(RADIANS(I15))+'Geometry'!$F$13*SIN(RADIANS(I15))),('Geometry'!$G$14*COS(RADIANS(I15))+'Geometry'!$F$14*SIN(RADIANS(I15))),('Geometry'!$G$15*COS(RADIANS(I15))+'Geometry'!$F$15*SIN(RADIANS(I15))),('Geometry'!$G$16*COS(RADIANS(I15))+'Geometry'!$F$16*SIN(RADIANS(I15))),('Geometry'!$G$17*COS(RADIANS(I15))+'Geometry'!$F$17*SIN(RADIANS(I15))),('Geometry'!$G$18*COS(RADIANS(I15))+'Geometry'!$F$18*SIN(RADIANS(I15))),('Geometry'!$G$19*COS(RADIANS(I15))+'Geometry'!$F$19*SIN(RADIANS(I15))),('Geometry'!$G$20*COS(RADIANS(I15))+'Geometry'!$F$20*SIN(RADIANS(I15)))) -> 1372.7823 | O15: =C_ecu -> 0.0033 | P15: =-K15*S_1_fy/S_1_Es -> 0 | Q15: =IF(ABS(L15-M15)<0.000000000001,0,(O15-P15)/(L15-M15)) -> 2.5825668e-06 | R15: =O15-Q15*L15 -> 0.001527349 | S15: =Q15*COS(RADIANS(I15)) -> 2.5433318e-06 | T15: =Q15*SIN(RADIANS(I15)) -> 4.4845801e-07 | U15: =SUMPRODUCT(C_alpha*C_fck*(1-(1-((($R15+$S15*Mesh_Y+$T15*Mesh_X))*(($R15+$S15*Mesh_Y+$T15*Mesh_X)>0)*(($R15+$S15*Mesh_Y+$T15*Mesh_X)<C_eco)+C_eco*(($R15+$S15*Mesh_Y+$T15*Mesh_X)>=C_eco))/C_eco)^C_n)*((($R15+$S15*Mesh_Y+$T15*Mesh_X))>0),Mesh_A)/1000 -> 21258.644 | V15: =SUMPRODUCT(C_alpha*C_fck*(1-(1-((($R15+$S15*Mesh_Y+$T15*Mesh_X))*(($R15+$S15*Mesh_Y+$T15*Mesh_X)>0)*(($R15+$S15*Mesh_Y+$T15*Mesh_X)<C_eco)+C_eco*(($R15+$S15*Mesh_Y+$T15*Mesh_X)>=C_eco))/C_eco)^C_n)*((($R15+$S15*Mesh_Y+$T15*Mesh_X))>0),Mesh_A,Mesh_Y)/1000000 -> 3106.4052 | W15: =SUMPRODUCT(C_alpha*C_fck*(1-(1-((($R15+$S15*Mesh_Y+$T15*Mesh_X))*(($R15+$S15*Mesh_Y+$T15*Mesh_X)>0)*(($R15+$S15*Mesh_Y+$T15*Mesh_X)<C_eco)+C_eco*(($R15+$S15*Mesh_Y+$T15*Mesh_X)>=C_eco))/C_eco)^C_n)*((($R15+$S15*Mesh_Y+$T15*Mesh_X))>0),Mesh_A,Mesh_X)/1000000 -> 794.48322 | X15: =(((MAX(MIN(S_1_Es*($R15+$S15*'Geometry'!$G$40+$T15*'Geometry'!$F$40),S_1_fy),-S_1_fy))-(IF(($R15+$S15*'Geometry'!$G$40+$T15*'Geometry'!$F$40)>0,IF(($R15+$S15*'Geometry'!$G$40+$T15*'Geometry'!$F$40)<=C_eco,C_alpha*C_fck*(1-(1-($R15+$S15*'Geometry'!$G$40+$T15*'Geometry'!$F$40)/C_eco)^C_n),C_alpha*C_fck),0)))*'Geometry'!$H$40+((MAX(MIN(S_1_Es*($R15+$S15*'Geometry'!$G$41+$T15*'Geometry'!$F$41),S_1_fy),-S_1_fy))-(IF(($R15+$S15*'Geometry'!$G$41+$T15*'Geometry'!$F$41)>0,IF(($R15+$S15*'Geometry'!$G$41+$T15*'Geometry'!$F$41)<=C_eco,C_alpha*C_fck*(1-(1-($R15+$S15*'Geometry'!$G$41+$T15*'Geometry'!$F$41)/C_eco)^C_n),C_alpha*C_fck),0)))*'Geometry'!$H$41+((MAX(MIN(S_1_Es*($R15+$S15*'Geometry'!$G$42+$T15*'Geometry'!$F$42),S_1_fy),-S_1_fy))-(IF(($R15+$S15*'Geometry'!$G$42+$T15*'Geometry'!$F$42)>0,IF(($R15+$S15*'Geometry'!$G$42+$T15*'Geometry'!$F$42)<=C_eco,C_alpha*C_fck*(1-(1-($R15+$S15*'Geometry'!$G$42+$T15*'Geometry'!$F$42)/C_eco)^C_n),C_alpha*C_fck),0)))*'Geometry'!$H$42+((MAX(MIN(S_1_Es*($R15+$S15*'Geometry'!$G$43+$T15*'Geometry'!$F$43),S_1_fy),-S_1_fy))-(IF(($R15+$S15*'Geometry'!$G$43+$T15*'Geometry'!$F$43)>0,IF(($R15+$S15*'Geometry'!$G$43+$T15*'Geometry'!$F$43)<=C_eco,C_alpha*C_fck*(1-(1-($R15+$S15*'Geometry'!$G$43+$T15*'Geometry'!$F$43)/C_eco)^C_n),C_alpha*C_fck),0)))*'Geometry'!$H$43+((MAX(MIN(S_1_Es*($R15+$S15*'Geometry'!$G$44+$T15*'Geometry'!$F$44),S_1_fy),-S_1_fy))-(IF(($R15+$S15*'Geometry'!$G$44+$T15*'Geometry'!$F$44)>0,IF(($R15+$S15*'Geometry'!$G$44+$T15*'Geometry'!$F$44)<=C_eco,C_alpha*C_fck*(1-(1-($R15+$S15*'Geometry'!$G$44+$T15*'Geometry'!$F$44)/C_eco)^C_n),C_alpha*C_fck),0)))*'Geometry'!$H$44+((MAX(MIN(S_1_Es*($R15+$S15*'Geometry'!$G$45+$T15*'Geometry'!$F$45),S_1_fy),-S_1_fy))-(IF(($R15+$S15*'Geometry'!$G$45+$T15*'Geometry'!$F$45)>0,IF(($R15+$S15*'Geometry'!$G$45+$T15*'Geometry'!$F$45)<=C_eco,C_alpha*C_fck*(1-(1-($R15+$S15*'Geometry'!$G$45+$T15*'Geometry'!$F$45)/C_eco)^C_n),C_alpha*C_fck),0)))*'Geometry'!$H$45+((MAX(MIN(S_1_Es*($R15+$S15*'Geometry'!$G$46+$T15*'Geometry'!$F$46),S_1_fy),-S_1_fy))-(IF(($R15+$S15*'Geometry'!$G$46+$T15*'Geometry'!$F$46)>0,IF(($R15+$S15*'Geometry'!$G$46+$T15*'Geometry'!$F$46)<=C_eco,C_alpha*C_fck*(1-(1-($R15+$S15*'Geometry'!$G$46+$T15*'Geometry'!$F$46)/C_eco)^C_n),C_alpha*C_fck),0)))*'Geometry'!$H$46+((MAX(MIN(S_1_Es*($R15+$S15*'Geometry'!$G$47+$T15*'Geometry'!$F$47),S_1_fy),-S_1_fy))-(IF(($R15+$S15*'Geometry'!$G$47+$T15*'Geometry'!$F$47)>0,IF(($R15+$S15*'Geometry'!$G$47+$T15*'Geometry'!$F$47)<=C_eco,C_alpha*C_fck*(1-(1-($R15+$S15*'Geometry'!$G$47+$T15*'Geometry'!$F$47)/C_eco)^C_n),C_alpha*C_fck),0)))*'Geometry'!$H$47+((MAX(MIN(S_1_Es*($R15+$S15*'Geometry'!$G$48+$T15*'Geometry'!$F$48),S_1_fy),-S_1_fy))-(IF(($R15+$S15*'Geometry'!$G$48+$T15*'Geometry'!$F$48)>0,IF(($R15+$S15*'Geometry'!$G$48+$T15*'Geometry'!$F$48)<=C_eco,C_alpha*C_fck*(1-(1-($R15+$S15*'Geometry'!$G$48+$T15*'Geometry'!$F$48)/C_eco)^C_n),C_alpha*C_fck),0)))*'Geometry'!$H$48+((MAX(MIN(S_1_Es*($R15+$S15*'Geometry'!$G$49+$T15*'Geometry'!$F$49),S_1_fy),-S_1_fy))-(IF(($R15+$S15*'Geometry'!$G$49+$T15*'Geometry'!$F$49)>0,IF(($R15+$S15*'Geometry'!$G$49+$T15*'Geometry'!$F$49)<=C_eco,C_alpha*C_fck*(1-(1-($R15+$S15*'Geometry'!$G$49+$T15*'Geometry'!$F$49)/C_eco)^C_n),C_alpha*C_fck),0)))*'Geometry'!$H$49+((MAX(MIN(S_1_Es*($R15+$S15*'Geometry'!$G$50+$T15*'Geometry'!$F$50),S_1_fy),-S_1_fy))-(IF(($R15+$S15*'Geometry'!$G$50+$T15*'Geometry'!$F$50)>0,IF(($R15+$S15*'Geometry'!$G$50+$T15*'Geometry'!$F$50)<=C_eco,C_alpha*C_fck*(1-(1-($R15+$S15*'Geometry'!$G$50+$T15*'Geometry'!$F$50)/C_eco)^C_n),C_alpha*C_fck),0)))*'Geometry'!$H$50+((MAX(MIN(S_1_Es*($R15+$S15*'Geometry'!$G$51+$T15*'Geometry'!$F$51),S_1_fy),-S_1_fy))-(IF(($R15+$S15*'Geometry'!$G$51+$T15*'Geometry'!$F$51)>0,IF(($R15+$S15*'Geometry'!$G$51+$T15*'Geometry'!$F$51)<=C_eco,C_alpha*C_fck*(1-(1-($R15+$S15*'Geometry'!$G$51+$T15*'Geometry'!$F$51)/C_eco)^C_n),C_alpha*C_fck),0)))*'Geometry'!$H$51+((MAX(MIN(S_1_Es*($R15+$S15*'Geometry'!$G$52+$T15*'Geometry'!$F$52),S_1_fy),-S_1_fy))-(IF(($R15+$S15*'Geometry'!$G$52+$T15*'Geometry'!$F$52)>0,IF(($R15+$S15*'Geometry'!$G$52+$T15*'Geometry'!$F$52)<=C_eco,C_alpha*C_fck*(1-(1-($R15+$S15*'Geometry'!$G$52+$T15*'Geometry'!$F$52)/C_eco)^C_n),C_alpha*C_fck),0)))*'Geometry'!$H$52+((MAX(MIN(S_1_Es*($R15+$S15*'Geometry'!$G$53+$T15*'Geometry'!$F$53),S_1_fy),-S_1_fy))-(IF(($R15+$S15*'Geometry'!$G$53+$T15*'Geometry'!$F$53)>0,IF(($R15+$S15*'Geometry'!$G$53+$T15*'Geometry'!$F$53)<=C_eco,C_alpha*C_fck*(1-(1-($R15+$S15*'Geometry'!$G$53+$T15*'Geometry'!$F$53)/C_eco)^C_n),C_alpha*C_fck),0)))*'Geometry'!$H$53+((MAX(MIN(S_1_Es*($R15+$S15*'Geometry'!$G$54+$T15*'Geometry'!$F$54),S_1_fy),-S_1_fy))-(IF(($R15+$S15*'Geometry'!$G$54+$T15*'Geometry'!$F$54)>0,IF(($R15+$S15*'Geometry'!$G$54+$T15*'Geometry'!$F$54)<=C_eco,C_alpha*C_fck*(1-(1-($R15+$S15*'Geometry'!$G$54+$T15*'Geometry'!$F$54)/C_eco)^C_n),C_alpha*C_fck),0)))*'Geometry'!$H$54+((MAX(MIN(S_1_Es*($R15+$S15*'Geometry'!$G$55+$T15*'Geometry'!$F$55),S_1_fy),-S_1_fy))-(IF(($R15+$S15*'Geometry'!$G$55+$T15*'Geometry'!$F$55)>0,IF(($R15+$S15*'Geometry'!$G$55+$T15*'Geometry'!$F$55)<=C_eco,C_alpha*C_fck*(1-(1-($R15+$S15*'Geometry'!$G$55+$T15*'Geometry'!$F$55)/C_eco)^C_n),C_alpha*C_fck),0)))*'Geometry'!$H$55+((MAX(MIN(S_1_Es*($R15+$S15*'Geometry'!$G$56+$T15*'Geometry'!$F$56),S_1_fy),-S_1_fy))-(IF(($R15+$S15*'Geometry'!$G$56+$T15*'Geometry'!$F$56)>0,IF(($R15+$S15*'Geometry'!$G$56+$T15*'Geometry'!$F$56)<=C_eco,C_alpha*C_fck*(1-(1-($R15+$S15*'Geometry'!$G$56+$T15*'Geometry'!$F$56)/C_eco)^C_n),C_alpha*C_fck),0)))*'Geometry'!$H$56+((MAX(MIN(S_1_Es*($R15+$S15*'Geometry'!$G$57+$T15*'Geometry'!$F$57),S_1_fy),-S_1_fy))-(IF(($R15+$S15*'Geometry'!$G$57+$T15*'Geometry'!$F$57)>0,IF(($R15+$S15*'Geometry'!$G$57+$T15*'Geometry'!$F$57)<=C_eco,C_alpha*C_fck*(1-(1-($R15+$S15*'Geometry'!$G$57+$T15*'Geometry'!$F$57)/C_eco)^C_n),C_alpha*C_fck),0)))*'Geometry'!$H$57)/1000 -> 3349.0853 | Y15: =(((MAX(MIN(S_1_Es*($R15+$S15*'Geometry'!$G$40+$T15*'Geometry'!$F$40),S_1_fy),-S_1_fy))-(IF(($R15+$S15*'Geometry'!$G$40+$T15*'Geometry'!$F$40)>0,IF(($R15+$S15*'Geometry'!$G$40+$T15*'Geometry'!$F$40)<=C_eco,C_alpha*C_fck*(1-(1-($R15+$S15*'Geometry'!$G$40+$T15*'Geometry'!$F$40)/C_eco)^C_n),C_alpha*C_fck),0)))*'Geometry'!$H$40*'Geometry'!$G$40+((MAX(MIN(S_1_Es*($R15+$S15*'Geometry'!$G$41+$T15*'Geometry'!$F$41),S_1_fy),-S_1_fy))-(IF(($R15+$S15*'Geometry'!$G$41+$T15*'Geometry'!$F$41)>0,IF(($R15+$S15*'Geometry'!$G$41+$T15*'Geometry'!$F$41)<=C_eco,C_alpha*C_fck*(1-(1-($R15+$S15*'Geometry'!$G$41+$T15*'Geometry'!$F$41)/C_eco)^C_n),C_alpha*C_fck),0)))*'Geometry'!$H$41*'Geometry'!$G$41+((MAX(MIN(S_1_Es*($R15+$S15*'Geometry'!$G$42+$T15*'Geometry'!$F$42),S_1_fy),-S_1_fy))-(IF(($R15+$S15*'Geometry'!$G$42+$T15*'Geometry'!$F$42)>0,IF(($R15+$S15*'Geometry'!$G$42+$T15*'Geometry'!$F$42)<=C_eco,C_alpha*C_fck*(1-(1-($R15+$S15*'Geometry'!$G$42+$T15*'Geometry'!$F$42)/C_eco)^C_n),C_alpha*C_fck),0)))*'Geometry'!$H$42*'Geometry'!$G$42+((MAX(MIN(S_1_Es*($R15+$S15*'Geometry'!$G$43+$T15*'Geometry'!$F$43),S_1_fy),-S_1_fy))-(IF(($R15+$S15*'Geometry'!$G$43+$T15*'Geometry'!$F$43)>0,IF(($R15+$S15*'Geometry'!$G$43+$T15*'Geometry'!$F$43)<=C_eco,C_alpha*C_fck*(1-(1-($R15+$S15*'Geometry'!$G$43+$T15*'Geometry'!$F$43)/C_eco)^C_n),C_alpha*C_fck),0)))*'Geometry'!$H$43*'Geometry'!$G$43+((MAX(MIN(S_1_Es*($R15+$S15*'Geometry'!$G$44+$T15*'Geometry'!$F$44),S_1_fy),-S_1_fy))-(IF(($R15+$S15*'Geometry'!$G$44+$T15*'Geometry'!$F$44)>0,IF(($R15+$S15*'Geometry'!$G$44+$T15*'Geometry'!$F$44)<=C_eco,C_alpha*C_fck*(1-(1-($R15+$S15*'Geometry'!$G$44+$T15*'Geometry'!$F$44)/C_eco)^C_n),C_alpha*C_fck),0)))*'Geometry'!$H$44*'Geometry'!$G$44+((MAX(MIN(S_1_Es*($R15+$S15*'Geometry'!$G$45+$T15*'Geometry'!$F$45),S_1_fy),-S_1_fy))-(IF(($R15+$S15*'Geometry'!$G$45+$T15*'Geometry'!$F$45)>0,IF(($R15+$S15*'Geometry'!$G$45+$T15*'Geometry'!$F$45)<=C_eco,C_alpha*C_fck*(1-(1-($R15+$S15*'Geometry'!$G$45+$T15*'Geometry'!$F$45)/C_eco)^C_n),C_alpha*C_fck),0)))*'Geometry'!$H$45*'Geometry'!$G$45+((MAX(MIN(S_1_Es*($R15+$S15*'Geometry'!$G$46+$T15*'Geometry'!$F$46),S_1_fy),-S_1_fy))-(IF(($R15+$S15*'Geometry'!$G$46+$T15*'Geometry'!$F$46)>0,IF(($R15+$S15*'Geometry'!$G$46+$T15*'Geometry'!$F$46)<=C_eco,C_alpha*C_fck*(1-(1-($R15+$S15*'Geometry'!$G$46+$T15*'Geometry'!$F$46)/C_eco)^C_n),C_alpha*C_fck),0)))*'Geometry'!$H$46*'Geometry'!$G$46+((MAX(MIN(S_1_Es*($R15+$S15*'Geometry'!$G$47+$T15*'Geometry'!$F$47),S_1_fy),-S_1_fy))-(IF(($R15+$S15*'Geometry'!$G$47+$T15*'Geometry'!$F$47)>0,IF(($R15+$S15*'Geometry'!$G$47+$T15*'Geometry'!$F$47)<=C_eco,C_alpha*C_fck*(1-(1-($R15+$S15*'Geometry'!$G$47+$T15*'Geometry'!$F$47)/C_eco)^C_n),C_alpha*C_fck),0)))*'Geometry'!$H$47*'Geometry'!$G$47+((MAX(MIN(S_1_Es*($R15+$S15*'Geometry'!$G$48+$T15*'Geometry'!$F$48),S_1_fy),-S_1_fy))-(IF(($R15+$S15*'Geometry'!$G$48+$T15*'Geometry'!$F$48)>0,IF(($R15+$S15*'Geometry'!$G$48+$T15*'Geometry'!$F$48)<=C_eco,C_alpha*C_fck*(1-(1-($R15+$S15*'Geometry'!$G$48+$T15*'Geometry'!$F$48)/C_eco)^C_n),C_alpha*C_fck),0)))*'Geometry'!$H$48*'Geometry'!$G$48+((MAX(MIN(S_1_Es*($R15+$S15*'Geometry'!$G$49+$T15*'Geometry'!$F$49),S_1_fy),-S_1_fy))-(IF(($R15+$S15*'Geometry'!$G$49+$T15*'Geometry'!$F$49)>0,IF(($R15+$S15*'Geometry'!$G$49+$T15*'Geometry'!$F$49)<=C_eco,C_alpha*C_fck*(1-(1-($R15+$S15*'Geometry'!$G$49+$T15*'Geometry'!$F$49)/C_eco)^C_n),C_alpha*C_fck),0)))*'Geometry'!$H$49*'Geometry'!$G$49+((MAX(MIN(S_1_Es*($R15+$S15*'Geometry'!$G$50+$T15*'Geometry'!$F$50),S_1_fy),-S_1_fy))-(IF(($R15+$S15*'Geometry'!$G$50+$T15*'Geometry'!$F$50)>0,IF(($R15+$S15*'Geometry'!$G$50+$T15*'Geometry'!$F$50)<=C_eco,C_alpha*C_fck*(1-(1-($R15+$S15*'Geometry'!$G$50+$T15*'Geometry'!$F$50)/C_eco)^C_n),C_alpha*C_fck),0)))*'Geometry'!$H$50*'Geometry'!$G$50+((MAX(MIN(S_1_Es*($R15+$S15*'Geometry'!$G$51+$T15*'Geometry'!$F$51),S_1_fy),-S_1_fy))-(IF(($R15+$S15*'Geometry'!$G$51+$T15*'Geometry'!$F$51)>0,IF(($R15+$S15*'Geometry'!$G$51+$T15*'Geometry'!$F$51)<=C_eco,C_alpha*C_fck*(1-(1-($R15+$S15*'Geometry'!$G$51+$T15*'Geometry'!$F$51)/C_eco)^C_n),C_alpha*C_fck),0)))*'Geometry'!$H$51*'Geometry'!$G$51+((MAX(MIN(S_1_Es*($R15+$S15*'Geometry'!$G$52+$T15*'Geometry'!$F$52),S_1_fy),-S_1_fy))-(IF(($R15+$S15*'Geometry'!$G$52+$T15*'Geometry'!$F$52)>0,IF(($R15+$S15*'Geometry'!$G$52+$T15*'Geometry'!$F$52)<=C_eco,C_alpha*C_fck*(1-(1-($R15+$S15*'Geometry'!$G$52+$T15*'Geometry'!$F$52)/C_eco)^C_n),C_alpha*C_fck),0)))*'Geometry'!$H$52*'Geometry'!$G$52+((MAX(MIN(S_1_Es*($R15+$S15*'Geometry'!$G$53+$T15*'Geometry'!$F$53),S_1_fy),-S_1_fy))-(IF(($R15+$S15*'Geometry'!$G$53+$T15*'Geometry'!$F$53)>0,IF(($R15+$S15*'Geometry'!$G$53+$T15*'Geometry'!$F$53)<=C_eco,C_alpha*C_fck*(1-(1-($R15+$S15*'Geometry'!$G$53+$T15*'Geometry'!$F$53)/C_eco)^C_n),C_alpha*C_fck),0)))*'Geometry'!$H$53*'Geometry'!$G$53+((MAX(MIN(S_1_Es*($R15+$S15*'Geometry'!$G$54+$T15*'Geometry'!$F$54),S_1_fy),-S_1_fy))-(IF(($R15+$S15*'Geometry'!$G$54+$T15*'Geometry'!$F$54)>0,IF(($R15+$S15*'Geometry'!$G$54+$T15*'Geometry'!$F$54)<=C_eco,C_alpha*C_fck*(1-(1-($R15+$S15*'Geometry'!$G$54+$T15*'Geometry'!$F$54)/C_eco)^C_n),C_alpha*C_fck),0)))*'Geometry'!$H$54*'Geometry'!$G$54+((MAX(MIN(S_1_Es*($R15+$S15*'Geometry'!$G$55+$T15*'Geometry'!$F$55),S_1_fy),-S_1_fy))-(IF(($R15+$S15*'Geometry'!$G$55+$T15*'Geometry'!$F$55)>0,IF(($R15+$S15*'Geometry'!$G$55+$T15*'Geometry'!$F$55)<=C_eco,C_alpha*C_fck*(1-(1-($R15+$S15*'Geometry'!$G$55+$T15*'Geometry'!$F$55)/C_eco)^C_n),C_alpha*C_fck),0)))*'Geometry'!$H$55*'Geometry'!$G$55+((MAX(MIN(S_1_Es*($R15+$S15*'Geometry'!$G$56+$T15*'Geometry'!$F$56),S_1_fy),-S_1_fy))-(IF(($R15+$S15*'Geometry'!$G$56+$T15*'Geometry'!$F$56)>0,IF(($R15+$S15*'Geometry'!$G$56+$T15*'Geometry'!$F$56)<=C_eco,C_alpha*C_fck*(1-(1-($R15+$S15*'Geometry'!$G$56+$T15*'Geometry'!$F$56)/C_eco)^C_n),C_alpha*C_fck),0)))*'Geometry'!$H$56*'Geometry'!$G$56+((MAX(MIN(S_1_Es*($R15+$S15*'Geometry'!$G$57+$T15*'Geometry'!$F$57),S_1_fy),-S_1_fy))-(IF(($R15+$S15*'Geometry'!$G$57+$T15*'Geometry'!$F$57)>0,IF(($R15+$S15*'Geometry'!$G$57+$T15*'Geometry'!$F$57)<=C_eco,C_alpha*C_fck*(1-(1-($R15+$S15*'Geometry'!$G$57+$T15*'Geometry'!$F$57)/C_eco)^C_n),C_alpha*C_fck),0)))*'Geometry'!$H$57*'Geometry'!$G$57)/1000000 -> 858.82468 | Z15: =(((MAX(MIN(S_1_Es*($R15+$S15*'Geometry'!$G$40+$T15*'Geometry'!$F$40),S_1_fy),-S_1_fy))-(IF(($R15+$S15*'Geometry'!$G$40+$T15*'Geometry'!$F$40)>0,IF(($R15+$S15*'Geometry'!$G$40+$T15*'Geometry'!$F$40)<=C_eco,C_alpha*C_fck*(1-(1-($R15+$S15*'Geometry'!$G$40+$T15*'Geometry'!$F$40)/C_eco)^C_n),C_alpha*C_fck),0)))*'Geometry'!$H$40*'Geometry'!$F$40+((MAX(MIN(S_1_Es*($R15+$S15*'Geometry'!$G$41+$T15*'Geometry'!$F$41),S_1_fy),-S_1_fy))-(IF(($R15+$S15*'Geometry'!$G$41+$T15*'Geometry'!$F$41)>0,IF(($R15+$S15*'Geometry'!$G$41+$T15*'Geometry'!$F$41)<=C_eco,C_alpha*C_fck*(1-(1-($R15+$S15*'Geometry'!$G$41+$T15*'Geometry'!$F$41)/C_eco)^C_n),C_alpha*C_fck),0)))*'Geometry'!$H$41*'Geometry'!$F$41+((MAX(MIN(S_1_Es*($R15+$S15*'Geometry'!$G$42+$T15*'Geometry'!$F$42),S_1_fy),-S_1_fy))-(IF(($R15+$S15*'Geometry'!$G$42+$T15*'Geometry'!$F$42)>0,IF(($R15+$S15*'Geometry'!$G$42+$T15*'Geometry'!$F$42)<=C_eco,C_alpha*C_fck*(1-(1-($R15+$S15*'Geometry'!$G$42+$T15*'Geometry'!$F$42)/C_eco)^C_n),C_alpha*C_fck),0)))*'Geometry'!$H$42*'Geometry'!$F$42+((MAX(MIN(S_1_Es*($R15+$S15*'Geometry'!$G$43+$T15*'Geometry'!$F$43),S_1_fy),-S_1_fy))-(IF(($R15+$S15*'Geometry'!$G$43+$T15*'Geometry'!$F$43)>0,IF(($R15+$S15*'Geometry'!$G$43+$T15*'Geometry'!$F$43)<=C_eco,C_alpha*C_fck*(1-(1-($R15+$S15*'Geometry'!$G$43+$T15*'Geometry'!$F$43)/C_eco)^C_n),C_alpha*C_fck),0)))*'Geometry'!$H$43*'Geometry'!$F$43+((MAX(MIN(S_1_Es*($R15+$S15*'Geometry'!$G$44+$T15*'Geometry'!$F$44),S_1_fy),-S_1_fy))-(IF(($R15+$S15*'Geometry'!$G$44+$T15*'Geometry'!$F$44)>0,IF(($R15+$S15*'Geometry'!$G$44+$T15*'Geometry'!$F$44)<=C_eco,C_alpha*C_fck*(1-(1-($R15+$S15*'Geometry'!$G$44+$T15*'Geometry'!$F$44)/C_eco)^C_n),C_alpha*C_fck),0)))*'Geometry'!$H$44*'Geometry'!$F$44+((MAX(MIN(S_1_Es*($R15+$S15*'Geometry'!$G$45+$T15*'Geometry'!$F$45),S_1_fy),-S_1_fy))-(IF(($R15+$S15*'Geometry'!$G$45+$T15*'Geometry'!$F$45)>0,IF(($R15+$S15*'Geometry'!$G$45+$T15*'Geometry'!$F$45)<=C_eco,C_alpha*C_fck*(1-(1-($R15+$S15*'Geometry'!$G$45+$T15*'Geometry'!$F$45)/C_eco)^C_n),C_alpha*C_fck),0)))*'Geometry'!$H$45*'Geometry'!$F$45+((MAX(MIN(S_1_Es*($R15+$S15*'Geometry'!$G$46+$T15*'Geometry'!$F$46),S_1_fy),-S_1_fy))-(IF(($R15+$S15*'Geometry'!$G$46+$T15*'Geometry'!$F$46)>0,IF(($R15+$S15*'Geometry'!$G$46+$T15*'Geometry'!$F$46)<=C_eco,C_alpha*C_fck*(1-(1-($R15+$S15*'Geometry'!$G$46+$T15*'Geometry'!$F$46)/C_eco)^C_n),C_alpha*C_fck),0)))*'Geometry'!$H$46*'Geometry'!$F$46+((MAX(MIN(S_1_Es*($R15+$S15*'Geometry'!$G$47+$T15*'Geometry'!$F$47),S_1_fy),-S_1_fy))-(IF(($R15+$S15*'Geometry'!$G$47+$T15*'Geometry'!$F$47)>0,IF(($R15+$S15*'Geometry'!$G$47+$T15*'Geometry'!$F$47)<=C_eco,C_alpha*C_fck*(1-(1-($R15+$S15*'Geometry'!$G$47+$T15*'Geometry'!$F$47)/C_eco)^C_n),C_alpha*C_fck),0)))*'Geometry'!$H$47*'Geometry'!$F$47+((MAX(MIN(S_1_Es*($R15+$S15*'Geometry'!$G$48+$T15*'Geometry'!$F$48),S_1_fy),-S_1_fy))-(IF(($R15+$S15*'Geometry'!$G$48+$T15*'Geometry'!$F$48)>0,IF(($R15+$S15*'Geometry'!$G$48+$T15*'Geometry'!$F$48)<=C_eco,C_alpha*C_fck*(1-(1-($R15+$S15*'Geometry'!$G$48+$T15*'Geometry'!$F$48)/C_eco)^C_n),C_alpha*C_fck),0)))*'Geometry'!$H$48*'Geometry'!$F$48+((MAX(MIN(S_1_Es*($R15+$S15*'Geometry'!$G$49+$T15*'Geometry'!$F$49),S_1_fy),-S_1_fy))-(IF(($R15+$S15*'Geometry'!$G$49+$T15*'Geometry'!$F$49)>0,IF(($R15+$S15*'Geometry'!$G$49+$T15*'Geometry'!$F$49)<=C_eco,C_alpha*C_fck*(1-(1-($R15+$S15*'Geometry'!$G$49+$T15*'Geometry'!$F$49)/C_eco)^C_n),C_alpha*C_fck),0)))*'Geometry'!$H$49*'Geometry'!$F$49+((MAX(MIN(S_1_Es*($R15+$S15*'Geometry'!$G$50+$T15*'Geometry'!$F$50),S_1_fy),-S_1_fy))-(IF(($R15+$S15*'Geometry'!$G$50+$T15*'Geometry'!$F$50)>0,IF(($R15+$S15*'Geometry'!$G$50+$T15*'Geometry'!$F$50)<=C_eco,C_alpha*C_fck*(1-(1-($R15+$S15*'Geometry'!$G$50+$T15*'Geometry'!$F$50)/C_eco)^C_n),C_alpha*C_fck),0)))*'Geometry'!$H$50*'Geometry'!$F$50+((MAX(MIN(S_1_Es*($R15+$S15*'Geometry'!$G$51+$T15*'Geometry'!$F$51),S_1_fy),-S_1_fy))-(IF(($R15+$S15*'Geometry'!$G$51+$T15*'Geometry'!$F$51)>0,IF(($R15+$S15*'Geometry'!$G$51+$T15*'Geometry'!$F$51)<=C_eco,C_alpha*C_fck*(1-(1-($R15+$S15*'Geometry'!$G$51+$T15*'Geometry'!$F$51)/C_eco)^C_n),C_alpha*C_fck),0)))*'Geometry'!$H$51*'Geometry'!$F$51+((MAX(MIN(S_1_Es*($R15+$S15*'Geometry'!$G$52+$T15*'Geometry'!$F$52),S_1_fy),-S_1_fy))-(IF(($R15+$S15*'Geometry'!$G$52+$T15*'Geometry'!$F$52)>0,IF(($R15+$S15*'Geometry'!$G$52+$T15*'Geometry'!$F$52)<=C_eco,C_alpha*C_fck*(1-(1-($R15+$S15*'Geometry'!$G$52+$T15*'Geometry'!$F$52)/C_eco)^C_n),C_alpha*C_fck),0)))*'Geometry'!$H$52*'Geometry'!$F$52+((MAX(MIN(S_1_Es*($R15+$S15*'Geometry'!$G$53+$T15*'Geometry'!$F$53),S_1_fy),-S_1_fy))-(IF(($R15+$S15*'Geometry'!$G$53+$T15*'Geometry'!$F$53)>0,IF(($R15+$S15*'Geometry'!$G$53+$T15*'Geometry'!$F$53)<=C_eco,C_alpha*C_fck*(1-(1-($R15+$S15*'Geometry'!$G$53+$T15*'Geometry'!$F$53)/C_eco)^C_n),C_alpha*C_fck),0)))*'Geometry'!$H$53*'Geometry'!$F$53+((MAX(MIN(S_1_Es*($R15+$S15*'Geometry'!$G$54+$T15*'Geometry'!$F$54),S_1_fy),-S_1_fy))-(IF(($R15+$S15*'Geometry'!$G$54+$T15*'Geometry'!$F$54)>0,IF(($R15+$S15*'Geometry'!$G$54+$T15*'Geometry'!$F$54)<=C_eco,C_alpha*C_fck*(1-(1-($R15+$S15*'Geometry'!$G$54+$T15*'Geometry'!$F$54)/C_eco)^C_n),C_alpha*C_fck),0)))*'Geometry'!$H$54*'Geometry'!$F$54+((MAX(MIN(S_1_Es*($R15+$S15*'Geometry'!$G$55+$T15*'Geometry'!$F$55),S_1_fy),-S_1_fy))-(IF(($R15+$S15*'Geometry'!$G$55+$T15*'Geometry'!$F$55)>0,IF(($R15+$S15*'Geometry'!$G$55+$T15*'Geometry'!$F$55)<=C_eco,C_alpha*C_fck*(1-(1-($R15+$S15*'Geometry'!$G$55+$T15*'Geometry'!$F$55)/C_eco)^C_n),C_alpha*C_fck),0)))*'Geometry'!$H$55*'Geometry'!$F$55+((MAX(MIN(S_1_Es*($R15+$S15*'Geometry'!$G$56+$T15*'Geometry'!$F$56),S_1_fy),-S_1_fy))-(IF(($R15+$S15*'Geometry'!$G$56+$T15*'Geometry'!$F$56)>0,IF(($R15+$S15*'Geometry'!$G$56+$T15*'Geometry'!$F$56)<=C_eco,C_alpha*C_fck*(1-(1-($R15+$S15*'Geometry'!$G$56+$T15*'Geometry'!$F$56)/C_eco)^C_n),C_alpha*C_fck),0)))*'Geometry'!$H$56*'Geometry'!$F$56+((MAX(MIN(S_1_Es*($R15+$S15*'Geometry'!$G$57+$T15*'Geometry'!$F$57),S_1_fy),-S_1_fy))-(IF(($R15+$S15*'Geometry'!$G$57+$T15*'Geometry'!$F$57)>0,IF(($R15+$S15*'Geometry'!$G$57+$T15*'Geometry'!$F$57)<=C_eco,C_alpha*C_fck*(1-(1-($R15+$S15*'Geometry'!$G$57+$T15*'Geometry'!$F$57)/C_eco)^C_n),C_alpha*C_fck),0)))*'Geometry'!$H$57*'Geometry'!$F$57)/1000000 -> 208.45362 | AA15: =U15+X15 -> 24607.73 | AB15: =V15+Y15 -> 3965.2298 | AC15: =W15+Z15 -> 1002.9368 | AD15: 0.65 | AE15: 0.65 | AF15: =AA15*AD15 -> 15995.024 | AG15: =AB15*AE15 -> 2577.3994 | AH15: =AC15*AE15 -> 651.90894 | AI15: 15995.024 | AJ15: 2577.3994 | AK15: 651.90894 | AL15: =AF15-AI15 -> 0 | AM15: =SQRT((AG15-AJ15)^2+(AH15-AK15)^2) -> 0 | AN15: mesh formula | AO15: 24607.73 | AP15: 3965.2298 | AQ15: 1002.9368 | AR15: 21258.644 | AS15: 3106.4052 | AT15: 794.48322 | AU15: 3349.0853 | AV15: 858.82468 | AW15: 208.45362
