Workbook
Name Origin_X: Geometry!$C$6
Name Origin_Y: Geometry!$C$7
Name Boundary_X: Geometry!$F$13:$F$36
Name Boundary_Y: Geometry!$G$13:$G$36
Name C_fck: Materials!$C$10
Name C_alpha: Materials!$C$12
Name C_eco: Materials!$C$13
Name C_n: Materials!$C$14
Name C_ecu: Materials!$C$15
Name S_1_fy: Materials!$D$20
Name S_1_Es: Materials!$E$20
Name Mesh_X: Mesh!$B$6:$B$425
Name Mesh_Y: Mesh!$C$6:$C$425
Name Mesh_A: Mesh!$D$6:$D$425
Name Selected_P: Result!$C$5

Sheet Geometry
A1: PROJECT GEOMETRY AND LOAD INPUTS
A2: Legend | B2: Editable calculation input | C2: Formula | D2: Generated / check | E2: Requires re-export / remesh
B3: Project | C3: PM-advanced (7) 2D reference case | F3: Client | G3: Reference verification
B4: Section | C4: PM-advanced (7) 2D — 1500x1200 chamfered section, two voids | F4: Company | G4: P-M Column Designer
B5: Calculation profile | C5: strain-domain-surface-v1 | F5: Designed by | G5: Engineering example
B6: Analysis origin X | C6: 0 | D6: mm | F6: Checked by | G6: Independent review
B7: Analysis origin Y | C7: 0 | D7: mm | F7: Address | G7: Seoul, Korea
F8: Date | G8: 2026-07-23
A12: Ring ID | B12: Boundary | C12: Point order | D12: X input (mm) | E12: Y input (mm) | F12: x local (mm) | G12: y local (mm)
A13: R1-OUTER | B13: Outer | C13: 1 | D13: -550 | E13: 600 | F13: =D13-Origin_X -> -550 | G13: =E13-Origin_Y -> 600
A14: R1-OUTER | B14: Outer | C14: 2 | D14: 550 | E14: 600 | F14: =D14-Origin_X -> 550 | G14: =E14-Origin_Y -> 600
A15: R1-OUTER | B15: Outer | C15: 3 | D15: 750 | E15: 400 | F15: =D15-Origin_X -> 750 | G15: =E15-Origin_Y -> 400
A16: R1-OUTER | B16: Outer | C16: 4 | D16: 750 | E16: -400 | F16: =D16-Origin_X -> 750 | G16: =E16-Origin_Y -> -400
A17: R1-OUTER | B17: Outer | C17: 5 | D17: 550 | E17: -600 | F17: =D17-Origin_X -> 550 | G17: =E17-Origin_Y -> -600
A18: R1-OUTER | B18: Outer | C18: 6 | D18: -550 | E18: -600 | F18: =D18-Origin_X -> -550 | G18: =E18-Origin_Y -> -600
A19: R1-OUTER | B19: Outer | C19: 7 | D19: -750 | E19: -400 | F19: =D19-Origin_X -> -750 | G19: =E19-Origin_Y -> -400
A20: R1-OUTER | B20: Outer | C20: 8 | D20: -750 | E20: 400 | F20: =D20-Origin_X -> -750 | G20: =E20-Origin_Y -> 400
A21: R1-H1 | B21: Hole | C21: 1 | D21: -450 | E21: 400 | F21: =D21-Origin_X -> -450 | G21: =E21-Origin_Y -> 400
A22: R1-H1 | B22: Hole | C22: 2 | D22: -250 | E22: 400 | F22: =D22-Origin_X -> -250 | G22: =E22-Origin_Y -> 400
A23: R1-H1 | B23: Hole | C23: 3 | D23: -150 | E23: 300 | F23: =D23-Origin_X -> -150 | G23: =E23-Origin_Y -> 300
A24: R1-H1 | B24: Hole | C24: 4 | D24: -150 | E24: -300 | F24: =D24-Origin_X -> -150 | G24: =E24-Origin_Y -> -300
... A36: R1-H2 | B36: Hole | C36: 8 | D36: 150 | E36: 300 | F36: =D36-Origin_X -> 150 | G36: =E36-Origin_Y -> 300
B38: Reinforcement
A39: No. | B39: Rebar ID | C39: Diameter (mm) | D39: X world (mm) | E39: Y world (mm) | F39: X local (mm) | G39: Y local (mm) | H39: Area (mm²) | I39: Steel material ID
A40: 1 | B40: 1 | C40: 32 | D40: -400 | E40: 530 | F40: =D40-Origin_X -> -400 | G40: =E40-Origin_Y -> 530 | H40: =PI()*C40^2/4 -> 804.24772 | I40: 1
A41: 2 | B41: 2 | C41: 32 | D41: -200 | E41: 530 | F41: =D41-Origin_X -> -200 | G41: =E41-Origin_Y -> 530 | H41: =PI()*C41^2/4 -> 804.24772 | I41: 1
A42: 3 | B42: 3 | C42: 32 | D42: 0 | E42: 530 | F42: =D42-Origin_X -> 0 | G42: =E42-Origin_Y -> 530 | H42: =PI()*C42^2/4 -> 804.24772 | I42: 1
A43: 4 | B43: 4 | C43: 32 | D43: 200 | E43: 530 | F43: =D43-Origin_X -> 200 | G43: =E43-Origin_Y -> 530 | H43: =PI()*C43^2/4 -> 804.24772 | I43: 1
A44: 5 | B44: 5 | C44: 32 | D44: 400 | E44: 530 | F44: =D44-Origin_X -> 400 | G44: =E44-Origin_Y -> 530 | H44: =PI()*C44^2/4 -> 804.24772 | I44: 1
A45: 6 | B45: 6 | C45: 32 | D45: -400 | E45: -530 | F45: =D45-Origin_X -> -400 | G45: =E45-Origin_Y -> -530 | H45: =PI()*C45^2/4 -> 804.24772 | I45: 1
A46: 7 | B46: 7 | C46: 32 | D46: -200 | E46: -530 | F46: =D46-Origin_X -> -200 | G46: =E46-Origin_Y -> -530 | H46: =PI()*C46^2/4 -> 804.24772 | I46: 1
A47: 8 | B47: 8 | C47: 32 | D47: 0 | E47: -530 | F47: =D47-Origin_X -> 0 | G47: =E47-Origin_Y -> -530 | H47: =PI()*C47^2/4 -> 804.24772 | I47: 1
A48: 9 | B48: 9 | C48: 32 | D48: 200 | E48: -530 | F48: =D48-Origin_X -> 200 | G48: =E48-Origin_Y -> -530 | H48: =PI()*C48^2/4 -> 804.24772 | I48: 1
A49: 10 | B49: 10 | C49: 32 | D49: 400 | E49: -530 | F49: =D49-Origin_X -> 400 | G49: =E49-Origin_Y -> -530 | H49: =PI()*C49^2/4 -> 804.24772 | I49: 1
A50: 11 | B50: 11 | C50: 32 | D50: -680 | E50: 300 | F50: =D50-Origin_X -> -680 | G50: =E50-Origin_Y -> 300 | H50: =PI()*C50^2/4 -> 804.24772 | I50: 1
A51: 12 | B51: 12 | C51: 32 | D51: -680 | E51: 100 | F51: =D51-Origin_X -> -680 | G51: =E51-Origin_Y -> 100 | H51: =PI()*C51^2/4 -> 804.24772 | I51: 1
... A57: 18 | B57: 18 | C57: 32 | D57: 680 | E57: -300 | F57: =D57-Origin_X -> 680 | G57: =E57-Origin_Y -> -300 | H57: =PI()*C57^2/4 -> 804.24772 | I57: 1
B61: Project load cases
A62: ID | B62: Name | C62: P (kN) | D62: Mx (kN·m) | E62: My (kN·m) | F62: Action basis
A63: 1 | B63: ULS-1 workbook Newton demand (on the 15 deg surface) | C63: 24942.922 | D63: 3714.1659 | E63: 1431.7807 | F63: factoredULS
A64: 2 | B64: ULS-2 same axial, half moment (inside) | C64: 24942.922 | D64: 1857.083 | E64: 715.89036 | F64: factoredULS
A65: 3 | B65: ULS-3 low axial, high moment | C65: 5000 | D65: 4000 | E65: 1500 | F65: factoredULS

Sheet Materials
A1: MATERIALS AND RESISTANCE BASIS
A2: Legend | B2: Editable calculation input | C2: Formula | D2: Generated / check | E2: Requires re-export / remesh
A3: Active result stage | B3: Design resistance | D3: Calculation profile | E3: KDS 2024 current set · resistance: KDS 14 20 10:2021 + KDS 14 20 20:2022
B5: Concrete
A6: Symbol | B6: Parameter | C6: Value | D6: Unit | E6: Basis / use in calculation
B7: Material | C7: KDS C30 (workbook Input)
B8: Standard | C8: KDS
B9: Stress–strain law | C9: kds-parabolic
A10: f′c / fck | B10: Specified concrete compressive strength | C10: 30 | D10: MPa | E10: Strength used by the active material law
A11: Eᴄ | B11: Elastic modulus | C11: 28417.475 | D11: MPa | E11: Concrete elastic modulus reported by the selected standard
A12: α | B12: Concrete stress coefficient | C12: 0.85 | D12: – | E12: Multiplier applied to the concrete compression stress
A13: εc0 | B13: Peak / plateau strain | C13: 0.002 | D13: – | E13: End of the parabolic branch
A14: n | B14: Parabola exponent | C14: 2 | D14: – | E14: Exponent of the concrete stress–strain curve
A15: εcu | B15: Ultimate compression strain | C15: 0.0033 | D15: – | E15: Compression strain used at the neutral-axis boundary state
B16: Calculation law | C16: KDS parabola-rectangle: fc = α·fck·(1−(1−ε/εco)^n) up to εco, then α·fck
B18: Reinforcing steel
A19: ID | B19: Material | C19: Standard | D19: fy (MPa) | E19: Eₛ (MPa) | F19: εy | G19: εu | H19: Stress–strain law
A20: 1 | B20: SD400 (workbook Input) | C20: KDS | D20: 400 | E20: 200000 | F20: =D20/E20 -> 0.002 | H20: elastic-perfectly-plastic
B24: Resistance basis
A25: Symbol / setting | B25: Parameter | C25: Value | D25: Unit | E25: Code basis / note
B26: Resistance format | C26: globalResultantFactor | D26: –
B27: Active result stage | C27: design | D27: –
B28: Profile | C28: kds-2024-current-set | D28: – | E28: KDS 2024 current set · resistance: KDS 14 20 10:2021 + KDS 14 20 20:2022
B29: Transverse reinforcement | C29: other | D29: –
A30: φc | B30: Compression-controlled strength factor | C30: 0.65 | D30: –
A31: φt | B31: Tension-controlled strength factor | C31: 0.85 | D31: –
A32: Pmax | B32: Axial compression limit enabled | C32: Yes | D32: –
A33: Pmax/P0 | B33: Axial compression limit ratio | C33: 0.8 | D33: –
A34: εt | B34: Tension-controlled transition rule | C34: fixed 0.005; high-strength 2.5·εy | D34: –
A36: Blue text marks editable values that drive formulas. Orange text marks settings that require re-export because they change the generated surface or mesh.

Sheet Mesh
A1: CONCRETE INTEGRATION MESH
B2: X and Y are measured from the analysis origin. Area is the quadrature weight used directly by Result SUMPRODUCT formulas.
B3: Cell size (mm) | C3: 150 | D3: Points | E3: 420 | F3: Area error | G3: 4.6566129e-10
A4: Legend | B4: Editable calculation input | C4: Formula | D4: Generated / check | E4: Requires re-export / remesh
A5: No. | B5: X local (mm) | C5: Y local (mm) | D5: Area (mm²) | E5: Component | F5: X world (mm) | G5: Y world (mm)
A6: 1 | B6: -666.66667 | C6: -466.66667 | D6: 1666.6667 | E6: 0 | F6: =B6+Origin_X -> -666.66667 | G6: =C6+Origin_Y -> -466.66667
A7: 2 | B7: -616.66667 | C7: -516.66667 | D7: 1666.6667 | E7: 0 | F7: =B7+Origin_X -> -616.66667 | G7: =C7+Origin_Y -> -516.66667
A8: 3 | B8: -616.66667 | C8: -466.66667 | D8: 1666.6667 | E8: 0 | F8: =B8+Origin_X -> -616.66667 | G8: =C8+Origin_Y -> -466.66667
A9: 4 | B9: -741.66667 | C9: -341.66667 | D9: 833.33333 | E9: 1 | F9: =B9+Origin_X -> -741.66667 | G9: =C9+Origin_Y -> -341.66667
A10: 5 | B10: -741.66667 | C10: -391.66667 | D10: 833.33333 | E10: 1 | F10: =B10+Origin_X -> -741.66667 | G10: =C10+Origin_Y -> -391.66667
A11: 6 | B11: -716.66667 | C11: -416.66667 | D11: 833.33333 | E11: 1 | F11: =B11+Origin_X -> -716.66667 | G11: =C11+Origin_Y -> -416.66667
A12: 7 | B12: -716.66667 | C12: -350 | D12: 2500 | E12: 1 | F12: =B12+Origin_X -> -716.66667 | G12: =C12+Origin_Y -> -350
A13: 8 | B13: -691.66667 | C13: -425 | D13: 2500 | E13: 1 | F13: =B13+Origin_X -> -691.66667 | G13: =C13+Origin_Y -> -425
A14: 9 | B14: -641.66667 | C14: -425 | D14: 2500 | E14: 1 | F14: =B14+Origin_X -> -641.66667 | G14: =C14+Origin_Y -> -425
A15: 10 | B15: -625 | C15: -400 | D15: 3750 | E15: 1 | F15: =B15+Origin_X -> -625 | G15: =C15+Origin_Y -> -400
A16: 11 | B16: -625 | C16: -325 | D16: 3750 | E16: 1 | F16: =B16+Origin_X -> -625 | G16: =C16+Origin_Y -> -325
A17: 12 | B17: -700 | C17: -325 | D17: 3750 | E17: 1 | F17: =B17+Origin_X -> -700 | G17: =C17+Origin_Y -> -325
... A425: 420 | B425: 616.66667 | C425: 516.66667 | D425: 1666.6667 | E425: 63 | F425: =B425+Origin_X -> 616.66667 | G425: =C425+Origin_Y -> 516.66667

Sheet FixedP_Lower
A1: FIXED-P LOWER BRACKETING STATIONS
B2: Each row is one direction-specific bracket station. Physical stress-strain rows use Materials/Mesh formulas; geometric axial-cap and equivalent-block rows are explicitly labelled ledger anchors.
B3: Selected P (kN) | C3: =Selected_P -> 17670.346 | D3: Bracket role | E3: P below or exact
A6: Legend | B6: Editable calculation input | C6: Formula | D6: Generated / check | E6: Requires re-export / remesh
A7: Direction ID | B7: Branch | C7: Chart β (deg) | D7: Source key | E7: Station / role | F7: β strain (deg) | G7: Criterion basis | H7: Criterion value | I7: zc (mm) | J7: z control (mm) | K7: D (mm) | L7: εc | M7: ε control | N7: κ (1/mm) | O7: ε₀ | P7: κx (1/mm) | Q7: κy (1/mm) | R7: Concrete P | S7: Concrete Mx | T7: Concrete My | U7: Steel P | V7: Steel Mx | W7: Steel My | X7: Base P | Y7: Base Mx | Z7: Base My | AA7: P factor | AB7: Mx factor | AC7: My factor | AD7: Final P | AE7: Final Mx | AF7: Final My | AG7: Engine P | AH7: Engine Mx | AI7: Engine My | AJ7: ΔP | AK7: ΔM | AL7: Calculation mode | AM7: Base engine P | AN7: Base engine Mx | AO7: Base engine My | AP7: Concrete engine P | AQ7: Concrete engine Mx | AR7: Concrete engine My | AS7: Steel engine P | AT7: Steel engine Mx | AU7: Steel engine My
A8: fixedP-b0.000-branch1 | B8: 1 | C8: 0 | D8: 0-pure-compression|0|0 | E8: P below — pure-compression | F8: 0 | G8: retained ε = constant (not the cap rule) | H8: 0.0033 | I8: =MAX(('Geometry'!$G$13*COS(RADIANS(F8))+'Geometry'!$F$13*SIN(RADIANS(F8))),('Geometry'!$G$14*COS(RADIANS(F8))+'Geometry'!$F$14*SIN(RADIANS(F8))),('Geometry'!$G$15*COS(RADIANS(F8))+'Geometry'!$F$15*SIN(RADIANS(F8))),('Geometry'!$G$16*COS(RADIANS(F8))+'Geometry'!$F$16*SIN(RADIANS(F8))),('Geometry'!$G$17*COS(RADIANS(F8))+'Geometry'!$F$17*SIN(RADIANS(F8))),('Geometry'!$G$18*COS(RADIANS(F8))+'Geometry'!$F$18*SIN(RADIANS(F8))),('Geometry'!$G$19*COS(RADIANS(F8))+'Geometry'!$F$19*SIN(RADIANS(F8))),('Geometry'!$G$20*COS(RADIANS(F8))+'Geometry'!$F$20*SIN(RADIANS(F8)))) -> 600 | J8: =I8 -> -530 | K8: =I8-MIN(('Geometry'!$G$13*COS(RADIANS(F8))+'Geometry'!$F$13*SIN(RADIANS(F8))),('Geometry'!$G$14*COS(RADIANS(F8))+'Geometry'!$F$14*SIN(RADIANS(F8))),('Geometry'!$G$15*COS(RADIANS(F8))+'Geometry'!$F$15*SIN(RADIANS(F8))),('Geometry'!$G$16*COS(RADIANS(F8))+'Geometry'!$F$16*SIN(RADIANS(F8))),('Geometry'!$G$17*COS(RADIANS(F8))+'Geometry'!$F$17*SIN(RADIANS(F8))),('Geometry'!$G$18*COS(RADIANS(F8))+'Geometry'!$F$18*SIN(RADIANS(F8))),('Geometry'!$G$19*COS(RADIANS(F8))+'Geometry'!$F$19*SIN(RADIANS(F8))),('Geometry'!$G$20*COS(RADIANS(F8))+'Geometry'!$F$20*SIN(RADIANS(F8)))) -> 1200 | L8: =H8 -> 0.0033 | M8: =H8 -> 0.0033 | N8: =0 -> 0 | O8: =H8 -> 0.0033 | P8: =N8*COS(RADIANS(F8)) -> 0 | Q8: =N8*SIN(RADIANS(F8)) -> 0 | R8: =AP8 -> 15240.061 | S8: =AQ8 -> 0 | T8: =AR8 -> 0 | U8: =AS8 -> 2430.2851 | V8: =AT8 -> 0 | W8: =AU8 -> 0 | X8: =AM8 -> 17670.346 | Y8: =AN8 -> 0 | Z8: =AO8 -> 0 | AA8: 1 | AB8: 1 | AC8: 1 | AD8: =X8*AA8 -> 17670.346 | AE8: =Y8*AB8 -> 0 | AF8: =Z8*AC8 -> 0 | AG8: 17670.346 | AH8: 0 | AI8: 0 | AJ8: =AD8-AG8 -> 0 | AK8: =SQRT((AE8-AH8)^2+(AF8-AI8)^2) -> 0 | AL8: axial-cap projected-ledger anchor (geometric Pmax face) | AM8: 17670.346 | AN8: 0 | AO8: 0 | AP8: 15240.061 | AQ8: 0 | AR8: 0 | AS8: 2430.2851 | AT8: 0 | AU8: 0
A9: fixedP-b0.000-branch2 | B9: 2 | C9: 0 | D9: 0-station-1|0|1 | E9: P below — station-1 | F9: 0 | G9: retained c/D (not the cap rule) | H9: 3 | I9: =MAX(('Geometry'!$G$13*COS(RADIANS(F9))+'Geometry'!$F$13*SIN(RADIANS(F9))),('Geometry'!$G$14*COS(RADIANS(F9))+'Geometry'!$F$14*SIN(RADIANS(F9))),('Geometry'!$G$15*COS(RADIANS(F9))+'Geometry'!$F$15*SIN(RADIANS(F9))),('Geometry'!$G$16*COS(RADIANS(F9))+'Geometry'!$F$16*SIN(RADIANS(F9))),('Geometry'!$G$17*COS(RADIANS(F9))+'Geometry'!$F$17*SIN(RADIANS(F9))),('Geometry'!$G$18*COS(RADIANS(F9))+'Geometry'!$F$18*SIN(RADIANS(F9))),('Geometry'!$G$19*COS(RADIANS(F9))+'Geometry'!$F$19*SIN(RADIANS(F9))),('Geometry'!$G$20*COS(RADIANS(F9))+'Geometry'!$F$20*SIN(RADIANS(F9)))) -> 600 | J9: =I9-H9*K9 -> -3000 | K9: =I9-MIN(('Geometry'!$G$13*COS(RADIANS(F9))+'Geometry'!$F$13*SIN(RADIANS(F9))),('Geometry'!$G$14*COS(RADIANS(F9))+'Geometry'!$F$14*SIN(RADIANS(F9))),('Geometry'!$G$15*COS(RADIANS(F9))+'Geometry'!$F$15*SIN(RADIANS(F9))),('Geometry'!$G$16*COS(RADIANS(F9))+'Geometry'!$F$16*SIN(RADIANS(F9))),('Geometry'!$G$17*COS(RADIANS(F9))+'Geometry'!$F$17*SIN(RADIANS(F9))),('Geometry'!$G$18*COS(RADIANS(F9))+'Geometry'!$F$18*SIN(RADIANS(F9))),('Geometry'!$G$19*COS(RADIANS(F9))+'Geometry'!$F$19*SIN(RADIANS(F9))),('Geometry'!$G$20*COS(RADIANS(F9))+'Geometry'!$F$20*SIN(RADIANS(F9)))) -> 1200 | L9: =C_ecu -> 0.0033 | M9: =0 -> 0 | N9: =IF(ABS(I9-J9)<0.000000000001,0,(L9-M9)/(I9-J9)) -> 9.1666667e-07 | O9: =L9-N9*I9 -> 0.00275 | P9: =N9*COS(RADIANS(F9)) -> 9.1666667e-07 | Q9: =N9*SIN(RADIANS(F9)) -> 0 | R9: =AP9 -> 15240.061 | S9: =AQ9 -> 285.94652 | T9: =AR9 -> 0.0021480206 | U9: =AS9 -> 2430.2851 | V9: =AT9 -> 93.442542 | W9: =AU9 -> 5.8792249e-16 | X9: =AM9 -> 17670.346 | Y9: =AN9 -> 379.38907 | Z9: =AO9 -> 0.0021480206 | AA9: 1 | AB9: 1 | AC9: 1 | AD9: =X9*AA9 -> 17670.346 | AE9: =Y9*AB9 -> 379.38907 | AF9: =Z9*AC9 -> 0.0021480206 | AG9: 17670.346 | AH9: 379.38907 | AI9: 0.0021480206 | AJ9: =AD9-AG9 -> 0 | AK9: =SQRT((AE9-AH9)^2+(AF9-AI9)^2) -> 0 | AL9: axial-cap projected-ledger anchor (geometric Pmax face) | AM9: 17670.346 | AN9: 379.38907 | AO9: 0.0021480206 | AP9: 15240.061 | AQ9: 285.94652 | AR9: 0.0021480206 | AS9: 2430.2851 | AT9: 93.442542 | AU9: 5.8792249e-16
A10: fixedP-b0.000-branch3 | B10: 3 | C10: 0 | D10: 0-station-2|0|2 | E10: P below — station-2 | F10: 0 | G10: retained c/D (not the cap rule) | H10: 2 | I10: =MAX(('Geometry'!$G$13*COS(RADIANS(F10))+'Geometry'!$F$13*SIN(RADIANS(F10))),('Geometry'!$G$14*COS(RADIANS(F10))+'Geometry'!$F$14*SIN(RADIANS(F10))),('Geometry'!$G$15*COS(RADIANS(F10))+'Geometry'!$F$15*SIN(RADIANS(F10))),('Geometry'!$G$16*COS(RADIANS(F10))+'Geometry'!$F$16*SIN(RADIANS(F10))),('Geometry'!$G$17*COS(RADIANS(F10))+'Geometry'!$F$17*SIN(RADIANS(F10))),('Geometry'!$G$18*COS(RADIANS(F10))+'Geometry'!$F$18*SIN(RADIANS(F10))),('Geometry'!$G$19*COS(RADIANS(F10))+'Geometry'!$F$19*SIN(RADIANS(F10))),('Geometry'!$G$20*COS(RADIANS(F10))+'Geometry'!$F$20*SIN(RADIANS(F10)))) -> 600 | J10: =I10-H10*K10 -> -1800 | K10: =I10-MIN(('Geometry'!$G$13*COS(RADIANS(F10))+'Geometry'!$F$13*SIN(RADIANS(F10))),('Geometry'!$G$14*COS(RADIANS(F10))+'Geometry'!$F$14*SIN(RADIANS(F10))),('Geometry'!$G$15*COS(RADIANS(F10))+'Geometry'!$F$15*SIN(RADIANS(F10))),('Geometry'!$G$16*COS(RADIANS(F10))+'Geometry'!$F$16*SIN(RADIANS(F10))),('Geometry'!$G$17*COS(RADIANS(F10))+'Geometry'!$F$17*SIN(RADIANS(F10))),('Geometry'!$G$18*COS(RADIANS(F10))+'Geometry'!$F$18*SIN(RADIANS(F10))),('Geometry'!$G$19*COS(RADIANS(F10))+'Geometry'!$F$19*SIN(RADIANS(F10))),('Geometry'!$G$20*COS(RADIANS(F10))+'Geometry'!$F$20*SIN(RADIANS(F10)))) -> 1200 | L10: =C_ecu -> 0.0033 | M10: =0 -> 0 | N10: =IF(ABS(I10-J10)<0.000000000001,0,(L10-M10)/(I10-J10)) -> 1.375e-06 | O10: =L10-N10*I10 -> 0.002475 | P10: =N10*COS(RADIANS(F10)) -> 1.375e-06 | Q10: =N10*SIN(RADIANS(F10)) -> 0 | R10: =AP10 -> 15240.061 | S10: =AQ10 -> 571.89305 | T10: =AR10 -> 0.0042960413 | U10: =AS10 -> 2430.2851 | V10: =AT10 -> 186.88508 | W10: =AU10 -> 1.175845e-15 | X10: =AM10 -> 17670.346 | Y10: =AN10 -> 758.77813 | Z10: =AO10 -> 0.0042960413 | AA10: 1 | AB10: 1 | AC10: 1 | AD10: =X10*AA10 -> 17670.346 | AE10: =Y10*AB10 -> 758.77813 | AF10: =Z10*AC10 -> 0.0042960413 | AG10: 17670.346 | AH10: 758.77813 | AI10: 0.0042960413 | AJ10: =AD10-AG10 -> 0 | AK10: =SQRT((AE10-AH10)^2+(AF10-AI10)^2) -> 0 | AL10: axial-cap projected-ledger anchor (geometric Pmax face) | AM10: 17670.346 | AN10: 758.77813 | AO10: 0.0042960413 | AP10: 15240.061 | AQ10: 571.89305 | AR10: 0.0042960413 | AS10: 2430.2851 | AT10: 186.88508 | AU10: 1.175845e-15
A11: fixedP-b0.000-branch4 | B11: 4 | C11: 0 | D11: 0-station-3|0|3 | E11: P below — station-3 | F11: 0 | G11: retained c/D (not the cap rule) | H11: 1.5 | I11: =MAX(('Geometry'!$G$13*COS(RADIANS(F11))+'Geometry'!$F$13*SIN(RADIANS(F11))),('Geometry'!$G$14*COS(RADIANS(F11))+'Geometry'!$F$14*SIN(RADIANS(F11))),('Geometry'!$G$15*COS(RADIANS(F11))+'Geometry'!$F$15*SIN(RADIANS(F11))),('Geometry'!$G$16*COS(RADIANS(F11))+'Geometry'!$F$16*SIN(RADIANS(F11))),('Geometry'!$G$17*COS(RADIANS(F11))+'Geometry'!$F$17*SIN(RADIANS(F11))),('Geometry'!$G$18*COS(RADIANS(F11))+'Geometry'!$F$18*SIN(RADIANS(F11))),('Geometry'!$G$19*COS(RADIANS(F11))+'Geometry'!$F$19*SIN(RADIANS(F11))),('Geometry'!$G$20*COS(RADIANS(F11))+'Geometry'!$F$20*SIN(RADIANS(F11)))) -> 600 | J11: =I11-H11*K11 -> -1200 | K11: =I11-MIN(('Geometry'!$G$13*COS(RADIANS(F11))+'Geometry'!$F$13*SIN(RADIANS(F11))),('Geometry'!$G$14*COS(RADIANS(F11))+'Geometry'!$F$14*SIN(RADIANS(F11))),('Geometry'!$G$15*COS(RADIANS(F11))+'Geometry'!$F$15*SIN(RADIANS(F11))),('Geometry'!$G$16*COS(RADIANS(F11))+'Geometry'!$F$16*SIN(RADIANS(F11))),('Geometry'!$G$17*COS(RADIANS(F11))+'Geometry'!$F$17*SIN(RADIANS(F11))),('Geometry'!$G$18*COS(RADIANS(F11))+'Geometry'!$F$18*SIN(RADIANS(F11))),('Geometry'!$G$19*COS(RADIANS(F11))+'Geometry'!$F$19*SIN(RADIANS(F11))),('Geometry'!$G$20*COS(RADIANS(F11))+'Geometry'!$F$20*SIN(RADIANS(F11)))) -> 1200 | L11: =C_ecu -> 0.0033 | M11: =0 -> 0 | N11: =IF(ABS(I11-J11)<0.000000000001,0,(L11-M11)/(I11-J11)) -> 1.8333333e-06 | O11: =L11-N11*I11 -> 0.0022 | P11: =N11*COS(RADIANS(F11)) -> 1.8333333e-06 | Q11: =N11*SIN(RADIANS(F11)) -> 0 | R11: =AP11 -> 15240.061 | S11: =AQ11 -> 857.83957 | T11: =AR11 -> 0.0064440619 | U11: =AS11 -> 2430.2851 | V11: =AT11 -> 280.32763 | W11: =AU11 -> 1.7637675e-15 | X11: =AM11 -> 17670.346 | Y11: =AN11 -> 1138.1672 | Z11: =AO11 -> 0.0064440619 | AA11: 1 | AB11: 1 | AC11: 1 | AD11: =X11*AA11 -> 17670.346 | AE11: =Y11*AB11 -> 1138.1672 | AF11: =Z11*AC11 -> 0.0064440619 | AG11: 17670.346 | AH11: 1138.1672 | AI11: 0.0064440619 | AJ11: =AD11-AG11 -> 0 | AK11: =SQRT((AE11-AH11)^2+(AF11-AI11)^2) -> 0 | AL11: axial-cap projected-ledger anchor (geometric Pmax face) | AM11: 17670.346 | AN11: 1138.1672 | AO11: 0.0064440619 | AP11: 15240.061 | AQ11: 857.83957 | AR11: 0.0064440619 | AS11: 2430.2851 | AT11: 280.32763 | AU11: 1.7637675e-15
A12: fixedP-b0.000-branch5 | B12: 5 | C12: 0 | D12: 0-station-4|0|4 | E12: P below — station-4 | F12: 0 | G12: retained c/D (not the cap rule) | H12: 1.2 | I12: =MAX(('Geometry'!$G$13*COS(RADIANS(F12))+'Geometry'!$F$13*SIN(RADIANS(F12))),('Geometry'!$G$14*COS(RADIANS(F12))+'Geometry'!$F$14*SIN(RADIANS(F12))),('Geometry'!$G$15*COS(RADIANS(F12))+'Geometry'!$F$15*SIN(RADIANS(F12))),('Geometry'!$G$16*COS(RADIANS(F12))+'Geometry'!$F$16*SIN(RADIANS(F12))),('Geometry'!$G$17*COS(RADIANS(F12))+'Geometry'!$F$17*SIN(RADIANS(F12))),('Geometry'!$G$18*COS(RADIANS(F12))+'Geometry'!$F$18*SIN(RADIANS(F12))),('Geometry'!$G$19*COS(RADIANS(F12))+'Geometry'!$F$19*SIN(RADIANS(F12))),('Geometry'!$G$20*COS(RADIANS(F12))+'Geometry'!$F$20*SIN(RADIANS(F12)))) -> 600 | J12: =I12-H12*K12 -> -840 | K12: =I12-MIN(('Geometry'!$G$13*COS(RADIANS(F12))+'Geometry'!$F$13*SIN(RADIANS(F12))),('Geometry'!$G$14*COS(RADIANS(F12))+'Geometry'!$F$14*SIN(RADIANS(F12))),('Geometry'!$G$15*COS(RADIANS(F12))+'Geometry'!$F$15*SIN(RADIANS(F12))),('Geometry'!$G$16*COS(RADIANS(F12))+'Geometry'!$F$16*SIN(RADIANS(F12))),('Geometry'!$G$17*COS(RADIANS(F12))+'Geometry'!$F$17*SIN(RADIANS(F12))),('Geometry'!$G$18*COS(RADIANS(F12))+'Geometry'!$F$18*SIN(RADIANS(F12))),('Geometry'!$G$19*COS(RADIANS(F12))+'Geometry'!$F$19*SIN(RADIANS(F12))),('Geometry'!$G$20*COS(RADIANS(F12))+'Geometry'!$F$20*SIN(RADIANS(F12)))) -> 1200 | L12: =C_ecu -> 0.0033 | M12: =0 -> 0 | N12: =IF(ABS(I12-J12)<0.000000000001,0,(L12-M12)/(I12-J12)) -> 2.2916667e-06 | O12: =L12-N12*I12 -> 0.001925 | P12: =N12*COS(RADIANS(F12)) -> 2.2916667e-06 | Q12: =N12*SIN(RADIANS(F12)) -> 0 | R12: =AP12 -> 15240.061 | S12: =AQ12 -> 1143.7861 | T12: =AR12 -> 0.0085920826 | U12: =AS12 -> 2430.2851 | V12: =AT12 -> 373.77017 | W12: =AU12 -> 2.35169e-15 | X12: =AM12 -> 17670.346 | Y12: =AN12 -> 1517.5563 | Z12: =AO12 -> 0.0085920826 | AA12: 1 | AB12: 1 | AC12: 1 | AD12: =X12*AA12 -> 17670.346 | AE12: =Y12*AB12 -> 1517.5563 | AF12: =Z12*AC12 -> 0.0085920826 | AG12: 17670.346 | AH12: 1517.5563 | AI12: 0.0085920826 | AJ12: =AD12-AG12 -> 0 | AK12: =SQRT((AE12-AH12)^2+(AF12-AI12)^2) -> 0 | AL12: axial-cap projected-ledger anchor (geometric Pmax face) | AM12: 17670.346 | AN12: 1517.5563 | AO12: 0.0085920826 | AP12: 15240.061 | AQ12: 1143.7861 | AR12: 0.0085920826 | AS12: 2430.2851 | AT12: 373.77017 | AU12: 2.35169e-15
A13: fixedP-b0.000-branch6 | B13: 6 | C13: 0 | D13: 0-station-5|0|5 | E13: P below — station-5 | F13: 0 | G13: retained c/D (not the cap rule) | H13: 1.1 | I13: =MAX(('Geometry'!$G$13*COS(RADIANS(F13))+'Geometry'!$F$13*SIN(RADIANS(F13))),('Geometry'!$G$14*COS(RADIANS(F13))+'Geometry'!$F$14*SIN(RADIANS(F13))),('Geometry'!$G$15*COS(RADIANS(F13))+'Geometry'!$F$15*SIN(RADIANS(F13))),('Geometry'!$G$16*COS(RADIANS(F13))+'Geometry'!$F$16*SIN(RADIANS(F13))),('Geometry'!$G$17*COS(RADIANS(F13))+'Geometry'!$F$17*SIN(RADIANS(F13))),('Geometry'!$G$18*COS(RADIANS(F13))+'Geometry'!$F$18*SIN(RADIANS(F13))),('Geometry'!$G$19*COS(RADIANS(F13))+'Geometry'!$F$19*SIN(RADIANS(F13))),('Geometry'!$G$20*COS(RADIANS(F13))+'Geometry'!$F$20*SIN(RADIANS(F13)))) -> 600 | J13: =I13-H13*K13 -> -720 | K13: =I13-MIN(('Geometry'!$G$13*COS(RADIANS(F13))+'Geometry'!$F$13*SIN(RADIANS(F13))),('Geometry'!$G$14*COS(RADIANS(F13))+'Geometry'!$F$14*SIN(RADIANS(F13))),('Geometry'!$G$15*COS(RADIANS(F13))+'Geometry'!$F$15*SIN(RADIANS(F13))),('Geometry'!$G$16*COS(RADIANS(F13))+'Geometry'!$F$16*SIN(RADIANS(F13))),('Geometry'!$G$17*COS(RADIANS(F13))+'Geometry'!$F$17*SIN(RADIANS(F13))),('Geometry'!$G$18*COS(RADIANS(F13))+'Geometry'!$F$18*SIN(RADIANS(F13))),('Geometry'!$G$19*COS(RADIANS(F13))+'Geometry'!$F$19*SIN(RADIANS(F13))),('Geometry'!$G$20*COS(RADIANS(F13))+'Geometry'!$F$20*SIN(RADIANS(F13)))) -> 1200 | L13: =C_ecu -> 0.0033 | M13: =0 -> 0 | N13: =IF(ABS(I13-J13)<0.000000000001,0,(L13-M13)/(I13-J13)) -> 2.5e-06 | O13: =L13-N13*I13 -> 0.0018 | P13: =N13*COS(RADIANS(F13)) -> 2.5e-06 | Q13: =N13*SIN(RADIANS(F13)) -> 0 | R13: =AP13 -> 15240.061 | S13: =AQ13 -> 1429.7326 | T13: =AR13 -> 0.010740103 | U13: =AS13 -> 2430.2851 | V13: =AT13 -> 467.21271 | W13: =AU13 -> 2.9396125e-15 | X13: =AM13 -> 17670.346 | Y13: =AN13 -> 1896.9453 | Z13: =AO13 -> 0.010740103 | AA13: 1 | AB13: 1 | AC13: 1 | AD13: =X13*AA13 -> 17670.346 | AE13: =Y13*AB13 -> 1896.9453 | AF13: =Z13*AC13 -> 0.010740103 | AG13: 17670.346 | AH13: 1896.9453 | AI13: 0.010740103 | AJ13: =AD13-AG13 -> 0 | AK13: =SQRT((AE13-AH13)^2+(AF13-AI13)^2) -> 0 | AL13: axial-cap projected-ledger anchor (geometric Pmax face) | AM13: 17670.346 | AN13: 1896.9453 | AO13: 0.010740103 | AP13: 15240.061 | AQ13: 1429.7326 | AR13: 0.010740103 | AS13: 2430.2851 | AT13: 467.21271 | AU13: 2.9396125e-15
A14: fixedP-b10.000-branch1 | B14: 1 | C14: 10 | D14: 10-station-1|0.17453292519943295|1 | E14: P below — station-1 | F14: 10 | G14: retained c/D (not the cap rule) | H14: 3 | I14: =MAX(('Geometry'!$G$13*COS(RADIANS(F14))+'Geometry'!$F$13*SIN(RADIANS(F14))),('Geometry'!$G$14*COS(RADIANS(F14))+'Geometry'!$F$14*SIN(RADIANS(F14))),('Geometry'!$G$15*COS(RADIANS(F14))+'Geometry'!$F$15*SIN(RADIANS(F14))),('Geometry'!$G$16*COS(RADIANS(F14))+'Geometry'!$F$16*SIN(RADIANS(F14))),('Geometry'!$G$17*COS(RADIANS(F14))+'Geometry'!$F$17*SIN(RADIANS(F14))),('Geometry'!$G$18*COS(RADIANS(F14))+'Geometry'!$F$18*SIN(RADIANS(F14))),('Geometry'!$G$19*COS(RADIANS(F14))+'Geometry'!$F$19*SIN(RADIANS(F14))),('Geometry'!$G$20*COS(RADIANS(F14))+'Geometry'!$F$20*SIN(RADIANS(F14)))) -> 686.39115 | J14: =I14-H14*K14 -> -3431.9557 | K14: =I14-MIN(('Geometry'!$G$13*COS(RADIANS(F14))+'Geometry'!$F$13*SIN(RADIANS(F14))),('Geometry'!$G$14*COS(RADIANS(F14))+'Geometry'!$F$14*SIN(RADIANS(F14))),('Geometry'!$G$15*COS(RADIANS(F14))+'Geometry'!$F$15*SIN(RADIANS(F14))),('Geometry'!$G$16*COS(RADIANS(F14))+'Geometry'!$F$16*SIN(RADIANS(F14))),('Geometry'!$G$17*COS(RADIANS(F14))+'Geometry'!$F$17*SIN(RADIANS(F14))),('Geometry'!$G$18*COS(RADIANS(F14))+'Geometry'!$F$18*SIN(RADIANS(F14))),('Geometry'!$G$19*COS(RADIANS(F14))+'Geometry'!$F$19*SIN(RADIANS(F14))),('Geometry'!$G$20*COS(RADIANS(F14))+'Geometry'!$F$20*SIN(RADIANS(F14)))) -> 1372.7823 | L14: =C_ecu -> 0.0033 | M14: =0 -> 0 | N14: =IF(ABS(I14-J14)<0.000000000001,0,(L14-M14)/(I14-J14)) -> 8.0129238e-07 | O14: =L14-N14*I14 -> 0.00275 | P14: =N14*COS(RADIANS(F14)) -> 7.8911895e-07 | Q14: =N14*SIN(RADIANS(F14)) -> 1.3914296e-07 | R14: =AP14 -> 15258.271 | S14: =AQ14 -> 251.17873 | T14: =AR14 -> 67.969118 | U14: =AS14 -> 2412.0743 | V14: =AT14 -> 82.358562 | W14: =AU14 -> 20.101444 | X14: =AM14 -> 17670.346 | Y14: =AN14 -> 333.53729 | Z14: =AO14 -> 88.070562 | AA14: 1 | AB14: 1 | AC14: 1 | AD14: =X14*AA14 -> 17670.346 | AE14: =Y14*AB14 -> 333.53729 | AF14: =Z14*AC14 -> 88.070562 | AG14: 17670.346 | AH14: 333.53729 | AI14: 88.070562 | AJ14: =AD14-AG14 -> 0 | AK14: =SQRT((AE14-AH14)^2+(AF14-AI14)^2) -> 0 | AL14: axial-cap projected-ledger anchor (geometric Pmax face) | AM14: 17670.346 | AN14: 333.53729 | AO14: 88.070562 | AP14: 15258.271 | AQ14: 251.17873 | AR14: 67.969118 | AS14: 2412.0743 | AT14: 82.358562 | AU14: 20.101444
A15: fixedP-b10.000-branch2 | B15: 2 | C15: 10 | D15: 10-station-2|0.17453292519943295|2 | E15: P below — station-2 | F15: 10 | G15: retained c/D (not the cap rule) | H15: 2 | I15: =MAX(('Geometry'!$G$13*COS(RADIANS(F15))+'Geometry'!$F$13*SIN(RADIANS(F15))),('Geometry'!$G$14*COS(RADIANS(F15))+'Geometry'!$F$14*SIN(RADIANS(F15))),('Geometry'!$G$15*COS(RADIANS(F15))+'Geometry'!$F$15*SIN(RADIANS(F15))),('Geometry'!$G$16*COS(RADIANS(F15))+'Geometry'!$F$16*SIN(RADIANS(F15))),('Geometry'!$G$17*COS(RADIANS(F15))+'Geometry'!$F$17*SIN(RADIANS(F15))),('Geometry'!$G$18*COS(RADIANS(F15))+'Geometry'!$F$18*SIN(RADIANS(F15))),('Geometry'!$G$19*COS(RADIANS(F15))+'Geometry'!$F$19*SIN(RADIANS(F15))),('Geometry'!$G$20*COS(RADIANS(F15))+'Geometry'!$F$20*SIN(RADIANS(F15)))) -> 686.39115 | J15: =I15-H15*K15 -> -2059.1734 | K15: =I15-MIN(('Geometry'!$G$13*COS(RADIANS(F15))+'Geometry'!$F$13*SIN(RADIANS(F15))),('Geometry'!$G$14*COS(RADIANS(F15))+'Geometry'!$F$14*SIN(RADIANS(F15))),('Geometry'!$G$15*COS(RADIANS(F15))+'Geometry'!$F$15*SIN(RADIANS(F15))),('Geometry'!$G$16*COS(RADIANS(F15))+'Geometry'!$F$16*SIN(RADIANS(F15))),('Geometry'!$G$17*COS(RADIANS(F15))+'Geometry'!$F$17*SIN(RADIANS(F15))),('Geometry'!$G$18*COS(RADIANS(F15))+'Geometry'!$F$18*SIN(RADIANS(F15))),('Geometry'!$G$19*COS(RADIANS(F15))+'Geometry'!$F$19*SIN(RADIANS(F15))),('Geometry'!$G$20*COS(RADIANS(F15))+'Geometry'!$F$20*SIN(RADIANS(F15)))) -> 1372.7823 | L15: =C_ecu -> 0.0033 | M15: =0 -> 0 | N15: =IF(ABS(I15-J15)<0.000000000001,0,(L15-M15)/(I15-J15)) -> 1.2019386e-06 | O15: =L15-N15*I15 -> 0.002475 | P15: =N15*COS(RADIANS(F15)) -> 1.1836784e-06 | Q15: =N15*SIN(RADIANS(F15)) -> 2.0871444e-07 | R15: =AP15 -> 15258.271 | S15: =AQ15 -> 502.35746 | T15: =AR15 -> 135.93824 | U15: =AS15 -> 2412.0743 | V15: =AT15 -> 164.71712 | W15: =AU15 -> 40.202887 | X15: =AM15 -> 17670.346 | Y15: =AN15 -> 667.07459 | Z15: =AO15 -> 176.14112 | AA15: 1 | AB15: 1 | AC15: 1 | AD15: =X15*AA15 -> 17670.346 | AE15: =Y15*AB15 -> 667.07459 | AF15: =Z15*AC15 -> 176.14112 | AG15: 17670.346 | AH15: 667.07459 | AI15: 176.14112 | AJ15: =AD15-AG15 -> 0 | AK15: =SQRT((AE15-AH15)^2+(AF15-AI15)^2) -> 0 | AL15: axial-cap projected-ledger anchor (geometric Pmax face) | AM15: 17670.346 | AN15: 667.07459 | AO15: 176.14112 | AP15: 15258.271 | AQ15: 502.35746 | AR15: 135.93824 | AS15: 2412.0743 | AT15: 164.71712 | AU15: 40.202887
A16: fixedP-b10.000-branch3 | B16: 3 | C16: 10 | D16: 10-station-3|0.17453292519943295|3 | E16: P below — station-3 | F16: 10 | G16: retained c/D (not the cap rule) | H16: 1.5 | I16: =MAX(('Geometry'!$G$13*COS(RADIANS(F16))+'Geometry'!$F$13*SIN(RADIANS(F16))),('Geometry'!$G$14*COS(RADIANS(F16))+'Geometry'!$F$14*SIN(RADIANS(F16))),('Geometry'!$G$15*COS(RADIANS(F16))+'Geometry'!$F$15*SIN(RADIANS(F16))),('Geometry'!$G$16*COS(RADIANS(F16))+'Geometry'!$F$16*SIN(RADIANS(F16))),('Geometry'!$G$17*COS(RADIANS(F16))+'Geometry'!$F$17*SIN(RADIANS(F16))),('Geometry'!$G$18*COS(RADIANS(F16))+'Geometry'!$F$18*SIN(RADIANS(F16))),('Geometry'!$G$19*COS(RADIANS(F16))+'Geometry'!$F$19*SIN(RADIANS(F16))),('Geometry'!$G$20*COS(RADIANS(F16))+'Geometry'!$F$20*SIN(RADIANS(F16)))) -> 686.39115 | J16: =I16-H16*K16 -> -1372.7823 | K16: =I16-MIN(('Geometry'!$G$13*COS(RADIANS(F16))+'Geometry'!$F$13*SIN(RADIANS(F16))),('Geometry'!$G$14*COS(RADIANS(F16))+'Geometry'!$F$14*SIN(RADIANS(F16))),('Geometry'!$G$15*COS(RADIANS(F16))+'Geometry'!$F$15*SIN(RADIANS(F16))),('Geometry'!$G$16*COS(RADIANS(F16))+'Geometry'!$F$16*SIN(RADIANS(F16))),('Geometry'!$G$17*COS(RADIANS(F16))+'Geometry'!$F$17*SIN(RADIANS(F16))),('Geometry'!$G$18*COS(RADIANS(F16))+'Geometry'!$F$18*SIN(RADIANS(F16))),('Geometry'!$G$19*COS(RADIANS(F16))+'Geometry'!$F$19*SIN(RADIANS(F16))),('Geometry'!$G$20*COS(RADIANS(F16))+'Geometry'!$F$20*SIN(RADIANS(F16)))) -> 1372.7823 | L16: =C_ecu -> 0.0033 | M16: =0 -> 0 | N16: =IF(ABS(I16-J16)<0.000000000001,0,(L16-M16)/(I16-J16)) -> 1.6025848e-06 | O16: =L16-N16*I16 -> 0.0022 | P16: =N16*COS(RADIANS(F16)) -> 1.5782379e-06 | Q16: =N16*SIN(RADIANS(F16)) -> 2.7828592e-07 | R16: =AP16 -> 15258.271 | S16: =AQ16 -> 753.5362 | T16: =AR16 -> 203.90736 | U16: =AS16 -> 2412.0743 | V16: =AT16 -> 247.07569 | W16: =AU16 -> 60.304331 | X16: =AM16 -> 17670.346 | Y16: =AN16 -> 1000.6119 | Z16: =AO16 -> 264.21169 | AA16: 1 | AB16: 1 | AC16: 1 | AD16: =X16*AA16 -> 17670.346 | AE16: =Y16*AB16 -> 1000.6119 | AF16: =Z16*AC16 -> 264.21169 | AG16: 17670.346 | AH16: 1000.6119 | AI16: 264.21169 | AJ16: =AD16-AG16 -> 0 | AK16: =SQRT((AE16-AH16)^2+(AF16-AI16)^2) -> 0 | AL16: axial-cap projected-ledger anchor (geometric Pmax face) | AM16: 17670.346 | AN16: 1000.6119 | AO16: 264.21169 | AP16: 15258.271 | AQ16: 753.5362 | AR16: 203.90736 | AS16: 2412.0743 | AT16: 247.07569 | AU16: 60.304331
A17: fixedP-b10.000-branch4 | B17: 4 | C17: 10 | D17: 10-station-4|0.17453292519943295|4 | E17: P below — station-4 | F17: 10 | G17: retained c/D (not the cap rule) | H17: 1.2 | I17: =MAX(('Geometry'!$G$13*COS(RADIANS(F17))+'Geometry'!$F$13*SIN(RADIANS(F17))),('Geometry'!$G$14*COS(RADIANS(F17))+'Geometry'!$F$14*SIN(RADIANS(F17))),('Geometry'!$G$15*COS(RADIANS(F17))+'Geometry'!$F$15*SIN(RADIANS(F17))),('Geometry'!$G$16*COS(RADIANS(F17))+'Geometry'!$F$16*SIN(RADIANS(F17))),('Geometry'!$G$17*COS(RADIANS(F17))+'Geometry'!$F$17*SIN(RADIANS(F17))),('Geometry'!$G$18*COS(RADIANS(F17))+'Geometry'!$F$18*SIN(RADIANS(F17))),('Geometry'!$G$19*COS(RADIANS(F17))+'Geometry'!$F$19*SIN(RADIANS(F17))),('Geometry'!$G$20*COS(RADIANS(F17))+'Geometry'!$F$20*SIN(RADIANS(F17)))) -> 686.39115 | J17: =I17-H17*K17 -> -960.94761 | K17: =I17-MIN(('Geometry'!$G$13*COS(RADIANS(F17))+'Geometry'!$F$13*SIN(RADIANS(F17))),('Geometry'!$G$14*COS(RADIANS(F17))+'Geometry'!$F$14*SIN(RADIANS(F17))),('Geometry'!$G$15*COS(RADIANS(F17))+'Geometry'!$F$15*SIN(RADIANS(F17))),('Geometry'!$G$16*COS(RADIANS(F17))+'Geometry'!$F$16*SIN(RADIANS(F17))),('Geometry'!$G$17*COS(RADIANS(F17))+'Geometry'!$F$17*SIN(RADIANS(F17))),('Geometry'!$G$18*COS(RADIANS(F17))+'Geometry'!$F$18*SIN(RADIANS(F17))),('Geometry'!$G$19*COS(RADIANS(F17))+'Geometry'!$F$19*SIN(RADIANS(F17))),('Geometry'!$G$20*COS(RADIANS(F17))+'Geometry'!$F$20*SIN(RADIANS(F17)))) -> 1372.7823 | L17: =C_ecu -> 0.0033 | M17: =0 -> 0 | N17: =IF(ABS(I17-J17)<0.000000000001,0,(L17-M17)/(I17-J17)) -> 2.003231e-06 | O17: =L17-N17*I17 -> 0.001925 | P17: =N17*COS(RADIANS(F17)) -> 1.9727974e-06 | Q17: =N17*SIN(RADIANS(F17)) -> 3.4785741e-07 | R17: =AP17 -> 15258.271 | S17: =AQ17 -> 1004.7149 | T17: =AR17 -> 271.87647 | U17: =AS17 -> 2412.0743 | V17: =AT17 -> 329.43425 | W17: =AU17 -> 80.405775 | X17: =AM17 -> 17670.346 | Y17: =AN17 -> 1334.1492 | Z17: =AO17 -> 352.28225 | AA17: 1 | AB17: 1 | AC17: 1 | AD17: =X17*AA17 -> 17670.346 | AE17: =Y17*AB17 -> 1334.1492 | AF17: =Z17*AC17 -> 352.28225 | AG17: 17670.346 | AH17: 1334.1492 | AI17: 352.28225 | AJ17: =AD17-AG17 -> 0 | AK17: =SQRT((AE17-AH17)^2+(AF17-AI17)^2) -> 0 | AL17: axial-cap projected-ledger anchor (geometric Pmax face) | AM17: 17670.346 | AN17: 1334.1492 | AO17: 352.28225 | AP17: 15258.271 | AQ17: 1004.7149 | AR17: 271.87647 | AS17: 2412.0743 | AT17: 329.43425 | AU17: 80.405775
A18: fixedP-b10.000-branch5 | B18: 5 | C18: 10 | D18: 10-station-5|0.17453292519943295|5 | E18: P below — station-5 | F18: 10 | G18: retained c/D (not the cap rule) | H18: 1.1 | I18: =MAX(('Geometry'!$G$13*COS(RADIANS(F18))+'Geometry'!$F$13*SIN(RADIANS(F18))),('Geometry'!$G$14*COS(RADIANS(F18))+'Geometry'!$F$14*SIN(RADIANS(F18))),('Geometry'!$G$15*COS(RADIANS(F18))+'Geometry'!$F$15*SIN(RADIANS(F18))),('Geometry'!$G$16*COS(RADIANS(F18))+'Geometry'!$F$16*SIN(RADIANS(F18))),('Geometry'!$G$17*COS(RADIANS(F18))+'Geometry'!$F$17*SIN(RADIANS(F18))),('Geometry'!$G$18*COS(RADIANS(F18))+'Geometry'!$F$18*SIN(RADIANS(F18))),('Geometry'!$G$19*COS(RADIANS(F18))+'Geometry'!$F$19*SIN(RADIANS(F18))),('Geometry'!$G$20*COS(RADIANS(F18))+'Geometry'!$F$20*SIN(RADIANS(F18)))) -> 686.39115 | J18: =I18-H18*K18 -> -823.66938 | K18: =I18-MIN(('Geometry'!$G$13*COS(RADIANS(F18))+'Geometry'!$F$13*SIN(RADIANS(F18))),('Geometry'!$G$14*COS(RADIANS(F18))+'Geometry'!$F$14*SIN(RADIANS(F18))),('Geometry'!$G$15*COS(RADIANS(F18))+'Geometry'!$F$15*SIN(RADIANS(F18))),('Geometry'!$G$16*COS(RADIANS(F18))+'Geometry'!$F$16*SIN(RADIANS(F18))),('Geometry'!$G$17*COS(RADIANS(F18))+'Geometry'!$F$17*SIN(RADIANS(F18))),('Geometry'!$G$18*COS(RADIANS(F18))+'Geometry'!$F$18*SIN(RADIANS(F18))),('Geometry'!$G$19*COS(RADIANS(F18))+'Geometry'!$F$19*SIN(RADIANS(F18))),('Geometry'!$G$20*COS(RADIANS(F18))+'Geometry'!$F$20*SIN(RADIANS(F18)))) -> 1372.7823 | L18: =C_ecu -> 0.0033 | M18: =0 -> 0 | N18: =IF(ABS(I18-J18)<0.000000000001,0,(L18-M18)/(I18-J18)) -> 2.1853429e-06 | O18: =L18-N18*I18 -> 0.0018 | P18: =N18*COS(RADIANS(F18)) -> 2.1521426e-06 | Q18: =N18*SIN(RADIANS(F18)) -> 3.7948081e-07 | R18: =AP18 -> 15258.271 | S18: =AQ18 -> 1255.8937 | T18: =AR18 -> 339.84559 | U18: =AS18 -> 2412.0743 | V18: =AT18 -> 411.79281 | W18: =AU18 -> 100.50722 | X18: =AM18 -> 17670.346 | Y18: =AN18 -> 1667.6865 | Z18: =AO18 -> 440.35281 | AA18: 1 | AB18: 1 | AC18: 1 | AD18: =X18*AA18 -> 17670.346 | AE18: =Y18*AB18 -> 1667.6865 | AF18: =Z18*AC18 -> 440.35281 | AG18: 17670.346 | AH18: 1667.6865 | AI18: 440.35281 | AJ18: =AD18-AG18 -> 0 | AK18: =SQRT((AE18-AH18)^2+(AF18-AI18)^2) -> 0 | AL18: axial-cap projected-ledger anchor (geometric Pmax face) | AM18: 17670.346 | AN18: 1667.6865 | AO18: 440.35281 | AP18: 15258.271 | AQ18: 1255.8937 | AR18: 339.84559 | AS18: 2412.0743 | AT18: 411.79281 | AU18: 100.50722
A19: fixedP-b20.000-branch1 | B19: 1 | C19: 20 | D19: 20-station-1|0.3490658503988659|1 | E19: P below — station-1 | F19: 20 | G19: retained c/D (not the cap rule) | H19: 3 | I19: =MAX(('Geometry'!$G$13*COS(RADIANS(F19))+'Geometry'!$F$13*SIN(RADIANS(F19))),('Geometry'!$G$14*COS(RADIANS(F19))+'Geometry'!$F$14*SIN(RADIANS(F19))),('Geometry'!$G$15*COS(RADIANS(F19))+'Geometry'!$F$15*SIN(RADIANS(F19))),('Geometry'!$G$16*COS(RADIANS(F19))+'Geometry'!$F$16*SIN(RADIANS(F19))),('Geometry'!$G$17*COS(RADIANS(F19))+'Geometry'!$F$17*SIN(RADIANS(F19))),('Geometry'!$G$18*COS(RADIANS(F19))+'Geometry'!$F$18*SIN(RADIANS(F19))),('Geometry'!$G$19*COS(RADIANS(F19))+'Geometry'!$F$19*SIN(RADIANS(F19))),('Geometry'!$G$20*COS(RADIANS(F19))+'Geometry'!$F$20*SIN(RADIANS(F19)))) -> 751.92665 | J19: =I19-H19*K19 -> -3759.6333 | K19: =I19-MIN(('Geometry'!$G$13*COS(RADIANS(F19))+'Geometry'!$F$13*SIN(RADIANS(F19))),('Geometry'!$G$14*COS(RADIANS(F19))+'Geometry'!$F$14*SIN(RADIANS(F19))),('Geometry'!$G$15*COS(RADIANS(F19))+'Geometry'!$F$15*SIN(RADIANS(F19))),('Geometry'!$G$16*COS(RADIANS(F19))+'Geometry'!$F$16*SIN(RADIANS(F19))),('Geometry'!$G$17*COS(RADIANS(F19))+'Geometry'!$F$17*SIN(RADIANS(F19))),('Geometry'!$G$18*COS(RADIANS(F19))+'Geometry'!$F$18*SIN(RADIANS(F19))),('Geometry'!$G$19*COS(RADIANS(F19))+'Geometry'!$F$19*SIN(RADIANS(F19))),('Geometry'!$G$20*COS(RADIANS(F19))+'Geometry'!$F$20*SIN(RADIANS(F19)))) -> 1503.8533 | L19: =C_ecu -> 0.0033 | M19: =0 -> 0 | N19: =IF(ABS(I19-J19)<0.000000000001,0,(L19-M19)/(I19-J19)) -> 7.3145432e-07 | O19: =L19-N19*I19 -> 0.00275 | P19: =N19*COS(RADIANS(F19)) -> 6.8734223e-07 | Q19: =N19*SIN(RADIANS(F19)) -> 2.5017211e-07 | R19: =AP19 -> 15275.582 | S19: =AQ19 -> 223.94357 | T19: =AR19 -> 120.0837 | U19: =AS19 -> 2394.7632 | V19: =AT19 -> 72.672077 | W19: =AU19 -> 38.140464 | X19: =AM19 -> 17670.346 | Y19: =AN19 -> 296.61565 | Z19: =AO19 -> 158.22416 | AA19: 1 | AB19: 1 | AC19: 1 | AD19: =X19*AA19 -> 17670.346 | AE19: =Y19*AB19 -> 296.61565 | AF19: =Z19*AC19 -> 158.22416 | AG19: 17670.346 | AH19: 296.61565 | AI19: 158.22416 | AJ19: =AD19-AG19 -> 0 | AK19: =SQRT((AE19-AH19)^2+(AF19-AI19)^2) -> 0 | AL19: axial-cap projected-ledger anchor (geometric Pmax face) | AM19: 17670.346 | AN19: 296.61565 | AO19: 158.22416 | AP19: 15275.582 | AQ19: 223.94357 | AR19: 120.0837 | AS19: 2394.7632 | AT19: 72.672077 | AU19: 38.140464
A20: fixedP-b20.000-branch2 | B20: 2 | C20: 20 | D20: 20-station-2|0.3490658503988659|2 | E20: P below — station-2 | F20: 20 | G20: retained c/D (not the cap rule) | H20: 2 | I20: =MAX(('Geometry'!$G$13*COS(RADIANS(F20))+'Geometry'!$F$13*SIN(RADIANS(F20))),('Geometry'!$G$14*COS(RADIANS(F20))+'Geometry'!$F$14*SIN(RADIANS(F20))),('Geometry'!$G$15*COS(RADIANS(F20))+'Geometry'!$F$15*SIN(RADIANS(F20))),('Geometry'!$G$16*COS(RADIANS(F20))+'Geometry'!$F$16*SIN(RADIANS(F20))),('Geometry'!$G$17*COS(RADIANS(F20))+'Geometry'!$F$17*SIN(RADIANS(F20))),('Geometry'!$G$18*COS(RADIANS(F20))+'Geometry'!$F$18*SIN(RADIANS(F20))),('Geometry'!$G$19*COS(RADIANS(F20))+'Geometry'!$F$19*SIN(RADIANS(F20))),('Geometry'!$G$20*COS(RADIANS(F20))+'Geometry'!$F$20*SIN(RADIANS(F20)))) -> 751.92665 | J20: =I20-H20*K20 -> -2255.78 | K20: =I20-MIN(('Geometry'!$G$13*COS(RADIANS(F20))+'Geometry'!$F$13*SIN(RADIANS(F20))),('Geometry'!$G$14*COS(RADIANS(F20))+'Geometry'!$F$14*SIN(RADIANS(F20))),('Geometry'!$G$15*COS(RADIANS(F20))+'Geometry'!$F$15*SIN(RADIANS(F20))),('Geometry'!$G$16*COS(RADIANS(F20))+'Geometry'!$F$16*SIN(RADIANS(F20))),('Geometry'!$G$17*COS(RADIANS(F20))+'Geometry'!$F$17*SIN(RADIANS(F20))),('Geometry'!$G$18*COS(RADIANS(F20))+'Geometry'!$F$18*SIN(RADIANS(F20))),('Geometry'!$G$19*COS(RADIANS(F20))+'Geometry'!$F$19*SIN(RADIANS(F20))),('Geometry'!$G$20*COS(RADIANS(F20))+'Geometry'!$F$20*SIN(RADIANS(F20)))) -> 1503.8533 | L20: =C_ecu -> 0.0033 | M20: =0 -> 0 | N20: =IF(ABS(I20-J20)<0.000000000001,0,(L20-M20)/(I20-J20)) -> 1.0971815e-06 | O20: =L20-N20*I20 -> 0.002475 | P20: =N20*COS(RADIANS(F20)) -> 1.0310133e-06 | Q20: =N20*SIN(RADIANS(F20)) -> 3.7525817e-07 | R20: =AP20 -> 15275.582 | S20: =AQ20 -> 447.88714 | T20: =AR20 -> 240.16739 | U20: =AS20 -> 2394.7632 | V20: =AT20 -> 145.34415 | W20: =AU20 -> 76.280927 | X20: =AM20 -> 17670.346 | Y20: =AN20 -> 593.2313 | Z20: =AO20 -> 316.44832 | AA20: 1 | AB20: 1 | AC20: 1 | AD20: =X20*AA20 -> 17670.346 | AE20: =Y20*AB20 -> 593.2313 | AF20: =Z20*AC20 -> 316.44832 | AG20: 17670.346 | AH20: 593.2313 | AI20: 316.44832 | AJ20: =AD20-AG20 -> 0 | AK20: =SQRT((AE20-AH20)^2+(AF20-AI20)^2) -> 0 | AL20: axial-cap projected-ledger anchor (geometric Pmax face) | AM20: 17670.346 | AN20: 593.2313 | AO20: 316.44832 | AP20: 15275.582 | AQ20: 447.88714 | AR20: 240.16739 | AS20: 2394.7632 | AT20: 145.34415 | AU20: 76.280927
... A212: fixedP-b350.000-branch5 | B212: 5 | C212: 350 | D212: 350-station-4|6.1086523819801535|4 | E212: P below — station-4 | F212: 350 | G212: retained c/D (not the cap rule) | H212: 1.2 | I212: =MAX(('Geometry'!$G$13*COS(RADIANS(F212))+'Geometry'!$F$13*SIN(RADIANS(F212))),('Geometry'!$G$14*COS(RADIANS(F212))+'Geometry'!$F$14*SIN(RADIANS(F212))),('Geometry'!$G$15*COS(RADIANS(F212))+'Geometry'!$F$15*SIN(RADIANS(F212))),('Geometry'!$G$16*COS(RADIANS(F212))+'Geometry'!$F$16*SIN(RADIANS(F212))),('Geometry'!$G$17*COS(RADIANS(F212))+'Geometry'!$F$17*SIN(RADIANS(F212))),('Geometry'!$G$18*COS(RADIANS(F212))+'Geometry'!$F$18*SIN(RADIANS(F212))),('Geometry'!$G$19*COS(RADIANS(F212))+'Geometry'!$F$19*SIN(RADIANS(F212))),('Geometry'!$G$20*COS(RADIANS(F212))+'Geometry'!$F$20*SIN(RADIANS(F212)))) -> 686.39115 | J212: =I212-H212*K212 -> -960.94761 | K212: =I212-MIN(('Geometry'!$G$13*COS(RADIANS(F212))+'Geometry'!$F$13*SIN(RADIANS(F212))),('Geometry'!$G$14*COS(RADIANS(F212))+'Geometry'!$F$14*SIN(RADIANS(F212))),('Geometry'!$G$15*COS(RADIANS(F212))+'Geometry'!$F$15*SIN(RADIANS(F212))),('Geometry'!$G$16*COS(RADIANS(F212))+'Geometry'!$F$16*SIN(RADIANS(F212))),('Geometry'!$G$17*COS(RADIANS(F212))+'Geometry'!$F$17*SIN(RADIANS(F212))),('Geometry'!$G$18*COS(RADIANS(F212))+'Geometry'!$F$18*SIN(RADIANS(F212))),('Geometry'!$G$19*COS(RADIANS(F212))+'Geometry'!$F$19*SIN(RADIANS(F212))),('Geometry'!$G$20*COS(RADIANS(F212))+'Geometry'!$F$20*SIN(RADIANS(F212)))) -> 1372.7823 | L212: =C_ecu -> 0.0033 | M212: =0 -> 0 | N212: =IF(ABS(I212-J212)<0.000000000001,0,(L212-M212)/(I212-J212)) -> 2.003231e-06 | O212: =L212-N212*I212 -> 0.001925 | P212: =N212*COS(RADIANS(F212)) -> 1.9727974e-06 | Q212: =N212*SIN(RADIANS(F212)) -> -3.4785741e-07 | R212: =AP212 -> 15258.27 | S212: =AQ212 -> 1004.7109 | T212: =AR212 -> -271.87809 | U212: =AS212 -> 2412.0755 | V212: =AT212 -> 329.43425 | W212: =AU212 -> -80.405783 | X212: =AM212 -> 17670.346 | Y212: =AN212 -> 1334.1451 | Z212: =AO212 -> -352.28387 | AA212: 1 | AB212: 1 | AC212: 1 | AD212: =X212*AA212 -> 17670.346 | AE212: =Y212*AB212 -> 1334.1451 | AF212: =Z212*AC212 -> -352.28387 | AG212: 17670.346 | AH212: 1334.1451 | AI212: -352.28387 | AJ212: =AD212-AG212 -> 0 | AK212: =SQRT((AE212-AH212)^2+(AF212-AI212)^2) -> 0 | AL212: axial-cap projected-ledger anchor (geometric Pmax face) | AM212: 17670.346 | AN212: 1334.1451 | AO212: -352.28387 | AP212: 15258.27 | AQ212: 1004.7109 | AR212: -271.87809 | AS212: 2412.0755 | AT212: 329.43425 | AU212: -80.405783

Sheet FixedP_Upper
A1: FIXED-P UPPER BRACKETING STATIONS
B2: Each row is one direction-specific bracket station. Physical stress-strain rows use Materials/Mesh formulas; geometric axial-cap and equivalent-block rows are explicitly labelled ledger anchors.
B3: Selected P (kN) | C3: =Selected_P -> 17670.346 | D3: Bracket role | E3: P above or exact
A6: Legend | B6: Editable calculation input | C6: Formula | D6: Generated / check | E6: Requires re-export / remesh
A7: Direction ID | B7: Branch | C7: Chart β (deg) | D7: Source key | E7: Station / role | F7: β strain (deg) | G7: Criterion basis | H7: Criterion value | I7: zc (mm) | J7: z control (mm) | K7: D (mm) | L7: εc | M7: ε control | N7: κ (1/mm) | O7: ε₀ | P7: κx (1/mm) | Q7: κy (1/mm) | R7: Concrete P | S7: Concrete Mx | T7: Concrete My | U7: Steel P | V7: Steel Mx | W7: Steel My | X7: Base P | Y7: Base Mx | Z7: Base My | AA7: P factor | AB7: Mx factor | AC7: My factor | AD7: Final P | AE7: Final Mx | AF7: Final My | AG7: Engine P | AH7: Engine Mx | AI7: Engine My | AJ7: ΔP | AK7: ΔM | AL7: Calculation mode | AM7: Base engine P | AN7: Base engine Mx | AO7: Base engine My | AP7: Concrete engine P | AQ7: Concrete engine Mx | AR7: Concrete engine My | AS7: Steel engine P | AT7: Steel engine Mx | AU7: Steel engine My
A8: fixedP-b0.000-branch1 | B8: 1 | C8: 0 | D8: 0-pure-compression|0|0 | E8: P above — pure-compression | F8: 0 | G8: retained ε = constant (not the cap rule) | H8: 0.0033 | I8: =MAX(('Geometry'!$G$13*COS(RADIANS(F8))+'Geometry'!$F$13*SIN(RADIANS(F8))),('Geometry'!$G$14*COS(RADIANS(F8))+'Geometry'!$F$14*SIN(RADIANS(F8))),('Geometry'!$G$15*COS(RADIANS(F8))+'Geometry'!$F$15*SIN(RADIANS(F8))),('Geometry'!$G$16*COS(RADIANS(F8))+'Geometry'!$F$16*SIN(RADIANS(F8))),('Geometry'!$G$17*COS(RADIANS(F8))+'Geometry'!$F$17*SIN(RADIANS(F8))),('Geometry'!$G$18*COS(RADIANS(F8))+'Geometry'!$F$18*SIN(RADIANS(F8))),('Geometry'!$G$19*COS(RADIANS(F8))+'Geometry'!$F$19*SIN(RADIANS(F8))),('Geometry'!$G$20*COS(RADIANS(F8))+'Geometry'!$F$20*SIN(RADIANS(F8)))) -> 600 | J8: =I8 -> -530 | K8: =I8-MIN(('Geometry'!$G$13*COS(RADIANS(F8))+'Geometry'!$F$13*SIN(RADIANS(F8))),('Geometry'!$G$14*COS(RADIANS(F8))+'Geometry'!$F$14*SIN(RADIANS(F8))),('Geometry'!$G$15*COS(RADIANS(F8))+'Geometry'!$F$15*SIN(RADIANS(F8))),('Geometry'!$G$16*COS(RADIANS(F8))+'Geometry'!$F$16*SIN(RADIANS(F8))),('Geometry'!$G$17*COS(RADIANS(F8))+'Geometry'!$F$17*SIN(RADIANS(F8))),('Geometry'!$G$18*COS(RADIANS(F8))+'Geometry'!$F$18*SIN(RADIANS(F8))),('Geometry'!$G$19*COS(RADIANS(F8))+'Geometry'!$F$19*SIN(RADIANS(F8))),('Geometry'!$G$20*COS(RADIANS(F8))+'Geometry'!$F$20*SIN(RADIANS(F8)))) -> 1200 | L8: =H8 -> 0.0033 | M8: =H8 -> 0.0033 | N8: =0 -> 0 | O8: =H8 -> 0.0033 | P8: =N8*COS(RADIANS(F8)) -> 0 | Q8: =N8*SIN(RADIANS(F8)) -> 0 | R8: =AP8 -> 15240.061 | S8: =AQ8 -> 0 | T8: =AR8 -> 0 | U8: =AS8 -> 2430.2851 | V8: =AT8 -> 0 | W8: =AU8 -> 0 | X8: =AM8 -> 17670.346 | Y8: =AN8 -> 0 | Z8: =AO8 -> 0 | AA8: 1 | AB8: 1 | AC8: 1 | AD8: =X8*AA8 -> 17670.346 | AE8: =Y8*AB8 -> 0 | AF8: =Z8*AC8 -> 0 | AG8: 17670.346 | AH8: 0 | AI8: 0 | AJ8: =AD8-AG8 -> 0 | AK8: =SQRT((AE8-AH8)^2+(AF8-AI8)^2) -> 0 | AL8: axial-cap projected-ledger anchor (geometric Pmax face) | AM8: 17670.346 | AN8: 0 | AO8: 0 | AP8: 15240.061 | AQ8: 0 | AR8: 0 | AS8: 2430.2851 | AT8: 0 | AU8: 0
A9: fixedP-b0.000-branch2 | B9: 2 | C9: 0 | D9: 0-station-1|0|1 | E9: P above — station-1 | F9: 0 | G9: retained c/D (not the cap rule) | H9: 3 | I9: =MAX(('Geometry'!$G$13*COS(RADIANS(F9))+'Geometry'!$F$13*SIN(RADIANS(F9))),('Geometry'!$G$14*COS(RADIANS(F9))+'Geometry'!$F$14*SIN(RADIANS(F9))),('Geometry'!$G$15*COS(RADIANS(F9))+'Geometry'!$F$15*SIN(RADIANS(F9))),('Geometry'!$G$16*COS(RADIANS(F9))+'Geometry'!$F$16*SIN(RADIANS(F9))),('Geometry'!$G$17*COS(RADIANS(F9))+'Geometry'!$F$17*SIN(RADIANS(F9))),('Geometry'!$G$18*COS(RADIANS(F9))+'Geometry'!$F$18*SIN(RADIANS(F9))),('Geometry'!$G$19*COS(RADIANS(F9))+'Geometry'!$F$19*SIN(RADIANS(F9))),('Geometry'!$G$20*COS(RADIANS(F9))+'Geometry'!$F$20*SIN(RADIANS(F9)))) -> 600 | J9: =I9-H9*K9 -> -3000 | K9: =I9-MIN(('Geometry'!$G$13*COS(RADIANS(F9))+'Geometry'!$F$13*SIN(RADIANS(F9))),('Geometry'!$G$14*COS(RADIANS(F9))+'Geometry'!$F$14*SIN(RADIANS(F9))),('Geometry'!$G$15*COS(RADIANS(F9))+'Geometry'!$F$15*SIN(RADIANS(F9))),('Geometry'!$G$16*COS(RADIANS(F9))+'Geometry'!$F$16*SIN(RADIANS(F9))),('Geometry'!$G$17*COS(RADIANS(F9))+'Geometry'!$F$17*SIN(RADIANS(F9))),('Geometry'!$G$18*COS(RADIANS(F9))+'Geometry'!$F$18*SIN(RADIANS(F9))),('Geometry'!$G$19*COS(RADIANS(F9))+'Geometry'!$F$19*SIN(RADIANS(F9))),('Geometry'!$G$20*COS(RADIANS(F9))+'Geometry'!$F$20*SIN(RADIANS(F9)))) -> 1200 | L9: =C_ecu -> 0.0033 | M9: =0 -> 0 | N9: =IF(ABS(I9-J9)<0.000000000001,0,(L9-M9)/(I9-J9)) -> 9.1666667e-07 | O9: =L9-N9*I9 -> 0.00275 | P9: =N9*COS(RADIANS(F9)) -> 9.1666667e-07 | Q9: =N9*SIN(RADIANS(F9)) -> 0 | R9: =AP9 -> 15240.061 | S9: =AQ9 -> 285.94652 | T9: =AR9 -> 0.0021480206 | U9: =AS9 -> 2430.2851 | V9: =AT9 -> 93.442542 | W9: =AU9 -> 5.8792249e-16 | X9: =AM9 -> 17670.346 | Y9: =AN9 -> 379.38907 | Z9: =AO9 -> 0.0021480206 | AA9: 1 | AB9: 1 | AC9: 1 | AD9: =X9*AA9 -> 17670.346 | AE9: =Y9*AB9 -> 379.38907 | AF9: =Z9*AC9 -> 0.0021480206 | AG9: 17670.346 | AH9: 379.38907 | AI9: 0.0021480206 | AJ9: =AD9-AG9 -> 0 | AK9: =SQRT((AE9-AH9)^2+(AF9-AI9)^2) -> 0 | AL9: axial-cap projected-ledger anchor (geometric Pmax face) | AM9: 17670.346 | AN9: 379.38907 | AO9: 0.0021480206 | AP9: 15240.061 | AQ9: 285.94652 | AR9: 0.0021480206 | AS9: 2430.2851 | AT9: 93.442542 | AU9: 5.8792249e-16
A10: fixedP-b0.000-branch3 | B10: 3 | C10: 0 | D10: 0-station-2|0|2 | E10: P above — station-2 | F10: 0 | G10: retained c/D (not the cap rule) | H10: 2 | I10: =MAX(('Geometry'!$G$13*COS(RADIANS(F10))+'Geometry'!$F$13*SIN(RADIANS(F10))),('Geometry'!$G$14*COS(RADIANS(F10))+'Geometry'!$F$14*SIN(RADIANS(F10))),('Geometry'!$G$15*COS(RADIANS(F10))+'Geometry'!$F$15*SIN(RADIANS(F10))),('Geometry'!$G$16*COS(RADIANS(F10))+'Geometry'!$F$16*SIN(RADIANS(F10))),('Geometry'!$G$17*COS(RADIANS(F10))+'Geometry'!$F$17*SIN(RADIANS(F10))),('Geometry'!$G$18*COS(RADIANS(F10))+'Geometry'!$F$18*SIN(RADIANS(F10))),('Geometry'!$G$19*COS(RADIANS(F10))+'Geometry'!$F$19*SIN(RADIANS(F10))),('Geometry'!$G$20*COS(RADIANS(F10))+'Geometry'!$F$20*SIN(RADIANS(F10)))) -> 600 | J10: =I10-H10*K10 -> -1800 | K10: =I10-MIN(('Geometry'!$G$13*COS(RADIANS(F10))+'Geometry'!$F$13*SIN(RADIANS(F10))),('Geometry'!$G$14*COS(RADIANS(F10))+'Geometry'!$F$14*SIN(RADIANS(F10))),('Geometry'!$G$15*COS(RADIANS(F10))+'Geometry'!$F$15*SIN(RADIANS(F10))),('Geometry'!$G$16*COS(RADIANS(F10))+'Geometry'!$F$16*SIN(RADIANS(F10))),('Geometry'!$G$17*COS(RADIANS(F10))+'Geometry'!$F$17*SIN(RADIANS(F10))),('Geometry'!$G$18*COS(RADIANS(F10))+'Geometry'!$F$18*SIN(RADIANS(F10))),('Geometry'!$G$19*COS(RADIANS(F10))+'Geometry'!$F$19*SIN(RADIANS(F10))),('Geometry'!$G$20*COS(RADIANS(F10))+'Geometry'!$F$20*SIN(RADIANS(F10)))) -> 1200 | L10: =C_ecu -> 0.0033 | M10: =0 -> 0 | N10: =IF(ABS(I10-J10)<0.000000000001,0,(L10-M10)/(I10-J10)) -> 1.375e-06 | O10: =L10-N10*I10 -> 0.002475 | P10: =N10*COS(RADIANS(F10)) -> 1.375e-06 | Q10: =N10*SIN(RADIANS(F10)) -> 0 | R10: =AP10 -> 15240.061 | S10: =AQ10 -> 571.89305 | T10: =AR10 -> 0.0042960413 | U10: =AS10 -> 2430.2851 | V10: =AT10 -> 186.88508 | W10: =AU10 -> 1.175845e-15 | X10: =AM10 -> 17670.346 | Y10: =AN10 -> 758.77813 | Z10: =AO10 -> 0.0042960413 | AA10: 1 | AB10: 1 | AC10: 1 | AD10: =X10*AA10 -> 17670.346 | AE10: =Y10*AB10 -> 758.77813 | AF10: =Z10*AC10 -> 0.0042960413 | AG10: 17670.346 | AH10: 758.77813 | AI10: 0.0042960413 | AJ10: =AD10-AG10 -> 0 | AK10: =SQRT((AE10-AH10)^2+(AF10-AI10)^2) -> 0 | AL10: axial-cap projected-ledger anchor (geometric Pmax face) | AM10: 17670.346 | AN10: 758.77813 | AO10: 0.0042960413 | AP10: 15240.061 | AQ10: 571.89305 | AR10: 0.0042960413 | AS10: 2430.2851 | AT10: 186.88508 | AU10: 1.175845e-15
A11: fixedP-b0.000-branch4 | B11: 4 | C11: 0 | D11: 0-station-3|0|3 | E11: P above — station-3 | F11: 0 | G11: retained c/D (not the cap rule) | H11: 1.5 | I11: =MAX(('Geometry'!$G$13*COS(RADIANS(F11))+'Geometry'!$F$13*SIN(RADIANS(F11))),('Geometry'!$G$14*COS(RADIANS(F11))+'Geometry'!$F$14*SIN(RADIANS(F11))),('Geometry'!$G$15*COS(RADIANS(F11))+'Geometry'!$F$15*SIN(RADIANS(F11))),('Geometry'!$G$16*COS(RADIANS(F11))+'Geometry'!$F$16*SIN(RADIANS(F11))),('Geometry'!$G$17*COS(RADIANS(F11))+'Geometry'!$F$17*SIN(RADIANS(F11))),('Geometry'!$G$18*COS(RADIANS(F11))+'Geometry'!$F$18*SIN(RADIANS(F11))),('Geometry'!$G$19*COS(RADIANS(F11))+'Geometry'!$F$19*SIN(RADIANS(F11))),('Geometry'!$G$20*COS(RADIANS(F11))+'Geometry'!$F$20*SIN(RADIANS(F11)))) -> 600 | J11: =I11-H11*K11 -> -1200 | K11: =I11-MIN(('Geometry'!$G$13*COS(RADIANS(F11))+'Geometry'!$F$13*SIN(RADIANS(F11))),('Geometry'!$G$14*COS(RADIANS(F11))+'Geometry'!$F$14*SIN(RADIANS(F11))),('Geometry'!$G$15*COS(RADIANS(F11))+'Geometry'!$F$15*SIN(RADIANS(F11))),('Geometry'!$G$16*COS(RADIANS(F11))+'Geometry'!$F$16*SIN(RADIANS(F11))),('Geometry'!$G$17*COS(RADIANS(F11))+'Geometry'!$F$17*SIN(RADIANS(F11))),('Geometry'!$G$18*COS(RADIANS(F11))+'Geometry'!$F$18*SIN(RADIANS(F11))),('Geometry'!$G$19*COS(RADIANS(F11))+'Geometry'!$F$19*SIN(RADIANS(F11))),('Geometry'!$G$20*COS(RADIANS(F11))+'Geometry'!$F$20*SIN(RADIANS(F11)))) -> 1200 | L11: =C_ecu -> 0.0033 | M11: =0 -> 0 | N11: =IF(ABS(I11-J11)<0.000000000001,0,(L11-M11)/(I11-J11)) -> 1.8333333e-06 | O11: =L11-N11*I11 -> 0.0022 | P11: =N11*COS(RADIANS(F11)) -> 1.8333333e-06 | Q11: =N11*SIN(RADIANS(F11)) -> 0 | R11: =AP11 -> 15240.061 | S11: =AQ11 -> 857.83957 | T11: =AR11 -> 0.0064440619 | U11: =AS11 -> 2430.2851 | V11: =AT11 -> 280.32763 | W11: =AU11 -> 1.7637675e-15 | X11: =AM11 -> 17670.346 | Y11: =AN11 -> 1138.1672 | Z11: =AO11 -> 0.0064440619 | AA11: 1 | AB11: 1 | AC11: 1 | AD11: =X11*AA11 -> 17670.346 | AE11: =Y11*AB11 -> 1138.1672 | AF11: =Z11*AC11 -> 0.0064440619 | AG11: 17670.346 | AH11: 1138.1672 | AI11: 0.0064440619 | AJ11: =AD11-AG11 -> 0 | AK11: =SQRT((AE11-AH11)^2+(AF11-AI11)^2) -> 0 | AL11: axial-cap projected-ledger anchor (geometric Pmax face) | AM11: 17670.346 | AN11: 1138.1672 | AO11: 0.0064440619 | AP11: 15240.061 | AQ11: 857.83957 | AR11: 0.0064440619 | AS11: 2430.2851 | AT11: 280.32763 | AU11: 1.7637675e-15
A12: fixedP-b0.000-branch5 | B12: 5 | C12: 0 | D12: 0-station-4|0|4 | E12: P above — station-4 | F12: 0 | G12: retained c/D (not the cap rule) | H12: 1.2 | I12: =MAX(('Geometry'!$G$13*COS(RADIANS(F12))+'Geometry'!$F$13*SIN(RADIANS(F12))),('Geometry'!$G$14*COS(RADIANS(F12))+'Geometry'!$F$14*SIN(RADIANS(F12))),('Geometry'!$G$15*COS(RADIANS(F12))+'Geometry'!$F$15*SIN(RADIANS(F12))),('Geometry'!$G$16*COS(RADIANS(F12))+'Geometry'!$F$16*SIN(RADIANS(F12))),('Geometry'!$G$17*COS(RADIANS(F12))+'Geometry'!$F$17*SIN(RADIANS(F12))),('Geometry'!$G$18*COS(RADIANS(F12))+'Geometry'!$F$18*SIN(RADIANS(F12))),('Geometry'!$G$19*COS(RADIANS(F12))+'Geometry'!$F$19*SIN(RADIANS(F12))),('Geometry'!$G$20*COS(RADIANS(F12))+'Geometry'!$F$20*SIN(RADIANS(F12)))) -> 600 | J12: =I12-H12*K12 -> -840 | K12: =I12-MIN(('Geometry'!$G$13*COS(RADIANS(F12))+'Geometry'!$F$13*SIN(RADIANS(F12))),('Geometry'!$G$14*COS(RADIANS(F12))+'Geometry'!$F$14*SIN(RADIANS(F12))),('Geometry'!$G$15*COS(RADIANS(F12))+'Geometry'!$F$15*SIN(RADIANS(F12))),('Geometry'!$G$16*COS(RADIANS(F12))+'Geometry'!$F$16*SIN(RADIANS(F12))),('Geometry'!$G$17*COS(RADIANS(F12))+'Geometry'!$F$17*SIN(RADIANS(F12))),('Geometry'!$G$18*COS(RADIANS(F12))+'Geometry'!$F$18*SIN(RADIANS(F12))),('Geometry'!$G$19*COS(RADIANS(F12))+'Geometry'!$F$19*SIN(RADIANS(F12))),('Geometry'!$G$20*COS(RADIANS(F12))+'Geometry'!$F$20*SIN(RADIANS(F12)))) -> 1200 | L12: =C_ecu -> 0.0033 | M12: =0 -> 0 | N12: =IF(ABS(I12-J12)<0.000000000001,0,(L12-M12)/(I12-J12)) -> 2.2916667e-06 | O12: =L12-N12*I12 -> 0.001925 | P12: =N12*COS(RADIANS(F12)) -> 2.2916667e-06 | Q12: =N12*SIN(RADIANS(F12)) -> 0 | R12: =AP12 -> 15240.061 | S12: =AQ12 -> 1143.7861 | T12: =AR12 -> 0.0085920826 | U12: =AS12 -> 2430.2851 | V12: =AT12 -> 373.77017 | W12: =AU12 -> 2.35169e-15 | X12: =AM12 -> 17670.346 | Y12: =AN12 -> 1517.5563 | Z12: =AO12 -> 0.0085920826 | AA12: 1 | AB12: 1 | AC12: 1 | AD12: =X12*AA12 -> 17670.346 | AE12: =Y12*AB12 -> 1517.5563 | AF12: =Z12*AC12 -> 0.0085920826 | AG12: 17670.346 | AH12: 1517.5563 | AI12: 0.0085920826 | AJ12: =AD12-AG12 -> 0 | AK12: =SQRT((AE12-AH12)^2+(AF12-AI12)^2) -> 0 | AL12: axial-cap projected-ledger anchor (geometric Pmax face) | AM12: 17670.346 | AN12: 1517.5563 | AO12: 0.0085920826 | AP12: 15240.061 | AQ12: 1143.7861 | AR12: 0.0085920826 | AS12: 2430.2851 | AT12: 373.77017 | AU12: 2.35169e-15
A13: fixedP-b0.000-branch6 | B13: 6 | C13: 0 | D13: 0-station-5|0|5 | E13: P above — station-5 | F13: 0 | G13: retained c/D (not the cap rule) | H13: 1.1 | I13: =MAX(('Geometry'!$G$13*COS(RADIANS(F13))+'Geometry'!$F$13*SIN(RADIANS(F13))),('Geometry'!$G$14*COS(RADIANS(F13))+'Geometry'!$F$14*SIN(RADIANS(F13))),('Geometry'!$G$15*COS(RADIANS(F13))+'Geometry'!$F$15*SIN(RADIANS(F13))),('Geometry'!$G$16*COS(RADIANS(F13))+'Geometry'!$F$16*SIN(RADIANS(F13))),('Geometry'!$G$17*COS(RADIANS(F13))+'Geometry'!$F$17*SIN(RADIANS(F13))),('Geometry'!$G$18*COS(RADIANS(F13))+'Geometry'!$F$18*SIN(RADIANS(F13))),('Geometry'!$G$19*COS(RADIANS(F13))+'Geometry'!$F$19*SIN(RADIANS(F13))),('Geometry'!$G$20*COS(RADIANS(F13))+'Geometry'!$F$20*SIN(RADIANS(F13)))) -> 600 | J13: =I13-H13*K13 -> -720 | K13: =I13-MIN(('Geometry'!$G$13*COS(RADIANS(F13))+'Geometry'!$F$13*SIN(RADIANS(F13))),('Geometry'!$G$14*COS(RADIANS(F13))+'Geometry'!$F$14*SIN(RADIANS(F13))),('Geometry'!$G$15*COS(RADIANS(F13))+'Geometry'!$F$15*SIN(RADIANS(F13))),('Geometry'!$G$16*COS(RADIANS(F13))+'Geometry'!$F$16*SIN(RADIANS(F13))),('Geometry'!$G$17*COS(RADIANS(F13))+'Geometry'!$F$17*SIN(RADIANS(F13))),('Geometry'!$G$18*COS(RADIANS(F13))+'Geometry'!$F$18*SIN(RADIANS(F13))),('Geometry'!$G$19*COS(RADIANS(F13))+'Geometry'!$F$19*SIN(RADIANS(F13))),('Geometry'!$G$20*COS(RADIANS(F13))+'Geometry'!$F$20*SIN(RADIANS(F13)))) -> 1200 | L13: =C_ecu -> 0.0033 | M13: =0 -> 0 | N13: =IF(ABS(I13-J13)<0.000000000001,0,(L13-M13)/(I13-J13)) -> 2.5e-06 | O13: =L13-N13*I13 -> 0.0018 | P13: =N13*COS(RADIANS(F13)) -> 2.5e-06 | Q13: =N13*SIN(RADIANS(F13)) -> 0 | R13: =AP13 -> 15240.061 | S13: =AQ13 -> 1429.7326 | T13: =AR13 -> 0.010740103 | U13: =AS13 -> 2430.2851 | V13: =AT13 -> 467.21271 | W13: =AU13 -> 2.9396125e-15 | X13: =AM13 -> 17670.346 | Y13: =AN13 -> 1896.9453 | Z13: =AO13 -> 0.010740103 | AA13: 1 | AB13: 1 | AC13: 1 | AD13: =X13*AA13 -> 17670.346 | AE13: =Y13*AB13 -> 1896.9453 | AF13: =Z13*AC13 -> 0.010740103 | AG13: 17670.346 | AH13: 1896.9453 | AI13: 0.010740103 | AJ13: =AD13-AG13 -> 0 | AK13: =SQRT((AE13-AH13)^2+(AF13-AI13)^2) -> 0 | AL13: axial-cap projected-ledger anchor (geometric Pmax face) | AM13: 17670.346 | AN13: 1896.9453 | AO13: 0.010740103 | AP13: 15240.061 | AQ13: 1429.7326 | AR13: 0.010740103 | AS13: 2430.2851 | AT13: 467.21271 | AU13: 2.9396125e-15
A14: fixedP-b10.000-branch1 | B14: 1 | C14: 10 | D14: 10-station-1|0.17453292519943295|1 | E14: P above — station-1 | F14: 10 | G14: retained c/D (not the cap rule) | H14: 3 | I14: =MAX(('Geometry'!$G$13*COS(RADIANS(F14))+'Geometry'!$F$13*SIN(RADIANS(F14))),('Geometry'!$G$14*COS(RADIANS(F14))+'Geometry'!$F$14*SIN(RADIANS(F14))),('Geometry'!$G$15*COS(RADIANS(F14))+'Geometry'!$F$15*SIN(RADIANS(F14))),('Geometry'!$G$16*COS(RADIANS(F14))+'Geometry'!$F$16*SIN(RADIANS(F14))),('Geometry'!$G$17*COS(RADIANS(F14))+'Geometry'!$F$17*SIN(RADIANS(F14))),('Geometry'!$G$18*COS(RADIANS(F14))+'Geometry'!$F$18*SIN(RADIANS(F14))),('Geometry'!$G$19*COS(RADIANS(F14))+'Geometry'!$F$19*SIN(RADIANS(F14))),('Geometry'!$G$20*COS(RADIANS(F14))+'Geometry'!$F$20*SIN(RADIANS(F14)))) -> 686.39115 | J14: =I14-H14*K14 -> -3431.9557 | K14: =I14-MIN(('Geometry'!$G$13*COS(RADIANS(F14))+'Geometry'!$F$13*SIN(RADIANS(F14))),('Geometry'!$G$14*COS(RADIANS(F14))+'Geometry'!$F$14*SIN(RADIANS(F14))),('Geometry'!$G$15*COS(RADIANS(F14))+'Geometry'!$F$15*SIN(RADIANS(F14))),('Geometry'!$G$16*COS(RADIANS(F14))+'Geometry'!$F$16*SIN(RADIANS(F14))),('Geometry'!$G$17*COS(RADIANS(F14))+'Geometry'!$F$17*SIN(RADIANS(F14))),('Geometry'!$G$18*COS(RADIANS(F14))+'Geometry'!$F$18*SIN(RADIANS(F14))),('Geometry'!$G$19*COS(RADIANS(F14))+'Geometry'!$F$19*SIN(RADIANS(F14))),('Geometry'!$G$20*COS(RADIANS(F14))+'Geometry'!$F$20*SIN(RADIANS(F14)))) -> 1372.7823 | L14: =C_ecu -> 0.0033 | M14: =0 -> 0 | N14: =IF(ABS(I14-J14)<0.000000000001,0,(L14-M14)/(I14-J14)) -> 8.0129238e-07 | O14: =L14-N14*I14 -> 0.00275 | P14: =N14*COS(RADIANS(F14)) -> 7.8911895e-07 | Q14: =N14*SIN(RADIANS(F14)) -> 1.3914296e-07 | R14: =AP14 -> 15258.271 | S14: =AQ14 -> 251.17873 | T14: =AR14 -> 67.969118 | U14: =AS14 -> 2412.0743 | V14: =AT14 -> 82.358562 | W14: =AU14 -> 20.101444 | X14: =AM14 -> 17670.346 | Y14: =AN14 -> 333.53729 | Z14: =AO14 -> 88.070562 | AA14: 1 | AB14: 1 | AC14: 1 | AD14: =X14*AA14 -> 17670.346 | AE14: =Y14*AB14 -> 333.53729 | AF14: =Z14*AC14 -> 88.070562 | AG14: 17670.346 | AH14: 333.53729 | AI14: 88.070562 | AJ14: =AD14-AG14 -> 0 | AK14: =SQRT((AE14-AH14)^2+(AF14-AI14)^2) -> 0 | AL14: axial-cap projected-ledger anchor (geometric Pmax face) | AM14: 17670.346 | AN14: 333.53729 | AO14: 88.070562 | AP14: 15258.271 | AQ14: 251.17873 | AR14: 67.969118 | AS14: 2412.0743 | AT14: 82.358562 | AU14: 20.101444
A15: fixedP-b10.000-branch2 | B15: 2 | C15: 10 | D15: 10-station-2|0.17453292519943295|2 | E15: P above — station-2 | F15: 10 | G15: retained c/D (not the cap rule) | H15: 2 | I15: =MAX(('Geometry'!$G$13*COS(RADIANS(F15))+'Geometry'!$F$13*SIN(RADIANS(F15))),('Geometry'!$G$14*COS(RADIANS(F15))+'Geometry'!$F$14*SIN(RADIANS(F15))),('Geometry'!$G$15*COS(RADIANS(F15))+'Geometry'!$F$15*SIN(RADIANS(F15))),('Geometry'!$G$16*COS(RADIANS(F15))+'Geometry'!$F$16*SIN(RADIANS(F15))),('Geometry'!$G$17*COS(RADIANS(F15))+'Geometry'!$F$17*SIN(RADIANS(F15))),('Geometry'!$G$18*COS(RADIANS(F15))+'Geometry'!$F$18*SIN(RADIANS(F15))),('Geometry'!$G$19*COS(RADIANS(F15))+'Geometry'!$F$19*SIN(RADIANS(F15))),('Geometry'!$G$20*COS(RADIANS(F15))+'Geometry'!$F$20*SIN(RADIANS(F15)))) -> 686.39115 | J15: =I15-H15*K15 -> -2059.1734 | K15: =I15-MIN(('Geometry'!$G$13*COS(RADIANS(F15))+'Geometry'!$F$13*SIN(RADIANS(F15))),('Geometry'!$G$14*COS(RADIANS(F15))+'Geometry'!$F$14*SIN(RADIANS(F15))),('Geometry'!$G$15*COS(RADIANS(F15))+'Geometry'!$F$15*SIN(RADIANS(F15))),('Geometry'!$G$16*COS(RADIANS(F15))+'Geometry'!$F$16*SIN(RADIANS(F15))),('Geometry'!$G$17*COS(RADIANS(F15))+'Geometry'!$F$17*SIN(RADIANS(F15))),('Geometry'!$G$18*COS(RADIANS(F15))+'Geometry'!$F$18*SIN(RADIANS(F15))),('Geometry'!$G$19*COS(RADIANS(F15))+'Geometry'!$F$19*SIN(RADIANS(F15))),('Geometry'!$G$20*COS(RADIANS(F15))+'Geometry'!$F$20*SIN(RADIANS(F15)))) -> 1372.7823 | L15: =C_ecu -> 0.0033 | M15: =0 -> 0 | N15: =IF(ABS(I15-J15)<0.000000000001,0,(L15-M15)/(I15-J15)) -> 1.2019386e-06 | O15: =L15-N15*I15 -> 0.002475 | P15: =N15*COS(RADIANS(F15)) -> 1.1836784e-06 | Q15: =N15*SIN(RADIANS(F15)) -> 2.0871444e-07 | R15: =AP15 -> 15258.271 | S15: =AQ15 -> 502.35746 | T15: =AR15 -> 135.93824 | U15: =AS15 -> 2412.0743 | V15: =AT15 -> 164.71712 | W15: =AU15 -> 40.202887 | X15: =AM15 -> 17670.346 | Y15: =AN15 -> 667.07459 | Z15: =AO15 -> 176.14112 | AA15: 1 | AB15: 1 | AC15: 1 | AD15: =X15*AA15 -> 17670.346 | AE15: =Y15*AB15 -> 667.07459 | AF15: =Z15*AC15 -> 176.14112 | AG15: 17670.346 | AH15: 667.07459 | AI15: 176.14112 | AJ15: =AD15-AG15 -> 0 | AK15: =SQRT((AE15-AH15)^2+(AF15-AI15)^2) -> 0 | AL15: axial-cap projected-ledger anchor (geometric Pmax face) | AM15: 17670.346 | AN15: 667.07459 | AO15: 176.14112 | AP15: 15258.271 | AQ15: 502.35746 | AR15: 135.93824 | AS15: 2412.0743 | AT15: 164.71712 | AU15: 40.202887
A16: fixedP-b10.000-branch3 | B16: 3 | C16: 10 | D16: 10-station-3|0.17453292519943295|3 | E16: P above — station-3 | F16: 10 | G16: retained c/D (not the cap rule) | H16: 1.5 | I16: =MAX(('Geometry'!$G$13*COS(RADIANS(F16))+'Geometry'!$F$13*SIN(RADIANS(F16))),('Geometry'!$G$14*COS(RADIANS(F16))+'Geometry'!$F$14*SIN(RADIANS(F16))),('Geometry'!$G$15*COS(RADIANS(F16))+'Geometry'!$F$15*SIN(RADIANS(F16))),('Geometry'!$G$16*COS(RADIANS(F16))+'Geometry'!$F$16*SIN(RADIANS(F16))),('Geometry'!$G$17*COS(RADIANS(F16))+'Geometry'!$F$17*SIN(RADIANS(F16))),('Geometry'!$G$18*COS(RADIANS(F16))+'Geometry'!$F$18*SIN(RADIANS(F16))),('Geometry'!$G$19*COS(RADIANS(F16))+'Geometry'!$F$19*SIN(RADIANS(F16))),('Geometry'!$G$20*COS(RADIANS(F16))+'Geometry'!$F$20*SIN(RADIANS(F16)))) -> 686.39115 | J16: =I16-H16*K16 -> -1372.7823 | K16: =I16-MIN(('Geometry'!$G$13*COS(RADIANS(F16))+'Geometry'!$F$13*SIN(RADIANS(F16))),('Geometry'!$G$14*COS(RADIANS(F16))+'Geometry'!$F$14*SIN(RADIANS(F16))),('Geometry'!$G$15*COS(RADIANS(F16))+'Geometry'!$F$15*SIN(RADIANS(F16))),('Geometry'!$G$16*COS(RADIANS(F16))+'Geometry'!$F$16*SIN(RADIANS(F16))),('Geometry'!$G$17*COS(RADIANS(F16))+'Geometry'!$F$17*SIN(RADIANS(F16))),('Geometry'!$G$18*COS(RADIANS(F16))+'Geometry'!$F$18*SIN(RADIANS(F16))),('Geometry'!$G$19*COS(RADIANS(F16))+'Geometry'!$F$19*SIN(RADIANS(F16))),('Geometry'!$G$20*COS(RADIANS(F16))+'Geometry'!$F$20*SIN(RADIANS(F16)))) -> 1372.7823 | L16: =C_ecu -> 0.0033 | M16: =0 -> 0 | N16: =IF(ABS(I16-J16)<0.000000000001,0,(L16-M16)/(I16-J16)) -> 1.6025848e-06 | O16: =L16-N16*I16 -> 0.0022 | P16: =N16*COS(RADIANS(F16)) -> 1.5782379e-06 | Q16: =N16*SIN(RADIANS(F16)) -> 2.7828592e-07 | R16: =AP16 -> 15258.271 | S16: =AQ16 -> 753.5362 | T16: =AR16 -> 203.90736 | U16: =AS16 -> 2412.0743 | V16: =AT16 -> 247.07569 | W16: =AU16 -> 60.304331 | X16: =AM16 -> 17670.346 | Y16: =AN16 -> 1000.6119 | Z16: =AO16 -> 264.21169 | AA16: 1 | AB16: 1 | AC16: 1 | AD16: =X16*AA16 -> 17670.346 | AE16: =Y16*AB16 -> 1000.6119 | AF16: =Z16*AC16 -> 264.21169 | AG16: 17670.346 | AH16: 1000.6119 | AI16: 264.21169 | AJ16: =AD16-AG16 -> 0 | AK16: =SQRT((AE16-AH16)^2+(AF16-AI16)^2) -> 0 | AL16: axial-cap projected-ledger anchor (geometric Pmax face) | AM16: 17670.346 | AN16: 1000.6119 | AO16: 264.21169 | AP16: 15258.271 | AQ16: 753.5362 | AR16: 203.90736 | AS16: 2412.0743 | AT16: 247.07569 | AU16: 60.304331
A17: fixedP-b10.000-branch4 | B17: 4 | C17: 10 | D17: 10-station-4|0.17453292519943295|4 | E17: P above — station-4 | F17: 10 | G17: retained c/D (not the cap rule) | H17: 1.2 | I17: =MAX(('Geometry'!$G$13*COS(RADIANS(F17))+'Geometry'!$F$13*SIN(RADIANS(F17))),('Geometry'!$G$14*COS(RADIANS(F17))+'Geometry'!$F$14*SIN(RADIANS(F17))),('Geometry'!$G$15*COS(RADIANS(F17))+'Geometry'!$F$15*SIN(RADIANS(F17))),('Geometry'!$G$16*COS(RADIANS(F17))+'Geometry'!$F$16*SIN(RADIANS(F17))),('Geometry'!$G$17*COS(RADIANS(F17))+'Geometry'!$F$17*SIN(RADIANS(F17))),('Geometry'!$G$18*COS(RADIANS(F17))+'Geometry'!$F$18*SIN(RADIANS(F17))),('Geometry'!$G$19*COS(RADIANS(F17))+'Geometry'!$F$19*SIN(RADIANS(F17))),('Geometry'!$G$20*COS(RADIANS(F17))+'Geometry'!$F$20*SIN(RADIANS(F17)))) -> 686.39115 | J17: =I17-H17*K17 -> -960.94761 | K17: =I17-MIN(('Geometry'!$G$13*COS(RADIANS(F17))+'Geometry'!$F$13*SIN(RADIANS(F17))),('Geometry'!$G$14*COS(RADIANS(F17))+'Geometry'!$F$14*SIN(RADIANS(F17))),('Geometry'!$G$15*COS(RADIANS(F17))+'Geometry'!$F$15*SIN(RADIANS(F17))),('Geometry'!$G$16*COS(RADIANS(F17))+'Geometry'!$F$16*SIN(RADIANS(F17))),('Geometry'!$G$17*COS(RADIANS(F17))+'Geometry'!$F$17*SIN(RADIANS(F17))),('Geometry'!$G$18*COS(RADIANS(F17))+'Geometry'!$F$18*SIN(RADIANS(F17))),('Geometry'!$G$19*COS(RADIANS(F17))+'Geometry'!$F$19*SIN(RADIANS(F17))),('Geometry'!$G$20*COS(RADIANS(F17))+'Geometry'!$F$20*SIN(RADIANS(F17)))) -> 1372.7823 | L17: =C_ecu -> 0.0033 | M17: =0 -> 0 | N17: =IF(ABS(I17-J17)<0.000000000001,0,(L17-M17)/(I17-J17)) -> 2.003231e-06 | O17: =L17-N17*I17 -> 0.001925 | P17: =N17*COS(RADIANS(F17)) -> 1.9727974e-06 | Q17: =N17*SIN(RADIANS(F17)) -> 3.4785741e-07 | R17: =AP17 -> 15258.271 | S17: =AQ17 -> 1004.7149 | T17: =AR17 -> 271.87647 | U17: =AS17 -> 2412.0743 | V17: =AT17 -> 329.43425 | W17: =AU17 -> 80.405775 | X17: =AM17 -> 17670.346 | Y17: =AN17 -> 1334.1492 | Z17: =AO17 -> 352.28225 | AA17: 1 | AB17: 1 | AC17: 1 | AD17: =X17*AA17 -> 17670.346 | AE17: =Y17*AB17 -> 1334.1492 | AF17: =Z17*AC17 -> 352.28225 | AG17: 17670.346 | AH17: 1334.1492 | AI17: 352.28225 | AJ17: =AD17-AG17 -> 0 | AK17: =SQRT((AE17-AH17)^2+(AF17-AI17)^2) -> 0 | AL17: axial-cap projected-ledger anchor (geometric Pmax face) | AM17: 17670.346 | AN17: 1334.1492 | AO17: 352.28225 | AP17: 15258.271 | AQ17: 1004.7149 | AR17: 271.87647 | AS17: 2412.0743 | AT17: 329.43425 | AU17: 80.405775
A18: fixedP-b10.000-branch5 | B18: 5 | C18: 10 | D18: 10-station-5|0.17453292519943295|5 | E18: P above — station-5 | F18: 10 | G18: retained c/D (not the cap rule) | H18: 1.1 | I18: =MAX(('Geometry'!$G$13*COS(RADIANS(F18))+'Geometry'!$F$13*SIN(RADIANS(F18))),('Geometry'!$G$14*COS(RADIANS(F18))+'Geometry'!$F$14*SIN(RADIANS(F18))),('Geometry'!$G$15*COS(RADIANS(F18))+'Geometry'!$F$15*SIN(RADIANS(F18))),('Geometry'!$G$16*COS(RADIANS(F18))+'Geometry'!$F$16*SIN(RADIANS(F18))),('Geometry'!$G$17*COS(RADIANS(F18))+'Geometry'!$F$17*SIN(RADIANS(F18))),('Geometry'!$G$18*COS(RADIANS(F18))+'Geometry'!$F$18*SIN(RADIANS(F18))),('Geometry'!$G$19*COS(RADIANS(F18))+'Geometry'!$F$19*SIN(RADIANS(F18))),('Geometry'!$G$20*COS(RADIANS(F18))+'Geometry'!$F$20*SIN(RADIANS(F18)))) -> 686.39115 | J18: =I18-H18*K18 -> -823.66938 | K18: =I18-MIN(('Geometry'!$G$13*COS(RADIANS(F18))+'Geometry'!$F$13*SIN(RADIANS(F18))),('Geometry'!$G$14*COS(RADIANS(F18))+'Geometry'!$F$14*SIN(RADIANS(F18))),('Geometry'!$G$15*COS(RADIANS(F18))+'Geometry'!$F$15*SIN(RADIANS(F18))),('Geometry'!$G$16*COS(RADIANS(F18))+'Geometry'!$F$16*SIN(RADIANS(F18))),('Geometry'!$G$17*COS(RADIANS(F18))+'Geometry'!$F$17*SIN(RADIANS(F18))),('Geometry'!$G$18*COS(RADIANS(F18))+'Geometry'!$F$18*SIN(RADIANS(F18))),('Geometry'!$G$19*COS(RADIANS(F18))+'Geometry'!$F$19*SIN(RADIANS(F18))),('Geometry'!$G$20*COS(RADIANS(F18))+'Geometry'!$F$20*SIN(RADIANS(F18)))) -> 1372.7823 | L18: =C_ecu -> 0.0033 | M18: =0 -> 0 | N18: =IF(ABS(I18-J18)<0.000000000001,0,(L18-M18)/(I18-J18)) -> 2.1853429e-06 | O18: =L18-N18*I18 -> 0.0018 | P18: =N18*COS(RADIANS(F18)) -> 2.1521426e-06 | Q18: =N18*SIN(RADIANS(F18)) -> 3.7948081e-07 | R18: =AP18 -> 15258.271 | S18: =AQ18 -> 1255.8937 | T18: =AR18 -> 339.84559 | U18: =AS18 -> 2412.0743 | V18: =AT18 -> 411.79281 | W18: =AU18 -> 100.50722 | X18: =AM18 -> 17670.346 | Y18: =AN18 -> 1667.6865 | Z18: =AO18 -> 440.35281 | AA18: 1 | AB18: 1 | AC18: 1 | AD18: =X18*AA18 -> 17670.346 | AE18: =Y18*AB18 -> 1667.6865 | AF18: =Z18*AC18 -> 440.35281 | AG18: 17670.346 | AH18: 1667.6865 | AI18: 440.35281 | AJ18: =AD18-AG18 -> 0 | AK18: =SQRT((AE18-AH18)^2+(AF18-AI18)^2) -> 0 | AL18: axial-cap projected-ledger anchor (geometric Pmax face) | AM18: 17670.346 | AN18: 1667.6865 | AO18: 440.35281 | AP18: 15258.271 | AQ18: 1255.8937 | AR18: 339.84559 | AS18: 2412.0743 | AT18: 411.79281 | AU18: 100.50722
A19: fixedP-b20.000-branch1 | B19: 1 | C19: 20 | D19: 20-station-1|0.3490658503988659|1 | E19: P above — station-1 | F19: 20 | G19: retained c/D (not the cap rule) | H19: 3 | I19: =MAX(('Geometry'!$G$13*COS(RADIANS(F19))+'Geometry'!$F$13*SIN(RADIANS(F19))),('Geometry'!$G$14*COS(RADIANS(F19))+'Geometry'!$F$14*SIN(RADIANS(F19))),('Geometry'!$G$15*COS(RADIANS(F19))+'Geometry'!$F$15*SIN(RADIANS(F19))),('Geometry'!$G$16*COS(RADIANS(F19))+'Geometry'!$F$16*SIN(RADIANS(F19))),('Geometry'!$G$17*COS(RADIANS(F19))+'Geometry'!$F$17*SIN(RADIANS(F19))),('Geometry'!$G$18*COS(RADIANS(F19))+'Geometry'!$F$18*SIN(RADIANS(F19))),('Geometry'!$G$19*COS(RADIANS(F19))+'Geometry'!$F$19*SIN(RADIANS(F19))),('Geometry'!$G$20*COS(RADIANS(F19))+'Geometry'!$F$20*SIN(RADIANS(F19)))) -> 751.92665 | J19: =I19-H19*K19 -> -3759.6333 | K19: =I19-MIN(('Geometry'!$G$13*COS(RADIANS(F19))+'Geometry'!$F$13*SIN(RADIANS(F19))),('Geometry'!$G$14*COS(RADIANS(F19))+'Geometry'!$F$14*SIN(RADIANS(F19))),('Geometry'!$G$15*COS(RADIANS(F19))+'Geometry'!$F$15*SIN(RADIANS(F19))),('Geometry'!$G$16*COS(RADIANS(F19))+'Geometry'!$F$16*SIN(RADIANS(F19))),('Geometry'!$G$17*COS(RADIANS(F19))+'Geometry'!$F$17*SIN(RADIANS(F19))),('Geometry'!$G$18*COS(RADIANS(F19))+'Geometry'!$F$18*SIN(RADIANS(F19))),('Geometry'!$G$19*COS(RADIANS(F19))+'Geometry'!$F$19*SIN(RADIANS(F19))),('Geometry'!$G$20*COS(RADIANS(F19))+'Geometry'!$F$20*SIN(RADIANS(F19)))) -> 1503.8533 | L19: =C_ecu -> 0.0033 | M19: =0 -> 0 | N19: =IF(ABS(I19-J19)<0.000000000001,0,(L19-M19)/(I19-J19)) -> 7.3145432e-07 | O19: =L19-N19*I19 -> 0.00275 | P19: =N19*COS(RADIANS(F19)) -> 6.8734223e-07 | Q19: =N19*SIN(RADIANS(F19)) -> 2.5017211e-07 | R19: =AP19 -> 15275.582 | S19: =AQ19 -> 223.94357 | T19: =AR19 -> 120.0837 | U19: =AS19 -> 2394.7632 | V19: =AT19 -> 72.672077 | W19: =AU19 -> 38.140464 | X19: =AM19 -> 17670.346 | Y19: =AN19 -> 296.61565 | Z19: =AO19 -> 158.22416 | AA19: 1 | AB19: 1 | AC19: 1 | AD19: =X19*AA19 -> 17670.346 | AE19: =Y19*AB19 -> 296.61565 | AF19: =Z19*AC19 -> 158.22416 | AG19: 17670.346 | AH19: 296.61565 | AI19: 158.22416 | AJ19: =AD19-AG19 -> 0 | AK19: =SQRT((AE19-AH19)^2+(AF19-AI19)^2) -> 0 | AL19: axial-cap projected-ledger anchor (geometric Pmax face) | AM19: 17670.346 | AN19: 296.61565 | AO19: 158.22416 | AP19: 15275.582 | AQ19: 223.94357 | AR19: 120.0837 | AS19: 2394.7632 | AT19: 72.672077 | AU19: 38.140464
A20: fixedP-b20.000-branch2 | B20: 2 | C20: 20 | D20: 20-station-2|0.3490658503988659|2 | E20: P above — station-2 | F20: 20 | G20: retained c/D (not the cap rule) | H20: 2 | I20: =MAX(('Geometry'!$G$13*COS(RADIANS(F20))+'Geometry'!$F$13*SIN(RADIANS(F20))),('Geometry'!$G$14*COS(RADIANS(F20))+'Geometry'!$F$14*SIN(RADIANS(F20))),('Geometry'!$G$15*COS(RADIANS(F20))+'Geometry'!$F$15*SIN(RADIANS(F20))),('Geometry'!$G$16*COS(RADIANS(F20))+'Geometry'!$F$16*SIN(RADIANS(F20))),('Geometry'!$G$17*COS(RADIANS(F20))+'Geometry'!$F$17*SIN(RADIANS(F20))),('Geometry'!$G$18*COS(RADIANS(F20))+'Geometry'!$F$18*SIN(RADIANS(F20))),('Geometry'!$G$19*COS(RADIANS(F20))+'Geometry'!$F$19*SIN(RADIANS(F20))),('Geometry'!$G$20*COS(RADIANS(F20))+'Geometry'!$F$20*SIN(RADIANS(F20)))) -> 751.92665 | J20: =I20-H20*K20 -> -2255.78 | K20: =I20-MIN(('Geometry'!$G$13*COS(RADIANS(F20))+'Geometry'!$F$13*SIN(RADIANS(F20))),('Geometry'!$G$14*COS(RADIANS(F20))+'Geometry'!$F$14*SIN(RADIANS(F20))),('Geometry'!$G$15*COS(RADIANS(F20))+'Geometry'!$F$15*SIN(RADIANS(F20))),('Geometry'!$G$16*COS(RADIANS(F20))+'Geometry'!$F$16*SIN(RADIANS(F20))),('Geometry'!$G$17*COS(RADIANS(F20))+'Geometry'!$F$17*SIN(RADIANS(F20))),('Geometry'!$G$18*COS(RADIANS(F20))+'Geometry'!$F$18*SIN(RADIANS(F20))),('Geometry'!$G$19*COS(RADIANS(F20))+'Geometry'!$F$19*SIN(RADIANS(F20))),('Geometry'!$G$20*COS(RADIANS(F20))+'Geometry'!$F$20*SIN(RADIANS(F20)))) -> 1503.8533 | L20: =C_ecu -> 0.0033 | M20: =0 -> 0 | N20: =IF(ABS(I20-J20)<0.000000000001,0,(L20-M20)/(I20-J20)) -> 1.0971815e-06 | O20: =L20-N20*I20 -> 0.002475 | P20: =N20*COS(RADIANS(F20)) -> 1.0310133e-06 | Q20: =N20*SIN(RADIANS(F20)) -> 3.7525817e-07 | R20: =AP20 -> 15275.582 | S20: =AQ20 -> 447.88714 | T20: =AR20 -> 240.16739 | U20: =AS20 -> 2394.7632 | V20: =AT20 -> 145.34415 | W20: =AU20 -> 76.280927 | X20: =AM20 -> 17670.346 | Y20: =AN20 -> 593.2313 | Z20: =AO20 -> 316.44832 | AA20: 1 | AB20: 1 | AC20: 1 | AD20: =X20*AA20 -> 17670.346 | AE20: =Y20*AB20 -> 593.2313 | AF20: =Z20*AC20 -> 316.44832 | AG20: 17670.346 | AH20: 593.2313 | AI20: 316.44832 | AJ20: =AD20-AG20 -> 0 | AK20: =SQRT((AE20-AH20)^2+(AF20-AI20)^2) -> 0 | AL20: axial-cap projected-ledger anchor (geometric Pmax face) | AM20: 17670.346 | AN20: 593.2313 | AO20: 316.44832 | AP20: 15275.582 | AQ20: 447.88714 | AR20: 240.16739 | AS20: 2394.7632 | AT20: 145.34415 | AU20: 76.280927
... A212: fixedP-b350.000-branch5 | B212: 5 | C212: 350 | D212: 350-station-4|6.1086523819801535|4 | E212: P above — station-4 | F212: 350 | G212: retained c/D (not the cap rule) | H212: 1.2 | I212: =MAX(('Geometry'!$G$13*COS(RADIANS(F212))+'Geometry'!$F$13*SIN(RADIANS(F212))),('Geometry'!$G$14*COS(RADIANS(F212))+'Geometry'!$F$14*SIN(RADIANS(F212))),('Geometry'!$G$15*COS(RADIANS(F212))+'Geometry'!$F$15*SIN(RADIANS(F212))),('Geometry'!$G$16*COS(RADIANS(F212))+'Geometry'!$F$16*SIN(RADIANS(F212))),('Geometry'!$G$17*COS(RADIANS(F212))+'Geometry'!$F$17*SIN(RADIANS(F212))),('Geometry'!$G$18*COS(RADIANS(F212))+'Geometry'!$F$18*SIN(RADIANS(F212))),('Geometry'!$G$19*COS(RADIANS(F212))+'Geometry'!$F$19*SIN(RADIANS(F212))),('Geometry'!$G$20*COS(RADIANS(F212))+'Geometry'!$F$20*SIN(RADIANS(F212)))) -> 686.39115 | J212: =I212-H212*K212 -> -960.94761 | K212: =I212-MIN(('Geometry'!$G$13*COS(RADIANS(F212))+'Geometry'!$F$13*SIN(RADIANS(F212))),('Geometry'!$G$14*COS(RADIANS(F212))+'Geometry'!$F$14*SIN(RADIANS(F212))),('Geometry'!$G$15*COS(RADIANS(F212))+'Geometry'!$F$15*SIN(RADIANS(F212))),('Geometry'!$G$16*COS(RADIANS(F212))+'Geometry'!$F$16*SIN(RADIANS(F212))),('Geometry'!$G$17*COS(RADIANS(F212))+'Geometry'!$F$17*SIN(RADIANS(F212))),('Geometry'!$G$18*COS(RADIANS(F212))+'Geometry'!$F$18*SIN(RADIANS(F212))),('Geometry'!$G$19*COS(RADIANS(F212))+'Geometry'!$F$19*SIN(RADIANS(F212))),('Geometry'!$G$20*COS(RADIANS(F212))+'Geometry'!$F$20*SIN(RADIANS(F212)))) -> 1372.7823 | L212: =C_ecu -> 0.0033 | M212: =0 -> 0 | N212: =IF(ABS(I212-J212)<0.000000000001,0,(L212-M212)/(I212-J212)) -> 2.003231e-06 | O212: =L212-N212*I212 -> 0.001925 | P212: =N212*COS(RADIANS(F212)) -> 1.9727974e-06 | Q212: =N212*SIN(RADIANS(F212)) -> -3.4785741e-07 | R212: =AP212 -> 15258.27 | S212: =AQ212 -> 1004.7109 | T212: =AR212 -> -271.87809 | U212: =AS212 -> 2412.0755 | V212: =AT212 -> 329.43425 | W212: =AU212 -> -80.405783 | X212: =AM212 -> 17670.346 | Y212: =AN212 -> 1334.1451 | Z212: =AO212 -> -352.28387 | AA212: 1 | AB212: 1 | AC212: 1 | AD212: =X212*AA212 -> 17670.346 | AE212: =Y212*AB212 -> 1334.1451 | AF212: =Z212*AC212 -> -352.28387 | AG212: 17670.346 | AH212: 1334.1451 | AI212: -352.28387 | AJ212: =AD212-AG212 -> 0 | AK212: =SQRT((AE212-AH212)^2+(AF212-AI212)^2) -> 0 | AL212: axial-cap projected-ledger anchor (geometric Pmax face) | AM212: 17670.346 | AN212: 1334.1451 | AO212: -352.28387 | AP212: 15258.27 | AQ212: 1004.7109 | AR212: -271.87809 | AS212: 2412.0755 | AT212: 329.43425 | AU212: -80.405783

Sheet Result
A1: FORMULA-DRIVEN CHART AUDIT
B2: One result row is interpolated from the matching P-below and P-above rows. Direction ID and Branch preserve every distinct Pmax point; calculation mode distinguishes strain formulas from geometric or block ledger anchors.
B3: Chart source | C3: Fixed-P
B4: Resistance stage | C4: design
B5: Selected P (kN) | C5: 17670.346
A6: Legend | B6: Editable calculation input | C6: Formula | D6: Generated / check | E6: Requires re-export / remesh
A7: # | B7: Direction ID | C7: Branch | D7: β (deg) | E7: Lower criterion | F7: Lower value | G7: P lower (kN) | H7: Upper criterion | I7: Upper value | J7: P upper (kN) | K7: Selected P (kN) | L7: Ratio t | M7: Status | N7: Mx (kN·m) | O7: My (kN·m) | P7: Engine Mx | Q7: Engine My | R7: ΔM
A8: 1 | B8: fixedP-b0.000-branch1 | C8: 1 | D8: 0 | E8: ='FixedP_Lower'!$G$8 -> retained ε = constant (not the cap rule) | F8: ='FixedP_Lower'!$H$8 -> 0.0033 | G8: ='FixedP_Lower'!$AD$8 -> 17670.346 | H8: ='FixedP_Upper'!$G$8 -> retained ε = constant (not the cap rule) | I8: ='FixedP_Upper'!$H$8 -> 0.0033 | J8: ='FixedP_Upper'!$AD$8 -> 17670.346 | K8: =Selected_P -> 17670.346 | L8: =IF(ABS(J8-G8)<0.000000001,0,(K8-G8)/(J8-G8)) -> 0 | M8: =IF(ABS(J8-G8)<0.000000001,"Exact station",IF(AND(K8>=G8-0.000001,K8<=J8+0.000001),"Interpolated","Outside range")) -> Exact station | N8: ='FixedP_Lower'!$AE$8+L8*('FixedP_Upper'!$AE$8-'FixedP_Lower'!$AE$8) -> 0 | O8: ='FixedP_Lower'!$AF$8+L8*('FixedP_Upper'!$AF$8-'FixedP_Lower'!$AF$8) -> 0 | P8: 0 | Q8: 0 | R8: =SQRT((N8-P8)^2+(O8-Q8)^2) -> 0
A9: 2 | B9: fixedP-b0.000-branch2 | C9: 2 | D9: 0 | E9: ='FixedP_Lower'!$G$9 -> retained c/D (not the cap rule) | F9: ='FixedP_Lower'!$H$9 -> 3 | G9: ='FixedP_Lower'!$AD$9 -> 17670.346 | H9: ='FixedP_Upper'!$G$9 -> retained c/D (not the cap rule) | I9: ='FixedP_Upper'!$H$9 -> 3 | J9: ='FixedP_Upper'!$AD$9 -> 17670.346 | K9: =Selected_P -> 17670.346 | L9: =IF(ABS(J9-G9)<0.000000001,0,(K9-G9)/(J9-G9)) -> 0 | M9: =IF(ABS(J9-G9)<0.000000001,"Exact station",IF(AND(K9>=G9-0.000001,K9<=J9+0.000001),"Interpolated","Outside range")) -> Exact station | N9: ='FixedP_Lower'!$AE$9+L9*('FixedP_Upper'!$AE$9-'FixedP_Lower'!$AE$9) -> 379.38907 | O9: ='FixedP_Lower'!$AF$9+L9*('FixedP_Upper'!$AF$9-'FixedP_Lower'!$AF$9) -> 0.0021480206 | P9: 379.38907 | Q9: 0.0021480206 | R9: =SQRT((N9-P9)^2+(O9-Q9)^2) -> 0
A10: 3 | B10: fixedP-b0.000-branch3 | C10: 3 | D10: 0 | E10: ='FixedP_Lower'!$G$10 -> retained c/D (not the cap rule) | F10: ='FixedP_Lower'!$H$10 -> 2 | G10: ='FixedP_Lower'!$AD$10 -> 17670.346 | H10: ='FixedP_Upper'!$G$10 -> retained c/D (not the cap rule) | I10: ='FixedP_Upper'!$H$10 -> 2 | J10: ='FixedP_Upper'!$AD$10 -> 17670.346 | K10: =Selected_P -> 17670.346 | L10: =IF(ABS(J10-G10)<0.000000001,0,(K10-G10)/(J10-G10)) -> 0 | M10: =IF(ABS(J10-G10)<0.000000001,"Exact station",IF(AND(K10>=G10-0.000001,K10<=J10+0.000001),"Interpolated","Outside range")) -> Exact station | N10: ='FixedP_Lower'!$AE$10+L10*('FixedP_Upper'!$AE$10-'FixedP_Lower'!$AE$10) -> 758.77813 | O10: ='FixedP_Lower'!$AF$10+L10*('FixedP_Upper'!$AF$10-'FixedP_Lower'!$AF$10) -> 0.0042960413 | P10: 758.77813 | Q10: 0.0042960413 | R10: =SQRT((N10-P10)^2+(O10-Q10)^2) -> 0
A11: 4 | B11: fixedP-b0.000-branch4 | C11: 4 | D11: 0 | E11: ='FixedP_Lower'!$G$11 -> retained c/D (not the cap rule) | F11: ='FixedP_Lower'!$H$11 -> 1.5 | G11: ='FixedP_Lower'!$AD$11 -> 17670.346 | H11: ='FixedP_Upper'!$G$11 -> retained c/D (not the cap rule) | I11: ='FixedP_Upper'!$H$11 -> 1.5 | J11: ='FixedP_Upper'!$AD$11 -> 17670.346 | K11: =Selected_P -> 17670.346 | L11: =IF(ABS(J11-G11)<0.000000001,0,(K11-G11)/(J11-G11)) -> 0 | M11: =IF(ABS(J11-G11)<0.000000001,"Exact station",IF(AND(K11>=G11-0.000001,K11<=J11+0.000001),"Interpolated","Outside range")) -> Exact station | N11: ='FixedP_Lower'!$AE$11+L11*('FixedP_Upper'!$AE$11-'FixedP_Lower'!$AE$11) -> 1138.1672 | O11: ='FixedP_Lower'!$AF$11+L11*('FixedP_Upper'!$AF$11-'FixedP_Lower'!$AF$11) -> 0.0064440619 | P11: 1138.1672 | Q11: 0.0064440619 | R11: =SQRT((N11-P11)^2+(O11-Q11)^2) -> 0
A12: 5 | B12: fixedP-b0.000-branch5 | C12: 5 | D12: 0 | E12: ='FixedP_Lower'!$G$12 -> retained c/D (not the cap rule) | F12: ='FixedP_Lower'!$H$12 -> 1.2 | G12: ='FixedP_Lower'!$AD$12 -> 17670.346 | H12: ='FixedP_Upper'!$G$12 -> retained c/D (not the cap rule) | I12: ='FixedP_Upper'!$H$12 -> 1.2 | J12: ='FixedP_Upper'!$AD$12 -> 17670.346 | K12: =Selected_P -> 17670.346 | L12: =IF(ABS(J12-G12)<0.000000001,0,(K12-G12)/(J12-G12)) -> 0 | M12: =IF(ABS(J12-G12)<0.000000001,"Exact station",IF(AND(K12>=G12-0.000001,K12<=J12+0.000001),"Interpolated","Outside range")) -> Exact station | N12: ='FixedP_Lower'!$AE$12+L12*('FixedP_Upper'!$AE$12-'FixedP_Lower'!$AE$12) -> 1517.5563 | O12: ='FixedP_Lower'!$AF$12+L12*('FixedP_Upper'!$AF$12-'FixedP_Lower'!$AF$12) -> 0.0085920826 | P12: 1517.5563 | Q12: 0.0085920826 | R12: =SQRT((N12-P12)^2+(O12-Q12)^2) -> 0
A13: 6 | B13: fixedP-b0.000-branch6 | C13: 6 | D13: 0 | E13: ='FixedP_Lower'!$G$13 -> retained c/D (not the cap rule) | F13: ='FixedP_Lower'!$H$13 -> 1.1 | G13: ='FixedP_Lower'!$AD$13 -> 17670.346 | H13: ='FixedP_Upper'!$G$13 -> retained c/D (not the cap rule) | I13: ='FixedP_Upper'!$H$13 -> 1.1 | J13: ='FixedP_Upper'!$AD$13 -> 17670.346 | K13: =Selected_P -> 17670.346 | L13: =IF(ABS(J13-G13)<0.000000001,0,(K13-G13)/(J13-G13)) -> 0 | M13: =IF(ABS(J13-G13)<0.000000001,"Exact station",IF(AND(K13>=G13-0.000001,K13<=J13+0.000001),"Interpolated","Outside range")) -> Exact station | N13: ='FixedP_Lower'!$AE$13+L13*('FixedP_Upper'!$AE$13-'FixedP_Lower'!$AE$13) -> 1896.9453 | O13: ='FixedP_Lower'!$AF$13+L13*('FixedP_Upper'!$AF$13-'FixedP_Lower'!$AF$13) -> 0.010740103 | P13: 1896.9453 | Q13: 0.010740103 | R13: =SQRT((N13-P13)^2+(O13-Q13)^2) -> 0
A14: 7 | B14: fixedP-b10.000-branch1 | C14: 1 | D14: 10 | E14: ='FixedP_Lower'!$G$14 -> retained c/D (not the cap rule) | F14: ='FixedP_Lower'!$H$14 -> 3 | G14: ='FixedP_Lower'!$AD$14 -> 17670.346 | H14: ='FixedP_Upper'!$G$14 -> retained c/D (not the cap rule) | I14: ='FixedP_Upper'!$H$14 -> 3 | J14: ='FixedP_Upper'!$AD$14 -> 17670.346 | K14: =Selected_P -> 17670.346 | L14: =IF(ABS(J14-G14)<0.000000001,0,(K14-G14)/(J14-G14)) -> 0 | M14: =IF(ABS(J14-G14)<0.000000001,"Exact station",IF(AND(K14>=G14-0.000001,K14<=J14+0.000001),"Interpolated","Outside range")) -> Exact station | N14: ='FixedP_Lower'!$AE$14+L14*('FixedP_Upper'!$AE$14-'FixedP_Lower'!$AE$14) -> 333.53729 | O14: ='FixedP_Lower'!$AF$14+L14*('FixedP_Upper'!$AF$14-'FixedP_Lower'!$AF$14) -> 88.070562 | P14: 333.53729 | Q14: 88.070562 | R14: =SQRT((N14-P14)^2+(O14-Q14)^2) -> 0
A15: 8 | B15: fixedP-b10.000-branch2 | C15: 2 | D15: 10 | E15: ='FixedP_Lower'!$G$15 -> retained c/D (not the cap rule) | F15: ='FixedP_Lower'!$H$15 -> 2 | G15: ='FixedP_Lower'!$AD$15 -> 17670.346 | H15: ='FixedP_Upper'!$G$15 -> retained c/D (not the cap rule) | I15: ='FixedP_Upper'!$H$15 -> 2 | J15: ='FixedP_Upper'!$AD$15 -> 17670.346 | K15: =Selected_P -> 17670.346 | L15: =IF(ABS(J15-G15)<0.000000001,0,(K15-G15)/(J15-G15)) -> 0 | M15: =IF(ABS(J15-G15)<0.000000001,"Exact station",IF(AND(K15>=G15-0.000001,K15<=J15+0.000001),"Interpolated","Outside range")) -> Exact station | N15: ='FixedP_Lower'!$AE$15+L15*('FixedP_Upper'!$AE$15-'FixedP_Lower'!$AE$15) -> 667.07459 | O15: ='FixedP_Lower'!$AF$15+L15*('FixedP_Upper'!$AF$15-'FixedP_Lower'!$AF$15) -> 176.14112 | P15: 667.07459 | Q15: 176.14112 | R15: =SQRT((N15-P15)^2+(O15-Q15)^2) -> 0
A16: 9 | B16: fixedP-b10.000-branch3 | C16: 3 | D16: 10 | E16: ='FixedP_Lower'!$G$16 -> retained c/D (not the cap rule) | F16: ='FixedP_Lower'!$H$16 -> 1.5 | G16: ='FixedP_Lower'!$AD$16 -> 17670.346 | H16: ='FixedP_Upper'!$G$16 -> retained c/D (not the cap rule) | I16: ='FixedP_Upper'!$H$16 -> 1.5 | J16: ='FixedP_Upper'!$AD$16 -> 17670.346 | K16: =Selected_P -> 17670.346 | L16: =IF(ABS(J16-G16)<0.000000001,0,(K16-G16)/(J16-G16)) -> 0 | M16: =IF(ABS(J16-G16)<0.000000001,"Exact station",IF(AND(K16>=G16-0.000001,K16<=J16+0.000001),"Interpolated","Outside range")) -> Exact station | N16: ='FixedP_Lower'!$AE$16+L16*('FixedP_Upper'!$AE$16-'FixedP_Lower'!$AE$16) -> 1000.6119 | O16: ='FixedP_Lower'!$AF$16+L16*('FixedP_Upper'!$AF$16-'FixedP_Lower'!$AF$16) -> 264.21169 | P16: 1000.6119 | Q16: 264.21169 | R16: =SQRT((N16-P16)^2+(O16-Q16)^2) -> 0
A17: 10 | B17: fixedP-b10.000-branch4 | C17: 4 | D17: 10 | E17: ='FixedP_Lower'!$G$17 -> retained c/D (not the cap rule) | F17: ='FixedP_Lower'!$H$17 -> 1.2 | G17: ='FixedP_Lower'!$AD$17 -> 17670.346 | H17: ='FixedP_Upper'!$G$17 -> retained c/D (not the cap rule) | I17: ='FixedP_Upper'!$H$17 -> 1.2 | J17: ='FixedP_Upper'!$AD$17 -> 17670.346 | K17: =Selected_P -> 17670.346 | L17: =IF(ABS(J17-G17)<0.000000001,0,(K17-G17)/(J17-G17)) -> 0 | M17: =IF(ABS(J17-G17)<0.000000001,"Exact station",IF(AND(K17>=G17-0.000001,K17<=J17+0.000001),"Interpolated","Outside range")) -> Exact station | N17: ='FixedP_Lower'!$AE$17+L17*('FixedP_Upper'!$AE$17-'FixedP_Lower'!$AE$17) -> 1334.1492 | O17: ='FixedP_Lower'!$AF$17+L17*('FixedP_Upper'!$AF$17-'FixedP_Lower'!$AF$17) -> 352.28225 | P17: 1334.1492 | Q17: 352.28225 | R17: =SQRT((N17-P17)^2+(O17-Q17)^2) -> 0
A18: 11 | B18: fixedP-b10.000-branch5 | C18: 5 | D18: 10 | E18: ='FixedP_Lower'!$G$18 -> retained c/D (not the cap rule) | F18: ='FixedP_Lower'!$H$18 -> 1.1 | G18: ='FixedP_Lower'!$AD$18 -> 17670.346 | H18: ='FixedP_Upper'!$G$18 -> retained c/D (not the cap rule) | I18: ='FixedP_Upper'!$H$18 -> 1.1 | J18: ='FixedP_Upper'!$AD$18 -> 17670.346 | K18: =Selected_P -> 17670.346 | L18: =IF(ABS(J18-G18)<0.000000001,0,(K18-G18)/(J18-G18)) -> 0 | M18: =IF(ABS(J18-G18)<0.000000001,"Exact station",IF(AND(K18>=G18-0.000001,K18<=J18+0.000001),"Interpolated","Outside range")) -> Exact station | N18: ='FixedP_Lower'!$AE$18+L18*('FixedP_Upper'!$AE$18-'FixedP_Lower'!$AE$18) -> 1667.6865 | O18: ='FixedP_Lower'!$AF$18+L18*('FixedP_Upper'!$AF$18-'FixedP_Lower'!$AF$18) -> 440.35281 | P18: 1667.6865 | Q18: 440.35281 | R18: =SQRT((N18-P18)^2+(O18-Q18)^2) -> 0
A19: 12 | B19: fixedP-b20.000-branch1 | C19: 1 | D19: 20 | E19: ='FixedP_Lower'!$G$19 -> retained c/D (not the cap rule) | F19: ='FixedP_Lower'!$H$19 -> 3 | G19: ='FixedP_Lower'!$AD$19 -> 17670.346 | H19: ='FixedP_Upper'!$G$19 -> retained c/D (not the cap rule) | I19: ='FixedP_Upper'!$H$19 -> 3 | J19: ='FixedP_Upper'!$AD$19 -> 17670.346 | K19: =Selected_P -> 17670.346 | L19: =IF(ABS(J19-G19)<0.000000001,0,(K19-G19)/(J19-G19)) -> 0 | M19: =IF(ABS(J19-G19)<0.000000001,"Exact station",IF(AND(K19>=G19-0.000001,K19<=J19+0.000001),"Interpolated","Outside range")) -> Exact station | N19: ='FixedP_Lower'!$AE$19+L19*('FixedP_Upper'!$AE$19-'FixedP_Lower'!$AE$19) -> 296.61565 | O19: ='FixedP_Lower'!$AF$19+L19*('FixedP_Upper'!$AF$19-'FixedP_Lower'!$AF$19) -> 158.22416 | P19: 296.61565 | Q19: 158.22416 | R19: =SQRT((N19-P19)^2+(O19-Q19)^2) -> 0
A20: 13 | B20: fixedP-b20.000-branch2 | C20: 2 | D20: 20 | E20: ='FixedP_Lower'!$G$20 -> retained c/D (not the cap rule) | F20: ='FixedP_Lower'!$H$20 -> 2 | G20: ='FixedP_Lower'!$AD$20 -> 17670.346 | H20: ='FixedP_Upper'!$G$20 -> retained c/D (not the cap rule) | I20: ='FixedP_Upper'!$H$20 -> 2 | J20: ='FixedP_Upper'!$AD$20 -> 17670.346 | K20: =Selected_P -> 17670.346 | L20: =IF(ABS(J20-G20)<0.000000001,0,(K20-G20)/(J20-G20)) -> 0 | M20: =IF(ABS(J20-G20)<0.000000001,"Exact station",IF(AND(K20>=G20-0.000001,K20<=J20+0.000001),"Interpolated","Outside range")) -> Exact station | N20: ='FixedP_Lower'!$AE$20+L20*('FixedP_Upper'!$AE$20-'FixedP_Lower'!$AE$20) -> 593.2313 | O20: ='FixedP_Lower'!$AF$20+L20*('FixedP_Upper'!$AF$20-'FixedP_Lower'!$AF$20) -> 316.44832 | P20: 593.2313 | Q20: 316.44832 | R20: =SQRT((N20-P20)^2+(O20-Q20)^2) -> 0
A21: 14 | B21: fixedP-b20.000-branch3 | C21: 3 | D21: 20 | E21: ='FixedP_Lower'!$G$21 -> retained c/D (not the cap rule) | F21: ='FixedP_Lower'!$H$21 -> 1.5 | G21: ='FixedP_Lower'!$AD$21 -> 17670.346 | H21: ='FixedP_Upper'!$G$21 -> retained c/D (not the cap rule) | I21: ='FixedP_Upper'!$H$21 -> 1.5 | J21: ='FixedP_Upper'!$AD$21 -> 17670.346 | K21: =Selected_P -> 17670.346 | L21: =IF(ABS(J21-G21)<0.000000001,0,(K21-G21)/(J21-G21)) -> 0 | M21: =IF(ABS(J21-G21)<0.000000001,"Exact station",IF(AND(K21>=G21-0.000001,K21<=J21+0.000001),"Interpolated","Outside range")) -> Exact station | N21: ='FixedP_Lower'!$AE$21+L21*('FixedP_Upper'!$AE$21-'FixedP_Lower'!$AE$21) -> 889.84695 | O21: ='FixedP_Lower'!$AF$21+L21*('FixedP_Upper'!$AF$21-'FixedP_Lower'!$AF$21) -> 474.67248 | P21: 889.84695 | Q21: 474.67248 | R21: =SQRT((N21-P21)^2+(O21-Q21)^2) -> 0
A22: 15 | B22: fixedP-b20.000-branch4 | C22: 4 | D22: 20 | E22: ='FixedP_Lower'!$G$22 -> retained c/D (not the cap rule) | F22: ='FixedP_Lower'!$H$22 -> 1.2 | G22: ='FixedP_Lower'!$AD$22 -> 17670.346 | H22: ='FixedP_Upper'!$G$22 -> retained c/D (not the cap rule) | I22: ='FixedP_Upper'!$H$22 -> 1.2 | J22: ='FixedP_Upper'!$AD$22 -> 17670.346 | K22: =Selected_P -> 17670.346 | L22: =IF(ABS(J22-G22)<0.000000001,0,(K22-G22)/(J22-G22)) -> 0 | M22: =IF(ABS(J22-G22)<0.000000001,"Exact station",IF(AND(K22>=G22-0.000001,K22<=J22+0.000001),"Interpolated","Outside range")) -> Exact station | N22: ='FixedP_Lower'!$AE$22+L22*('FixedP_Upper'!$AE$22-'FixedP_Lower'!$AE$22) -> 1186.4626 | O22: ='FixedP_Lower'!$AF$22+L22*('FixedP_Upper'!$AF$22-'FixedP_Lower'!$AF$22) -> 632.89664 | P22: 1186.4626 | Q22: 632.89664 | R22: =SQRT((N22-P22)^2+(O22-Q22)^2) -> 0
A23: 16 | B23: fixedP-b20.000-branch5 | C23: 5 | D23: 20 | E23: ='FixedP_Lower'!$G$23 -> retained c/D (not the cap rule) | F23: ='FixedP_Lower'!$H$23 -> 1.1 | G23: ='FixedP_Lower'!$AD$23 -> 17670.346 | H23: ='FixedP_Upper'!$G$23 -> retained c/D (not the cap rule) | I23: ='FixedP_Upper'!$H$23 -> 1.1 | J23: ='FixedP_Upper'!$AD$23 -> 17670.346 | K23: =Selected_P -> 17670.346 | L23: =IF(ABS(J23-G23)<0.000000001,0,(K23-G23)/(J23-G23)) -> 0 | M23: =IF(ABS(J23-G23)<0.000000001,"Exact station",IF(AND(K23>=G23-0.000001,K23<=J23+0.000001),"Interpolated","Outside range")) -> Exact station | N23: ='FixedP_Lower'!$AE$23+L23*('FixedP_Upper'!$AE$23-'FixedP_Lower'!$AE$23) -> 1483.0782 | O23: ='FixedP_Lower'!$AF$23+L23*('FixedP_Upper'!$AF$23-'FixedP_Lower'!$AF$23) -> 791.1208 | P23: 1483.0782 | Q23: 791.1208 | R23: =SQRT((N23-P23)^2+(O23-Q23)^2) -> 0
A24: 17 | B24: fixedP-b20.000-branch6 | C24: 6 | D24: 20 | E24: ='FixedP_Lower'!$G$24 -> retained c/D (not the cap rule) | F24: ='FixedP_Lower'!$H$24 -> 1 | G24: ='FixedP_Lower'!$AD$24 -> 17670.346 | H24: ='FixedP_Upper'!$G$24 -> retained c/D (not the cap rule) | I24: ='FixedP_Upper'!$H$24 -> 1 | J24: ='FixedP_Upper'!$AD$24 -> 17670.346 | K24: =Selected_P -> 17670.346 | L24: =IF(ABS(J24-G24)<0.000000001,0,(K24-G24)/(J24-G24)) -> 0 | M24: =IF(ABS(J24-G24)<0.000000001,"Exact station",IF(AND(K24>=G24-0.000001,K24<=J24+0.000001),"Interpolated","Outside range")) -> Exact station | N24: ='FixedP_Lower'!$AE$24+L24*('FixedP_Upper'!$AE$24-'FixedP_Lower'!$AE$24) -> 1779.6939 | O24: ='FixedP_Lower'!$AF$24+L24*('FixedP_Upper'!$AF$24-'FixedP_Lower'!$AF$24) -> 949.34496 | P24: 1779.6939 | Q24: 949.34496 | R24: =SQRT((N24-P24)^2+(O24-Q24)^2) -> 0
A25: 18 | B25: fixedP-b30.000-branch1 | C25: 1 | D25: 30 | E25: ='FixedP_Lower'!$G$25 -> retained c/D (not the cap rule) | F25: ='FixedP_Lower'!$H$25 -> 3 | G25: ='FixedP_Lower'!$AD$25 -> 17670.346 | H25: ='FixedP_Upper'!$G$25 -> retained c/D (not the cap rule) | I25: ='FixedP_Upper'!$H$25 -> 3 | J25: ='FixedP_Upper'!$AD$25 -> 17670.346 | K25: =Selected_P -> 17670.346 | L25: =IF(ABS(J25-G25)<0.000000001,0,(K25-G25)/(J25-G25)) -> 0 | M25: =IF(ABS(J25-G25)<0.000000001,"Exact station",IF(AND(K25>=G25-0.000001,K25<=J25+0.000001),"Interpolated","Outside range")) -> Exact station | N25: ='FixedP_Lower'!$AE$25+L25*('FixedP_Upper'!$AE$25-'FixedP_Lower'!$AE$25) -> 264.94646 | O25: ='FixedP_Lower'!$AF$25+L25*('FixedP_Upper'!$AF$25-'FixedP_Lower'!$AF$25) -> 216.45758 | P25: 264.94646 | Q25: 216.45758 | R25: =SQRT((N25-P25)^2+(O25-Q25)^2) -> 0
A26: 19 | B26: fixedP-b30.000-branch2 | C26: 2 | D26: 30 | E26: ='FixedP_Lower'!$G$26 -> retained c/D (not the cap rule) | F26: ='FixedP_Lower'!$H$26 -> 2 | G26: ='FixedP_Lower'!$AD$26 -> 17670.346 | H26: ='FixedP_Upper'!$G$26 -> retained c/D (not the cap rule) | I26: ='FixedP_Upper'!$H$26 -> 2 | J26: ='FixedP_Upper'!$AD$26 -> 17670.346 | K26: =Selected_P -> 17670.346 | L26: =IF(ABS(J26-G26)<0.000000001,0,(K26-G26)/(J26-G26)) -> 0 | M26: =IF(ABS(J26-G26)<0.000000001,"Exact station",IF(AND(K26>=G26-0.000001,K26<=J26+0.000001),"Interpolated","Outside range")) -> Exact station | N26: ='FixedP_Lower'!$AE$26+L26*('FixedP_Upper'!$AE$26-'FixedP_Lower'!$AE$26) -> 529.89292 | O26: ='FixedP_Lower'!$AF$26+L26*('FixedP_Upper'!$AF$26-'FixedP_Lower'!$AF$26) -> 432.91517 | P26: 529.89292 | Q26: 432.91517 | R26: =SQRT((N26-P26)^2+(O26-Q26)^2) -> 0
A27: 20 | B27: fixedP-b30.000-branch3 | C27: 3 | D27: 30 | E27: ='FixedP_Lower'!$G$27 -> retained c/D (not the cap rule) | F27: ='FixedP_Lower'!$H$27 -> 1.5 | G27: ='FixedP_Lower'!$AD$27 -> 17670.346 | H27: ='FixedP_Upper'!$G$27 -> retained c/D (not the cap rule) | I27: ='FixedP_Upper'!$H$27 -> 1.5 | J27: ='FixedP_Upper'!$AD$27 -> 17670.346 | K27: =Selected_P -> 17670.346 | L27: =IF(ABS(J27-G27)<0.000000001,0,(K27-G27)/(J27-G27)) -> 0 | M27: =IF(ABS(J27-G27)<0.000000001,"Exact station",IF(AND(K27>=G27-0.000001,K27<=J27+0.000001),"Interpolated","Outside range")) -> Exact station | N27: ='FixedP_Lower'!$AE$27+L27*('FixedP_Upper'!$AE$27-'FixedP_Lower'!$AE$27) -> 794.83938 | O27: ='FixedP_Lower'!$AF$27+L27*('FixedP_Upper'!$AF$27-'FixedP_Lower'!$AF$27) -> 649.37275 | P27: 794.83938 | Q27: 649.37275 | R27: =SQRT((N27-P27)^2+(O27-Q27)^2) -> 0
A28: 21 | B28: fixedP-b30.000-branch4 | C28: 4 | D28: 30 | E28: ='FixedP_Lower'!$G$28 -> retained c/D (not the cap rule) | F28: ='FixedP_Lower'!$H$28 -> 1.2 | G28: ='FixedP_Lower'!$AD$28 -> 17670.346 | H28: ='FixedP_Upper'!$G$28 -> retained c/D (not the cap rule) | I28: ='FixedP_Upper'!$H$28 -> 1.2 | J28: ='FixedP_Upper'!$AD$28 -> 17670.346 | K28: =Selected_P -> 17670.346 | L28: =IF(ABS(J28-G28)<0.000000001,0,(K28-G28)/(J28-G28)) -> 0 | M28: =IF(ABS(J28-G28)<0.000000001,"Exact station",IF(AND(K28>=G28-0.000001,K28<=J28+0.000001),"Interpolated","Outside range")) -> Exact station | N28: ='FixedP_Lower'!$AE$28+L28*('FixedP_Upper'!$AE$28-'FixedP_Lower'!$AE$28) -> 1059.7858 | O28: ='FixedP_Lower'!$AF$28+L28*('FixedP_Upper'!$AF$28-'FixedP_Lower'!$AF$28) -> 865.83033 | P28: 1059.7858 | Q28: 865.83033 | R28: =SQRT((N28-P28)^2+(O28-Q28)^2) -> 0
A29: 22 | B29: fixedP-b30.000-branch5 | C29: 5 | D29: 30 | E29: ='FixedP_Lower'!$G$29 -> retained c/D (not the cap rule) | F29: ='FixedP_Lower'!$H$29 -> 1.1 | G29: ='FixedP_Lower'!$AD$29 -> 17670.346 | H29: ='FixedP_Upper'!$G$29 -> retained c/D (not the cap rule) | I29: ='FixedP_Upper'!$H$29 -> 1.1 | J29: ='FixedP_Upper'!$AD$29 -> 17670.346 | K29: =Selected_P -> 17670.346 | L29: =IF(ABS(J29-G29)<0.000000001,0,(K29-G29)/(J29-G29)) -> 0 | M29: =IF(ABS(J29-G29)<0.000000001,"Exact station",IF(AND(K29>=G29-0.000001,K29<=J29+0.000001),"Interpolated","Outside range")) -> Exact station | N29: ='FixedP_Lower'!$AE$29+L29*('FixedP_Upper'!$AE$29-'FixedP_Lower'!$AE$29) -> 1324.7323 | O29: ='FixedP_Lower'!$AF$29+L29*('FixedP_Upper'!$AF$29-'FixedP_Lower'!$AF$29) -> 1082.2879 | P29: 1324.7323 | Q29: 1082.2879 | R29: =SQRT((N29-P29)^2+(O29-Q29)^2) -> 0
A30: 23 | B30: fixedP-b30.000-branch6 | C30: 6 | D30: 30 | E30: ='FixedP_Lower'!$G$30 -> retained c/D (not the cap rule) | F30: ='FixedP_Lower'!$H$30 -> 1 | G30: ='FixedP_Lower'!$AD$30 -> 17670.346 | H30: ='FixedP_Upper'!$G$30 -> retained c/D (not the cap rule) | I30: ='FixedP_Upper'!$H$30 -> 1 | J30: ='FixedP_Upper'!$AD$30 -> 17670.346 | K30: =Selected_P -> 17670.346 | L30: =IF(ABS(J30-G30)<0.000000001,0,(K30-G30)/(J30-G30)) -> 0 | M30: =IF(ABS(J30-G30)<0.000000001,"Exact station",IF(AND(K30>=G30-0.000001,K30<=J30+0.000001),"Interpolated","Outside range")) -> Exact station | N30: ='FixedP_Lower'!$AE$30+L30*('FixedP_Upper'!$AE$30-'FixedP_Lower'!$AE$30) -> 1589.6788 | O30: ='FixedP_Lower'!$AF$30+L30*('FixedP_Upper'!$AF$30-'FixedP_Lower'!$AF$30) -> 1298.7455 | P30: 1589.6788 | Q30: 1298.7455 | R30: =SQRT((N30-P30)^2+(O30-Q30)^2) -> 0
A31: 24 | B31: fixedP-b40.000-branch1 | C31: 1 | D31: 40 | E31: ='FixedP_Lower'!$G$31 -> retained c/D (not the cap rule) | F31: ='FixedP_Lower'!$H$31 -> 3 | G31: ='FixedP_Lower'!$AD$31 -> 17670.346 | H31: ='FixedP_Upper'!$G$31 -> retained c/D (not the cap rule) | I31: ='FixedP_Upper'!$H$31 -> 3 | J31: ='FixedP_Upper'!$AD$31 -> 17670.346 | K31: =Selected_P -> 17670.346 | L31: =IF(ABS(J31-G31)<0.000000001,0,(K31-G31)/(J31-G31)) -> 0 | M31: =IF(ABS(J31-G31)<0.000000001,"Exact station",IF(AND(K31>=G31-0.000001,K31<=J31+0.000001),"Interpolated","Outside range")) -> Exact station | N31: ='FixedP_Lower'!$AE$31+L31*('FixedP_Upper'!$AE$31-'FixedP_Lower'!$AE$31) -> 233.75347 | O31: ='FixedP_Lower'!$AF$31+L31*('FixedP_Upper'!$AF$31-'FixedP_Lower'!$AF$31) -> 268.53696 | P31: 233.75347 | Q31: 268.53696 | R31: =SQRT((N31-P31)^2+(O31-Q31)^2) -> 0
A32: 25 | B32: fixedP-b40.000-branch2 | C32: 2 | D32: 40 | E32: ='FixedP_Lower'!$G$32 -> retained c/D (not the cap rule) | F32: ='FixedP_Lower'!$H$32 -> 2 | G32: ='FixedP_Lower'!$AD$32 -> 17670.346 | H32: ='FixedP_Upper'!$G$32 -> retained c/D (not the cap rule) | I32: ='FixedP_Upper'!$H$32 -> 2 | J32: ='FixedP_Upper'!$AD$32 -> 17670.346 | K32: =Selected_P -> 17670.346 | L32: =IF(ABS(J32-G32)<0.000000001,0,(K32-G32)/(J32-G32)) -> 0 | M32: =IF(ABS(J32-G32)<0.000000001,"Exact station",IF(AND(K32>=G32-0.000001,K32<=J32+0.000001),"Interpolated","Outside range")) -> Exact station | N32: ='FixedP_Lower'!$AE$32+L32*('FixedP_Upper'!$AE$32-'FixedP_Lower'!$AE$32) -> 467.50694 | O32: ='FixedP_Lower'!$AF$32+L32*('FixedP_Upper'!$AF$32-'FixedP_Lower'!$AF$32) -> 537.07393 | P32: 467.50694 | Q32: 537.07393 | R32: =SQRT((N32-P32)^2+(O32-Q32)^2) -> 0
A33: 26 | B33: fixedP-b40.000-branch3 | C33: 3 | D33: 40 | E33: ='FixedP_Lower'!$G$33 -> retained c/D (not the cap rule) | F33: ='FixedP_Lower'!$H$33 -> 1.5 | G33: ='FixedP_Lower'!$AD$33 -> 17670.346 | H33: ='FixedP_Upper'!$G$33 -> retained c/D (not the cap rule) | I33: ='FixedP_Upper'!$H$33 -> 1.5 | J33: ='FixedP_Upper'!$AD$33 -> 17670.346 | K33: =Selected_P -> 17670.346 | L33: =IF(ABS(J33-G33)<0.000000001,0,(K33-G33)/(J33-G33)) -> 0 | M33: =IF(ABS(J33-G33)<0.000000001,"Exact station",IF(AND(K33>=G33-0.000001,K33<=J33+0.000001),"Interpolated","Outside range")) -> Exact station | N33: ='FixedP_Lower'!$AE$33+L33*('FixedP_Upper'!$AE$33-'FixedP_Lower'!$AE$33) -> 701.26041 | O33: ='FixedP_Lower'!$AF$33+L33*('FixedP_Upper'!$AF$33-'FixedP_Lower'!$AF$33) -> 805.61089 | P33: 701.26041 | Q33: 805.61089 | R33: =SQRT((N33-P33)^2+(O33-Q33)^2) -> 0
A34: 27 | B34: fixedP-b40.000-branch4 | C34: 4 | D34: 40 | E34: ='FixedP_Lower'!$G$34 -> retained c/D (not the cap rule) | F34: ='FixedP_Lower'!$H$34 -> 1.2 | G34: ='FixedP_Lower'!$AD$34 -> 17670.346 | H34: ='FixedP_Upper'!$G$34 -> retained c/D (not the cap rule) | I34: ='FixedP_Upper'!$H$34 -> 1.2 | J34: ='FixedP_Upper'!$AD$34 -> 17670.346 | K34: =Selected_P -> 17670.346 | L34: =IF(ABS(J34-G34)<0.000000001,0,(K34-G34)/(J34-G34)) -> 0 | M34: =IF(ABS(J34-G34)<0.000000001,"Exact station",IF(AND(K34>=G34-0.000001,K34<=J34+0.000001),"Interpolated","Outside range")) -> Exact station | N34: ='FixedP_Lower'!$AE$34+L34*('FixedP_Upper'!$AE$34-'FixedP_Lower'!$AE$34) -> 935.01388 | O34: ='FixedP_Lower'!$AF$34+L34*('FixedP_Upper'!$AF$34-'FixedP_Lower'!$AF$34) -> 1074.1479 | P34: 935.01388 | Q34: 1074.1479 | R34: =SQRT((N34-P34)^2+(O34-Q34)^2) -> 0
A35: 28 | B35: fixedP-b40.000-branch5 | C35: 5 | D35: 40 | E35: ='FixedP_Lower'!$G$35 -> retained c/D (not the cap rule) | F35: ='FixedP_Lower'!$H$35 -> 1.1 | G35: ='FixedP_Lower'!$AD$35 -> 17670.346 | H35: ='FixedP_Upper'!$G$35 -> retained c/D (not the cap rule) | I35: ='FixedP_Upper'!$H$35 -> 1.1 | J35: ='FixedP_Upper'!$AD$35 -> 17670.346 | K35: =Selected_P -> 17670.346 | L35: =IF(ABS(J35-G35)<0.000000001,0,(K35-G35)/(J35-G35)) -> 0 | M35: =IF(ABS(J35-G35)<0.000000001,"Exact station",IF(AND(K35>=G35-0.000001,K35<=J35+0.000001),"Interpolated","Outside range")) -> Exact station | N35: ='FixedP_Lower'!$AE$35+L35*('FixedP_Upper'!$AE$35-'FixedP_Lower'!$AE$35) -> 1168.7674 | O35: ='FixedP_Lower'!$AF$35+L35*('FixedP_Upper'!$AF$35-'FixedP_Lower'!$AF$35) -> 1342.6848 | P35: 1168.7674 | Q35: 1342.6848 | R35: =SQRT((N35-P35)^2+(O35-Q35)^2) -> 0
A36: 29 | B36: fixedP-b40.000-branch6 | C36: 6 | D36: 40 | E36: ='FixedP_Lower'!$G$36 -> retained c/D (not the cap rule) | F36: ='FixedP_Lower'!$H$36 -> 1 | G36: ='FixedP_Lower'!$AD$36 -> 17670.346 | H36: ='FixedP_Upper'!$G$36 -> retained c/D (not the cap rule) | I36: ='FixedP_Upper'!$H$36 -> 1 | J36: ='FixedP_Upper'!$AD$36 -> 17670.346 | K36: =Selected_P -> 17670.346 | L36: =IF(ABS(J36-G36)<0.000000001,0,(K36-G36)/(J36-G36)) -> 0 | M36: =IF(ABS(J36-G36)<0.000000001,"Exact station",IF(AND(K36>=G36-0.000001,K36<=J36+0.000001),"Interpolated","Outside range")) -> Exact station | N36: ='FixedP_Lower'!$AE$36+L36*('FixedP_Upper'!$AE$36-'FixedP_Lower'!$AE$36) -> 1402.5208 | O36: ='FixedP_Lower'!$AF$36+L36*('FixedP_Upper'!$AF$36-'FixedP_Lower'!$AF$36) -> 1611.2218 | P36: 1402.5208 | Q36: 1611.2218 | R36: =SQRT((N36-P36)^2+(O36-Q36)^2) -> 0
A37: 30 | B37: fixedP-b50.000-branch1 | C37: 1 | D37: 50 | E37: ='FixedP_Lower'!$G$37 -> retained c/D (not the cap rule) | F37: ='FixedP_Lower'!$H$37 -> 3 | G37: ='FixedP_Lower'!$AD$37 -> 17670.346 | H37: ='FixedP_Upper'!$G$37 -> retained c/D (not the cap rule) | I37: ='FixedP_Upper'!$H$37 -> 3 | J37: ='FixedP_Upper'!$AD$37 -> 17670.346 | K37: =Selected_P -> 17670.346 | L37: =IF(ABS(J37-G37)<0.000000001,0,(K37-G37)/(J37-G37)) -> 0 | M37: =IF(ABS(J37-G37)<0.000000001,"Exact station",IF(AND(K37>=G37-0.000001,K37<=J37+0.000001),"Interpolated","Outside range")) -> Exact station | N37: ='FixedP_Lower'!$AE$37+L37*('FixedP_Upper'!$AE$37-'FixedP_Lower'!$AE$37) -> 193.70206 | O37: ='FixedP_Lower'!$AF$37+L37*('FixedP_Upper'!$AF$37-'FixedP_Lower'!$AF$37) -> 306.72728 | P37: 193.70206 | Q37: 306.72728 | R37: =SQRT((N37-P37)^2+(O37-Q37)^2) -> 0
A38: 31 | B38: fixedP-b50.000-branch2 | C38: 2 | D38: 50 | E38: ='FixedP_Lower'!$G$38 -> retained c/D (not the cap rule) | F38: ='FixedP_Lower'!$H$38 -> 2 | G38: ='FixedP_Lower'!$AD$38 -> 17670.346 | H38: ='FixedP_Upper'!$G$38 -> retained c/D (not the cap rule) | I38: ='FixedP_Upper'!$H$38 -> 2 | J38: ='FixedP_Upper'!$AD$38 -> 17670.346 | K38: =Selected_P -> 17670.346 | L38: =IF(ABS(J38-G38)<0.000000001,0,(K38-G38)/(J38-G38)) -> 0 | M38: =IF(ABS(J38-G38)<0.000000001,"Exact station",IF(AND(K38>=G38-0.000001,K38<=J38+0.000001),"Interpolated","Outside range")) -> Exact station | N38: ='FixedP_Lower'!$AE$38+L38*('FixedP_Upper'!$AE$38-'FixedP_Lower'!$AE$38) -> 387.40412 | O38: ='FixedP_Lower'!$AF$38+L38*('FixedP_Upper'!$AF$38-'FixedP_Lower'!$AF$38) -> 613.45456 | P38: 387.40412 | Q38: 613.45456 | R38: =SQRT((N38-P38)^2+(O38-Q38)^2) -> 0
A39: 32 | B39: fixedP-b50.000-branch3 | C39: 3 | D39: 50 | E39: ='FixedP_Lower'!$G$39 -> retained c/D (not the cap rule) | F39: ='FixedP_Lower'!$H$39 -> 1.5 | G39: ='FixedP_Lower'!$AD$39 -> 17670.346 | H39: ='FixedP_Upper'!$G$39 -> retained c/D (not the cap rule) | I39: ='FixedP_Upper'!$H$39 -> 1.5 | J39: ='FixedP_Upper'!$AD$39 -> 17670.346 | K39: =Selected_P -> 17670.346 | L39: =IF(ABS(J39-G39)<0.000000001,0,(K39-G39)/(J39-G39)) -> 0 | M39: =IF(ABS(J39-G39)<0.000000001,"Exact station",IF(AND(K39>=G39-0.000001,K39<=J39+0.000001),"Interpolated","Outside range")) -> Exact station | N39: ='FixedP_Lower'!$AE$39+L39*('FixedP_Upper'!$AE$39-'FixedP_Lower'!$AE$39) -> 581.10618 | O39: ='FixedP_Lower'!$AF$39+L39*('FixedP_Upper'!$AF$39-'FixedP_Lower'!$AF$39) -> 920.18184 | P39: 581.10618 | Q39: 920.18184 | R39: =SQRT((N39-P39)^2+(O39-Q39)^2) -> 0
A40: 33 | B40: fixedP-b50.000-branch4 | C40: 4 | D40: 50 | E40: ='FixedP_Lower'!$G$40 -> retained c/D (not the cap rule) | F40: ='FixedP_Lower'!$H$40 -> 1.2 | G40: ='FixedP_Lower'!$AD$40 -> 17670.346 | H40: ='FixedP_Upper'!$G$40 -> retained c/D (not the cap rule) | I40: ='FixedP_Upper'!$H$40 -> 1.2 | J40: ='FixedP_Upper'!$AD$40 -> 17670.346 | K40: =Selected_P -> 17670.346 | L40: =IF(ABS(J40-G40)<0.000000001,0,(K40-G40)/(J40-G40)) -> 0 | M40: =IF(ABS(J40-G40)<0.000000001,"Exact station",IF(AND(K40>=G40-0.000001,K40<=J40+0.000001),"Interpolated","Outside range")) -> Exact station | N40: ='FixedP_Lower'!$AE$40+L40*('FixedP_Upper'!$AE$40-'FixedP_Lower'!$AE$40) -> 774.80824 | O40: ='FixedP_Lower'!$AF$40+L40*('FixedP_Upper'!$AF$40-'FixedP_Lower'!$AF$40) -> 1226.9091 | P40: 774.80824 | Q40: 1226.9091 | R40: =SQRT((N40-P40)^2+(O40-Q40)^2) -> 0
A41: 34 | B41: fixedP-b50.000-branch5 | C41: 5 | D41: 50 | E41: ='FixedP_Lower'!$G$41 -> retained c/D (not the cap rule) | F41: ='FixedP_Lower'!$H$41 -> 1.1 | G41: ='FixedP_Lower'!$AD$41 -> 17670.346 | H41: ='FixedP_Upper'!$G$41 -> retained c/D (not the cap rule) | I41: ='FixedP_Upper'!$H$41 -> 1.1 | J41: ='FixedP_Upper'!$AD$41 -> 17670.346 | K41: =Selected_P -> 17670.346 | L41: =IF(ABS(J41-G41)<0.000000001,0,(K41-G41)/(J41-G41)) -> 0 | M41: =IF(ABS(J41-G41)<0.000000001,"Exact station",IF(AND(K41>=G41-0.000001,K41<=J41+0.000001),"Interpolated","Outside range")) -> Exact station | N41: ='FixedP_Lower'!$AE$41+L41*('FixedP_Upper'!$AE$41-'FixedP_Lower'!$AE$41) -> 968.5103 | O41: ='FixedP_Lower'!$AF$41+L41*('FixedP_Upper'!$AF$41-'FixedP_Lower'!$AF$41) -> 1533.6364 | P41: 968.5103 | Q41: 1533.6364 | R41: =SQRT((N41-P41)^2+(O41-Q41)^2) -> 0
A42: 35 | B42: fixedP-b50.000-branch6 | C42: 6 | D42: 50 | E42: ='FixedP_Lower'!$G$42 -> retained c/D (not the cap rule) | F42: ='FixedP_Lower'!$H$42 -> 1 | G42: ='FixedP_Lower'!$AD$42 -> 17670.346 | H42: ='FixedP_Upper'!$G$42 -> retained c/D (not the cap rule) | I42: ='FixedP_Upper'!$H$42 -> 1 | J42: ='FixedP_Upper'!$AD$42 -> 17670.346 | K42: =Selected_P -> 17670.346 | L42: =IF(ABS(J42-G42)<0.000000001,0,(K42-G42)/(J42-G42)) -> 0 | M42: =IF(ABS(J42-G42)<0.000000001,"Exact station",IF(AND(K42>=G42-0.000001,K42<=J42+0.000001),"Interpolated","Outside range")) -> Exact station | N42: ='FixedP_Lower'!$AE$42+L42*('FixedP_Upper'!$AE$42-'FixedP_Lower'!$AE$42) -> 1162.2124 | O42: ='FixedP_Lower'!$AF$42+L42*('FixedP_Upper'!$AF$42-'FixedP_Lower'!$AF$42) -> 1840.3637 | P42: 1162.2124 | Q42: 1840.3637 | R42: =SQRT((N42-P42)^2+(O42-Q42)^2) -> 0
A43: 36 | B43: fixedP-b60.000-branch1 | C43: 1 | D43: 60 | E43: ='FixedP_Lower'!$G$43 -> retained c/D (not the cap rule) | F43: ='FixedP_Lower'!$H$43 -> 3 | G43: ='FixedP_Lower'!$AD$43 -> 17670.346 | H43: ='FixedP_Upper'!$G$43 -> retained c/D (not the cap rule) | I43: ='FixedP_Upper'!$H$43 -> 3 | J43: ='FixedP_Upper'!$AD$43 -> 17670.346 | K43: =Selected_P -> 17670.346 | L43: =IF(ABS(J43-G43)<0.000000001,0,(K43-G43)/(J43-G43)) -> 0 | M43: =IF(ABS(J43-G43)<0.000000001,"Exact station",IF(AND(K43>=G43-0.000001,K43<=J43+0.000001),"Interpolated","Outside range")) -> Exact station | N43: ='FixedP_Lower'!$AE$43+L43*('FixedP_Upper'!$AE$43-'FixedP_Lower'!$AE$43) -> 148.85328 | O43: ='FixedP_Lower'!$AF$43+L43*('FixedP_Upper'!$AF$43-'FixedP_Lower'!$AF$43) -> 336.62964 | P43: 148.85328 | Q43: 336.62964 | R43: =SQRT((N43-P43)^2+(O43-Q43)^2) -> 0
A44: 37 | B44: fixedP-b60.000-branch2 | C44: 2 | D44: 60 | E44: ='FixedP_Lower'!$G$44 -> retained c/D (not the cap rule) | F44: ='FixedP_Lower'!$H$44 -> 2 | G44: ='FixedP_Lower'!$AD$44 -> 17670.346 | H44: ='FixedP_Upper'!$G$44 -> retained c/D (not the cap rule) | I44: ='FixedP_Upper'!$H$44 -> 2 | J44: ='FixedP_Upper'!$AD$44 -> 17670.346 | K44: =Selected_P -> 17670.346 | L44: =IF(ABS(J44-G44)<0.000000001,0,(K44-G44)/(J44-G44)) -> 0 | M44: =IF(ABS(J44-G44)<0.000000001,"Exact station",IF(AND(K44>=G44-0.000001,K44<=J44+0.000001),"Interpolated","Outside range")) -> Exact station | N44: ='FixedP_Lower'!$AE$44+L44*('FixedP_Upper'!$AE$44-'FixedP_Lower'!$AE$44) -> 297.70655 | O44: ='FixedP_Lower'!$AF$44+L44*('FixedP_Upper'!$AF$44-'FixedP_Lower'!$AF$44) -> 673.25928 | P44: 297.70655 | Q44: 673.25928 | R44: =SQRT((N44-P44)^2+(O44-Q44)^2) -> 0
A45: 38 | B45: fixedP-b60.000-branch3 | C45: 3 | D45: 60 | E45: ='FixedP_Lower'!$G$45 -> retained c/D (not the cap rule) | F45: ='FixedP_Lower'!$H$45 -> 1.5 | G45: ='FixedP_Lower'!$AD$45 -> 17670.346 | H45: ='FixedP_Upper'!$G$45 -> retained c/D (not the cap rule) | I45: ='FixedP_Upper'!$H$45 -> 1.5 | J45: ='FixedP_Upper'!$AD$45 -> 17670.346 | K45: =Selected_P -> 17670.346 | L45: =IF(ABS(J45-G45)<0.000000001,0,(K45-G45)/(J45-G45)) -> 0 | M45: =IF(ABS(J45-G45)<0.000000001,"Exact station",IF(AND(K45>=G45-0.000001,K45<=J45+0.000001),"Interpolated","Outside range")) -> Exact station | N45: ='FixedP_Lower'!$AE$45+L45*('FixedP_Upper'!$AE$45-'FixedP_Lower'!$AE$45) -> 446.55983 | O45: ='FixedP_Lower'!$AF$45+L45*('FixedP_Upper'!$AF$45-'FixedP_Lower'!$AF$45) -> 1009.8889 | P45: 446.55983 | Q45: 1009.8889 | R45: =SQRT((N45-P45)^2+(O45-Q45)^2) -> 0
A46: 39 | B46: fixedP-b60.000-branch4 | C46: 4 | D46: 60 | E46: ='FixedP_Lower'!$G$46 -> retained c/D (not the cap rule) | F46: ='FixedP_Lower'!$H$46 -> 1.2 | G46: ='FixedP_Lower'!$AD$46 -> 17670.346 | H46: ='FixedP_Upper'!$G$46 -> retained c/D (not the cap rule) | I46: ='FixedP_Upper'!$H$46 -> 1.2 | J46: ='FixedP_Upper'!$AD$46 -> 17670.346 | K46: =Selected_P -> 17670.346 | L46: =IF(ABS(J46-G46)<0.000000001,0,(K46-G46)/(J46-G46)) -> 0 | M46: =IF(ABS(J46-G46)<0.000000001,"Exact station",IF(AND(K46>=G46-0.000001,K46<=J46+0.000001),"Interpolated","Outside range")) -> Exact station | N46: ='FixedP_Lower'!$AE$46+L46*('FixedP_Upper'!$AE$46-'FixedP_Lower'!$AE$46) -> 595.41311 | O46: ='FixedP_Lower'!$AF$46+L46*('FixedP_Upper'!$AF$46-'FixedP_Lower'!$AF$46) -> 1346.5186 | P46: 595.41311 | Q46: 1346.5186 | R46: =SQRT((N46-P46)^2+(O46-Q46)^2) -> 0
A47: 40 | B47: fixedP-b60.000-branch5 | C47: 5 | D47: 60 | E47: ='FixedP_Lower'!$G$47 -> retained c/D (not the cap rule) | F47: ='FixedP_Lower'!$H$47 -> 1.1 | G47: ='FixedP_Lower'!$AD$47 -> 17670.346 | H47: ='FixedP_Upper'!$G$47 -> retained c/D (not the cap rule) | I47: ='FixedP_Upper'!$H$47 -> 1.1 | J47: ='FixedP_Upper'!$AD$47 -> 17670.346 | K47: =Selected_P -> 17670.346 | L47: =IF(ABS(J47-G47)<0.000000001,0,(K47-G47)/(J47-G47)) -> 0 | M47: =IF(ABS(J47-G47)<0.000000001,"Exact station",IF(AND(K47>=G47-0.000001,K47<=J47+0.000001),"Interpolated","Outside range")) -> Exact station | N47: ='FixedP_Lower'!$AE$47+L47*('FixedP_Upper'!$AE$47-'FixedP_Lower'!$AE$47) -> 744.26638 | O47: ='FixedP_Lower'!$AF$47+L47*('FixedP_Upper'!$AF$47-'FixedP_Lower'!$AF$47) -> 1683.1482 | P47: 744.26638 | Q47: 1683.1482 | R47: =SQRT((N47-P47)^2+(O47-Q47)^2) -> 0
A48: 41 | B48: fixedP-b60.000-branch6 | C48: 6 | D48: 60 | E48: ='FixedP_Lower'!$G$48 -> retained c/D (not the cap rule) | F48: ='FixedP_Lower'!$H$48 -> 1 | G48: ='FixedP_Lower'!$AD$48 -> 17670.346 | H48: ='FixedP_Upper'!$G$48 -> retained c/D (not the cap rule) | I48: ='FixedP_Upper'!$H$48 -> 1 | J48: ='FixedP_Upper'!$AD$48 -> 17670.346 | K48: =Selected_P -> 17670.346 | L48: =IF(ABS(J48-G48)<0.000000001,0,(K48-G48)/(J48-G48)) -> 0 | M48: =IF(ABS(J48-G48)<0.000000001,"Exact station",IF(AND(K48>=G48-0.000001,K48<=J48+0.000001),"Interpolated","Outside range")) -> Exact station | N48: ='FixedP_Lower'!$AE$48+L48*('FixedP_Upper'!$AE$48-'FixedP_Lower'!$AE$48) -> 893.11966 | O48: ='FixedP_Lower'!$AF$48+L48*('FixedP_Upper'!$AF$48-'FixedP_Lower'!$AF$48) -> 2019.7778 | P48: 893.11966 | Q48: 2019.7778 | R48: =SQRT((N48-P48)^2+(O48-Q48)^2) -> 0
A49: 42 | B49: fixedP-b70.000-branch1 | C49: 1 | D49: 70 | E49: ='FixedP_Lower'!$G$49 -> retained c/D (not the cap rule) | F49: ='FixedP_Lower'!$H$49 -> 3 | G49: ='FixedP_Lower'!$AD$49 -> 17670.346 | H49: ='FixedP_Upper'!$G$49 -> retained c/D (not the cap rule) | I49: ='FixedP_Upper'!$H$49 -> 3 | J49: ='FixedP_Upper'!$AD$49 -> 17670.346 | K49: =Selected_P -> 17670.346 | L49: =IF(ABS(J49-G49)<0.000000001,0,(K49-G49)/(J49-G49)) -> 0 | M49: =IF(ABS(J49-G49)<0.000000001,"Exact station",IF(AND(K49>=G49-0.000001,K49<=J49+0.000001),"Interpolated","Outside range")) -> Exact station | N49: ='FixedP_Lower'!$AE$49+L49*('FixedP_Upper'!$AE$49-'FixedP_Lower'!$AE$49) -> 103.69494 | O49: ='FixedP_Lower'!$AF$49+L49*('FixedP_Upper'!$AF$49-'FixedP_Lower'!$AF$49) -> 367.68732 | P49: 103.69494 | Q49: 367.68732 | R49: =SQRT((N49-P49)^2+(O49-Q49)^2) -> 0
A50: 43 | B50: fixedP-b70.000-branch2 | C50: 2 | D50: 70 | E50: ='FixedP_Lower'!$G$50 -> retained c/D (not the cap rule) | F50: ='FixedP_Lower'!$H$50 -> 2 | G50: ='FixedP_Lower'!$AD$50 -> 17670.346 | H50: ='FixedP_Upper'!$G$50 -> retained c/D (not the cap rule) | I50: ='FixedP_Upper'!$H$50 -> 2 | J50: ='FixedP_Upper'!$AD$50 -> 17670.346 | K50: =Selected_P -> 17670.346 | L50: =IF(ABS(J50-G50)<0.000000001,0,(K50-G50)/(J50-G50)) -> 0 | M50: =IF(ABS(J50-G50)<0.000000001,"Exact station",IF(AND(K50>=G50-0.000001,K50<=J50+0.000001),"Interpolated","Outside range")) -> Exact station | N50: ='FixedP_Lower'!$AE$50+L50*('FixedP_Upper'!$AE$50-'FixedP_Lower'!$AE$50) -> 207.38987 | O50: ='FixedP_Lower'!$AF$50+L50*('FixedP_Upper'!$AF$50-'FixedP_Lower'!$AF$50) -> 735.37465 | P50: 207.38987 | Q50: 735.37465 | R50: =SQRT((N50-P50)^2+(O50-Q50)^2) -> 0
A51: 44 | B51: fixedP-b70.000-branch3 | C51: 3 | D51: 70 | E51: ='FixedP_Lower'!$G$51 -> retained c/D (not the cap rule) | F51: ='FixedP_Lower'!$H$51 -> 1.5 | G51: ='FixedP_Lower'!$AD$51 -> 17670.346 | H51: ='FixedP_Upper'!$G$51 -> retained c/D (not the cap rule) | I51: ='FixedP_Upper'!$H$51 -> 1.5 | J51: ='FixedP_Upper'!$AD$51 -> 17670.346 | K51: =Selected_P -> 17670.346 | L51: =IF(ABS(J51-G51)<0.000000001,0,(K51-G51)/(J51-G51)) -> 0 | M51: =IF(ABS(J51-G51)<0.000000001,"Exact station",IF(AND(K51>=G51-0.000001,K51<=J51+0.000001),"Interpolated","Outside range")) -> Exact station | N51: ='FixedP_Lower'!$AE$51+L51*('FixedP_Upper'!$AE$51-'FixedP_Lower'!$AE$51) -> 311.08481 | O51: ='FixedP_Lower'!$AF$51+L51*('FixedP_Upper'!$AF$51-'FixedP_Lower'!$AF$51) -> 1103.062 | P51: 311.08481 | Q51: 1103.062 | R51: =SQRT((N51-P51)^2+(O51-Q51)^2) -> 0
A52: 45 | B52: fixedP-b70.000-branch4 | C52: 4 | D52: 70 | E52: ='FixedP_Lower'!$G$52 -> retained c/D (not the cap rule) | F52: ='FixedP_Lower'!$H$52 -> 1.2 | G52: ='FixedP_Lower'!$AD$52 -> 17670.346 | H52: ='FixedP_Upper'!$G$52 -> retained c/D (not the cap rule) | I52: ='FixedP_Upper'!$H$52 -> 1.2 | J52: ='FixedP_Upper'!$AD$52 -> 17670.346 | K52: =Selected_P -> 17670.346 | L52: =IF(ABS(J52-G52)<0.000000001,0,(K52-G52)/(J52-G52)) -> 0 | M52: =IF(ABS(J52-G52)<0.000000001,"Exact station",IF(AND(K52>=G52-0.000001,K52<=J52+0.000001),"Interpolated","Outside range")) -> Exact station | N52: ='FixedP_Lower'!$AE$52+L52*('FixedP_Upper'!$AE$52-'FixedP_Lower'!$AE$52) -> 414.77974 | O52: ='FixedP_Lower'!$AF$52+L52*('FixedP_Upper'!$AF$52-'FixedP_Lower'!$AF$52) -> 1470.7493 | P52: 414.77974 | Q52: 1470.7493 | R52: =SQRT((N52-P52)^2+(O52-Q52)^2) -> 0
A53: 46 | B53: fixedP-b70.000-branch5 | C53: 5 | D53: 70 | E53: ='FixedP_Lower'!$G$53 -> retained c/D (not the cap rule) | F53: ='FixedP_Lower'!$H$53 -> 1.1 | G53: ='FixedP_Lower'!$AD$53 -> 17670.346 | H53: ='FixedP_Upper'!$G$53 -> retained c/D (not the cap rule) | I53: ='FixedP_Upper'!$H$53 -> 1.1 | J53: ='FixedP_Upper'!$AD$53 -> 17670.346 | K53: =Selected_P -> 17670.346 | L53: =IF(ABS(J53-G53)<0.000000001,0,(K53-G53)/(J53-G53)) -> 0 | M53: =IF(ABS(J53-G53)<0.000000001,"Exact station",IF(AND(K53>=G53-0.000001,K53<=J53+0.000001),"Interpolated","Outside range")) -> Exact station | N53: ='FixedP_Lower'!$AE$53+L53*('FixedP_Upper'!$AE$53-'FixedP_Lower'!$AE$53) -> 518.47468 | O53: ='FixedP_Lower'!$AF$53+L53*('FixedP_Upper'!$AF$53-'FixedP_Lower'!$AF$53) -> 1838.4366 | P53: 518.47468 | Q53: 1838.4366 | R53: =SQRT((N53-P53)^2+(O53-Q53)^2) -> 0
A54: 47 | B54: fixedP-b70.000-branch6 | C54: 6 | D54: 70 | E54: ='FixedP_Lower'!$G$54 -> retained c/D (not the cap rule) | F54: ='FixedP_Lower'!$H$54 -> 1 | G54: ='FixedP_Lower'!$AD$54 -> 17670.346 | H54: ='FixedP_Upper'!$G$54 -> retained c/D (not the cap rule) | I54: ='FixedP_Upper'!$H$54 -> 1 | J54: ='FixedP_Upper'!$AD$54 -> 17670.346 | K54: =Selected_P -> 17670.346 | L54: =IF(ABS(J54-G54)<0.000000001,0,(K54-G54)/(J54-G54)) -> 0 | M54: =IF(ABS(J54-G54)<0.000000001,"Exact station",IF(AND(K54>=G54-0.000001,K54<=J54+0.000001),"Interpolated","Outside range")) -> Exact station | N54: ='FixedP_Lower'!$AE$54+L54*('FixedP_Upper'!$AE$54-'FixedP_Lower'!$AE$54) -> 622.16962 | O54: ='FixedP_Lower'!$AF$54+L54*('FixedP_Upper'!$AF$54-'FixedP_Lower'!$AF$54) -> 2206.1239 | P54: 622.16962 | Q54: 2206.1239 | R54: =SQRT((N54-P54)^2+(O54-Q54)^2) -> 0
A55: 48 | B55: fixedP-b80.000-branch1 | C55: 1 | D55: 80 | E55: ='FixedP_Lower'!$G$55 -> retained c/D (not the cap rule) | F55: ='FixedP_Lower'!$H$55 -> 3 | G55: ='FixedP_Lower'!$AD$55 -> 17670.346 | H55: ='FixedP_Upper'!$G$55 -> retained c/D (not the cap rule) | I55: ='FixedP_Upper'!$H$55 -> 3 | J55: ='FixedP_Upper'!$AD$55 -> 17670.346 | K55: =Selected_P -> 17670.346 | L55: =IF(ABS(J55-G55)<0.000000001,0,(K55-G55)/(J55-G55)) -> 0 | M55: =IF(ABS(J55-G55)<0.000000001,"Exact station",IF(AND(K55>=G55-0.000001,K55<=J55+0.000001),"Interpolated","Outside range")) -> Exact station | N55: ='FixedP_Lower'!$AE$55+L55*('FixedP_Upper'!$AE$55-'FixedP_Lower'!$AE$55) -> 55.302578 | O55: ='FixedP_Lower'!$AF$55+L55*('FixedP_Upper'!$AF$55-'FixedP_Lower'!$AF$55) -> 400.55478 | P55: 55.302578 | Q55: 400.55478 | R55: =SQRT((N55-P55)^2+(O55-Q55)^2) -> 0
A56: 49 | B56: fixedP-b80.000-branch2 | C56: 2 | D56: 80 | E56: ='FixedP_Lower'!$G$56 -> retained c/D (not the cap rule) | F56: ='FixedP_Lower'!$H$56 -> 2 | G56: ='FixedP_Lower'!$AD$56 -> 17670.346 | H56: ='FixedP_Upper'!$G$56 -> retained c/D (not the cap rule) | I56: ='FixedP_Upper'!$H$56 -> 2 | J56: ='FixedP_Upper'!$AD$56 -> 17670.346 | K56: =Selected_P -> 17670.346 | L56: =IF(ABS(J56-G56)<0.000000001,0,(K56-G56)/(J56-G56)) -> 0 | M56: =IF(ABS(J56-G56)<0.000000001,"Exact station",IF(AND(K56>=G56-0.000001,K56<=J56+0.000001),"Interpolated","Outside range")) -> Exact station | N56: ='FixedP_Lower'!$AE$56+L56*('FixedP_Upper'!$AE$56-'FixedP_Lower'!$AE$56) -> 110.60516 | O56: ='FixedP_Lower'!$AF$56+L56*('FixedP_Upper'!$AF$56-'FixedP_Lower'!$AF$56) -> 801.10957 | P56: 110.60516 | Q56: 801.10957 | R56: =SQRT((N56-P56)^2+(O56-Q56)^2) -> 0
A57: 50 | B57: fixedP-b80.000-branch3 | C57: 3 | D57: 80 | E57: ='FixedP_Lower'!$G$57 -> retained c/D (not the cap rule) | F57: ='FixedP_Lower'!$H$57 -> 1.5 | G57: ='FixedP_Lower'!$AD$57 -> 17670.346 | H57: ='FixedP_Upper'!$G$57 -> retained c/D (not the cap rule) | I57: ='FixedP_Upper'!$H$57 -> 1.5 | J57: ='FixedP_Upper'!$AD$57 -> 17670.346 | K57: =Selected_P -> 17670.346 | L57: =IF(ABS(J57-G57)<0.000000001,0,(K57-G57)/(J57-G57)) -> 0 | M57: =IF(ABS(J57-G57)<0.000000001,"Exact station",IF(AND(K57>=G57-0.000001,K57<=J57+0.000001),"Interpolated","Outside range")) -> Exact station | N57: ='FixedP_Lower'!$AE$57+L57*('FixedP_Upper'!$AE$57-'FixedP_Lower'!$AE$57) -> 165.90773 | O57: ='FixedP_Lower'!$AF$57+L57*('FixedP_Upper'!$AF$57-'FixedP_Lower'!$AF$57) -> 1201.6644 | P57: 165.90773 | Q57: 1201.6644 | R57: =SQRT((N57-P57)^2+(O57-Q57)^2) -> 0
A58: 51 | B58: fixedP-b80.000-branch4 | C58: 4 | D58: 80 | E58: ='FixedP_Lower'!$G$58 -> retained c/D (not the cap rule) | F58: ='FixedP_Lower'!$H$58 -> 1.2 | G58: ='FixedP_Lower'!$AD$58 -> 17670.346 | H58: ='FixedP_Upper'!$G$58 -> retained c/D (not the cap rule) | I58: ='FixedP_Upper'!$H$58 -> 1.2 | J58: ='FixedP_Upper'!$AD$58 -> 17670.346 | K58: =Selected_P -> 17670.346 | L58: =IF(ABS(J58-G58)<0.000000001,0,(K58-G58)/(J58-G58)) -> 0 | M58: =IF(ABS(J58-G58)<0.000000001,"Exact station",IF(AND(K58>=G58-0.000001,K58<=J58+0.000001),"Interpolated","Outside range")) -> Exact station | N58: ='FixedP_Lower'!$AE$58+L58*('FixedP_Upper'!$AE$58-'FixedP_Lower'!$AE$58) -> 221.21031 | O58: ='FixedP_Lower'!$AF$58+L58*('FixedP_Upper'!$AF$58-'FixedP_Lower'!$AF$58) -> 1602.2191 | P58: 221.21031 | Q58: 1602.2191 | R58: =SQRT((N58-P58)^2+(O58-Q58)^2) -> 0
A59: 52 | B59: fixedP-b80.000-branch5 | C59: 5 | D59: 80 | E59: ='FixedP_Lower'!$G$59 -> retained c/D (not the cap rule) | F59: ='FixedP_Lower'!$H$59 -> 1.1 | G59: ='FixedP_Lower'!$AD$59 -> 17670.346 | H59: ='FixedP_Upper'!$G$59 -> retained c/D (not the cap rule) | I59: ='FixedP_Upper'!$H$59 -> 1.1 | J59: ='FixedP_Upper'!$AD$59 -> 17670.346 | K59: =Selected_P -> 17670.346 | L59: =IF(ABS(J59-G59)<0.000000001,0,(K59-G59)/(J59-G59)) -> 0 | M59: =IF(ABS(J59-G59)<0.000000001,"Exact station",IF(AND(K59>=G59-0.000001,K59<=J59+0.000001),"Interpolated","Outside range")) -> Exact station | N59: ='FixedP_Lower'!$AE$59+L59*('FixedP_Upper'!$AE$59-'FixedP_Lower'!$AE$59) -> 276.51289 | O59: ='FixedP_Lower'!$AF$59+L59*('FixedP_Upper'!$AF$59-'FixedP_Lower'!$AF$59) -> 2002.7739 | P59: 276.51289 | Q59: 2002.7739 | R59: =SQRT((N59-P59)^2+(O59-Q59)^2) -> 0
A60: 53 | B60: fixedP-b90.000-branch1 | C60: 1 | D60: 90 | E60: ='FixedP_Lower'!$G$60 -> retained c/D (not the cap rule) | F60: ='FixedP_Lower'!$H$60 -> 3 | G60: ='FixedP_Lower'!$AD$60 -> 17670.346 | H60: ='FixedP_Upper'!$G$60 -> retained c/D (not the cap rule) | I60: ='FixedP_Upper'!$H$60 -> 3 | J60: ='FixedP_Upper'!$AD$60 -> 17670.346 | K60: =Selected_P -> 17670.346 | L60: =IF(ABS(J60-G60)<0.000000001,0,(K60-G60)/(J60-G60)) -> 0 | M60: =IF(ABS(J60-G60)<0.000000001,"Exact station",IF(AND(K60>=G60-0.000001,K60<=J60+0.000001),"Interpolated","Outside range")) -> Exact station | N60: ='FixedP_Lower'!$AE$60+L60*('FixedP_Upper'!$AE$60-'FixedP_Lower'!$AE$60) -> 0.00031436706 | O60: ='FixedP_Lower'!$AF$60+L60*('FixedP_Upper'!$AF$60-'FixedP_Lower'!$AF$60) -> 435.0891 | P60: 0.00031436706 | Q60: 435.0891 | R60: =SQRT((N60-P60)^2+(O60-Q60)^2) -> 0
A61: 54 | B61: fixedP-b90.000-branch2 | C61: 2 | D61: 90 | E61: ='FixedP_Lower'!$G$61 -> retained c/D (not the cap rule) | F61: ='FixedP_Lower'!$H$61 -> 2 | G61: ='FixedP_Lower'!$AD$61 -> 17670.346 | H61: ='FixedP_Upper'!$G$61 -> retained c/D (not the cap rule) | I61: ='FixedP_Upper'!$H$61 -> 2 | J61: ='FixedP_Upper'!$AD$61 -> 17670.346 | K61: =Selected_P -> 17670.346 | L61: =IF(ABS(J61-G61)<0.000000001,0,(K61-G61)/(J61-G61)) -> 0 | M61: =IF(ABS(J61-G61)<0.000000001,"Exact station",IF(AND(K61>=G61-0.000001,K61<=J61+0.000001),"Interpolated","Outside range")) -> Exact station | N61: ='FixedP_Lower'!$AE$61+L61*('FixedP_Upper'!$AE$61-'FixedP_Lower'!$AE$61) -> 0.00062873412 | O61: ='FixedP_Lower'!$AF$61+L61*('FixedP_Upper'!$AF$61-'FixedP_Lower'!$AF$61) -> 870.17819 | P61: 0.00062873412 | Q61: 870.17819 | R61: =SQRT((N61-P61)^2+(O61-Q61)^2) -> 0
A62: 55 | B62: fixedP-b90.000-branch3 | C62: 3 | D62: 90 | E62: ='FixedP_Lower'!$G$62 -> retained c/D (not the cap rule) | F62: ='FixedP_Lower'!$H$62 -> 1.5 | G62: ='FixedP_Lower'!$AD$62 -> 17670.346 | H62: ='FixedP_Upper'!$G$62 -> retained c/D (not the cap rule) | I62: ='FixedP_Upper'!$H$62 -> 1.5 | J62: ='FixedP_Upper'!$AD$62 -> 17670.346 | K62: =Selected_P -> 17670.346 | L62: =IF(ABS(J62-G62)<0.000000001,0,(K62-G62)/(J62-G62)) -> 0 | M62: =IF(ABS(J62-G62)<0.000000001,"Exact station",IF(AND(K62>=G62-0.000001,K62<=J62+0.000001),"Interpolated","Outside range")) -> Exact station | N62: ='FixedP_Lower'!$AE$62+L62*('FixedP_Upper'!$AE$62-'FixedP_Lower'!$AE$62) -> 0.00094310118 | O62: ='FixedP_Lower'!$AF$62+L62*('FixedP_Upper'!$AF$62-'FixedP_Lower'!$AF$62) -> 1305.2673 | P62: 0.00094310118 | Q62: 1305.2673 | R62: =SQRT((N62-P62)^2+(O62-Q62)^2) -> 0
A63: 56 | B63: fixedP-b90.000-branch4 | C63: 4 | D63: 90 | E63: ='FixedP_Lower'!$G$63 -> retained c/D (not the cap rule) | F63: ='FixedP_Lower'!$H$63 -> 1.2 | G63: ='FixedP_Lower'!$AD$63 -> 17670.346 | H63: ='FixedP_Upper'!$G$63 -> retained c/D (not the cap rule) | I63: ='FixedP_Upper'!$H$63 -> 1.2 | J63: ='FixedP_Upper'!$AD$63 -> 17670.346 | K63: =Selected_P -> 17670.346 | L63: =IF(ABS(J63-G63)<0.000000001,0,(K63-G63)/(J63-G63)) -> 0 | M63: =IF(ABS(J63-G63)<0.000000001,"Exact station",IF(AND(K63>=G63-0.000001,K63<=J63+0.000001),"Interpolated","Outside range")) -> Exact station | N63: ='FixedP_Lower'!$AE$63+L63*('FixedP_Upper'!$AE$63-'FixedP_Lower'!$AE$63) -> 0.0012574682 | O63: ='FixedP_Lower'!$AF$63+L63*('FixedP_Upper'!$AF$63-'FixedP_Lower'!$AF$63) -> 1740.3564 | P63: 0.0012574682 | Q63: 1740.3564 | R63: =SQRT((N63-P63)^2+(O63-Q63)^2) -> 0
A64: 57 | B64: fixedP-b90.000-branch5 | C64: 5 | D64: 90 | E64: ='FixedP_Lower'!$G$64 -> retained c/D (not the cap rule) | F64: ='FixedP_Lower'!$H$64 -> 1.1 | G64: ='FixedP_Lower'!$AD$64 -> 17670.346 | H64: ='FixedP_Upper'!$G$64 -> retained c/D (not the cap rule) | I64: ='FixedP_Upper'!$H$64 -> 1.1 | J64: ='FixedP_Upper'!$AD$64 -> 17670.346 | K64: =Selected_P -> 17670.346 | L64: =IF(ABS(J64-G64)<0.000000001,0,(K64-G64)/(J64-G64)) -> 0 | M64: =IF(ABS(J64-G64)<0.000000001,"Exact station",IF(AND(K64>=G64-0.000001,K64<=J64+0.000001),"Interpolated","Outside range")) -> Exact station | N64: ='FixedP_Lower'!$AE$64+L64*('FixedP_Upper'!$AE$64-'FixedP_Lower'!$AE$64) -> 0.0015718353 | O64: ='FixedP_Lower'!$AF$64+L64*('FixedP_Upper'!$AF$64-'FixedP_Lower'!$AF$64) -> 2175.4455 | P64: 0.0015718353 | Q64: 2175.4455 | R64: =SQRT((N64-P64)^2+(O64-Q64)^2) -> 0
A65: 58 | B65: fixedP-b100.000-branch1 | C65: 1 | D65: 100 | E65: ='FixedP_Lower'!$G$65 -> retained c/D (not the cap rule) | F65: ='FixedP_Lower'!$H$65 -> 3 | G65: ='FixedP_Lower'!$AD$65 -> 17670.346 | H65: ='FixedP_Upper'!$G$65 -> retained c/D (not the cap rule) | I65: ='FixedP_Upper'!$H$65 -> 3 | J65: ='FixedP_Upper'!$AD$65 -> 17670.346 | K65: =Selected_P -> 17670.346 | L65: =IF(ABS(J65-G65)<0.000000001,0,(K65-G65)/(J65-G65)) -> 0 | M65: =IF(ABS(J65-G65)<0.000000001,"Exact station",IF(AND(K65>=G65-0.000001,K65<=J65+0.000001),"Interpolated","Outside range")) -> Exact station | N65: ='FixedP_Lower'!$AE$65+L65*('FixedP_Upper'!$AE$65-'FixedP_Lower'!$AE$65) -> -55.300919 | O65: ='FixedP_Lower'!$AF$65+L65*('FixedP_Upper'!$AF$65-'FixedP_Lower'!$AF$65) -> 400.55294 | P65: -55.300919 | Q65: 400.55294 | R65: =SQRT((N65-P65)^2+(O65-Q65)^2) -> 0
A66: 59 | B66: fixedP-b100.000-branch2 | C66: 2 | D66: 100 | E66: ='FixedP_Lower'!$G$66 -> retained c/D (not the cap rule) | F66: ='FixedP_Lower'!$H$66 -> 2 | G66: ='FixedP_Lower'!$AD$66 -> 17670.346 | H66: ='FixedP_Upper'!$G$66 -> retained c/D (not the cap rule) | I66: ='FixedP_Upper'!$H$66 -> 2 | J66: ='FixedP_Upper'!$AD$66 -> 17670.346 | K66: =Selected_P -> 17670.346 | L66: =IF(ABS(J66-G66)<0.000000001,0,(K66-G66)/(J66-G66)) -> 0 | M66: =IF(ABS(J66-G66)<0.000000001,"Exact station",IF(AND(K66>=G66-0.000001,K66<=J66+0.000001),"Interpolated","Outside range")) -> Exact station | N66: ='FixedP_Lower'!$AE$66+L66*('FixedP_Upper'!$AE$66-'FixedP_Lower'!$AE$66) -> -110.60184 | O66: ='FixedP_Lower'!$AF$66+L66*('FixedP_Upper'!$AF$66-'FixedP_Lower'!$AF$66) -> 801.10587 | P66: -110.60184 | Q66: 801.10587 | R66: =SQRT((N66-P66)^2+(O66-Q66)^2) -> 0
A67: 60 | B67: fixedP-b100.000-branch3 | C67: 3 | D67: 100 | E67: ='FixedP_Lower'!$G$67 -> retained c/D (not the cap rule) | F67: ='FixedP_Lower'!$H$67 -> 1.5 | G67: ='FixedP_Lower'!$AD$67 -> 17670.346 | H67: ='FixedP_Upper'!$G$67 -> retained c/D (not the cap rule) | I67: ='FixedP_Upper'!$H$67 -> 1.5 | J67: ='FixedP_Upper'!$AD$67 -> 17670.346 | K67: =Selected_P -> 17670.346 | L67: =IF(ABS(J67-G67)<0.000000001,0,(K67-G67)/(J67-G67)) -> 0 | M67: =IF(ABS(J67-G67)<0.000000001,"Exact station",IF(AND(K67>=G67-0.000001,K67<=J67+0.000001),"Interpolated","Outside range")) -> Exact station | N67: ='FixedP_Lower'!$AE$67+L67*('FixedP_Upper'!$AE$67-'FixedP_Lower'!$AE$67) -> -165.90276 | O67: ='FixedP_Lower'!$AF$67+L67*('FixedP_Upper'!$AF$67-'FixedP_Lower'!$AF$67) -> 1201.6588 | P67: -165.90276 | Q67: 1201.6588 | R67: =SQRT((N67-P67)^2+(O67-Q67)^2) -> 0
A68: 61 | B68: fixedP-b100.000-branch4 | C68: 4 | D68: 100 | E68: ='FixedP_Lower'!$G$68 -> retained c/D (not the cap rule) | F68: ='FixedP_Lower'!$H$68 -> 1.2 | G68: ='FixedP_Lower'!$AD$68 -> 17670.346 | H68: ='FixedP_Upper'!$G$68 -> retained c/D (not the cap rule) | I68: ='FixedP_Upper'!$H$68 -> 1.2 | J68: ='FixedP_Upper'!$AD$68 -> 17670.346 | K68: =Selected_P -> 17670.346 | L68: =IF(ABS(J68-G68)<0.000000001,0,(K68-G68)/(J68-G68)) -> 0 | M68: =IF(ABS(J68-G68)<0.000000001,"Exact station",IF(AND(K68>=G68-0.000001,K68<=J68+0.000001),"Interpolated","Outside range")) -> Exact station | N68: ='FixedP_Lower'!$AE$68+L68*('FixedP_Upper'!$AE$68-'FixedP_Lower'!$AE$68) -> -221.20368 | O68: ='FixedP_Lower'!$AF$68+L68*('FixedP_Upper'!$AF$68-'FixedP_Lower'!$AF$68) -> 1602.2117 | P68: -221.20368 | Q68: 1602.2117 | R68: =SQRT((N68-P68)^2+(O68-Q68)^2) -> 0
A69: 62 | B69: fixedP-b100.000-branch5 | C69: 5 | D69: 100 | E69: ='FixedP_Lower'!$G$69 -> retained c/D (not the cap rule) | F69: ='FixedP_Lower'!$H$69 -> 1.1 | G69: ='FixedP_Lower'!$AD$69 -> 17670.346 | H69: ='FixedP_Upper'!$G$69 -> retained c/D (not the cap rule) | I69: ='FixedP_Upper'!$H$69 -> 1.1 | J69: ='FixedP_Upper'!$AD$69 -> 17670.346 | K69: =Selected_P -> 17670.346 | L69: =IF(ABS(J69-G69)<0.000000001,0,(K69-G69)/(J69-G69)) -> 0 | M69: =IF(ABS(J69-G69)<0.000000001,"Exact station",IF(AND(K69>=G69-0.000001,K69<=J69+0.000001),"Interpolated","Outside range")) -> Exact station | N69: ='FixedP_Lower'!$AE$69+L69*('FixedP_Upper'!$AE$69-'FixedP_Lower'!$AE$69) -> -276.5046 | O69: ='FixedP_Lower'!$AF$69+L69*('FixedP_Upper'!$AF$69-'FixedP_Lower'!$AF$69) -> 2002.7647 | P69: -276.5046 | Q69: 2002.7647 | R69: =SQRT((N69-P69)^2+(O69-Q69)^2) -> 0
A70: 63 | B70: fixedP-b110.000-branch1 | C70: 1 | D70: 110 | E70: ='FixedP_Lower'!$G$70 -> retained c/D (not the cap rule) | F70: ='FixedP_Lower'!$H$70 -> 3 | G70: ='FixedP_Lower'!$AD$70 -> 17670.346 | H70: ='FixedP_Upper'!$G$70 -> retained c/D (not the cap rule) | I70: ='FixedP_Upper'!$H$70 -> 3 | J70: ='FixedP_Upper'!$AD$70 -> 17670.346 | K70: =Selected_P -> 17670.346 | L70: =IF(ABS(J70-G70)<0.000000001,0,(K70-G70)/(J70-G70)) -> 0 | M70: =IF(ABS(J70-G70)<0.000000001,"Exact station",IF(AND(K70>=G70-0.000001,K70<=J70+0.000001),"Interpolated","Outside range")) -> Exact station | N70: ='FixedP_Lower'!$AE$70+L70*('FixedP_Upper'!$AE$70-'FixedP_Lower'!$AE$70) -> -103.69674 | O70: ='FixedP_Lower'!$AF$70+L70*('FixedP_Upper'!$AF$70-'FixedP_Lower'!$AF$70) -> 367.69251 | P70: -103.69674 | Q70: 367.69251 | R70: =SQRT((N70-P70)^2+(O70-Q70)^2) -> 0
A71: 64 | B71: fixedP-b110.000-branch2 | C71: 2 | D71: 110 | E71: ='FixedP_Lower'!$G$71 -> retained c/D (not the cap rule) | F71: ='FixedP_Lower'!$H$71 -> 2 | G71: ='FixedP_Lower'!$AD$71 -> 17670.346 | H71: ='FixedP_Upper'!$G$71 -> retained c/D (not the cap rule) | I71: ='FixedP_Upper'!$H$71 -> 2 | J71: ='FixedP_Upper'!$AD$71 -> 17670.346 | K71: =Selected_P -> 17670.346 | L71: =IF(ABS(J71-G71)<0.000000001,0,(K71-G71)/(J71-G71)) -> 0 | M71: =IF(ABS(J71-G71)<0.000000001,"Exact station",IF(AND(K71>=G71-0.000001,K71<=J71+0.000001),"Interpolated","Outside range")) -> Exact station | N71: ='FixedP_Lower'!$AE$71+L71*('FixedP_Upper'!$AE$71-'FixedP_Lower'!$AE$71) -> -207.39348 | O71: ='FixedP_Lower'!$AF$71+L71*('FixedP_Upper'!$AF$71-'FixedP_Lower'!$AF$71) -> 735.38501 | P71: -207.39348 | Q71: 735.38501 | R71: =SQRT((N71-P71)^2+(O71-Q71)^2) -> 0
A72: 65 | B72: fixedP-b110.000-branch3 | C72: 3 | D72: 110 | E72: ='FixedP_Lower'!$G$72 -> retained c/D (not the cap rule) | F72: ='FixedP_Lower'!$H$72 -> 1.2 | G72: ='FixedP_Lower'!$AD$72 -> 17670.346 | H72: ='FixedP_Upper'!$G$72 -> retained c/D (not the cap rule) | I72: ='FixedP_Upper'!$H$72 -> 1.2 | J72: ='FixedP_Upper'!$AD$72 -> 17670.346 | K72: =Selected_P -> 17670.346 | L72: =IF(ABS(J72-G72)<0.000000001,0,(K72-G72)/(J72-G72)) -> 0 | M72: =IF(ABS(J72-G72)<0.000000001,"Exact station",IF(AND(K72>=G72-0.000001,K72<=J72+0.000001),"Interpolated","Outside range")) -> Exact station | N72: ='FixedP_Lower'!$AE$72+L72*('FixedP_Upper'!$AE$72-'FixedP_Lower'!$AE$72) -> -414.78697 | O72: ='FixedP_Lower'!$AF$72+L72*('FixedP_Upper'!$AF$72-'FixedP_Lower'!$AF$72) -> 1470.77 | P72: -414.78697 | Q72: 1470.77 | R72: =SQRT((N72-P72)^2+(O72-Q72)^2) -> 0
A73: 66 | B73: fixedP-b110.000-branch4 | C73: 4 | D73: 110 | E73: ='FixedP_Lower'!$G$73 -> retained c/D (not the cap rule) | F73: ='FixedP_Lower'!$H$73 -> 1.1 | G73: ='FixedP_Lower'!$AD$73 -> 17670.346 | H73: ='FixedP_Upper'!$G$73 -> retained c/D (not the cap rule) | I73: ='FixedP_Upper'!$H$73 -> 1.1 | J73: ='FixedP_Upper'!$AD$73 -> 17670.346 | K73: =Selected_P -> 17670.346 | L73: =IF(ABS(J73-G73)<0.000000001,0,(K73-G73)/(J73-G73)) -> 0 | M73: =IF(ABS(J73-G73)<0.000000001,"Exact station",IF(AND(K73>=G73-0.000001,K73<=J73+0.000001),"Interpolated","Outside range")) -> Exact station | N73: ='FixedP_Lower'!$AE$73+L73*('FixedP_Upper'!$AE$73-'FixedP_Lower'!$AE$73) -> -518.48371 | O73: ='FixedP_Lower'!$AF$73+L73*('FixedP_Upper'!$AF$73-'FixedP_Lower'!$AF$73) -> 1838.4625 | P73: -518.48371 | Q73: 1838.4625 | R73: =SQRT((N73-P73)^2+(O73-Q73)^2) -> 0
A74: 67 | B74: fixedP-b110.000-branch5 | C74: 5 | D74: 110 | E74: ='FixedP_Lower'!$G$74 -> retained c/D (not the cap rule) | F74: ='FixedP_Lower'!$H$74 -> 1.5 | G74: ='FixedP_Lower'!$AD$74 -> 17670.346 | H74: ='FixedP_Upper'!$G$74 -> retained c/D (not the cap rule) | I74: ='FixedP_Upper'!$H$74 -> 1.5 | J74: ='FixedP_Upper'!$AD$74 -> 17670.346 | K74: =Selected_P -> 17670.346 | L74: =IF(ABS(J74-G74)<0.000000001,0,(K74-G74)/(J74-G74)) -> 0 | M74: =IF(ABS(J74-G74)<0.000000001,"Exact station",IF(AND(K74>=G74-0.000001,K74<=J74+0.000001),"Interpolated","Outside range")) -> Exact station | N74: ='FixedP_Lower'!$AE$74+L74*('FixedP_Upper'!$AE$74-'FixedP_Lower'!$AE$74) -> -311.09023 | O74: ='FixedP_Lower'!$AF$74+L74*('FixedP_Upper'!$AF$74-'FixedP_Lower'!$AF$74) -> 1103.0775 | P74: -311.09023 | Q74: 1103.0775 | R74: =SQRT((N74-P74)^2+(O74-Q74)^2) -> 0
A75: 68 | B75: fixedP-b110.000-branch6 | C75: 6 | D75: 110 | E75: ='FixedP_Lower'!$G$75 -> retained c/D (not the cap rule) | F75: ='FixedP_Lower'!$H$75 -> 1 | G75: ='FixedP_Lower'!$AD$75 -> 17670.346 | H75: ='FixedP_Upper'!$G$75 -> retained c/D (not the cap rule) | I75: ='FixedP_Upper'!$H$75 -> 1 | J75: ='FixedP_Upper'!$AD$75 -> 17670.346 | K75: =Selected_P -> 17670.346 | L75: =IF(ABS(J75-G75)<0.000000001,0,(K75-G75)/(J75-G75)) -> 0 | M75: =IF(ABS(J75-G75)<0.000000001,"Exact station",IF(AND(K75>=G75-0.000001,K75<=J75+0.000001),"Interpolated","Outside range")) -> Exact station | N75: ='FixedP_Lower'!$AE$75+L75*('FixedP_Upper'!$AE$75-'FixedP_Lower'!$AE$75) -> -622.18045 | O75: ='FixedP_Lower'!$AF$75+L75*('FixedP_Upper'!$AF$75-'FixedP_Lower'!$AF$75) -> 2206.155 | P75: -622.18045 | Q75: 2206.155 | R75: =SQRT((N75-P75)^2+(O75-Q75)^2) -> 0
A76: 69 | B76: fixedP-b120.000-branch1 | C76: 1 | D76: 120 | E76: ='FixedP_Lower'!$G$76 -> retained c/D (not the cap rule) | F76: ='FixedP_Lower'!$H$76 -> 3 | G76: ='FixedP_Lower'!$AD$76 -> 17670.346 | H76: ='FixedP_Upper'!$G$76 -> retained c/D (not the cap rule) | I76: ='FixedP_Upper'!$H$76 -> 3 | J76: ='FixedP_Upper'!$AD$76 -> 17670.346 | K76: =Selected_P -> 17670.346 | L76: =IF(ABS(J76-G76)<0.000000001,0,(K76-G76)/(J76-G76)) -> 0 | M76: =IF(ABS(J76-G76)<0.000000001,"Exact station",IF(AND(K76>=G76-0.000001,K76<=J76+0.000001),"Interpolated","Outside range")) -> Exact station | N76: ='FixedP_Lower'!$AE$76+L76*('FixedP_Upper'!$AE$76-'FixedP_Lower'!$AE$76) -> -148.86222 | O76: ='FixedP_Lower'!$AF$76+L76*('FixedP_Upper'!$AF$76-'FixedP_Lower'!$AF$76) -> 336.64982 | P76: -148.86222 | Q76: 336.64982 | R76: =SQRT((N76-P76)^2+(O76-Q76)^2) -> 0
A77: 70 | B77: fixedP-b120.000-branch2 | C77: 2 | D77: 120 | E77: ='FixedP_Lower'!$G$77 -> retained c/D (not the cap rule) | F77: ='FixedP_Lower'!$H$77 -> 2 | G77: ='FixedP_Lower'!$AD$77 -> 17670.346 | H77: ='FixedP_Upper'!$G$77 -> retained c/D (not the cap rule) | I77: ='FixedP_Upper'!$H$77 -> 2 | J77: ='FixedP_Upper'!$AD$77 -> 17670.346 | K77: =Selected_P -> 17670.346 | L77: =IF(ABS(J77-G77)<0.000000001,0,(K77-G77)/(J77-G77)) -> 0 | M77: =IF(ABS(J77-G77)<0.000000001,"Exact station",IF(AND(K77>=G77-0.000001,K77<=J77+0.000001),"Interpolated","Outside range")) -> Exact station | N77: ='FixedP_Lower'!$AE$77+L77*('FixedP_Upper'!$AE$77-'FixedP_Lower'!$AE$77) -> -297.72444 | O77: ='FixedP_Lower'!$AF$77+L77*('FixedP_Upper'!$AF$77-'FixedP_Lower'!$AF$77) -> 673.29963 | P77: -297.72444 | Q77: 673.29963 | R77: =SQRT((N77-P77)^2+(O77-Q77)^2) -> 0
A78: 71 | B78: fixedP-b120.000-branch3 | C78: 3 | D78: 120 | E78: ='FixedP_Lower'!$G$78 -> retained c/D (not the cap rule) | F78: ='FixedP_Lower'!$H$78 -> 1.5 | G78: ='FixedP_Lower'!$AD$78 -> 17670.346 | H78: ='FixedP_Upper'!$G$78 -> retained c/D (not the cap rule) | I78: ='FixedP_Upper'!$H$78 -> 1.5 | J78: ='FixedP_Upper'!$AD$78 -> 17670.346 | K78: =Selected_P -> 17670.346 | L78: =IF(ABS(J78-G78)<0.000000001,0,(K78-G78)/(J78-G78)) -> 0 | M78: =IF(ABS(J78-G78)<0.000000001,"Exact station",IF(AND(K78>=G78-0.000001,K78<=J78+0.000001),"Interpolated","Outside range")) -> Exact station | N78: ='FixedP_Lower'!$AE$78+L78*('FixedP_Upper'!$AE$78-'FixedP_Lower'!$AE$78) -> -446.58667 | O78: ='FixedP_Lower'!$AF$78+L78*('FixedP_Upper'!$AF$78-'FixedP_Lower'!$AF$78) -> 1009.9495 | P78: -446.58667 | Q78: 1009.9495 | R78: =SQRT((N78-P78)^2+(O78-Q78)^2) -> 0
A79: 72 | B79: fixedP-b120.000-branch4 | C79: 4 | D79: 120 | E79: ='FixedP_Lower'!$G$79 -> retained c/D (not the cap rule) | F79: ='FixedP_Lower'!$H$79 -> 1.2 | G79: ='FixedP_Lower'!$AD$79 -> 17670.346 | H79: ='FixedP_Upper'!$G$79 -> retained c/D (not the cap rule) | I79: ='FixedP_Upper'!$H$79 -> 1.2 | J79: ='FixedP_Upper'!$AD$79 -> 17670.346 | K79: =Selected_P -> 17670.346 | L79: =IF(ABS(J79-G79)<0.000000001,0,(K79-G79)/(J79-G79)) -> 0 | M79: =IF(ABS(J79-G79)<0.000000001,"Exact station",IF(AND(K79>=G79-0.000001,K79<=J79+0.000001),"Interpolated","Outside range")) -> Exact station | N79: ='FixedP_Lower'!$AE$79+L79*('FixedP_Upper'!$AE$79-'FixedP_Lower'!$AE$79) -> -595.44889 | O79: ='FixedP_Lower'!$AF$79+L79*('FixedP_Upper'!$AF$79-'FixedP_Lower'!$AF$79) -> 1346.5993 | P79: -595.44889 | Q79: 1346.5993 | R79: =SQRT((N79-P79)^2+(O79-Q79)^2) -> 0
A80: 73 | B80: fixedP-b120.000-branch5 | C80: 5 | D80: 120 | E80: ='FixedP_Lower'!$G$80 -> retained c/D (not the cap rule) | F80: ='FixedP_Lower'!$H$80 -> 1.1 | G80: ='FixedP_Lower'!$AD$80 -> 17670.346 | H80: ='FixedP_Upper'!$G$80 -> retained c/D (not the cap rule) | I80: ='FixedP_Upper'!$H$80 -> 1.1 | J80: ='FixedP_Upper'!$AD$80 -> 17670.346 | K80: =Selected_P -> 17670.346 | L80: =IF(ABS(J80-G80)<0.000000001,0,(K80-G80)/(J80-G80)) -> 0 | M80: =IF(ABS(J80-G80)<0.000000001,"Exact station",IF(AND(K80>=G80-0.000001,K80<=J80+0.000001),"Interpolated","Outside range")) -> Exact station | N80: ='FixedP_Lower'!$AE$80+L80*('FixedP_Upper'!$AE$80-'FixedP_Lower'!$AE$80) -> -744.31111 | O80: ='FixedP_Lower'!$AF$80+L80*('FixedP_Upper'!$AF$80-'FixedP_Lower'!$AF$80) -> 1683.2491 | P80: -744.31111 | Q80: 1683.2491 | R80: =SQRT((N80-P80)^2+(O80-Q80)^2) -> 0
A81: 74 | B81: fixedP-b120.000-branch6 | C81: 6 | D81: 120 | E81: ='FixedP_Lower'!$G$81 -> retained c/D (not the cap rule) | F81: ='FixedP_Lower'!$H$81 -> 1 | G81: ='FixedP_Lower'!$AD$81 -> 17670.346 | H81: ='FixedP_Upper'!$G$81 -> retained c/D (not the cap rule) | I81: ='FixedP_Upper'!$H$81 -> 1 | J81: ='FixedP_Upper'!$AD$81 -> 17670.346 | K81: =Selected_P -> 17670.346 | L81: =IF(ABS(J81-G81)<0.000000001,0,(K81-G81)/(J81-G81)) -> 0 | M81: =IF(ABS(J81-G81)<0.000000001,"Exact station",IF(AND(K81>=G81-0.000001,K81<=J81+0.000001),"Interpolated","Outside range")) -> Exact station | N81: ='FixedP_Lower'!$AE$81+L81*('FixedP_Upper'!$AE$81-'FixedP_Lower'!$AE$81) -> -893.17333 | O81: ='FixedP_Lower'!$AF$81+L81*('FixedP_Upper'!$AF$81-'FixedP_Lower'!$AF$81) -> 2019.8989 | P81: -893.17333 | Q81: 2019.8989 | R81: =SQRT((N81-P81)^2+(O81-Q81)^2) -> 0
A82: 75 | B82: fixedP-b130.000-branch1 | C82: 1 | D82: 130 | E82: ='FixedP_Lower'!$G$82 -> retained c/D (not the cap rule) | F82: ='FixedP_Lower'!$H$82 -> 3 | G82: ='FixedP_Lower'!$AD$82 -> 17670.346 | H82: ='FixedP_Upper'!$G$82 -> retained c/D (not the cap rule) | I82: ='FixedP_Upper'!$H$82 -> 3 | J82: ='FixedP_Upper'!$AD$82 -> 17670.346 | K82: =Selected_P -> 17670.346 | L82: =IF(ABS(J82-G82)<0.000000001,0,(K82-G82)/(J82-G82)) -> 0 | M82: =IF(ABS(J82-G82)<0.000000001,"Exact station",IF(AND(K82>=G82-0.000001,K82<=J82+0.000001),"Interpolated","Outside range")) -> Exact station | N82: ='FixedP_Lower'!$AE$82+L82*('FixedP_Upper'!$AE$82-'FixedP_Lower'!$AE$82) -> -193.69836 | O82: ='FixedP_Lower'!$AF$82+L82*('FixedP_Upper'!$AF$82-'FixedP_Lower'!$AF$82) -> 306.76185 | P82: -193.69836 | Q82: 306.76185 | R82: =SQRT((N82-P82)^2+(O82-Q82)^2) -> 0
A83: 76 | B83: fixedP-b130.000-branch2 | C83: 2 | D83: 130 | E83: ='FixedP_Lower'!$G$83 -> retained c/D (not the cap rule) | F83: ='FixedP_Lower'!$H$83 -> 2 | G83: ='FixedP_Lower'!$AD$83 -> 17670.346 | H83: ='FixedP_Upper'!$G$83 -> retained c/D (not the cap rule) | I83: ='FixedP_Upper'!$H$83 -> 2 | J83: ='FixedP_Upper'!$AD$83 -> 17670.346 | K83: =Selected_P -> 17670.346 | L83: =IF(ABS(J83-G83)<0.000000001,0,(K83-G83)/(J83-G83)) -> 0 | M83: =IF(ABS(J83-G83)<0.000000001,"Exact station",IF(AND(K83>=G83-0.000001,K83<=J83+0.000001),"Interpolated","Outside range")) -> Exact station | N83: ='FixedP_Lower'!$AE$83+L83*('FixedP_Upper'!$AE$83-'FixedP_Lower'!$AE$83) -> -387.39672 | O83: ='FixedP_Lower'!$AF$83+L83*('FixedP_Upper'!$AF$83-'FixedP_Lower'!$AF$83) -> 613.5237 | P83: -387.39672 | Q83: 613.5237 | R83: =SQRT((N83-P83)^2+(O83-Q83)^2) -> 0
A84: 77 | B84: fixedP-b130.000-branch3 | C84: 3 | D84: 130 | E84: ='FixedP_Lower'!$G$84 -> retained c/D (not the cap rule) | F84: ='FixedP_Lower'!$H$84 -> 1.5 | G84: ='FixedP_Lower'!$AD$84 -> 17670.346 | H84: ='FixedP_Upper'!$G$84 -> retained c/D (not the cap rule) | I84: ='FixedP_Upper'!$H$84 -> 1.5 | J84: ='FixedP_Upper'!$AD$84 -> 17670.346 | K84: =Selected_P -> 17670.346 | L84: =IF(ABS(J84-G84)<0.000000001,0,(K84-G84)/(J84-G84)) -> 0 | M84: =IF(ABS(J84-G84)<0.000000001,"Exact station",IF(AND(K84>=G84-0.000001,K84<=J84+0.000001),"Interpolated","Outside range")) -> Exact station | N84: ='FixedP_Lower'!$AE$84+L84*('FixedP_Upper'!$AE$84-'FixedP_Lower'!$AE$84) -> -581.09508 | O84: ='FixedP_Lower'!$AF$84+L84*('FixedP_Upper'!$AF$84-'FixedP_Lower'!$AF$84) -> 920.28555 | P84: -581.09508 | Q84: 920.28555 | R84: =SQRT((N84-P84)^2+(O84-Q84)^2) -> 0
A85: 78 | B85: fixedP-b130.000-branch4 | C85: 4 | D85: 130 | E85: ='FixedP_Lower'!$G$85 -> retained c/D (not the cap rule) | F85: ='FixedP_Lower'!$H$85 -> 1.2 | G85: ='FixedP_Lower'!$AD$85 -> 17670.346 | H85: ='FixedP_Upper'!$G$85 -> retained c/D (not the cap rule) | I85: ='FixedP_Upper'!$H$85 -> 1.2 | J85: ='FixedP_Upper'!$AD$85 -> 17670.346 | K85: =Selected_P -> 17670.346 | L85: =IF(ABS(J85-G85)<0.000000001,0,(K85-G85)/(J85-G85)) -> 0 | M85: =IF(ABS(J85-G85)<0.000000001,"Exact station",IF(AND(K85>=G85-0.000001,K85<=J85+0.000001),"Interpolated","Outside range")) -> Exact station | N85: ='FixedP_Lower'!$AE$85+L85*('FixedP_Upper'!$AE$85-'FixedP_Lower'!$AE$85) -> -774.79344 | O85: ='FixedP_Lower'!$AF$85+L85*('FixedP_Upper'!$AF$85-'FixedP_Lower'!$AF$85) -> 1227.0474 | P85: -774.79344 | Q85: 1227.0474 | R85: =SQRT((N85-P85)^2+(O85-Q85)^2) -> 0
A86: 79 | B86: fixedP-b130.000-branch5 | C86: 5 | D86: 130 | E86: ='FixedP_Lower'!$G$86 -> retained c/D (not the cap rule) | F86: ='FixedP_Lower'!$H$86 -> 1.1 | G86: ='FixedP_Lower'!$AD$86 -> 17670.346 | H86: ='FixedP_Upper'!$G$86 -> retained c/D (not the cap rule) | I86: ='FixedP_Upper'!$H$86 -> 1.1 | J86: ='FixedP_Upper'!$AD$86 -> 17670.346 | K86: =Selected_P -> 17670.346 | L86: =IF(ABS(J86-G86)<0.000000001,0,(K86-G86)/(J86-G86)) -> 0 | M86: =IF(ABS(J86-G86)<0.000000001,"Exact station",IF(AND(K86>=G86-0.000001,K86<=J86+0.000001),"Interpolated","Outside range")) -> Exact station | N86: ='FixedP_Lower'!$AE$86+L86*('FixedP_Upper'!$AE$86-'FixedP_Lower'!$AE$86) -> -968.49181 | O86: ='FixedP_Lower'!$AF$86+L86*('FixedP_Upper'!$AF$86-'FixedP_Lower'!$AF$86) -> 1533.8092 | P86: -968.49181 | Q86: 1533.8092 | R86: =SQRT((N86-P86)^2+(O86-Q86)^2) -> 0
A87: 80 | B87: fixedP-b130.000-branch6 | C87: 6 | D87: 130 | E87: ='FixedP_Lower'!$G$87 -> retained c/D (not the cap rule) | F87: ='FixedP_Lower'!$H$87 -> 1 | G87: ='FixedP_Lower'!$AD$87 -> 17670.346 | H87: ='FixedP_Upper'!$G$87 -> retained c/D (not the cap rule) | I87: ='FixedP_Upper'!$H$87 -> 1 | J87: ='FixedP_Upper'!$AD$87 -> 17670.346 | K87: =Selected_P -> 17670.346 | L87: =IF(ABS(J87-G87)<0.000000001,0,(K87-G87)/(J87-G87)) -> 0 | M87: =IF(ABS(J87-G87)<0.000000001,"Exact station",IF(AND(K87>=G87-0.000001,K87<=J87+0.000001),"Interpolated","Outside range")) -> Exact station | N87: ='FixedP_Lower'!$AE$87+L87*('FixedP_Upper'!$AE$87-'FixedP_Lower'!$AE$87) -> -1162.1902 | O87: ='FixedP_Lower'!$AF$87+L87*('FixedP_Upper'!$AF$87-'FixedP_Lower'!$AF$87) -> 1840.5711 | P87: -1162.1902 | Q87: 1840.5711 | R87: =SQRT((N87-P87)^2+(O87-Q87)^2) -> 0
A88: 81 | B88: fixedP-b140.000-branch1 | C88: 1 | D88: 140 | E88: ='FixedP_Lower'!$G$88 -> retained c/D (not the cap rule) | F88: ='FixedP_Lower'!$H$88 -> 3 | G88: ='FixedP_Lower'!$AD$88 -> 17670.346 | H88: ='FixedP_Upper'!$G$88 -> retained c/D (not the cap rule) | I88: ='FixedP_Upper'!$H$88 -> 3 | J88: ='FixedP_Upper'!$AD$88 -> 17670.346 | K88: =Selected_P -> 17670.346 | L88: =IF(ABS(J88-G88)<0.000000001,0,(K88-G88)/(J88-G88)) -> 0 | M88: =IF(ABS(J88-G88)<0.000000001,"Exact station",IF(AND(K88>=G88-0.000001,K88<=J88+0.000001),"Interpolated","Outside range")) -> Exact station | N88: ='FixedP_Lower'!$AE$88+L88*('FixedP_Upper'!$AE$88-'FixedP_Lower'!$AE$88) -> -233.74682 | O88: ='FixedP_Lower'!$AF$88+L88*('FixedP_Upper'!$AF$88-'FixedP_Lower'!$AF$88) -> 268.56633 | P88: -233.74682 | Q88: 268.56633 | R88: =SQRT((N88-P88)^2+(O88-Q88)^2) -> 0
A89: 82 | B89: fixedP-b140.000-branch2 | C89: 2 | D89: 140 | E89: ='FixedP_Lower'!$G$89 -> retained c/D (not the cap rule) | F89: ='FixedP_Lower'!$H$89 -> 2 | G89: ='FixedP_Lower'!$AD$89 -> 17670.346 | H89: ='FixedP_Upper'!$G$89 -> retained c/D (not the cap rule) | I89: ='FixedP_Upper'!$H$89 -> 2 | J89: ='FixedP_Upper'!$AD$89 -> 17670.346 | K89: =Selected_P -> 17670.346 | L89: =IF(ABS(J89-G89)<0.000000001,0,(K89-G89)/(J89-G89)) -> 0 | M89: =IF(ABS(J89-G89)<0.000000001,"Exact station",IF(AND(K89>=G89-0.000001,K89<=J89+0.000001),"Interpolated","Outside range")) -> Exact station | N89: ='FixedP_Lower'!$AE$89+L89*('FixedP_Upper'!$AE$89-'FixedP_Lower'!$AE$89) -> -467.49364 | O89: ='FixedP_Lower'!$AF$89+L89*('FixedP_Upper'!$AF$89-'FixedP_Lower'!$AF$89) -> 537.13265 | P89: -467.49364 | Q89: 537.13265 | R89: =SQRT((N89-P89)^2+(O89-Q89)^2) -> 0
A90: 83 | B90: fixedP-b140.000-branch3 | C90: 3 | D90: 140 | E90: ='FixedP_Lower'!$G$90 -> retained c/D (not the cap rule) | F90: ='FixedP_Lower'!$H$90 -> 1.5 | G90: ='FixedP_Lower'!$AD$90 -> 17670.346 | H90: ='FixedP_Upper'!$G$90 -> retained c/D (not the cap rule) | I90: ='FixedP_Upper'!$H$90 -> 1.5 | J90: ='FixedP_Upper'!$AD$90 -> 17670.346 | K90: =Selected_P -> 17670.346 | L90: =IF(ABS(J90-G90)<0.000000001,0,(K90-G90)/(J90-G90)) -> 0 | M90: =IF(ABS(J90-G90)<0.000000001,"Exact station",IF(AND(K90>=G90-0.000001,K90<=J90+0.000001),"Interpolated","Outside range")) -> Exact station | N90: ='FixedP_Lower'!$AE$90+L90*('FixedP_Upper'!$AE$90-'FixedP_Lower'!$AE$90) -> -701.24046 | O90: ='FixedP_Lower'!$AF$90+L90*('FixedP_Upper'!$AF$90-'FixedP_Lower'!$AF$90) -> 805.69898 | P90: -701.24046 | Q90: 805.69898 | R90: =SQRT((N90-P90)^2+(O90-Q90)^2) -> 0
A91: 84 | B91: fixedP-b140.000-branch4 | C91: 4 | D91: 140 | E91: ='FixedP_Lower'!$G$91 -> retained c/D (not the cap rule) | F91: ='FixedP_Lower'!$H$91 -> 1.2 | G91: ='FixedP_Lower'!$AD$91 -> 17670.346 | H91: ='FixedP_Upper'!$G$91 -> retained c/D (not the cap rule) | I91: ='FixedP_Upper'!$H$91 -> 1.2 | J91: ='FixedP_Upper'!$AD$91 -> 17670.346 | K91: =Selected_P -> 17670.346 | L91: =IF(ABS(J91-G91)<0.000000001,0,(K91-G91)/(J91-G91)) -> 0 | M91: =IF(ABS(J91-G91)<0.000000001,"Exact station",IF(AND(K91>=G91-0.000001,K91<=J91+0.000001),"Interpolated","Outside range")) -> Exact station | N91: ='FixedP_Lower'!$AE$91+L91*('FixedP_Upper'!$AE$91-'FixedP_Lower'!$AE$91) -> -934.98727 | O91: ='FixedP_Lower'!$AF$91+L91*('FixedP_Upper'!$AF$91-'FixedP_Lower'!$AF$91) -> 1074.2653 | P91: -934.98727 | Q91: 1074.2653 | R91: =SQRT((N91-P91)^2+(O91-Q91)^2) -> 0
A92: 85 | B92: fixedP-b140.000-branch5 | C92: 5 | D92: 140 | E92: ='FixedP_Lower'!$G$92 -> retained c/D (not the cap rule) | F92: ='FixedP_Lower'!$H$92 -> 1.1 | G92: ='FixedP_Lower'!$AD$92 -> 17670.346 | H92: ='FixedP_Upper'!$G$92 -> retained c/D (not the cap rule) | I92: ='FixedP_Upper'!$H$92 -> 1.1 | J92: ='FixedP_Upper'!$AD$92 -> 17670.346 | K92: =Selected_P -> 17670.346 | L92: =IF(ABS(J92-G92)<0.000000001,0,(K92-G92)/(J92-G92)) -> 0 | M92: =IF(ABS(J92-G92)<0.000000001,"Exact station",IF(AND(K92>=G92-0.000001,K92<=J92+0.000001),"Interpolated","Outside range")) -> Exact station | N92: ='FixedP_Lower'!$AE$92+L92*('FixedP_Upper'!$AE$92-'FixedP_Lower'!$AE$92) -> -1168.7341 | O92: ='FixedP_Lower'!$AF$92+L92*('FixedP_Upper'!$AF$92-'FixedP_Lower'!$AF$92) -> 1342.8316 | P92: -1168.7341 | Q92: 1342.8316 | R92: =SQRT((N92-P92)^2+(O92-Q92)^2) -> 0
A93: 86 | B93: fixedP-b140.000-branch6 | C93: 6 | D93: 140 | E93: ='FixedP_Lower'!$G$93 -> retained c/D (not the cap rule) | F93: ='FixedP_Lower'!$H$93 -> 1 | G93: ='FixedP_Lower'!$AD$93 -> 17670.346 | H93: ='FixedP_Upper'!$G$93 -> retained c/D (not the cap rule) | I93: ='FixedP_Upper'!$H$93 -> 1 | J93: ='FixedP_Upper'!$AD$93 -> 17670.346 | K93: =Selected_P -> 17670.346 | L93: =IF(ABS(J93-G93)<0.000000001,0,(K93-G93)/(J93-G93)) -> 0 | M93: =IF(ABS(J93-G93)<0.000000001,"Exact station",IF(AND(K93>=G93-0.000001,K93<=J93+0.000001),"Interpolated","Outside range")) -> Exact station | N93: ='FixedP_Lower'!$AE$93+L93*('FixedP_Upper'!$AE$93-'FixedP_Lower'!$AE$93) -> -1402.4809 | O93: ='FixedP_Lower'!$AF$93+L93*('FixedP_Upper'!$AF$93-'FixedP_Lower'!$AF$93) -> 1611.398 | P93: -1402.4809 | Q93: 1611.398 | R93: =SQRT((N93-P93)^2+(O93-Q93)^2) -> 0
A94: 87 | B94: fixedP-b150.000-branch1 | C94: 1 | D94: 150 | E94: ='FixedP_Lower'!$G$94 -> retained c/D (not the cap rule) | F94: ='FixedP_Lower'!$H$94 -> 3 | G94: ='FixedP_Lower'!$AD$94 -> 17670.346 | H94: ='FixedP_Upper'!$G$94 -> retained c/D (not the cap rule) | I94: ='FixedP_Upper'!$H$94 -> 3 | J94: ='FixedP_Upper'!$AD$94 -> 17670.346 | K94: =Selected_P -> 17670.346 | L94: =IF(ABS(J94-G94)<0.000000001,0,(K94-G94)/(J94-G94)) -> 0 | M94: =IF(ABS(J94-G94)<0.000000001,"Exact station",IF(AND(K94>=G94-0.000001,K94<=J94+0.000001),"Interpolated","Outside range")) -> Exact station | N94: ='FixedP_Lower'!$AE$94+L94*('FixedP_Upper'!$AE$94-'FixedP_Lower'!$AE$94) -> -264.94124 | O94: ='FixedP_Lower'!$AF$94+L94*('FixedP_Upper'!$AF$94-'FixedP_Lower'!$AF$94) -> 216.42746 | P94: -264.94124 | Q94: 216.42746 | R94: =SQRT((N94-P94)^2+(O94-Q94)^2) -> 0
A95: 88 | B95: fixedP-b150.000-branch2 | C95: 2 | D95: 150 | E95: ='FixedP_Lower'!$G$95 -> retained c/D (not the cap rule) | F95: ='FixedP_Lower'!$H$95 -> 2 | G95: ='FixedP_Lower'!$AD$95 -> 17670.346 | H95: ='FixedP_Upper'!$G$95 -> retained c/D (not the cap rule) | I95: ='FixedP_Upper'!$H$95 -> 2 | J95: ='FixedP_Upper'!$AD$95 -> 17670.346 | K95: =Selected_P -> 17670.346 | L95: =IF(ABS(J95-G95)<0.000000001,0,(K95-G95)/(J95-G95)) -> 0 | M95: =IF(ABS(J95-G95)<0.000000001,"Exact station",IF(AND(K95>=G95-0.000001,K95<=J95+0.000001),"Interpolated","Outside range")) -> Exact station | N95: ='FixedP_Lower'!$AE$95+L95*('FixedP_Upper'!$AE$95-'FixedP_Lower'!$AE$95) -> -529.88248 | O95: ='FixedP_Lower'!$AF$95+L95*('FixedP_Upper'!$AF$95-'FixedP_Lower'!$AF$95) -> 432.85492 | P95: -529.88248 | Q95: 432.85492 | R95: =SQRT((N95-P95)^2+(O95-Q95)^2) -> 0
A96: 89 | B96: fixedP-b150.000-branch3 | C96: 3 | D96: 150 | E96: ='FixedP_Lower'!$G$96 -> retained c/D (not the cap rule) | F96: ='FixedP_Lower'!$H$96 -> 1.5 | G96: ='FixedP_Lower'!$AD$96 -> 17670.346 | H96: ='FixedP_Upper'!$G$96 -> retained c/D (not the cap rule) | I96: ='FixedP_Upper'!$H$96 -> 1.5 | J96: ='FixedP_Upper'!$AD$96 -> 17670.346 | K96: =Selected_P -> 17670.346 | L96: =IF(ABS(J96-G96)<0.000000001,0,(K96-G96)/(J96-G96)) -> 0 | M96: =IF(ABS(J96-G96)<0.000000001,"Exact station",IF(AND(K96>=G96-0.000001,K96<=J96+0.000001),"Interpolated","Outside range")) -> Exact station | N96: ='FixedP_Lower'!$AE$96+L96*('FixedP_Upper'!$AE$96-'FixedP_Lower'!$AE$96) -> -794.82372 | O96: ='FixedP_Lower'!$AF$96+L96*('FixedP_Upper'!$AF$96-'FixedP_Lower'!$AF$96) -> 649.28238 | P96: -794.82372 | Q96: 649.28238 | R96: =SQRT((N96-P96)^2+(O96-Q96)^2) -> 0
A97: 90 | B97: fixedP-b150.000-branch4 | C97: 4 | D97: 150 | E97: ='FixedP_Lower'!$G$97 -> retained c/D (not the cap rule) | F97: ='FixedP_Lower'!$H$97 -> 1.2 | G97: ='FixedP_Lower'!$AD$97 -> 17670.346 | H97: ='FixedP_Upper'!$G$97 -> retained c/D (not the cap rule) | I97: ='FixedP_Upper'!$H$97 -> 1.2 | J97: ='FixedP_Upper'!$AD$97 -> 17670.346 | K97: =Selected_P -> 17670.346 | L97: =IF(ABS(J97-G97)<0.000000001,0,(K97-G97)/(J97-G97)) -> 0 | M97: =IF(ABS(J97-G97)<0.000000001,"Exact station",IF(AND(K97>=G97-0.000001,K97<=J97+0.000001),"Interpolated","Outside range")) -> Exact station | N97: ='FixedP_Lower'!$AE$97+L97*('FixedP_Upper'!$AE$97-'FixedP_Lower'!$AE$97) -> -1059.765 | O97: ='FixedP_Lower'!$AF$97+L97*('FixedP_Upper'!$AF$97-'FixedP_Lower'!$AF$97) -> 865.70984 | P97: -1059.765 | Q97: 865.70984 | R97: =SQRT((N97-P97)^2+(O97-Q97)^2) -> 0
A98: 91 | B98: fixedP-b150.000-branch5 | C98: 5 | D98: 150 | E98: ='FixedP_Lower'!$G$98 -> retained c/D (not the cap rule) | F98: ='FixedP_Lower'!$H$98 -> 1.1 | G98: ='FixedP_Lower'!$AD$98 -> 17670.346 | H98: ='FixedP_Upper'!$G$98 -> retained c/D (not the cap rule) | I98: ='FixedP_Upper'!$H$98 -> 1.1 | J98: ='FixedP_Upper'!$AD$98 -> 17670.346 | K98: =Selected_P -> 17670.346 | L98: =IF(ABS(J98-G98)<0.000000001,0,(K98-G98)/(J98-G98)) -> 0 | M98: =IF(ABS(J98-G98)<0.000000001,"Exact station",IF(AND(K98>=G98-0.000001,K98<=J98+0.000001),"Interpolated","Outside range")) -> Exact station | N98: ='FixedP_Lower'!$AE$98+L98*('FixedP_Upper'!$AE$98-'FixedP_Lower'!$AE$98) -> -1324.7062 | O98: ='FixedP_Lower'!$AF$98+L98*('FixedP_Upper'!$AF$98-'FixedP_Lower'!$AF$98) -> 1082.1373 | P98: -1324.7062 | Q98: 1082.1373 | R98: =SQRT((N98-P98)^2+(O98-Q98)^2) -> 0
A99: 92 | B99: fixedP-b150.000-branch6 | C99: 6 | D99: 150 | E99: ='FixedP_Lower'!$G$99 -> retained c/D (not the cap rule) | F99: ='FixedP_Lower'!$H$99 -> 1 | G99: ='FixedP_Lower'!$AD$99 -> 17670.346 | H99: ='FixedP_Upper'!$G$99 -> retained c/D (not the cap rule) | I99: ='FixedP_Upper'!$H$99 -> 1 | J99: ='FixedP_Upper'!$AD$99 -> 17670.346 | K99: =Selected_P -> 17670.346 | L99: =IF(ABS(J99-G99)<0.000000001,0,(K99-G99)/(J99-G99)) -> 0 | M99: =IF(ABS(J99-G99)<0.000000001,"Exact station",IF(AND(K99>=G99-0.000001,K99<=J99+0.000001),"Interpolated","Outside range")) -> Exact station | N99: ='FixedP_Lower'!$AE$99+L99*('FixedP_Upper'!$AE$99-'FixedP_Lower'!$AE$99) -> -1589.6474 | O99: ='FixedP_Lower'!$AF$99+L99*('FixedP_Upper'!$AF$99-'FixedP_Lower'!$AF$99) -> 1298.5648 | P99: -1589.6474 | Q99: 1298.5648 | R99: =SQRT((N99-P99)^2+(O99-Q99)^2) -> 0
A100: 93 | B100: fixedP-b160.000-branch1 | C100: 1 | D100: 160 | E100: ='FixedP_Lower'!$G$100 -> retained c/D (not the cap rule) | F100: ='FixedP_Lower'!$H$100 -> 3 | G100: ='FixedP_Lower'!$AD$100 -> 17670.346 | H100: ='FixedP_Upper'!$G$100 -> retained c/D (not the cap rule) | I100: ='FixedP_Upper'!$H$100 -> 3 | J100: ='FixedP_Upper'!$AD$100 -> 17670.346 | K100: =Selected_P -> 17670.346 | L100: =IF(ABS(J100-G100)<0.000000001,0,(K100-G100)/(J100-G100)) -> 0 | M100: =IF(ABS(J100-G100)<0.000000001,"Exact station",IF(AND(K100>=G100-0.000001,K100<=J100+0.000001),"Interpolated","Outside range")) -> Exact station | N100: ='FixedP_Lower'!$AE$100+L100*('FixedP_Upper'!$AE$100-'FixedP_Lower'!$AE$100) -> -296.60901 | O100: ='FixedP_Lower'!$AF$100+L100*('FixedP_Upper'!$AF$100-'FixedP_Lower'!$AF$100) -> 158.2174 | P100: -296.60901 | Q100: 158.2174 | R100: =SQRT((N100-P100)^2+(O100-Q100)^2) -> 0
...
