Workbook
Name As: '15-degree'!$E$70
Name As: '30-degree'!$E$70
Name As: '0-degree'!$E$70
Name dia: '15-degree'!$E$19
Name dia: '30-degree'!$E$19
Name dia: '0-degree'!$E$19
Name eco: Input!$E$13
Name ecu: Input!$G$5
Name Es: Input!$E$24
Name fck: Input!$G$4
Name fy: Input!$E$25
Name h: [1]Input!$F$6
Name n: Input!$E$12
Name p: '0-degree'!$F$52
Name p: '15-degree'!$F$52
Name p: '30-degree'!$F$52
Name p: Summary!$F$58
Name p: 'Test Mesh'!$F$24
Name pc: Input!$E$27
Name ps: Input!$E$26
Name xc: '15-degree'!$H$47
Name xc: '30-degree'!$H$47
Name xc: '0-degree'!$H$47
Name yc: '15-degree'!$H$48
Name yc: '30-degree'!$H$48
Name yc: '0-degree'!$H$48

Sheet Input
B3: Material
B4: ● | C4: Concrete | E4: fck | F4: = | G4: 30 | H4: Mpa
E5: εcu | F5: = | G5: =MIN(0.0033-(fck-40)/100000,0.0033) -> 0.0033
C7: Strain - Stress Relationship : Parabolic | M7: [KDS 24 14 21 3.1.2.5 (2)]
C9: 0 ≤ εc ≤ εco | E9: fc = (0.85fck) [ 1 - (1 - εc/εco)n] | P9: ε | Q9: fc
C10: else | E10: fc = 0.85fck | O10: 1 | P10: 0 | Q10: =+IF(P10>=0,IF(P10<=eco,1-(1-P10/eco)^$E$12,1),0)*0.85*fck -> 0
O11: 2 | P11: =+ecu/10*(O11-1) -> 0.00033 | Q11: =+IF(P11>=0,IF(P11<=eco,1-(1-P11/eco)^$E$12,1),0)*0.85*fck -> 7.7207625
C12: n | D12: = | E12: =MIN(1.2+1.5*((100-fck)/60)^4,2) -> 2 | O12: 3 | P12: =+ecu/10*(O12-1) -> 0.00066 | Q12: =+IF(P12>=0,IF(P12<=eco,1-(1-P12/eco)^$E$12,1),0)*0.85*fck -> 14.05305
C13: εco | D13: = | E13: =MAX(0.002+(fck-40)/100000,0.002) -> 0.002 | O13: 4 | P13: =+ecu/10*(O13-1) -> 0.00099 | Q13: =+IF(P13>=0,IF(P13<=eco,1-(1-P13/eco)^$E$12,1),0)*0.85*fck -> 18.996862
O14: 5 | P14: =+ecu/10*(O14-1) -> 0.00132 | Q14: =+IF(P14>=0,IF(P14<=eco,1-(1-P14/eco)^$E$12,1),0)*0.85*fck -> 22.5522
O15: 6 | P15: =+ecu/10*(O15-1) -> 0.00165 | Q15: =+IF(P15>=0,IF(P15<=eco,1-(1-P15/eco)^$E$12,1),0)*0.85*fck -> 24.719062
O16: 7 | P16: =+ecu/10*(O16-1) -> 0.00198 | Q16: =+IF(P16>=0,IF(P16<=eco,1-(1-P16/eco)^$E$12,1),0)*0.85*fck -> 25.49745
O17: 8 | P17: =+ecu/10*(O17-1) -> 0.00231 | Q17: =+IF(P17>=0,IF(P17<=eco,1-(1-P17/eco)^$E$12,1),0)*0.85*fck -> 25.5
O18: 9 | P18: =+ecu/10*(O18-1) -> 0.00264 | Q18: =+IF(P18>=0,IF(P18<=eco,1-(1-P18/eco)^$E$12,1),0)*0.85*fck -> 25.5
O19: 10 | P19: =+ecu/10*(O19-1) -> 0.00297 | Q19: =+IF(P19>=0,IF(P19<=eco,1-(1-P19/eco)^$E$12,1),0)*0.85*fck -> 25.5
B23: ● | C23: Steel
C24: Es | D24: = | E24: 200000 | F24: Mpa
C25: fy | D25: = | E25: 400 | F25: Mpa
C26: φs | D26: = | E26: 0.9
C27: φc | D27: = | E27: 0.65

Sheet Test Mesh
B3: ● | C3: Original Geometry
C4: Boundary
C5: No. | D5: 1 | E5: 2 | F5: 3 | G5: 4 | H5: 5 | I5: 6 | J5: 7 | K5: 8 | L5: 9 | M5: 10 | N5: 11 | O5: 12 | P5: 13 | Q5: 14 | R5: 15 | S5: 16 | T5: 17 | U5: 18
C6: X | D6: -550 | E6: 550 | F6: 750 | G6: 750 | H6: 550 | I6: -550 | J6: -750 | K6: -750 | L6: =+D6 -> -550
C7: Y | D7: 600 | E7: 600 | F7: 400 | G7: -400 | H7: -600 | I7: -600 | J7: -400 | K7: 400 | L7: =+D7 -> 600
C9: Hole1
C10: No. | D10: 1 | E10: 2 | F10: 3 | G10: 4 | H10: 5 | I10: 6 | J10: 7 | K10: 8 | L10: 9 | M10: 10 | N10: 11 | O10: 12 | P10: 13 | Q10: 14 | R10: 15 | S10: 16 | T10: 17 | U10: 18
C11: X | D11: -450 | E11: -250 | F11: -150 | G11: -150 | H11: -250 | I11: -450 | J11: -550 | K11: -550 | L11: =+D11 -> -450
C12: Y | D12: 400 | E12: 400 | F12: 300 | G12: -300 | H12: -400 | I12: -400 | J12: -300 | K12: 300 | L12: =+D12 -> 400
C14: Hole2
C15: No. | D15: 1 | E15: 2 | F15: 3 | G15: 4 | H15: 5 | I15: 6 | J15: 7 | K15: 8 | L15: 9 | M15: 10 | N15: 11 | O15: 12 | P15: 13 | Q15: 14 | R15: 15 | S15: 16 | T15: 17 | U15: 18
C16: X | D16: 250 | E16: 450 | F16: 550 | G16: 550 | H16: 450 | I16: 250 | J16: 150 | K16: 150 | L16: =+D16 -> 250
C17: Y | D17: 400 | E17: 400 | F17: 300 | G17: -300 | H17: -400 | I17: -400 | J17: -300 | K17: 300 | L17: =+D17 -> 400
C19: Rebar
C20: No. | D20: 1 | E20: 2 | F20: 3 | G20: 4 | H20: 5 | I20: 6 | J20: 7 | K20: 8 | L20: 9 | M20: 10 | N20: 11 | O20: 12 | P20: 13 | Q20: 14 | R20: 15 | S20: 16 | T20: 17 | U20: 18
C21: X | D21: -400 | E21: =+D21+200 -> -200 | F21: =+E21+200 -> 0 | G21: =+F21+200 -> 200 | H21: =+G21+200 -> 400 | I21: -400 | J21: -200 | K21: 0 | L21: 200 | M21: 400 | N21: -680 | O21: -680 | P21: -680 | Q21: -680 | R21: 680 | S21: 680 | T21: 680 | U21: 680
C22: Y | D22: 530 | E22: 530 | F22: 530 | G22: 530 | H22: 530 | I22: -530 | J22: -530 | K22: -530 | L22: -530 | M22: -530 | N22: 300 | O22: 100 | P22: -100 | Q22: -300 | R22: 300 | S22: 100 | T22: -100 | U22: -300
B24: ● | C24: After Rotation | F24: 20 | G24: degree | I24: x = x*cos(a) - y*sin(a)
I25: y = x*sin(a) + y*cos(a)
C26: Boundary
C27: No. | D27: 1 | E27: 2 | F27: 3 | G27: 4 | H27: 5 | I27: 6 | J27: 7 | K27: 8 | L27: 9 | M27: 10 | N27: 11 | O27: 12 | P27: 13 | Q27: 14 | R27: 15 | S27: 16 | T27: 17 | U27: 18
C28: X | D28: =D6*COS(RADIANS(p))-D7*SIN(RADIANS(p)) -> -722.04303 | E28: =E6*COS(RADIANS(p))-E7*SIN(RADIANS(p)) -> 311.61886 | F28: =F6*COS(RADIANS(p))-F7*SIN(RADIANS(p)) -> 567.96141 | G28: =G6*COS(RADIANS(p))-G7*SIN(RADIANS(p)) -> 841.57752 | H28: =H6*COS(RADIANS(p))-H7*SIN(RADIANS(p)) -> 722.04303 | I28: =I6*COS(RADIANS(p))-I7*SIN(RADIANS(p)) -> -311.61886 | J28: =J6*COS(RADIANS(p))-J7*SIN(RADIANS(p)) -> -567.96141 | K28: =K6*COS(RADIANS(p))-K7*SIN(RADIANS(p)) -> -841.57752 | L28: =L6*COS(RADIANS(p))-L7*SIN(RADIANS(p)) -> -722.04303
C29: Y | D29: =D6*SIN(RADIANS(p))+D7*COS(RADIANS(p)) -> 375.70449 | E29: =E6*SIN(RADIANS(p))+E7*COS(RADIANS(p)) -> 751.92665 | F29: =F6*SIN(RADIANS(p))+F7*COS(RADIANS(p)) -> 632.39216 | G29: =G6*SIN(RADIANS(p))+G7*COS(RADIANS(p)) -> -119.36194 | H29: =H6*SIN(RADIANS(p))+H7*COS(RADIANS(p)) -> -375.70449 | I29: =I6*SIN(RADIANS(p))+I7*COS(RADIANS(p)) -> -751.92665 | J29: =J6*SIN(RADIANS(p))+J7*COS(RADIANS(p)) -> -632.39216 | K29: =K6*SIN(RADIANS(p))+K7*COS(RADIANS(p)) -> 119.36194 | L29: =L6*SIN(RADIANS(p))+L7*COS(RADIANS(p)) -> 375.70449
C31: Hole1
C32: No. | D32: 1 | E32: 2 | F32: 3 | G32: 4 | H32: 5 | I32: 6 | J32: 7 | K32: 8 | L32: 9 | M32: 10 | N32: 11 | O32: 12 | P32: 13 | Q32: 14 | R32: 15 | S32: 16 | T32: 17 | U32: 18
C33: X | D33: =D11*COS(RADIANS(p))-D12*SIN(RADIANS(p)) -> -559.66974 | E33: =E11*COS(RADIANS(p))-E12*SIN(RADIANS(p)) -> -371.73121 | F33: =F11*COS(RADIANS(p))-F12*SIN(RADIANS(p)) -> -243.55994 | G33: =G11*COS(RADIANS(p))-G12*SIN(RADIANS(p)) -> -38.34785 | H33: =H11*COS(RADIANS(p))-H12*SIN(RADIANS(p)) -> -98.115098 | I33: =I11*COS(RADIANS(p))-I12*SIN(RADIANS(p)) -> -286.05362 | J33: =J11*COS(RADIANS(p))-J12*SIN(RADIANS(p)) -> -414.2249 | K33: =K11*COS(RADIANS(p))-K12*SIN(RADIANS(p)) -> -619.43698 | L33: =L11*COS(RADIANS(p))-L12*SIN(RADIANS(p)) -> -559.66974
C34: Y | D34: =D11*SIN(RADIANS(p))+D12*COS(RADIANS(p)) -> 221.96798 | E34: =E11*SIN(RADIANS(p))+E12*COS(RADIANS(p)) -> 290.37201 | F34: =F11*SIN(RADIANS(p))+F12*COS(RADIANS(p)) -> 230.60476 | G34: =G11*SIN(RADIANS(p))+G12*COS(RADIANS(p)) -> -333.21081 | H34: =H11*SIN(RADIANS(p))+H12*COS(RADIANS(p)) -> -461.38208 | I34: =I11*SIN(RADIANS(p))+I12*COS(RADIANS(p)) -> -529.78611 | J34: =J11*SIN(RADIANS(p))+J12*COS(RADIANS(p)) -> -470.01887 | K34: =K11*SIN(RADIANS(p))+K12*COS(RADIANS(p)) -> 93.796707 | L34: =L11*SIN(RADIANS(p))+L12*COS(RADIANS(p)) -> 221.96798
C36: Hole2
C37: No. | D37: 1 | E37: 2 | F37: 3 | G37: 4 | H37: 5 | I37: 6 | J37: 7 | K37: 8 | L37: 9 | M37: 10 | N37: 11 | O37: 12 | P37: 13 | Q37: 14 | R37: 15 | S37: 16 | T37: 17 | U37: 18
C38: X | D38: =D16*COS(RADIANS(p))-D17*SIN(RADIANS(p)) -> 98.115098 | E38: =E16*COS(RADIANS(p))-E17*SIN(RADIANS(p)) -> 286.05362 | F38: =F16*COS(RADIANS(p))-F17*SIN(RADIANS(p)) -> 414.2249 | G38: =G16*COS(RADIANS(p))-G17*SIN(RADIANS(p)) -> 619.43698 | H38: =H16*COS(RADIANS(p))-H17*SIN(RADIANS(p)) -> 559.66974 | I38: =I16*COS(RADIANS(p))-I17*SIN(RADIANS(p)) -> 371.73121 | J38: =J16*COS(RADIANS(p))-J17*SIN(RADIANS(p)) -> 243.55994 | K38: =K16*COS(RADIANS(p))-K17*SIN(RADIANS(p)) -> 38.34785 | L38: =L16*COS(RADIANS(p))-L17*SIN(RADIANS(p)) -> 98.115098
C39: Y | D39: =D16*SIN(RADIANS(p))+D17*COS(RADIANS(p)) -> 461.38208 | E39: =E16*SIN(RADIANS(p))+E17*COS(RADIANS(p)) -> 529.78611 | F39: =F16*SIN(RADIANS(p))+F17*COS(RADIANS(p)) -> 470.01887 | G39: =G16*SIN(RADIANS(p))+G17*COS(RADIANS(p)) -> -93.796707 | H39: =H16*SIN(RADIANS(p))+H17*COS(RADIANS(p)) -> -221.96798 | I39: =I16*SIN(RADIANS(p))+I17*COS(RADIANS(p)) -> -290.37201 | J39: =J16*SIN(RADIANS(p))+J17*COS(RADIANS(p)) -> -230.60476 | K39: =K16*SIN(RADIANS(p))+K17*COS(RADIANS(p)) -> 333.21081 | L39: =L16*SIN(RADIANS(p))+L17*COS(RADIANS(p)) -> 461.38208
C41: Rebar
C42: No. | D42: 1 | E42: 2 | F42: 3 | G42: 4 | H42: 5 | I42: 6 | J42: 7 | K42: 8 | L42: 9 | M42: 10 | N42: 11 | O42: 12 | P42: 13 | Q42: 14 | R42: 15 | S42: 16 | T42: 17 | U42: 18
C43: X | D43: =D21*COS(RADIANS(p))-D22*SIN(RADIANS(p)) -> -557.14772 | E43: =E21*COS(RADIANS(p))-E22*SIN(RADIANS(p)) -> -369.2092 | F43: =F21*COS(RADIANS(p))-F22*SIN(RADIANS(p)) -> -181.27068 | G43: =G21*COS(RADIANS(p))-G22*SIN(RADIANS(p)) -> 6.6678482 | H43: =H21*COS(RADIANS(p))-H22*SIN(RADIANS(p)) -> 194.60637 | I43: =I21*COS(RADIANS(p))-I22*SIN(RADIANS(p)) -> -194.60637 | J43: =J21*COS(RADIANS(p))-J22*SIN(RADIANS(p)) -> -6.6678482 | K43: =K21*COS(RADIANS(p))-K22*SIN(RADIANS(p)) -> 181.27068 | ... U43: =U21*COS(RADIANS(p))-U22*SIN(RADIANS(p)) -> 741.59703
C44: Y | D44: =D21*SIN(RADIANS(p))+D22*COS(RADIANS(p)) -> 361.22903 | E44: =E21*SIN(RADIANS(p))+E22*COS(RADIANS(p)) -> 429.63306 | F44: =F21*SIN(RADIANS(p))+F22*COS(RADIANS(p)) -> 498.03709 | G44: =G21*SIN(RADIANS(p))+G22*COS(RADIANS(p)) -> 566.44112 | H44: =H21*SIN(RADIANS(p))+H22*COS(RADIANS(p)) -> 634.84515 | I44: =I21*SIN(RADIANS(p))+I22*COS(RADIANS(p)) -> -634.84515 | J44: =J21*SIN(RADIANS(p))+J22*COS(RADIANS(p)) -> -566.44112 | K44: =K21*SIN(RADIANS(p))+K22*COS(RADIANS(p)) -> -498.03709 | ... U44: =U21*SIN(RADIANS(p))+U22*COS(RADIANS(p)) -> -49.334089
D46: Max | E46: Min | G46: Boundary | J46: Area
C47: X | D47: =MAX(D28:U28) -> 841.57752 | E47: =MIN(D28:U28) -> -841.57752 | G47: Depth | H47: Width | J47: Boundary | K47: Hole1 | L47: Hole2 | M47: SUM | O47: Number of Mesh | R47: 30
C48: Y | D48: =MAX(D29:U29) -> 751.92665 | E48: =MIN(D29:U29) -> -751.92665 | G48: =+D48-E48 -> 1503.8533 | H48: =+D47-E47 -> 1683.155 | J48: =0.5*ABS(SUMPRODUCT(D28:K28,E29:L29)-SUMPRODUCT(D29:K29,E28:L28)) -> 1720000 | K48: =0.5*ABS(SUMPRODUCT(D33:K33,E34:L34)-SUMPRODUCT(D34:K34,E33:L33)) -> 300000 | L48: =0.5*ABS(SUMPRODUCT(D38:K38,E39:L39)-SUMPRODUCT(D39:K39,E38:L38)) -> 300000 | M48: =+J48-K48-L48 -> 1120000 | O48: Thickness | R48: =G48/R47 -> 50.128443
BZ51: Compare Area
D52: Line Equation for line (x1 y1) to (x2 y2) | L52: Intersection with Line of y = d | AC52: Select Intersection in range (x1, x2) (y1, y2) | BB52: Sort by X, and get unique | BS52: Length of lines by intersection | BZ52: Original | CA52: =+M48 -> 1120000
D53: ax + by + c = 0 | L53: x = (-b*d -c) / a | AC53: if ( x1 = x2) y >= min (y1, y2) and y <= max (y1, y2) | BB53: Sort by X ascending order | BS53: Length = Xn+1 - Xn if n is odd (get in of section) | BZ53: Mesh | CA53: =+CA57 -> 1122254 | CI53: x = x'*cos(a) + y'*sin(a)
D54: a = y1 - y2 | F54: b = x2 - x1 | H54: c = x1*y2 - x2*y1 | L54: y = d | AC54: else x >= min (x1, x2) and x <= max (x1, x2) | BB54: get distinct (unique) X-intersection | BS54: Length = 0 if I is even (get out of section) | BZ54: Diff. | CA54: =(CA53-CA52)/CA52 -> 0.0020125366 | CC54: xCentroid = Sum (Xi * Li) / SumL | CI54: y = -x'*sin(a) + y'*cos(a)
CI55: Centroid Coo. in new system and origin system
D56: Boundary: X - Intersection | L56: Hole 1: X - Intersection | T56: Hole 2: X - Intersection | AC56: Boundary: X - Intersection | AK56: Hole 1: X - Intersection | AS56: Hole 2: X - Intersection | BB56: Intersection - X | BJ56: Intersection - Y | BR56: No. Int. | BS56: Length of line segments by intersction points | BZ56: Total Length | CA56: Area | CB56: X of Centroid for line segments | CI56: X | CJ56: Y | CK56: X | CL56: Y
B57: No | C57: di | D57: 1 | E57: 2 | F57: 3 | G57: 4 | H57: 5 | I57: 6 | J57: 7 | K57: 8 | L57: 1 | M57: 2 | N57: 3 | O57: 4 | P57: 5 | Q57: 6 | R57: 7 | S57: 8 | T57: 1 | U57: 2 | V57: 3 | W57: 4 | X57: 5 | Y57: 6 | Z57: 7 | AA57: 8 | AC57: 1 | AD57: 2 | AE57: 3 | AF57: 4 | AG57: 5 | AH57: 6 | AI57: 7 | AJ57: 8 | AK57: 1 | AL57: 2 | AM57: 3 | AN57: 4 | AO57: 5 | AP57: 6 | AQ57: 7 | AR57: 8 | AS57: 1 | AT57: 2 | AU57: 3 | AV57: 4 | AW57: 5 | AX57: 6 | AY57: 7 | AZ57: 8 | BB57: 1 | BC57: 2 | BD57: 3 | BE57: 4 | BF57: 5 | BG57: 6 | BH57: 7 | BI57: 8 | BJ57: 1 | BK57: 2 | BL57: 3 | BM57: 4 | BN57: 5 | BO57: 6 | BP57: 7 | BQ57: 8 | BS57: 1 | BT57: 2 | BU57: 3 | BV57: 4 | BW57: 5 | BX57: 6 | BY57: 7 | BZ57: =+SUM(BZ58:BZ87) -> 22387.57 | CA57: =+SUM(CA58:CA87) -> 1122254 | CB57: 1 | CC57: 2 | CD57: 3 | CE57: 4 | CF57: 5 | CG57: 6 | CH57: 7 | CI57: =+SUM(CI58:CI87) -> 6.2527761e-13 | CJ57: =+SUM(CJ58:CJ87) -> 1.3642421e-12 | CK57: =+SUM(CK58:CK87) -> 0 | CL57: =+SUM(CL58:CL87) -> 0
B58: 1 | C58: =+$D$48-(B58-0.5)*$R$48 -> 726.86243 | D58: =IF(D$29-E$29=0,"",(-(E$28-D$28)*$C58-(D$28*E$29-E$28*D$29))/(D$29-E$29)) -> 242.75547 | E58: =IF(E$29-F$29=0,"",(-(F$28-E$28)*$C58-(E$28*F$29-F$28*E$29))/(E$29-F$29)) -> 365.36925 | F58: =IF(F$29-G$29=0,"",(-(G$28-F$28)*$C58-(F$28*G$29-G$28*F$29))/(F$29-G$29)) -> 533.57704 | G58: =IF(G$29-H$29=0,"",(-(H$28-G$28)*$C58-(G$28*H$29-H$28*G$29))/(G$29-H$29)) -> 1236.1784 | H58: =IF(H$29-I$29=0,"",(-(I$28-H$28)*$C58-(H$28*I$29-I$28*H$29))/(H$29-I$29)) -> 3751.3208 | I58: =IF(I$29-J$29=0,"",(-(J$28-I$28)*$C58-(I$28*J$29-J$28*I$29))/(I$29-J$29)) -> -3482.8923 | J58: =IF(J$29-K$29=0,"",(-(K$28-J$28)*$C58-(J$28*K$29-K$28*J$29))/(J$29-K$29)) -> -1062.6896 | K58: =IF(K$29-L$29=0,"",(-(L$28-K$28)*$C58-(K$28*L$29-L$28*K$29))/(K$29-L$29)) -> -558.29539 | L58: =IF(D$34-E$34=0,"",(-(E$33-D$33)*$C58-(D$33*E$34-E$33*D$34))/(D$34-E$34)) -> 827.51635 | M58: =IF(E$34-F$34=0,"",(-(F$33-E$33)*$C58-(E$33*F$34-F$33*E$34))/(E$34-F$34)) -> -1307.7879 | N58: =IF(F$34-G$34=0,"",(-(G$33-F$33)*$C58-(F$33*G$34-G$33*F$34))/(F$34-G$34)) -> -424.18295 | O58: =IF(G$34-H$34=0,"",(-(H$33-G$33)*$C58-(G$33*H$34-H$33*G$34))/(G$34-H$34)) -> 455.97242 | P58: =IF(H$34-I$34=0,"",(-(I$33-H$33)*$C58-(H$33*I$34-I$33*H$34))/(H$34-I$34)) -> 3166.5599 | Q58: =IF(I$34-J$34=0,"",(-(J$33-I$33)*$C58-(I$33*J$34-J$33*I$34))/(I$34-J$34)) -> -2980.9451 | R58: =IF(J$34-K$34=0,"",(-(K$33-J$33)*$C58-(J$33*K$34-K$33*J$34))/(J$34-K$34)) -> -849.85406 | S58: =IF(K$34-L$34=0,"",(-(L$33-K$33)*$C58-(K$33*L$34-L$33*K$34))/(K$34-L$34)) -> -324.23359 | T58: =IF(D$39-E$39=0,"",(-(E$38-D$38)*$C58-(D$38*E$39-E$38*D$39))/(D$39-E$39)) -> 827.51635 | U58: =IF(E$39-F$39=0,"",(-(F$38-E$38)*$C58-(E$38*F$39-F$38*E$39))/(E$39-F$39)) -> -136.5779 | V58: =IF(F$39-G$39=0,"",(-(G$38-F$38)*$C58-(F$38*G$39-G$38*F$39))/(F$39-G$39)) -> 320.74149 | W58: =IF(G$39-H$39=0,"",(-(H$38-G$38)*$C58-(G$38*H$39-H$38*G$39))/(G$39-H$39)) -> 1002.1166 | X58: =IF(H$39-I$39=0,"",(-(I$38-H$38)*$C58-(H$38*I$39-I$38*H$39))/(H$39-I$39)) -> 3166.5599 | Y58: =IF(I$39-J$39=0,"",(-(J$38-I$38)*$C58-(I$38*J$39-J$38*I$39))/(I$39-J$39)) -> -1809.7351 | Z58: =IF(J$39-K$39=0,"",(-(K$38-J$38)*$C58-(J$38*K$39-K$38*J$39))/(J$39-K$39)) -> -104.92962 | AA58: =IF(K$39-L$39=0,"",(-(L$38-K$38)*$C58-(K$38*L$39-L$38*K$39))/(K$39-L$39)) -> 221.91062 | AC58: =IF(IF(D$28=E$28,AND($C58>=MIN(D$29,E$29),$C58<=MAX(D$29,E$29)),AND(D58>=MIN(D$28,E$28),D58<=MAX(D$28,E$28))),D58,"") -> 242.75547 | AD58: =IF(IF(E$28=F$28,AND($C58>=MIN(E$29,F$29),$C58<=MAX(E$29,F$29)),AND(E58>=MIN(E$28,F$28),E58<=MAX(E$28,F$28))),E58,"") -> 365.36925 | AE58: =IF(IF(F$28=G$28,AND($C58>=MIN(F$29,G$29),$C58<=MAX(F$29,G$29)),AND(F58>=MIN(F$28,G$28),F58<=MAX(F$28,G$28))),F58,"") | AF58: =IF(IF(G$28=H$28,AND($C58>=MIN(G$29,H$29),$C58<=MAX(G$29,H$29)),AND(G58>=MIN(G$28,H$28),G58<=MAX(G$28,H$28))),G58,"") | AG58: =IF(IF(H$28=I$28,AND($C58>=MIN(H$29,I$29),$C58<=MAX(H$29,I$29)),AND(H58>=MIN(H$28,I$28),H58<=MAX(H$28,I$28))),H58,"") | AH58: =IF(IF(I$28=J$28,AND($C58>=MIN(I$29,J$29),$C58<=MAX(I$29,J$29)),AND(I58>=MIN(I$28,J$28),I58<=MAX(I$28,J$28))),I58,"") | AI58: =IF(IF(J$28=K$28,AND($C58>=MIN(J$29,K$29),$C58<=MAX(J$29,K$29)),AND(J58>=MIN(J$28,K$28),J58<=MAX(J$28,K$28))),J58,"") | AJ58: =IF(IF(K$28=L$28,AND($C58>=MIN(K$29,L$29),$C58<=MAX(K$29,L$29)),AND(K58>=MIN(K$28,L$28),K58<=MAX(K$28,L$28))),K58,"") | AK58: =IF(IF(D$33=E$33,AND($C58>=MIN(D$34,E$34),$C58<=MAX(D$34,E$34)),AND(L58>=MIN(D$33,E$33),L58<=MAX(D$33,E$33))),L58,"") | AL58: =IF(IF(E$33=F$33,AND($C58>=MIN(E$34,F$34),$C58<=MAX(E$34,F$34)),AND(M58>=MIN(E$33,F$33),M58<=MAX(E$33,F$33))),M58,"") | AM58: =IF(IF(F$33=G$33,AND($C58>=MIN(F$34,G$34),$C58<=MAX(F$34,G$34)),AND(N58>=MIN(F$33,G$33),N58<=MAX(F$33,G$33))),N58,"") | AN58: =IF(IF(G$33=H$33,AND($C58>=MIN(G$34,H$34),$C58<=MAX(G$34,H$34)),AND(O58>=MIN(G$33,H$33),O58<=MAX(G$33,H$33))),O58,"") | AO58: =IF(IF(H$33=I$33,AND($C58>=MIN(H$34,I$34),$C58<=MAX(H$34,I$34)),AND(P58>=MIN(H$33,I$33),P58<=MAX(H$33,I$33))),P58,"") | AP58: =IF(IF(I$33=J$33,AND($C58>=MIN(I$34,J$34),$C58<=MAX(I$34,J$34)),AND(Q58>=MIN(I$33,J$33),Q58<=MAX(I$33,J$33))),Q58,"") | AQ58: =IF(IF(J$33=K$33,AND($C58>=MIN(J$34,K$34),$C58<=MAX(J$34,K$34)),AND(R58>=MIN(J$33,K$33),R58<=MAX(J$33,K$33))),R58,"") | AR58: =IF(IF(K$33=L$33,AND($C58>=MIN(K$34,L$34),$C58<=MAX(K$34,L$34)),AND(S58>=MIN(K$33,L$33),S58<=MAX(K$33,L$33))),S58,"") | AS58: =IF(IF(D$38=E$38,AND($C58>=MIN(D$39,E$39),$C58<=MAX(D$39,E$39)),AND(T58>=MIN(D$38,E$38),T58<=MAX(D$38,E$38))),T58,"") | AT58: =IF(IF(E$38=F$38,AND($C58>=MIN(E$39,F$39),$C58<=MAX(E$39,F$39)),AND(U58>=MIN(E$38,F$38),U58<=MAX(E$38,F$38))),U58,"") | AU58: =IF(IF(F$38=G$38,AND($C58>=MIN(F$39,G$39),$C58<=MAX(F$39,G$39)),AND(V58>=MIN(F$38,G$38),V58<=MAX(F$38,G$38))),V58,"") | AV58: =IF(IF(G$38=H$38,AND($C58>=MIN(G$39,H$39),$C58<=MAX(G$39,H$39)),AND(W58>=MIN(G$38,H$38),W58<=MAX(G$38,H$38))),W58,"") | AW58: =IF(IF(H$38=I$38,AND($C58>=MIN(H$39,I$39),$C58<=MAX(H$39,I$39)),AND(X58>=MIN(H$38,I$38),X58<=MAX(H$38,I$38))),X58,"") | AX58: =IF(IF(I$38=J$38,AND($C58>=MIN(I$39,J$39),$C58<=MAX(I$39,J$39)),AND(Y58>=MIN(I$38,J$38),Y58<=MAX(I$38,J$38))),Y58,"") | AY58: =IF(IF(J$38=K$38,AND($C58>=MIN(J$39,K$39),$C58<=MAX(J$39,K$39)),AND(Z58>=MIN(J$38,K$38),Z58<=MAX(J$38,K$38))),Z58,"") | AZ58: =IF(IF(K$38=L$38,AND($C58>=MIN(K$39,L$39),$C58<=MAX(K$39,L$39)),AND(AA58>=MIN(K$38,L$38),AA58<=MAX(K$38,L$38))),AA58,"") | BB58: {=IFERROR(_xlfn._xlws.SORT(_xlfn.UNIQUE(_xlfn._xlws.FILTER($AC58:$AZ58,ISNUMBER($AC58:$AZ58)),TRUE),,,TRUE),"")} -> 242.75547 | BC58: 365.36925 | BJ58: =IF(ISNUMBER(BB58),$C58,"") -> 726.86243 | BK58: =IF(ISNUMBER(BC58),$C58,"") -> 726.86243 | BL58: =IF(ISNUMBER(BD58),$C58,"") | BM58: =IF(ISNUMBER(BE58),$C58,"") | BN58: =IF(ISNUMBER(BF58),$C58,"") | BO58: =IF(ISNUMBER(BG58),$C58,"") | BP58: =IF(ISNUMBER(BH58),$C58,"") | BQ58: =IF(ISNUMBER(BI58),$C58,"") | BR58: =COUNTIF(BJ58:BQ58,"<0")+COUNTIF(BJ58:BQ58,">0") -> 2 | BS58: =IF(ISNUMBER(BC58),IF(ISEVEN(BB$57),"hole",(BC58-BB58)),0) -> 122.61378 | BT58: =IF(ISNUMBER(BD58),IF(ISEVEN(BC$57),"hole",(BD58-BC58)),0) -> 0 | BU58: =IF(ISNUMBER(BE58),IF(ISEVEN(BD$57),"hole",(BE58-BD58)),0) -> 0 | BV58: =IF(ISNUMBER(BF58),IF(ISEVEN(BE$57),"hole",(BF58-BE58)),0) -> 0 | BW58: =IF(ISNUMBER(BG58),IF(ISEVEN(BF$57),"hole",(BG58-BF58)),0) -> 0 | BX58: =IF(ISNUMBER(BH58),IF(ISEVEN(BG$57),"hole",(BH58-BG58)),0) -> 0 | BY58: =IF(ISNUMBER(BI58),IF(ISEVEN(BH$57),"hole",(BI58-BH58)),0) -> 0 | BZ58: {=IF(ISEVEN(BR58),SUM(BS58:BY58),SUM(ABS(BS58:BY58)))} -> 122.61378 | CA58: =+BZ58*$R$48 -> 6146.4379 | CB58: =+IF(AND(ISNUMBER(BS58),BS58>0),BB58+BS58/2,0) -> 304.06236 | CC58: =+IF(AND(ISNUMBER(BT58),BT58>0),BC58+BT58/2,0) -> 0 | CD58: =+IF(AND(ISNUMBER(BU58),BU58>0),BD58+BU58/2,0) -> 0 | CE58: =+IF(AND(ISNUMBER(BV58),BV58>0),BE58+BV58/2,0) -> 0 | CF58: =+IF(AND(ISNUMBER(BW58),BW58>0),BF58+BW58/2,0) -> 0 | CG58: =+IF(AND(ISNUMBER(BX58),BX58>0),BG58+BX58/2,0) -> 0 | CH58: =+IF(AND(ISNUMBER(BY58),BY58>0),BH58+BY58/2,0) -> 0 | CI58: =+SUMPRODUCT(BS58:BY58,CB58:CH58)/BZ58 -> 304.06236 | CJ58: =+C58 -> 726.86243 | CK58: =CI58*COS(RADIANS(p)) + CJ58*SIN(RADIANS(p)) -> 534.32675 | CL58: =-CI58*SIN(RADIANS(p)) +CJ58*COS(RADIANS(p)) -> 579.03181
B59: 2 | C59: =+$D$48-(B59-0.5)*$R$48 -> 676.73399 | D59: =IF(D$29-E$29=0,"",(-(E$28-D$28)*$C59-(D$28*E$29-E$28*D$29))/(D$29-E$29)) -> 105.02871 | E59: =IF(E$29-F$29=0,"",(-(F$28-E$28)*$C59-(E$28*F$29-F$28*E$29))/(E$29-F$29)) -> 472.87005 | F59: =IF(F$29-G$29=0,"",(-(G$28-F$28)*$C59-(F$28*G$29-G$28*F$29))/(F$29-G$29)) -> 551.8223 | G59: =IF(G$29-H$29=0,"",(-(H$28-G$28)*$C59-(G$28*H$29-H$28*G$29))/(G$29-H$29)) -> 1212.8032 | H59: =IF(H$29-I$29=0,"",(-(I$28-H$28)*$C59-(H$28*I$29-I$28*H$29))/(H$29-I$29)) -> 3613.594 | I59: =IF(I$29-J$29=0,"",(-(J$28-I$28)*$C59-(I$28*J$29-J$28*I$29))/(I$29-J$29)) -> -3375.3915 | J59: =IF(J$29-K$29=0,"",(-(K$28-J$28)*$C59-(J$28*K$29-K$28*J$29))/(J$29-K$29)) -> -1044.4444 | K59: =IF(K$29-L$29=0,"",(-(L$28-K$28)*$C59-(K$28*L$29-L$28*K$29))/(K$29-L$29)) -> -581.67067 | L59: =IF(D$34-E$34=0,"",(-(E$33-D$33)*$C59-(D$33*E$34-E$33*D$34))/(D$34-E$34)) -> 689.78959 | M59: =IF(E$34-F$34=0,"",(-(F$33-E$33)*$C59-(E$33*F$34-F$33*E$34))/(E$34-F$34)) -> -1200.2871 | N59: =IF(F$34-G$34=0,"",(-(G$33-F$33)*$C59-(F$33*G$34-G$33*F$34))/(F$34-G$34)) -> -405.93769 | O59: =IF(G$34-H$34=0,"",(-(H$33-G$33)*$C59-(G$33*H$34-H$33*G$34))/(G$34-H$34)) -> 432.59714 | P59: =IF(H$34-I$34=0,"",(-(I$33-H$33)*$C59-(H$33*I$34-I$33*H$34))/(H$34-I$34)) -> 3028.8331 | Q59: =IF(I$34-J$34=0,"",(-(J$33-I$33)*$C59-(I$33*J$34-J$33*I$34))/(I$34-J$34)) -> -2873.4443 | R59: =IF(J$34-K$34=0,"",(-(K$33-J$33)*$C59-(J$33*K$34-K$33*J$34))/(J$34-K$34)) -> -831.6088 | S59: =IF(K$34-L$34=0,"",(-(L$33-K$33)*$C59-(K$33*L$34-L$33*K$34))/(K$34-L$34)) -> -347.60887 | T59: =IF(D$39-E$39=0,"",(-(E$38-D$38)*$C59-(D$38*E$39-E$38*D$39))/(D$39-E$39)) -> 689.78959 | U59: =IF(E$39-F$39=0,"",(-(F$38-E$38)*$C59-(E$38*F$39-F$38*E$39))/(E$39-F$39)) -> -29.077109 | V59: =IF(F$39-G$39=0,"",(-(G$38-F$38)*$C59-(F$38*G$39-G$38*F$39))/(F$39-G$39)) -> 338.98675 | W59: =IF(G$39-H$39=0,"",(-(H$38-G$38)*$C59-(G$38*H$39-H$38*G$39))/(G$39-H$39)) -> 978.74135 | X59: =IF(H$39-I$39=0,"",(-(I$38-H$38)*$C59-(H$38*I$39-I$38*H$39))/(H$39-I$39)) -> 3028.8331 | Y59: =IF(I$39-J$39=0,"",(-(J$38-I$38)*$C59-(I$38*J$39-J$38*I$39))/(I$39-J$39)) -> -1702.2343 | Z59: =IF(J$39-K$39=0,"",(-(K$38-J$38)*$C59-(J$38*K$39-K$38*J$39))/(J$39-K$39)) -> -86.684362 | AA59: =IF(K$39-L$39=0,"",(-(L$38-K$38)*$C59-(K$38*L$39-L$38*K$39))/(K$39-L$39)) -> 198.53534 | AC59: =IF(IF(D$28=E$28,AND($C59>=MIN(D$29,E$29),$C59<=MAX(D$29,E$29)),AND(D59>=MIN(D$28,E$28),D59<=MAX(D$28,E$28))),D59,"") -> 105.02871 | AD59: =IF(IF(E$28=F$28,AND($C59>=MIN(E$29,F$29),$C59<=MAX(E$29,F$29)),AND(E59>=MIN(E$28,F$28),E59<=MAX(E$28,F$28))),E59,"") -> 472.87005 | AE59: =IF(IF(F$28=G$28,AND($C59>=MIN(F$29,G$29),$C59<=MAX(F$29,G$29)),AND(F59>=MIN(F$28,G$28),F59<=MAX(F$28,G$28))),F59,"") | AF59: =IF(IF(G$28=H$28,AND($C59>=MIN(G$29,H$29),$C59<=MAX(G$29,H$29)),AND(G59>=MIN(G$28,H$28),G59<=MAX(G$28,H$28))),G59,"") | AG59: =IF(IF(H$28=I$28,AND($C59>=MIN(H$29,I$29),$C59<=MAX(H$29,I$29)),AND(H59>=MIN(H$28,I$28),H59<=MAX(H$28,I$28))),H59,"") | AH59: =IF(IF(I$28=J$28,AND($C59>=MIN(I$29,J$29),$C59<=MAX(I$29,J$29)),AND(I59>=MIN(I$28,J$28),I59<=MAX(I$28,J$28))),I59,"") | AI59: =IF(IF(J$28=K$28,AND($C59>=MIN(J$29,K$29),$C59<=MAX(J$29,K$29)),AND(J59>=MIN(J$28,K$28),J59<=MAX(J$28,K$28))),J59,"") | AJ59: =IF(IF(K$28=L$28,AND($C59>=MIN(K$29,L$29),$C59<=MAX(K$29,L$29)),AND(K59>=MIN(K$28,L$28),K59<=MAX(K$28,L$28))),K59,"") | AK59: =IF(IF(D$33=E$33,AND($C59>=MIN(D$34,E$34),$C59<=MAX(D$34,E$34)),AND(L59>=MIN(D$33,E$33),L59<=MAX(D$33,E$33))),L59,"") | AL59: =IF(IF(E$33=F$33,AND($C59>=MIN(E$34,F$34),$C59<=MAX(E$34,F$34)),AND(M59>=MIN(E$33,F$33),M59<=MAX(E$33,F$33))),M59,"") | AM59: =IF(IF(F$33=G$33,AND($C59>=MIN(F$34,G$34),$C59<=MAX(F$34,G$34)),AND(N59>=MIN(F$33,G$33),N59<=MAX(F$33,G$33))),N59,"") | AN59: =IF(IF(G$33=H$33,AND($C59>=MIN(G$34,H$34),$C59<=MAX(G$34,H$34)),AND(O59>=MIN(G$33,H$33),O59<=MAX(G$33,H$33))),O59,"") | AO59: =IF(IF(H$33=I$33,AND($C59>=MIN(H$34,I$34),$C59<=MAX(H$34,I$34)),AND(P59>=MIN(H$33,I$33),P59<=MAX(H$33,I$33))),P59,"") | AP59: =IF(IF(I$33=J$33,AND($C59>=MIN(I$34,J$34),$C59<=MAX(I$34,J$34)),AND(Q59>=MIN(I$33,J$33),Q59<=MAX(I$33,J$33))),Q59,"") | AQ59: =IF(IF(J$33=K$33,AND($C59>=MIN(J$34,K$34),$C59<=MAX(J$34,K$34)),AND(R59>=MIN(J$33,K$33),R59<=MAX(J$33,K$33))),R59,"") | AR59: =IF(IF(K$33=L$33,AND($C59>=MIN(K$34,L$34),$C59<=MAX(K$34,L$34)),AND(S59>=MIN(K$33,L$33),S59<=MAX(K$33,L$33))),S59,"") | AS59: =IF(IF(D$38=E$38,AND($C59>=MIN(D$39,E$39),$C59<=MAX(D$39,E$39)),AND(T59>=MIN(D$38,E$38),T59<=MAX(D$38,E$38))),T59,"") | AT59: =IF(IF(E$38=F$38,AND($C59>=MIN(E$39,F$39),$C59<=MAX(E$39,F$39)),AND(U59>=MIN(E$38,F$38),U59<=MAX(E$38,F$38))),U59,"") | AU59: =IF(IF(F$38=G$38,AND($C59>=MIN(F$39,G$39),$C59<=MAX(F$39,G$39)),AND(V59>=MIN(F$38,G$38),V59<=MAX(F$38,G$38))),V59,"") | AV59: =IF(IF(G$38=H$38,AND($C59>=MIN(G$39,H$39),$C59<=MAX(G$39,H$39)),AND(W59>=MIN(G$38,H$38),W59<=MAX(G$38,H$38))),W59,"") | AW59: =IF(IF(H$38=I$38,AND($C59>=MIN(H$39,I$39),$C59<=MAX(H$39,I$39)),AND(X59>=MIN(H$38,I$38),X59<=MAX(H$38,I$38))),X59,"") | AX59: =IF(IF(I$38=J$38,AND($C59>=MIN(I$39,J$39),$C59<=MAX(I$39,J$39)),AND(Y59>=MIN(I$38,J$38),Y59<=MAX(I$38,J$38))),Y59,"") | AY59: =IF(IF(J$38=K$38,AND($C59>=MIN(J$39,K$39),$C59<=MAX(J$39,K$39)),AND(Z59>=MIN(J$38,K$38),Z59<=MAX(J$38,K$38))),Z59,"") | AZ59: =IF(IF(K$38=L$38,AND($C59>=MIN(K$39,L$39),$C59<=MAX(K$39,L$39)),AND(AA59>=MIN(K$38,L$38),AA59<=MAX(K$38,L$38))),AA59,"") | BB59: {=IFERROR(_xlfn._xlws.SORT(_xlfn.UNIQUE(_xlfn._xlws.FILTER($AC59:$AZ59,ISNUMBER($AC59:$AZ59)),TRUE),,,TRUE),"")} -> 105.02871 | BC59: 472.87005 | BJ59: =IF(ISNUMBER(BB59),$C59,"") -> 676.73399 | BK59: =IF(ISNUMBER(BC59),$C59,"") -> 676.73399 | BL59: =IF(ISNUMBER(BD59),$C59,"") | BM59: =IF(ISNUMBER(BE59),$C59,"") | BN59: =IF(ISNUMBER(BF59),$C59,"") | BO59: =IF(ISNUMBER(BG59),$C59,"") | BP59: =IF(ISNUMBER(BH59),$C59,"") | BQ59: =IF(ISNUMBER(BI59),$C59,"") | BR59: =COUNTIF(BJ59:BQ59,"<0")+COUNTIF(BJ59:BQ59,">0") -> 2 | BS59: =IF(ISNUMBER(BC59),IF(ISEVEN(BB$57),"hole",(BC59-BB59)),0) -> 367.84134 | BT59: =IF(ISNUMBER(BD59),IF(ISEVEN(BC$57),"hole",(BD59-BC59)),0) -> 0 | BU59: =IF(ISNUMBER(BE59),IF(ISEVEN(BD$57),"hole",(BE59-BD59)),0) -> 0 | BV59: =IF(ISNUMBER(BF59),IF(ISEVEN(BE$57),"hole",(BF59-BE59)),0) -> 0 | BW59: =IF(ISNUMBER(BG59),IF(ISEVEN(BF$57),"hole",(BG59-BF59)),0) -> 0 | BX59: =IF(ISNUMBER(BH59),IF(ISEVEN(BG$57),"hole",(BH59-BG59)),0) -> 0 | BY59: =IF(ISNUMBER(BI59),IF(ISEVEN(BH$57),"hole",(BI59-BH59)),0) -> 0 | BZ59: {=IF(ISEVEN(BR59),SUM(BS59:BY59),SUM(ABS(BS59:BY59)))} -> 367.84134 | CA59: =+BZ59*$R$48 -> 18439.314 | CB59: =+IF(AND(ISNUMBER(BS59),BS59>0),BB59+BS59/2,0) -> 288.94938 | CC59: =+IF(AND(ISNUMBER(BT59),BT59>0),BC59+BT59/2,0) -> 0 | CD59: =+IF(AND(ISNUMBER(BU59),BU59>0),BD59+BU59/2,0) -> 0 | CE59: =+IF(AND(ISNUMBER(BV59),BV59>0),BE59+BV59/2,0) -> 0 | CF59: =+IF(AND(ISNUMBER(BW59),BW59>0),BF59+BW59/2,0) -> 0 | CG59: =+IF(AND(ISNUMBER(BX59),BX59>0),BG59+BX59/2,0) -> 0 | CH59: =+IF(AND(ISNUMBER(BY59),BY59>0),BH59+BY59/2,0) -> 0 | CI59: =+SUMPRODUCT(BS59:BY59,CB59:CH59)/BZ59 -> 288.94938 | CJ59: =+C59 -> 676.73399 | CK59: =CI59*COS(RADIANS(p)) + CJ59*SIN(RADIANS(p)) -> 502.98025 | CL59: =-CI59*SIN(RADIANS(p)) +CJ59*COS(RADIANS(p)) -> 537.09543
B60: 3 | C60: =+$D$48-(B60-0.5)*$R$48 -> 626.60554 | D60: =IF(D$29-E$29=0,"",(-(E$28-D$28)*$C60-(D$28*E$29-E$28*D$29))/(D$29-E$29)) -> -32.69806 | E60: =IF(E$29-F$29=0,"",(-(F$28-E$28)*$C60-(E$28*F$29-F$28*E$29))/(E$29-F$29)) -> 580.37084 | F60: =IF(F$29-G$29=0,"",(-(G$28-F$28)*$C60-(F$28*G$29-G$28*F$29))/(F$29-G$29)) -> 570.06756 | G60: =IF(G$29-H$29=0,"",(-(H$28-G$28)*$C60-(G$28*H$29-H$28*G$29))/(G$29-H$29)) -> 1189.4279 | H60: =IF(H$29-I$29=0,"",(-(I$28-H$28)*$C60-(H$28*I$29-I$28*H$29))/(H$29-I$29)) -> 3475.8672 | I60: =IF(I$29-J$29=0,"",(-(J$28-I$28)*$C60-(I$28*J$29-J$28*I$29))/(I$29-J$29)) -> -3267.8907 | J60: =IF(J$29-K$29=0,"",(-(K$28-J$28)*$C60-(J$28*K$29-K$28*J$29))/(J$29-K$29)) -> -1026.1991 | K60: =IF(K$29-L$29=0,"",(-(L$28-K$28)*$C60-(K$28*L$29-L$28*K$29))/(K$29-L$29)) -> -605.04595 | L60: =IF(D$34-E$34=0,"",(-(E$33-D$33)*$C60-(D$33*E$34-E$33*D$34))/(D$34-E$34)) -> 552.06282 | M60: =IF(E$34-F$34=0,"",(-(F$33-E$33)*$C60-(E$33*F$34-F$33*E$34))/(E$34-F$34)) -> -1092.7863 | N60: =IF(F$34-G$34=0,"",(-(G$33-F$33)*$C60-(F$33*G$34-G$33*F$34))/(F$34-G$34)) -> -387.69243 | O60: =IF(G$34-H$34=0,"",(-(H$33-G$33)*$C60-(G$33*H$34-H$33*G$34))/(G$34-H$34)) -> 409.22186 | P60: =IF(H$34-I$34=0,"",(-(I$33-H$33)*$C60-(H$33*I$34-I$33*H$34))/(H$34-I$34)) -> 2891.1063 | Q60: =IF(I$34-J$34=0,"",(-(J$33-I$33)*$C60-(I$33*J$34-J$33*I$34))/(I$34-J$34)) -> -2765.9435 | R60: =IF(J$34-K$34=0,"",(-(K$33-J$33)*$C60-(J$33*K$34-K$33*J$34))/(J$34-K$34)) -> -813.36354 | S60: =IF(K$34-L$34=0,"",(-(L$33-K$33)*$C60-(K$33*L$34-L$33*K$34))/(K$34-L$34)) -> -370.98414 | T60: =IF(D$39-E$39=0,"",(-(E$38-D$38)*$C60-(D$38*E$39-E$38*D$39))/(D$39-E$39)) -> 552.06282 | U60: =IF(E$39-F$39=0,"",(-(F$38-E$38)*$C60-(E$38*F$39-F$38*E$39))/(E$39-F$39)) -> 78.423684 | V60: =IF(F$39-G$39=0,"",(-(G$38-F$38)*$C60-(F$38*G$39-G$38*F$39))/(F$39-G$39)) -> 357.23201 | W60: =IF(G$39-H$39=0,"",(-(H$38-G$38)*$C60-(G$38*H$39-H$38*G$39))/(G$39-H$39)) -> 955.36607 | X60: =IF(H$39-I$39=0,"",(-(I$38-H$38)*$C60-(H$38*I$39-I$38*H$39))/(H$39-I$39)) -> 2891.1063 | Y60: =IF(I$39-J$39=0,"",(-(J$38-I$38)*$C60-(I$38*J$39-J$38*I$39))/(I$39-J$39)) -> -1594.7335 | Z60: =IF(J$39-K$39=0,"",(-(K$38-J$38)*$C60-(J$38*K$39-K$38*J$39))/(J$39-K$39)) -> -68.4391 | AA60: =IF(K$39-L$39=0,"",(-(L$38-K$38)*$C60-(K$38*L$39-L$38*K$39))/(K$39-L$39)) -> 175.16006 | AC60: =IF(IF(D$28=E$28,AND($C60>=MIN(D$29,E$29),$C60<=MAX(D$29,E$29)),AND(D60>=MIN(D$28,E$28),D60<=MAX(D$28,E$28))),D60,"") -> -32.69806 | AD60: =IF(IF(E$28=F$28,AND($C60>=MIN(E$29,F$29),$C60<=MAX(E$29,F$29)),AND(E60>=MIN(E$28,F$28),E60<=MAX(E$28,F$28))),E60,"") | AE60: =IF(IF(F$28=G$28,AND($C60>=MIN(F$29,G$29),$C60<=MAX(F$29,G$29)),AND(F60>=MIN(F$28,G$28),F60<=MAX(F$28,G$28))),F60,"") -> 570.06756 | AF60: =IF(IF(G$28=H$28,AND($C60>=MIN(G$29,H$29),$C60<=MAX(G$29,H$29)),AND(G60>=MIN(G$28,H$28),G60<=MAX(G$28,H$28))),G60,"") | AG60: =IF(IF(H$28=I$28,AND($C60>=MIN(H$29,I$29),$C60<=MAX(H$29,I$29)),AND(H60>=MIN(H$28,I$28),H60<=MAX(H$28,I$28))),H60,"") | AH60: =IF(IF(I$28=J$28,AND($C60>=MIN(I$29,J$29),$C60<=MAX(I$29,J$29)),AND(I60>=MIN(I$28,J$28),I60<=MAX(I$28,J$28))),I60,"") | AI60: =IF(IF(J$28=K$28,AND($C60>=MIN(J$29,K$29),$C60<=MAX(J$29,K$29)),AND(J60>=MIN(J$28,K$28),J60<=MAX(J$28,K$28))),J60,"") | AJ60: =IF(IF(K$28=L$28,AND($C60>=MIN(K$29,L$29),$C60<=MAX(K$29,L$29)),AND(K60>=MIN(K$28,L$28),K60<=MAX(K$28,L$28))),K60,"") | AK60: =IF(IF(D$33=E$33,AND($C60>=MIN(D$34,E$34),$C60<=MAX(D$34,E$34)),AND(L60>=MIN(D$33,E$33),L60<=MAX(D$33,E$33))),L60,"") | AL60: =IF(IF(E$33=F$33,AND($C60>=MIN(E$34,F$34),$C60<=MAX(E$34,F$34)),AND(M60>=MIN(E$33,F$33),M60<=MAX(E$33,F$33))),M60,"") | AM60: =IF(IF(F$33=G$33,AND($C60>=MIN(F$34,G$34),$C60<=MAX(F$34,G$34)),AND(N60>=MIN(F$33,G$33),N60<=MAX(F$33,G$33))),N60,"") | AN60: =IF(IF(G$33=H$33,AND($C60>=MIN(G$34,H$34),$C60<=MAX(G$34,H$34)),AND(O60>=MIN(G$33,H$33),O60<=MAX(G$33,H$33))),O60,"") | AO60: =IF(IF(H$33=I$33,AND($C60>=MIN(H$34,I$34),$C60<=MAX(H$34,I$34)),AND(P60>=MIN(H$33,I$33),P60<=MAX(H$33,I$33))),P60,"") | AP60: =IF(IF(I$33=J$33,AND($C60>=MIN(I$34,J$34),$C60<=MAX(I$34,J$34)),AND(Q60>=MIN(I$33,J$33),Q60<=MAX(I$33,J$33))),Q60,"") | AQ60: =IF(IF(J$33=K$33,AND($C60>=MIN(J$34,K$34),$C60<=MAX(J$34,K$34)),AND(R60>=MIN(J$33,K$33),R60<=MAX(J$33,K$33))),R60,"") | AR60: =IF(IF(K$33=L$33,AND($C60>=MIN(K$34,L$34),$C60<=MAX(K$34,L$34)),AND(S60>=MIN(K$33,L$33),S60<=MAX(K$33,L$33))),S60,"") | AS60: =IF(IF(D$38=E$38,AND($C60>=MIN(D$39,E$39),$C60<=MAX(D$39,E$39)),AND(T60>=MIN(D$38,E$38),T60<=MAX(D$38,E$38))),T60,"") | AT60: =IF(IF(E$38=F$38,AND($C60>=MIN(E$39,F$39),$C60<=MAX(E$39,F$39)),AND(U60>=MIN(E$38,F$38),U60<=MAX(E$38,F$38))),U60,"") | AU60: =IF(IF(F$38=G$38,AND($C60>=MIN(F$39,G$39),$C60<=MAX(F$39,G$39)),AND(V60>=MIN(F$38,G$38),V60<=MAX(F$38,G$38))),V60,"") | AV60: =IF(IF(G$38=H$38,AND($C60>=MIN(G$39,H$39),$C60<=MAX(G$39,H$39)),AND(W60>=MIN(G$38,H$38),W60<=MAX(G$38,H$38))),W60,"") | AW60: =IF(IF(H$38=I$38,AND($C60>=MIN(H$39,I$39),$C60<=MAX(H$39,I$39)),AND(X60>=MIN(H$38,I$38),X60<=MAX(H$38,I$38))),X60,"") | AX60: =IF(IF(I$38=J$38,AND($C60>=MIN(I$39,J$39),$C60<=MAX(I$39,J$39)),AND(Y60>=MIN(I$38,J$38),Y60<=MAX(I$38,J$38))),Y60,"") | AY60: =IF(IF(J$38=K$38,AND($C60>=MIN(J$39,K$39),$C60<=MAX(J$39,K$39)),AND(Z60>=MIN(J$38,K$38),Z60<=MAX(J$38,K$38))),Z60,"") | AZ60: =IF(IF(K$38=L$38,AND($C60>=MIN(K$39,L$39),$C60<=MAX(K$39,L$39)),AND(AA60>=MIN(K$38,L$38),AA60<=MAX(K$38,L$38))),AA60,"") | BB60: {=IFERROR(_xlfn._xlws.SORT(_xlfn.UNIQUE(_xlfn._xlws.FILTER($AC60:$AZ60,ISNUMBER($AC60:$AZ60)),TRUE),,,TRUE),"")} -> -32.69806 | BC60: 570.06756 | BJ60: =IF(ISNUMBER(BB60),$C60,"") -> 626.60554 | BK60: =IF(ISNUMBER(BC60),$C60,"") -> 626.60554 | BL60: =IF(ISNUMBER(BD60),$C60,"") | BM60: =IF(ISNUMBER(BE60),$C60,"") | BN60: =IF(ISNUMBER(BF60),$C60,"") | BO60: =IF(ISNUMBER(BG60),$C60,"") | BP60: =IF(ISNUMBER(BH60),$C60,"") | BQ60: =IF(ISNUMBER(BI60),$C60,"") | BR60: =COUNTIF(BJ60:BQ60,"<0")+COUNTIF(BJ60:BQ60,">0") -> 2 | BS60: =IF(ISNUMBER(BC60),IF(ISEVEN(BB$57),"hole",(BC60-BB60)),0) -> 602.76562 | BT60: =IF(ISNUMBER(BD60),IF(ISEVEN(BC$57),"hole",(BD60-BC60)),0) -> 0 | BU60: =IF(ISNUMBER(BE60),IF(ISEVEN(BD$57),"hole",(BE60-BD60)),0) -> 0 | BV60: =IF(ISNUMBER(BF60),IF(ISEVEN(BE$57),"hole",(BF60-BE60)),0) -> 0 | BW60: =IF(ISNUMBER(BG60),IF(ISEVEN(BF$57),"hole",(BG60-BF60)),0) -> 0 | BX60: =IF(ISNUMBER(BH60),IF(ISEVEN(BG$57),"hole",(BH60-BG60)),0) -> 0 | BY60: =IF(ISNUMBER(BI60),IF(ISEVEN(BH$57),"hole",(BI60-BH60)),0) -> 0 | BZ60: {=IF(ISEVEN(BR60),SUM(BS60:BY60),SUM(ABS(BS60:BY60)))} -> 602.76562 | CA60: =+BZ60*$R$48 -> 30215.702 | CB60: =+IF(AND(ISNUMBER(BS60),BS60>0),BB60+BS60/2,0) -> 268.68475 | CC60: =+IF(AND(ISNUMBER(BT60),BT60>0),BC60+BT60/2,0) -> 0 | CD60: =+IF(AND(ISNUMBER(BU60),BU60>0),BD60+BU60/2,0) -> 0 | CE60: =+IF(AND(ISNUMBER(BV60),BV60>0),BE60+BV60/2,0) -> 0 | CF60: =+IF(AND(ISNUMBER(BW60),BW60>0),BF60+BW60/2,0) -> 0 | CG60: =+IF(AND(ISNUMBER(BX60),BX60>0),BG60+BX60/2,0) -> 0 | CH60: =+IF(AND(ISNUMBER(BY60),BY60>0),BH60+BY60/2,0) -> 0 | CI60: =+SUMPRODUCT(BS60:BY60,CB60:CH60)/BZ60 -> 268.68475 | CJ60: =+C60 -> 626.60554 | CK60: =CI60*COS(RADIANS(p)) + CJ60*SIN(RADIANS(p)) -> 466.7928 | CL60: =-CI60*SIN(RADIANS(p)) +CJ60*COS(RADIANS(p)) -> 496.92101
B61: 4 | C61: =+$D$48-(B61-0.5)*$R$48 -> 576.4771 | D61: =IF(D$29-E$29=0,"",(-(E$28-D$28)*$C61-(D$28*E$29-E$28*D$29))/(D$29-E$29)) -> -170.42483 | E61: =IF(E$29-F$29=0,"",(-(F$28-E$28)*$C61-(E$28*F$29-F$28*E$29))/(E$29-F$29)) -> 687.87163 | F61: =IF(F$29-G$29=0,"",(-(G$28-F$28)*$C61-(F$28*G$29-G$28*F$29))/(F$29-G$29)) -> 588.31282 | G61: =IF(G$29-H$29=0,"",(-(H$28-G$28)*$C61-(G$28*H$29-H$28*G$29))/(G$29-H$29)) -> 1166.0526 | H61: =IF(H$29-I$29=0,"",(-(I$28-H$28)*$C61-(H$28*I$29-I$28*H$29))/(H$29-I$29)) -> 3338.1405 | I61: =IF(I$29-J$29=0,"",(-(J$28-I$28)*$C61-(I$28*J$29-J$28*I$29))/(I$29-J$29)) -> -3160.3899 | J61: =IF(J$29-K$29=0,"",(-(K$28-J$28)*$C61-(J$28*K$29-K$28*J$29))/(J$29-K$29)) -> -1007.9538 | K61: =IF(K$29-L$29=0,"",(-(L$28-K$28)*$C61-(K$28*L$29-L$28*K$29))/(K$29-L$29)) -> -628.42122 | L61: =IF(D$34-E$34=0,"",(-(E$33-D$33)*$C61-(D$33*E$34-E$33*D$34))/(D$34-E$34)) -> 414.33605 | M61: =IF(E$34-F$34=0,"",(-(F$33-E$33)*$C61-(E$33*F$34-F$33*E$34))/(E$34-F$34)) -> -985.28555 | N61: =IF(F$34-G$34=0,"",(-(G$33-F$33)*$C61-(F$33*G$34-G$33*F$34))/(F$34-G$34)) -> -369.44717 | O61: =IF(G$34-H$34=0,"",(-(H$33-G$33)*$C61-(G$33*H$34-H$33*G$34))/(G$34-H$34)) -> 385.84659 | P61: =IF(H$34-I$34=0,"",(-(I$33-H$33)*$C61-(H$33*I$34-I$33*H$34))/(H$34-I$34)) -> 2753.3796 | Q61: =IF(I$34-J$34=0,"",(-(J$33-I$33)*$C61-(I$33*J$34-J$33*I$34))/(I$34-J$34)) -> -2658.4427 | R61: =IF(J$34-K$34=0,"",(-(K$33-J$33)*$C61-(J$33*K$34-K$33*J$34))/(J$34-K$34)) -> -795.11828 | S61: =IF(K$34-L$34=0,"",(-(L$33-K$33)*$C61-(K$33*L$34-L$33*K$34))/(K$34-L$34)) -> -394.35942 | T61: =IF(D$39-E$39=0,"",(-(E$38-D$38)*$C61-(D$38*E$39-E$38*D$39))/(D$39-E$39)) -> 414.33605 | U61: =IF(E$39-F$39=0,"",(-(F$38-E$38)*$C61-(E$38*F$39-F$38*E$39))/(E$39-F$39)) -> 185.92448 | V61: =IF(F$39-G$39=0,"",(-(G$38-F$38)*$C61-(F$38*G$39-G$38*F$39))/(F$39-G$39)) -> 375.47727 | W61: =IF(G$39-H$39=0,"",(-(H$38-G$38)*$C61-(G$38*H$39-H$38*G$39))/(G$39-H$39)) -> 931.99079 | X61: =IF(H$39-I$39=0,"",(-(I$38-H$38)*$C61-(H$38*I$39-I$38*H$39))/(H$39-I$39)) -> 2753.3796 | Y61: =IF(I$39-J$39=0,"",(-(J$38-I$38)*$C61-(I$38*J$39-J$38*I$39))/(I$39-J$39)) -> -1487.2327 | Z61: =IF(J$39-K$39=0,"",(-(K$38-J$38)*$C61-(J$38*K$39-K$38*J$39))/(J$39-K$39)) -> -50.193839 | AA61: =IF(K$39-L$39=0,"",(-(L$38-K$38)*$C61-(K$38*L$39-L$38*K$39))/(K$39-L$39)) -> 151.78478 | AC61: =IF(IF(D$28=E$28,AND($C61>=MIN(D$29,E$29),$C61<=MAX(D$29,E$29)),AND(D61>=MIN(D$28,E$28),D61<=MAX(D$28,E$28))),D61,"") -> -170.42483 | AD61: =IF(IF(E$28=F$28,AND($C61>=MIN(E$29,F$29),$C61<=MAX(E$29,F$29)),AND(E61>=MIN(E$28,F$28),E61<=MAX(E$28,F$28))),E61,"") | AE61: =IF(IF(F$28=G$28,AND($C61>=MIN(F$29,G$29),$C61<=MAX(F$29,G$29)),AND(F61>=MIN(F$28,G$28),F61<=MAX(F$28,G$28))),F61,"") -> 588.31282 | AF61: =IF(IF(G$28=H$28,AND($C61>=MIN(G$29,H$29),$C61<=MAX(G$29,H$29)),AND(G61>=MIN(G$28,H$28),G61<=MAX(G$28,H$28))),G61,"") | AG61: =IF(IF(H$28=I$28,AND($C61>=MIN(H$29,I$29),$C61<=MAX(H$29,I$29)),AND(H61>=MIN(H$28,I$28),H61<=MAX(H$28,I$28))),H61,"") | AH61: =IF(IF(I$28=J$28,AND($C61>=MIN(I$29,J$29),$C61<=MAX(I$29,J$29)),AND(I61>=MIN(I$28,J$28),I61<=MAX(I$28,J$28))),I61,"") | AI61: =IF(IF(J$28=K$28,AND($C61>=MIN(J$29,K$29),$C61<=MAX(J$29,K$29)),AND(J61>=MIN(J$28,K$28),J61<=MAX(J$28,K$28))),J61,"") | AJ61: =IF(IF(K$28=L$28,AND($C61>=MIN(K$29,L$29),$C61<=MAX(K$29,L$29)),AND(K61>=MIN(K$28,L$28),K61<=MAX(K$28,L$28))),K61,"") | AK61: =IF(IF(D$33=E$33,AND($C61>=MIN(D$34,E$34),$C61<=MAX(D$34,E$34)),AND(L61>=MIN(D$33,E$33),L61<=MAX(D$33,E$33))),L61,"") | AL61: =IF(IF(E$33=F$33,AND($C61>=MIN(E$34,F$34),$C61<=MAX(E$34,F$34)),AND(M61>=MIN(E$33,F$33),M61<=MAX(E$33,F$33))),M61,"") | AM61: =IF(IF(F$33=G$33,AND($C61>=MIN(F$34,G$34),$C61<=MAX(F$34,G$34)),AND(N61>=MIN(F$33,G$33),N61<=MAX(F$33,G$33))),N61,"") | AN61: =IF(IF(G$33=H$33,AND($C61>=MIN(G$34,H$34),$C61<=MAX(G$34,H$34)),AND(O61>=MIN(G$33,H$33),O61<=MAX(G$33,H$33))),O61,"") | AO61: =IF(IF(H$33=I$33,AND($C61>=MIN(H$34,I$34),$C61<=MAX(H$34,I$34)),AND(P61>=MIN(H$33,I$33),P61<=MAX(H$33,I$33))),P61,"") | AP61: =IF(IF(I$33=J$33,AND($C61>=MIN(I$34,J$34),$C61<=MAX(I$34,J$34)),AND(Q61>=MIN(I$33,J$33),Q61<=MAX(I$33,J$33))),Q61,"") | AQ61: =IF(IF(J$33=K$33,AND($C61>=MIN(J$34,K$34),$C61<=MAX(J$34,K$34)),AND(R61>=MIN(J$33,K$33),R61<=MAX(J$33,K$33))),R61,"") | AR61: =IF(IF(K$33=L$33,AND($C61>=MIN(K$34,L$34),$C61<=MAX(K$34,L$34)),AND(S61>=MIN(K$33,L$33),S61<=MAX(K$33,L$33))),S61,"") | AS61: =IF(IF(D$38=E$38,AND($C61>=MIN(D$39,E$39),$C61<=MAX(D$39,E$39)),AND(T61>=MIN(D$38,E$38),T61<=MAX(D$38,E$38))),T61,"") | AT61: =IF(IF(E$38=F$38,AND($C61>=MIN(E$39,F$39),$C61<=MAX(E$39,F$39)),AND(U61>=MIN(E$38,F$38),U61<=MAX(E$38,F$38))),U61,"") | AU61: =IF(IF(F$38=G$38,AND($C61>=MIN(F$39,G$39),$C61<=MAX(F$39,G$39)),AND(V61>=MIN(F$38,G$38),V61<=MAX(F$38,G$38))),V61,"") | AV61: =IF(IF(G$38=H$38,AND($C61>=MIN(G$39,H$39),$C61<=MAX(G$39,H$39)),AND(W61>=MIN(G$38,H$38),W61<=MAX(G$38,H$38))),W61,"") | AW61: =IF(IF(H$38=I$38,AND($C61>=MIN(H$39,I$39),$C61<=MAX(H$39,I$39)),AND(X61>=MIN(H$38,I$38),X61<=MAX(H$38,I$38))),X61,"") | AX61: =IF(IF(I$38=J$38,AND($C61>=MIN(I$39,J$39),$C61<=MAX(I$39,J$39)),AND(Y61>=MIN(I$38,J$38),Y61<=MAX(I$38,J$38))),Y61,"") | AY61: =IF(IF(J$38=K$38,AND($C61>=MIN(J$39,K$39),$C61<=MAX(J$39,K$39)),AND(Z61>=MIN(J$38,K$38),Z61<=MAX(J$38,K$38))),Z61,"") | AZ61: =IF(IF(K$38=L$38,AND($C61>=MIN(K$39,L$39),$C61<=MAX(K$39,L$39)),AND(AA61>=MIN(K$38,L$38),AA61<=MAX(K$38,L$38))),AA61,"") | BB61: {=IFERROR(_xlfn._xlws.SORT(_xlfn.UNIQUE(_xlfn._xlws.FILTER($AC61:$AZ61,ISNUMBER($AC61:$AZ61)),TRUE),,,TRUE),"")} -> -170.42483 | BC61: 588.31282 | BJ61: =IF(ISNUMBER(BB61),$C61,"") -> 576.4771 | BK61: =IF(ISNUMBER(BC61),$C61,"") -> 576.4771 | BL61: =IF(ISNUMBER(BD61),$C61,"") | BM61: =IF(ISNUMBER(BE61),$C61,"") | BN61: =IF(ISNUMBER(BF61),$C61,"") | BO61: =IF(ISNUMBER(BG61),$C61,"") | BP61: =IF(ISNUMBER(BH61),$C61,"") | BQ61: =IF(ISNUMBER(BI61),$C61,"") | BR61: =COUNTIF(BJ61:BQ61,"<0")+COUNTIF(BJ61:BQ61,">0") -> 2 | BS61: =IF(ISNUMBER(BC61),IF(ISEVEN(BB$57),"hole",(BC61-BB61)),0) -> 758.73765 | BT61: =IF(ISNUMBER(BD61),IF(ISEVEN(BC$57),"hole",(BD61-BC61)),0) -> 0 | BU61: =IF(ISNUMBER(BE61),IF(ISEVEN(BD$57),"hole",(BE61-BD61)),0) -> 0 | BV61: =IF(ISNUMBER(BF61),IF(ISEVEN(BE$57),"hole",(BF61-BE61)),0) -> 0 | BW61: =IF(ISNUMBER(BG61),IF(ISEVEN(BF$57),"hole",(BG61-BF61)),0) -> 0 | BX61: =IF(ISNUMBER(BH61),IF(ISEVEN(BG$57),"hole",(BH61-BG61)),0) -> 0 | BY61: =IF(ISNUMBER(BI61),IF(ISEVEN(BH$57),"hole",(BI61-BH61)),0) -> 0 | BZ61: {=IF(ISEVEN(BR61),SUM(BS61:BY61),SUM(ABS(BS61:BY61)))} -> 758.73765 | CA61: =+BZ61*$R$48 -> 38034.337 | CB61: =+IF(AND(ISNUMBER(BS61),BS61>0),BB61+BS61/2,0) -> 208.944 | CC61: =+IF(AND(ISNUMBER(BT61),BT61>0),BC61+BT61/2,0) -> 0 | CD61: =+IF(AND(ISNUMBER(BU61),BU61>0),BD61+BU61/2,0) -> 0 | CE61: =+IF(AND(ISNUMBER(BV61),BV61>0),BE61+BV61/2,0) -> 0 | CF61: =+IF(AND(ISNUMBER(BW61),BW61>0),BF61+BW61/2,0) -> 0 | CG61: =+IF(AND(ISNUMBER(BX61),BX61>0),BG61+BX61/2,0) -> 0 | CH61: =+IF(AND(ISNUMBER(BY61),BY61>0),BH61+BY61/2,0) -> 0 | CI61: =+SUMPRODUCT(BS61:BY61,CB61:CH61)/BZ61 -> 208.944 | CJ61: =+C61 -> 576.4771 | CK61: =CI61*COS(RADIANS(p)) + CJ61*SIN(RADIANS(p)) -> 393.50991 | CL61: =-CI61*SIN(RADIANS(p)) +CJ61*COS(RADIANS(p)) -> 470.24822
B62: 5 | C62: =+$D$48-(B62-0.5)*$R$48 -> 526.34866 | D62: =IF(D$29-E$29=0,"",(-(E$28-D$28)*$C62-(D$28*E$29-E$28*D$29))/(D$29-E$29)) -> -308.15159 | E62: =IF(E$29-F$29=0,"",(-(F$28-E$28)*$C62-(E$28*F$29-F$28*E$29))/(E$29-F$29)) -> 795.37243 | F62: =IF(F$29-G$29=0,"",(-(G$28-F$28)*$C62-(F$28*G$29-G$28*F$29))/(F$29-G$29)) -> 606.55809 | G62: =IF(G$29-H$29=0,"",(-(H$28-G$28)*$C62-(G$28*H$29-H$28*G$29))/(G$29-H$29)) -> 1142.6773 | H62: =IF(H$29-I$29=0,"",(-(I$28-H$28)*$C62-(H$28*I$29-I$28*H$29))/(H$29-I$29)) -> 3200.4137 | I62: =IF(I$29-J$29=0,"",(-(J$28-I$28)*$C62-(I$28*J$29-J$28*I$29))/(I$29-J$29)) -> -3052.8891 | J62: =IF(J$29-K$29=0,"",(-(K$28-J$28)*$C62-(J$28*K$29-K$28*J$29))/(J$29-K$29)) -> -989.70857 | K62: =IF(K$29-L$29=0,"",(-(L$28-K$28)*$C62-(K$28*L$29-L$28*K$29))/(K$29-L$29)) -> -651.7965 | L62: =IF(D$34-E$34=0,"",(-(E$33-D$33)*$C62-(D$33*E$34-E$33*D$34))/(D$34-E$34)) -> 276.60929 | M62: =IF(E$34-F$34=0,"",(-(F$33-E$33)*$C62-(E$33*F$34-F$33*E$34))/(E$34-F$34)) -> -877.78476 | N62: =IF(F$34-G$34=0,"",(-(G$33-F$33)*$C62-(F$33*G$34-G$33*F$34))/(F$34-G$34)) -> -351.20191 | O62: =IF(G$34-H$34=0,"",(-(H$33-G$33)*$C62-(G$33*H$34-H$33*G$34))/(G$34-H$34)) -> 362.47131 | P62: =IF(H$34-I$34=0,"",(-(I$33-H$33)*$C62-(H$33*I$34-I$33*H$34))/(H$34-I$34)) -> 2615.6528 | Q62: =IF(I$34-J$34=0,"",(-(J$33-I$33)*$C62-(I$33*J$34-J$33*I$34))/(I$34-J$34)) -> -2550.9419 | R62: =IF(J$34-K$34=0,"",(-(K$33-J$33)*$C62-(J$33*K$34-K$33*J$34))/(J$34-K$34)) -> -776.87302 | S62: =IF(K$34-L$34=0,"",(-(L$33-K$33)*$C62-(K$33*L$34-L$33*K$34))/(K$34-L$34)) -> -417.7347 | T62: =IF(D$39-E$39=0,"",(-(E$38-D$38)*$C62-(D$38*E$39-E$38*D$39))/(D$39-E$39)) -> 276.60929 | U62: =IF(E$39-F$39=0,"",(-(F$38-E$38)*$C62-(E$38*F$39-F$38*E$39))/(E$39-F$39)) -> 293.42527 | V62: =IF(F$39-G$39=0,"",(-(G$38-F$38)*$C62-(F$38*G$39-G$38*F$39))/(F$39-G$39)) -> 393.72253 | W62: =IF(G$39-H$39=0,"",(-(H$38-G$38)*$C62-(G$38*H$39-H$38*G$39))/(G$39-H$39)) -> 908.61552 | X62: =IF(H$39-I$39=0,"",(-(I$38-H$38)*$C62-(H$38*I$39-I$38*H$39))/(H$39-I$39)) -> 2615.6528 | Y62: =IF(I$39-J$39=0,"",(-(J$38-I$38)*$C62-(I$38*J$39-J$38*I$39))/(I$39-J$39)) -> -1379.7319 | Z62: =IF(J$39-K$39=0,"",(-(K$38-J$38)*$C62-(J$38*K$39-K$38*J$39))/(J$39-K$39)) -> -31.948578 | AA62: =IF(K$39-L$39=0,"",(-(L$38-K$38)*$C62-(K$38*L$39-L$38*K$39))/(K$39-L$39)) -> 128.40951 | AC62: =IF(IF(D$28=E$28,AND($C62>=MIN(D$29,E$29),$C62<=MAX(D$29,E$29)),AND(D62>=MIN(D$28,E$28),D62<=MAX(D$28,E$28))),D62,"") -> -308.15159 | AD62: =IF(IF(E$28=F$28,AND($C62>=MIN(E$29,F$29),$C62<=MAX(E$29,F$29)),AND(E62>=MIN(E$28,F$28),E62<=MAX(E$28,F$28))),E62,"") | AE62: =IF(IF(F$28=G$28,AND($C62>=MIN(F$29,G$29),$C62<=MAX(F$29,G$29)),AND(F62>=MIN(F$28,G$28),F62<=MAX(F$28,G$28))),F62,"") -> 606.55809 | AF62: =IF(IF(G$28=H$28,AND($C62>=MIN(G$29,H$29),$C62<=MAX(G$29,H$29)),AND(G62>=MIN(G$28,H$28),G62<=MAX(G$28,H$28))),G62,"") | AG62: =IF(IF(H$28=I$28,AND($C62>=MIN(H$29,I$29),$C62<=MAX(H$29,I$29)),AND(H62>=MIN(H$28,I$28),H62<=MAX(H$28,I$28))),H62,"") | AH62: =IF(IF(I$28=J$28,AND($C62>=MIN(I$29,J$29),$C62<=MAX(I$29,J$29)),AND(I62>=MIN(I$28,J$28),I62<=MAX(I$28,J$28))),I62,"") | AI62: =IF(IF(J$28=K$28,AND($C62>=MIN(J$29,K$29),$C62<=MAX(J$29,K$29)),AND(J62>=MIN(J$28,K$28),J62<=MAX(J$28,K$28))),J62,"") | AJ62: =IF(IF(K$28=L$28,AND($C62>=MIN(K$29,L$29),$C62<=MAX(K$29,L$29)),AND(K62>=MIN(K$28,L$28),K62<=MAX(K$28,L$28))),K62,"") | AK62: =IF(IF(D$33=E$33,AND($C62>=MIN(D$34,E$34),$C62<=MAX(D$34,E$34)),AND(L62>=MIN(D$33,E$33),L62<=MAX(D$33,E$33))),L62,"") | AL62: =IF(IF(E$33=F$33,AND($C62>=MIN(E$34,F$34),$C62<=MAX(E$34,F$34)),AND(M62>=MIN(E$33,F$33),M62<=MAX(E$33,F$33))),M62,"") | AM62: =IF(IF(F$33=G$33,AND($C62>=MIN(F$34,G$34),$C62<=MAX(F$34,G$34)),AND(N62>=MIN(F$33,G$33),N62<=MAX(F$33,G$33))),N62,"") | AN62: =IF(IF(G$33=H$33,AND($C62>=MIN(G$34,H$34),$C62<=MAX(G$34,H$34)),AND(O62>=MIN(G$33,H$33),O62<=MAX(G$33,H$33))),O62,"") | AO62: =IF(IF(H$33=I$33,AND($C62>=MIN(H$34,I$34),$C62<=MAX(H$34,I$34)),AND(P62>=MIN(H$33,I$33),P62<=MAX(H$33,I$33))),P62,"") | AP62: =IF(IF(I$33=J$33,AND($C62>=MIN(I$34,J$34),$C62<=MAX(I$34,J$34)),AND(Q62>=MIN(I$33,J$33),Q62<=MAX(I$33,J$33))),Q62,"") | AQ62: =IF(IF(J$33=K$33,AND($C62>=MIN(J$34,K$34),$C62<=MAX(J$34,K$34)),AND(R62>=MIN(J$33,K$33),R62<=MAX(J$33,K$33))),R62,"") | AR62: =IF(IF(K$33=L$33,AND($C62>=MIN(K$34,L$34),$C62<=MAX(K$34,L$34)),AND(S62>=MIN(K$33,L$33),S62<=MAX(K$33,L$33))),S62,"") | AS62: =IF(IF(D$38=E$38,AND($C62>=MIN(D$39,E$39),$C62<=MAX(D$39,E$39)),AND(T62>=MIN(D$38,E$38),T62<=MAX(D$38,E$38))),T62,"") -> 276.60929 | AT62: =IF(IF(E$38=F$38,AND($C62>=MIN(E$39,F$39),$C62<=MAX(E$39,F$39)),AND(U62>=MIN(E$38,F$38),U62<=MAX(E$38,F$38))),U62,"") -> 293.42527 | AU62: =IF(IF(F$38=G$38,AND($C62>=MIN(F$39,G$39),$C62<=MAX(F$39,G$39)),AND(V62>=MIN(F$38,G$38),V62<=MAX(F$38,G$38))),V62,"") | AV62: =IF(IF(G$38=H$38,AND($C62>=MIN(G$39,H$39),$C62<=MAX(G$39,H$39)),AND(W62>=MIN(G$38,H$38),W62<=MAX(G$38,H$38))),W62,"") | AW62: =IF(IF(H$38=I$38,AND($C62>=MIN(H$39,I$39),$C62<=MAX(H$39,I$39)),AND(X62>=MIN(H$38,I$38),X62<=MAX(H$38,I$38))),X62,"") | AX62: =IF(IF(I$38=J$38,AND($C62>=MIN(I$39,J$39),$C62<=MAX(I$39,J$39)),AND(Y62>=MIN(I$38,J$38),Y62<=MAX(I$38,J$38))),Y62,"") | AY62: =IF(IF(J$38=K$38,AND($C62>=MIN(J$39,K$39),$C62<=MAX(J$39,K$39)),AND(Z62>=MIN(J$38,K$38),Z62<=MAX(J$38,K$38))),Z62,"") | AZ62: =IF(IF(K$38=L$38,AND($C62>=MIN(K$39,L$39),$C62<=MAX(K$39,L$39)),AND(AA62>=MIN(K$38,L$38),AA62<=MAX(K$38,L$38))),AA62,"") | BB62: {=IFERROR(_xlfn._xlws.SORT(_xlfn.UNIQUE(_xlfn._xlws.FILTER($AC62:$AZ62,ISNUMBER($AC62:$AZ62)),TRUE),,,TRUE),"")} -> -308.15159 | BC62: 276.60929 | BD62: 293.42527 | BE62: 606.55809 | BJ62: =IF(ISNUMBER(BB62),$C62,"") -> 526.34866 | BK62: =IF(ISNUMBER(BC62),$C62,"") -> 526.34866 | BL62: =IF(ISNUMBER(BD62),$C62,"") -> 526.34866 | BM62: =IF(ISNUMBER(BE62),$C62,"") -> 526.34866 | BN62: =IF(ISNUMBER(BF62),$C62,"") | BO62: =IF(ISNUMBER(BG62),$C62,"") | BP62: =IF(ISNUMBER(BH62),$C62,"") | BQ62: =IF(ISNUMBER(BI62),$C62,"") | BR62: =COUNTIF(BJ62:BQ62,"<0")+COUNTIF(BJ62:BQ62,">0") -> 4 | BS62: =IF(ISNUMBER(BC62),IF(ISEVEN(BB$57),"hole",(BC62-BB62)),0) -> 584.76088 | BT62: =IF(ISNUMBER(BD62),IF(ISEVEN(BC$57),"hole",(BD62-BC62)),0) -> hole | BU62: =IF(ISNUMBER(BE62),IF(ISEVEN(BD$57),"hole",(BE62-BD62)),0) -> 313.13281 | BV62: =IF(ISNUMBER(BF62),IF(ISEVEN(BE$57),"hole",(BF62-BE62)),0) -> 0 | BW62: =IF(ISNUMBER(BG62),IF(ISEVEN(BF$57),"hole",(BG62-BF62)),0) -> 0 | BX62: =IF(ISNUMBER(BH62),IF(ISEVEN(BG$57),"hole",(BH62-BG62)),0) -> 0 | BY62: =IF(ISNUMBER(BI62),IF(ISEVEN(BH$57),"hole",(BI62-BH62)),0) -> 0 | BZ62: {=IF(ISEVEN(BR62),SUM(BS62:BY62),SUM(ABS(BS62:BY62)))} -> 897.89369 | CA62: =+BZ62*$R$48 -> 45010.013 | CB62: =+IF(AND(ISNUMBER(BS62),BS62>0),BB62+BS62/2,0) -> -15.771153 | CC62: =+IF(AND(ISNUMBER(BT62),BT62>0),BC62+BT62/2,0) -> 0 | CD62: =+IF(AND(ISNUMBER(BU62),BU62>0),BD62+BU62/2,0) -> 449.99168 | CE62: =+IF(AND(ISNUMBER(BV62),BV62>0),BE62+BV62/2,0) -> 0 | CF62: =+IF(AND(ISNUMBER(BW62),BW62>0),BF62+BW62/2,0) -> 0 | CG62: =+IF(AND(ISNUMBER(BX62),BX62>0),BG62+BX62/2,0) -> 0 | CH62: =+IF(AND(ISNUMBER(BY62),BY62>0),BH62+BY62/2,0) -> 0 | CI62: =+SUMPRODUCT(BS62:BY62,CB62:CH62)/BZ62 -> 146.65969 | CJ62: =+C62 -> 526.34866 | CK62: =CI62*COS(RADIANS(p)) + CJ62*SIN(RADIANS(p)) -> 317.83687 | CL62: =-CI62*SIN(RADIANS(p)) +CJ62*COS(RADIANS(p)) -> 444.44538
B63: 6 | C63: =+$D$48-(B63-0.5)*$R$48 -> 476.22021 | D63: =IF(D$29-E$29=0,"",(-(E$28-D$28)*$C63-(D$28*E$29-E$28*D$29))/(D$29-E$29)) -> -445.87836 | E63: =IF(E$29-F$29=0,"",(-(F$28-E$28)*$C63-(E$28*F$29-F$28*E$29))/(E$29-F$29)) -> 902.87322 | F63: =IF(F$29-G$29=0,"",(-(G$28-F$28)*$C63-(F$28*G$29-G$28*F$29))/(F$29-G$29)) -> 624.80335 | G63: =IF(G$29-H$29=0,"",(-(H$28-G$28)*$C63-(G$28*H$29-H$28*G$29))/(G$29-H$29)) -> 1119.302 | H63: =IF(H$29-I$29=0,"",(-(I$28-H$28)*$C63-(H$28*I$29-I$28*H$29))/(H$29-I$29)) -> 3062.6869 | I63: =IF(I$29-J$29=0,"",(-(J$28-I$28)*$C63-(I$28*J$29-J$28*I$29))/(I$29-J$29)) -> -2945.3883 | J63: =IF(J$29-K$29=0,"",(-(K$28-J$28)*$C63-(J$28*K$29-K$28*J$29))/(J$29-K$29)) -> -971.46331 | K63: =IF(K$29-L$29=0,"",(-(L$28-K$28)*$C63-(K$28*L$29-L$28*K$29))/(K$29-L$29)) -> -675.17178 | L63: =IF(D$34-E$34=0,"",(-(E$33-D$33)*$C63-(D$33*E$34-E$33*D$34))/(D$34-E$34)) -> 138.88252 | M63: =IF(E$34-F$34=0,"",(-(F$33-E$33)*$C63-(E$33*F$34-F$33*E$34))/(E$34-F$34)) -> -770.28396 | N63: =IF(F$34-G$34=0,"",(-(G$33-F$33)*$C63-(F$33*G$34-G$33*F$34))/(F$34-G$34)) -> -332.95665 | O63: =IF(G$34-H$34=0,"",(-(H$33-G$33)*$C63-(G$33*H$34-H$33*G$34))/(G$34-H$34)) -> 339.09603 | P63: =IF(H$34-I$34=0,"",(-(I$33-H$33)*$C63-(H$33*I$34-I$33*H$34))/(H$34-I$34)) -> 2477.926 | Q63: =IF(I$34-J$34=0,"",(-(J$33-I$33)*$C63-(I$33*J$34-J$33*I$34))/(I$34-J$34)) -> -2443.4411 | R63: =IF(J$34-K$34=0,"",(-(K$33-J$33)*$C63-(J$33*K$34-K$33*J$34))/(J$34-K$34)) -> -758.62776 | S63: =IF(K$34-L$34=0,"",(-(L$33-K$33)*$C63-(K$33*L$34-L$33*K$34))/(K$34-L$34)) -> -441.10998 | T63: =IF(D$39-E$39=0,"",(-(E$38-D$38)*$C63-(D$38*E$39-E$38*D$39))/(D$39-E$39)) -> 138.88252 | U63: =IF(E$39-F$39=0,"",(-(F$38-E$38)*$C63-(E$38*F$39-F$38*E$39))/(E$39-F$39)) -> 400.92607 | V63: =IF(F$39-G$39=0,"",(-(G$38-F$38)*$C63-(F$38*G$39-G$38*F$39))/(F$39-G$39)) -> 411.96779 | W63: =IF(G$39-H$39=0,"",(-(H$38-G$38)*$C63-(G$38*H$39-H$38*G$39))/(G$39-H$39)) -> 885.24024 | X63: =IF(H$39-I$39=0,"",(-(I$38-H$38)*$C63-(H$38*I$39-I$38*H$39))/(H$39-I$39)) -> 2477.926 | Y63: =IF(I$39-J$39=0,"",(-(J$38-I$38)*$C63-(I$38*J$39-J$38*I$39))/(I$39-J$39)) -> -1272.2311 | Z63: =IF(J$39-K$39=0,"",(-(K$38-J$38)*$C63-(J$38*K$39-K$38*J$39))/(J$39-K$39)) -> -13.703316 | AA63: =IF(K$39-L$39=0,"",(-(L$38-K$38)*$C63-(K$38*L$39-L$38*K$39))/(K$39-L$39)) -> 105.03423 | AC63: =IF(IF(D$28=E$28,AND($C63>=MIN(D$29,E$29),$C63<=MAX(D$29,E$29)),AND(D63>=MIN(D$28,E$28),D63<=MAX(D$28,E$28))),D63,"") -> -445.87836 | AD63: =IF(IF(E$28=F$28,AND($C63>=MIN(E$29,F$29),$C63<=MAX(E$29,F$29)),AND(E63>=MIN(E$28,F$28),E63<=MAX(E$28,F$28))),E63,"") | AE63: =IF(IF(F$28=G$28,AND($C63>=MIN(F$29,G$29),$C63<=MAX(F$29,G$29)),AND(F63>=MIN(F$28,G$28),F63<=MAX(F$28,G$28))),F63,"") -> 624.80335 | AF63: =IF(IF(G$28=H$28,AND($C63>=MIN(G$29,H$29),$C63<=MAX(G$29,H$29)),AND(G63>=MIN(G$28,H$28),G63<=MAX(G$28,H$28))),G63,"") | AG63: =IF(IF(H$28=I$28,AND($C63>=MIN(H$29,I$29),$C63<=MAX(H$29,I$29)),AND(H63>=MIN(H$28,I$28),H63<=MAX(H$28,I$28))),H63,"") | AH63: =IF(IF(I$28=J$28,AND($C63>=MIN(I$29,J$29),$C63<=MAX(I$29,J$29)),AND(I63>=MIN(I$28,J$28),I63<=MAX(I$28,J$28))),I63,"") | AI63: =IF(IF(J$28=K$28,AND($C63>=MIN(J$29,K$29),$C63<=MAX(J$29,K$29)),AND(J63>=MIN(J$28,K$28),J63<=MAX(J$28,K$28))),J63,"") | AJ63: =IF(IF(K$28=L$28,AND($C63>=MIN(K$29,L$29),$C63<=MAX(K$29,L$29)),AND(K63>=MIN(K$28,L$28),K63<=MAX(K$28,L$28))),K63,"") | AK63: =IF(IF(D$33=E$33,AND($C63>=MIN(D$34,E$34),$C63<=MAX(D$34,E$34)),AND(L63>=MIN(D$33,E$33),L63<=MAX(D$33,E$33))),L63,"") | AL63: =IF(IF(E$33=F$33,AND($C63>=MIN(E$34,F$34),$C63<=MAX(E$34,F$34)),AND(M63>=MIN(E$33,F$33),M63<=MAX(E$33,F$33))),M63,"") | AM63: =IF(IF(F$33=G$33,AND($C63>=MIN(F$34,G$34),$C63<=MAX(F$34,G$34)),AND(N63>=MIN(F$33,G$33),N63<=MAX(F$33,G$33))),N63,"") | AN63: =IF(IF(G$33=H$33,AND($C63>=MIN(G$34,H$34),$C63<=MAX(G$34,H$34)),AND(O63>=MIN(G$33,H$33),O63<=MAX(G$33,H$33))),O63,"") | AO63: =IF(IF(H$33=I$33,AND($C63>=MIN(H$34,I$34),$C63<=MAX(H$34,I$34)),AND(P63>=MIN(H$33,I$33),P63<=MAX(H$33,I$33))),P63,"") | AP63: =IF(IF(I$33=J$33,AND($C63>=MIN(I$34,J$34),$C63<=MAX(I$34,J$34)),AND(Q63>=MIN(I$33,J$33),Q63<=MAX(I$33,J$33))),Q63,"") | AQ63: =IF(IF(J$33=K$33,AND($C63>=MIN(J$34,K$34),$C63<=MAX(J$34,K$34)),AND(R63>=MIN(J$33,K$33),R63<=MAX(J$33,K$33))),R63,"") | AR63: =IF(IF(K$33=L$33,AND($C63>=MIN(K$34,L$34),$C63<=MAX(K$34,L$34)),AND(S63>=MIN(K$33,L$33),S63<=MAX(K$33,L$33))),S63,"") | AS63: =IF(IF(D$38=E$38,AND($C63>=MIN(D$39,E$39),$C63<=MAX(D$39,E$39)),AND(T63>=MIN(D$38,E$38),T63<=MAX(D$38,E$38))),T63,"") -> 138.88252 | AT63: =IF(IF(E$38=F$38,AND($C63>=MIN(E$39,F$39),$C63<=MAX(E$39,F$39)),AND(U63>=MIN(E$38,F$38),U63<=MAX(E$38,F$38))),U63,"") -> 400.92607 | AU63: =IF(IF(F$38=G$38,AND($C63>=MIN(F$39,G$39),$C63<=MAX(F$39,G$39)),AND(V63>=MIN(F$38,G$38),V63<=MAX(F$38,G$38))),V63,"") | AV63: =IF(IF(G$38=H$38,AND($C63>=MIN(G$39,H$39),$C63<=MAX(G$39,H$39)),AND(W63>=MIN(G$38,H$38),W63<=MAX(G$38,H$38))),W63,"") | AW63: =IF(IF(H$38=I$38,AND($C63>=MIN(H$39,I$39),$C63<=MAX(H$39,I$39)),AND(X63>=MIN(H$38,I$38),X63<=MAX(H$38,I$38))),X63,"") | AX63: =IF(IF(I$38=J$38,AND($C63>=MIN(I$39,J$39),$C63<=MAX(I$39,J$39)),AND(Y63>=MIN(I$38,J$38),Y63<=MAX(I$38,J$38))),Y63,"") | AY63: =IF(IF(J$38=K$38,AND($C63>=MIN(J$39,K$39),$C63<=MAX(J$39,K$39)),AND(Z63>=MIN(J$38,K$38),Z63<=MAX(J$38,K$38))),Z63,"") | AZ63: =IF(IF(K$38=L$38,AND($C63>=MIN(K$39,L$39),$C63<=MAX(K$39,L$39)),AND(AA63>=MIN(K$38,L$38),AA63<=MAX(K$38,L$38))),AA63,"") | BB63: {=IFERROR(_xlfn._xlws.SORT(_xlfn.UNIQUE(_xlfn._xlws.FILTER($AC63:$AZ63,ISNUMBER($AC63:$AZ63)),TRUE),,,TRUE),"")} -> -445.87836 | BC63: 138.88252 | BD63: 400.92607 | BE63: 624.80335 | BJ63: =IF(ISNUMBER(BB63),$C63,"") -> 476.22021 | BK63: =IF(ISNUMBER(BC63),$C63,"") -> 476.22021 | BL63: =IF(ISNUMBER(BD63),$C63,"") -> 476.22021 | BM63: =IF(ISNUMBER(BE63),$C63,"") -> 476.22021 | BN63: =IF(ISNUMBER(BF63),$C63,"") | BO63: =IF(ISNUMBER(BG63),$C63,"") | BP63: =IF(ISNUMBER(BH63),$C63,"") | BQ63: =IF(ISNUMBER(BI63),$C63,"") | BR63: =COUNTIF(BJ63:BQ63,"<0")+COUNTIF(BJ63:BQ63,">0") -> 4 | BS63: =IF(ISNUMBER(BC63),IF(ISEVEN(BB$57),"hole",(BC63-BB63)),0) -> 584.76088 | BT63: =IF(ISNUMBER(BD63),IF(ISEVEN(BC$57),"hole",(BD63-BC63)),0) -> hole | BU63: =IF(ISNUMBER(BE63),IF(ISEVEN(BD$57),"hole",(BE63-BD63)),0) -> 223.87728 | BV63: =IF(ISNUMBER(BF63),IF(ISEVEN(BE$57),"hole",(BF63-BE63)),0) -> 0 | BW63: =IF(ISNUMBER(BG63),IF(ISEVEN(BF$57),"hole",(BG63-BF63)),0) -> 0 | BX63: =IF(ISNUMBER(BH63),IF(ISEVEN(BG$57),"hole",(BH63-BG63)),0) -> 0 | BY63: =IF(ISNUMBER(BI63),IF(ISEVEN(BH$57),"hole",(BI63-BH63)),0) -> 0 | BZ63: {=IF(ISEVEN(BR63),SUM(BS63:BY63),SUM(ABS(BS63:BY63)))} -> 808.63816 | CA63: =+BZ63*$R$48 -> 40535.772 | CB63: =+IF(AND(ISNUMBER(BS63),BS63>0),BB63+BS63/2,0) -> -153.49792 | CC63: =+IF(AND(ISNUMBER(BT63),BT63>0),BC63+BT63/2,0) -> 0 | CD63: =+IF(AND(ISNUMBER(BU63),BU63>0),BD63+BU63/2,0) -> 512.86471 | CE63: =+IF(AND(ISNUMBER(BV63),BV63>0),BE63+BV63/2,0) -> 0 | CF63: =+IF(AND(ISNUMBER(BW63),BW63>0),BF63+BW63/2,0) -> 0 | CG63: =+IF(AND(ISNUMBER(BX63),BX63>0),BG63+BX63/2,0) -> 0 | CH63: =+IF(AND(ISNUMBER(BY63),BY63>0),BH63+BY63/2,0) -> 0 | CI63: =+SUMPRODUCT(BS63:BY63,CB63:CH63)/BZ63 -> 30.989358 | CJ63: =+C63 -> 476.22021 | CK63: =CI63*COS(RADIANS(p)) + CJ63*SIN(RADIANS(p)) -> 191.99738 | CL63: =-CI63*SIN(RADIANS(p)) +CJ63*COS(RADIANS(p)) -> 436.90163
B64: 7 | C64: =+$D$48-(B64-0.5)*$R$48 -> 426.09177 | D64: =IF(D$29-E$29=0,"",(-(E$28-D$28)*$C64-(D$28*E$29-E$28*D$29))/(D$29-E$29)) -> -583.60513 | E64: =IF(E$29-F$29=0,"",(-(F$28-E$28)*$C64-(E$28*F$29-F$28*E$29))/(E$29-F$29)) -> 1010.374 | F64: =IF(F$29-G$29=0,"",(-(G$28-F$28)*$C64-(F$28*G$29-G$28*F$29))/(F$29-G$29)) -> 643.04861 | G64: =IF(G$29-H$29=0,"",(-(H$28-G$28)*$C64-(G$28*H$29-H$28*G$29))/(G$29-H$29)) -> 1095.9268 | H64: =IF(H$29-I$29=0,"",(-(I$28-H$28)*$C64-(H$28*I$29-I$28*H$29))/(H$29-I$29)) -> 2924.9602 | I64: =IF(I$29-J$29=0,"",(-(J$28-I$28)*$C64-(I$28*J$29-J$28*I$29))/(I$29-J$29)) -> -2837.8875 | J64: =IF(J$29-K$29=0,"",(-(K$28-J$28)*$C64-(J$28*K$29-K$28*J$29))/(J$29-K$29)) -> -953.21805 | K64: =IF(K$29-L$29=0,"",(-(L$28-K$28)*$C64-(K$28*L$29-L$28*K$29))/(K$29-L$29)) -> -698.54706 | L64: =IF(D$34-E$34=0,"",(-(E$33-D$33)*$C64-(D$33*E$34-E$33*D$34))/(D$34-E$34)) -> 1.1557541 | M64: =IF(E$34-F$34=0,"",(-(F$33-E$33)*$C64-(E$33*F$34-F$33*E$34))/(E$34-F$34)) -> -662.78317 | N64: =IF(F$34-G$34=0,"",(-(G$33-F$33)*$C64-(F$33*G$34-G$33*F$34))/(F$34-G$34)) -> -314.71139 | O64: =IF(G$34-H$34=0,"",(-(H$33-G$33)*$C64-(G$33*H$34-H$33*G$34))/(G$34-H$34)) -> 315.72076 | P64: =IF(H$34-I$34=0,"",(-(I$33-H$33)*$C64-(H$33*I$34-I$33*H$34))/(H$34-I$34)) -> 2340.1993 | Q64: =IF(I$34-J$34=0,"",(-(J$33-I$33)*$C64-(I$33*J$34-J$33*I$34))/(I$34-J$34)) -> -2335.9404 | R64: =IF(J$34-K$34=0,"",(-(K$33-J$33)*$C64-(J$33*K$34-K$33*J$34))/(J$34-K$34)) -> -740.3825 | S64: =IF(K$34-L$34=0,"",(-(L$33-K$33)*$C64-(K$33*L$34-L$33*K$34))/(K$34-L$34)) -> -464.48525 | T64: =IF(D$39-E$39=0,"",(-(E$38-D$38)*$C64-(D$38*E$39-E$38*D$39))/(D$39-E$39)) -> 1.1557541 | U64: =IF(E$39-F$39=0,"",(-(F$38-E$38)*$C64-(E$38*F$39-F$38*E$39))/(E$39-F$39)) -> 508.42686 | V64: =IF(F$39-G$39=0,"",(-(G$38-F$38)*$C64-(F$38*G$39-G$38*F$39))/(F$39-G$39)) -> 430.21305 | W64: =IF(G$39-H$39=0,"",(-(H$38-G$38)*$C64-(G$38*H$39-H$38*G$39))/(G$39-H$39)) -> 861.86496 | X64: =IF(H$39-I$39=0,"",(-(I$38-H$38)*$C64-(H$38*I$39-I$38*H$39))/(H$39-I$39)) -> 2340.1993 | Y64: =IF(I$39-J$39=0,"",(-(J$38-I$38)*$C64-(I$38*J$39-J$38*I$39))/(I$39-J$39)) -> -1164.7303 | Z64: =IF(J$39-K$39=0,"",(-(K$38-J$38)*$C64-(J$38*K$39-K$38*J$39))/(J$39-K$39)) -> 4.5419449 | AA64: =IF(K$39-L$39=0,"",(-(L$38-K$38)*$C64-(K$38*L$39-L$38*K$39))/(K$39-L$39)) -> 81.658954 | AC64: =IF(IF(D$28=E$28,AND($C64>=MIN(D$29,E$29),$C64<=MAX(D$29,E$29)),AND(D64>=MIN(D$28,E$28),D64<=MAX(D$28,E$28))),D64,"") -> -583.60513 | AD64: =IF(IF(E$28=F$28,AND($C64>=MIN(E$29,F$29),$C64<=MAX(E$29,F$29)),AND(E64>=MIN(E$28,F$28),E64<=MAX(E$28,F$28))),E64,"") | AE64: =IF(IF(F$28=G$28,AND($C64>=MIN(F$29,G$29),$C64<=MAX(F$29,G$29)),AND(F64>=MIN(F$28,G$28),F64<=MAX(F$28,G$28))),F64,"") -> 643.04861 | AF64: =IF(IF(G$28=H$28,AND($C64>=MIN(G$29,H$29),$C64<=MAX(G$29,H$29)),AND(G64>=MIN(G$28,H$28),G64<=MAX(G$28,H$28))),G64,"") | AG64: =IF(IF(H$28=I$28,AND($C64>=MIN(H$29,I$29),$C64<=MAX(H$29,I$29)),AND(H64>=MIN(H$28,I$28),H64<=MAX(H$28,I$28))),H64,"") | AH64: =IF(IF(I$28=J$28,AND($C64>=MIN(I$29,J$29),$C64<=MAX(I$29,J$29)),AND(I64>=MIN(I$28,J$28),I64<=MAX(I$28,J$28))),I64,"") | AI64: =IF(IF(J$28=K$28,AND($C64>=MIN(J$29,K$29),$C64<=MAX(J$29,K$29)),AND(J64>=MIN(J$28,K$28),J64<=MAX(J$28,K$28))),J64,"") | AJ64: =IF(IF(K$28=L$28,AND($C64>=MIN(K$29,L$29),$C64<=MAX(K$29,L$29)),AND(K64>=MIN(K$28,L$28),K64<=MAX(K$28,L$28))),K64,"") | AK64: =IF(IF(D$33=E$33,AND($C64>=MIN(D$34,E$34),$C64<=MAX(D$34,E$34)),AND(L64>=MIN(D$33,E$33),L64<=MAX(D$33,E$33))),L64,"") | AL64: =IF(IF(E$33=F$33,AND($C64>=MIN(E$34,F$34),$C64<=MAX(E$34,F$34)),AND(M64>=MIN(E$33,F$33),M64<=MAX(E$33,F$33))),M64,"") | AM64: =IF(IF(F$33=G$33,AND($C64>=MIN(F$34,G$34),$C64<=MAX(F$34,G$34)),AND(N64>=MIN(F$33,G$33),N64<=MAX(F$33,G$33))),N64,"") | AN64: =IF(IF(G$33=H$33,AND($C64>=MIN(G$34,H$34),$C64<=MAX(G$34,H$34)),AND(O64>=MIN(G$33,H$33),O64<=MAX(G$33,H$33))),O64,"") | AO64: =IF(IF(H$33=I$33,AND($C64>=MIN(H$34,I$34),$C64<=MAX(H$34,I$34)),AND(P64>=MIN(H$33,I$33),P64<=MAX(H$33,I$33))),P64,"") | AP64: =IF(IF(I$33=J$33,AND($C64>=MIN(I$34,J$34),$C64<=MAX(I$34,J$34)),AND(Q64>=MIN(I$33,J$33),Q64<=MAX(I$33,J$33))),Q64,"") | AQ64: =IF(IF(J$33=K$33,AND($C64>=MIN(J$34,K$34),$C64<=MAX(J$34,K$34)),AND(R64>=MIN(J$33,K$33),R64<=MAX(J$33,K$33))),R64,"") | AR64: =IF(IF(K$33=L$33,AND($C64>=MIN(K$34,L$34),$C64<=MAX(K$34,L$34)),AND(S64>=MIN(K$33,L$33),S64<=MAX(K$33,L$33))),S64,"") | AS64: =IF(IF(D$38=E$38,AND($C64>=MIN(D$39,E$39),$C64<=MAX(D$39,E$39)),AND(T64>=MIN(D$38,E$38),T64<=MAX(D$38,E$38))),T64,"") | AT64: =IF(IF(E$38=F$38,AND($C64>=MIN(E$39,F$39),$C64<=MAX(E$39,F$39)),AND(U64>=MIN(E$38,F$38),U64<=MAX(E$38,F$38))),U64,"") | AU64: =IF(IF(F$38=G$38,AND($C64>=MIN(F$39,G$39),$C64<=MAX(F$39,G$39)),AND(V64>=MIN(F$38,G$38),V64<=MAX(F$38,G$38))),V64,"") -> 430.21305 | AV64: =IF(IF(G$38=H$38,AND($C64>=MIN(G$39,H$39),$C64<=MAX(G$39,H$39)),AND(W64>=MIN(G$38,H$38),W64<=MAX(G$38,H$38))),W64,"") | AW64: =IF(IF(H$38=I$38,AND($C64>=MIN(H$39,I$39),$C64<=MAX(H$39,I$39)),AND(X64>=MIN(H$38,I$38),X64<=MAX(H$38,I$38))),X64,"") | AX64: =IF(IF(I$38=J$38,AND($C64>=MIN(I$39,J$39),$C64<=MAX(I$39,J$39)),AND(Y64>=MIN(I$38,J$38),Y64<=MAX(I$38,J$38))),Y64,"") | AY64: =IF(IF(J$38=K$38,AND($C64>=MIN(J$39,K$39),$C64<=MAX(J$39,K$39)),AND(Z64>=MIN(J$38,K$38),Z64<=MAX(J$38,K$38))),Z64,"") | AZ64: =IF(IF(K$38=L$38,AND($C64>=MIN(K$39,L$39),$C64<=MAX(K$39,L$39)),AND(AA64>=MIN(K$38,L$38),AA64<=MAX(K$38,L$38))),AA64,"") -> 81.658954 | BB64: {=IFERROR(_xlfn._xlws.SORT(_xlfn.UNIQUE(_xlfn._xlws.FILTER($AC64:$AZ64,ISNUMBER($AC64:$AZ64)),TRUE),,,TRUE),"")} -> -583.60513 | BC64: 81.658954 | BD64: 430.21305 | BE64: 643.04861 | BJ64: =IF(ISNUMBER(BB64),$C64,"") -> 426.09177 | BK64: =IF(ISNUMBER(BC64),$C64,"") -> 426.09177 | BL64: =IF(ISNUMBER(BD64),$C64,"") -> 426.09177 | BM64: =IF(ISNUMBER(BE64),$C64,"") -> 426.09177 | BN64: =IF(ISNUMBER(BF64),$C64,"") | BO64: =IF(ISNUMBER(BG64),$C64,"") | BP64: =IF(ISNUMBER(BH64),$C64,"") | BQ64: =IF(ISNUMBER(BI64),$C64,"") | BR64: =COUNTIF(BJ64:BQ64,"<0")+COUNTIF(BJ64:BQ64,">0") -> 4 | BS64: =IF(ISNUMBER(BC64),IF(ISEVEN(BB$57),"hole",(BC64-BB64)),0) -> 665.26408 | BT64: =IF(ISNUMBER(BD64),IF(ISEVEN(BC$57),"hole",(BD64-BC64)),0) -> hole | BU64: =IF(ISNUMBER(BE64),IF(ISEVEN(BD$57),"hole",(BE64-BD64)),0) -> 212.83555 | BV64: =IF(ISNUMBER(BF64),IF(ISEVEN(BE$57),"hole",(BF64-BE64)),0) -> 0 | BW64: =IF(ISNUMBER(BG64),IF(ISEVEN(BF$57),"hole",(BG64-BF64)),0) -> 0 | BX64: =IF(ISNUMBER(BH64),IF(ISEVEN(BG$57),"hole",(BH64-BG64)),0) -> 0 | BY64: =IF(ISNUMBER(BI64),IF(ISEVEN(BH$57),"hole",(BI64-BH64)),0) -> 0 | BZ64: {=IF(ISEVEN(BR64),SUM(BS64:BY64),SUM(ABS(BS64:BY64)))} -> 878.09963 | CA64: =+BZ64*$R$48 -> 44017.768 | CB64: =+IF(AND(ISNUMBER(BS64),BS64>0),BB64+BS64/2,0) -> -250.97309 | CC64: =+IF(AND(ISNUMBER(BT64),BT64>0),BC64+BT64/2,0) -> 0 | CD64: =+IF(AND(ISNUMBER(BU64),BU64>0),BD64+BU64/2,0) -> 536.63083 | CE64: =+IF(AND(ISNUMBER(BV64),BV64>0),BE64+BV64/2,0) -> 0 | CF64: =+IF(AND(ISNUMBER(BW64),BW64>0),BF64+BW64/2,0) -> 0 | CG64: =+IF(AND(ISNUMBER(BX64),BX64>0),BG64+BX64/2,0) -> 0 | CH64: =+IF(AND(ISNUMBER(BY64),BY64>0),BH64+BY64/2,0) -> 0 | CI64: =+SUMPRODUCT(BS64:BY64,CB64:CH64)/BZ64 -> -60.072065 | CJ64: =+C64 -> 426.09177 | CK64: =CI64*COS(RADIANS(p)) + CJ64*SIN(RADIANS(p)) -> 89.282691 | CL64: =-CI64*SIN(RADIANS(p)) +CJ64*COS(RADIANS(p)) -> 420.94115
B65: 8 | C65: =+$D$48-(B65-0.5)*$R$48 -> 375.96333 | D65: =IF(D$29-E$29=0,"",(-(E$28-D$28)*$C65-(D$28*E$29-E$28*D$29))/(D$29-E$29)) -> -721.33189 | E65: =IF(E$29-F$29=0,"",(-(F$28-E$28)*$C65-(E$28*F$29-F$28*E$29))/(E$29-F$29)) -> 1117.8748 | F65: =IF(F$29-G$29=0,"",(-(G$28-F$28)*$C65-(F$28*G$29-G$28*F$29))/(F$29-G$29)) -> 661.29387 | G65: =IF(G$29-H$29=0,"",(-(H$28-G$28)*$C65-(G$28*H$29-H$28*G$29))/(G$29-H$29)) -> 1072.5515 | H65: =IF(H$29-I$29=0,"",(-(I$28-H$28)*$C65-(H$28*I$29-I$28*H$29))/(H$29-I$29)) -> 2787.2334 | I65: =IF(I$29-J$29=0,"",(-(J$28-I$28)*$C65-(I$28*J$29-J$28*I$29))/(I$29-J$29)) -> -2730.3867 | J65: =IF(J$29-K$29=0,"",(-(K$28-J$28)*$C65-(J$28*K$29-K$28*J$29))/(J$29-K$29)) -> -934.97279 | K65: =IF(K$29-L$29=0,"",(-(L$28-K$28)*$C65-(K$28*L$29-L$28*K$29))/(K$29-L$29)) -> -721.92233 | L65: =IF(D$34-E$34=0,"",(-(E$33-D$33)*$C65-(D$33*E$34-E$33*D$34))/(D$34-E$34)) -> -136.57101 | M65: =IF(E$34-F$34=0,"",(-(F$33-E$33)*$C65-(E$33*F$34-F$33*E$34))/(E$34-F$34)) -> -555.28238 | N65: =IF(F$34-G$34=0,"",(-(G$33-F$33)*$C65-(F$33*G$34-G$33*F$34))/(F$34-G$34)) -> -296.46613 | O65: =IF(G$34-H$34=0,"",(-(H$33-G$33)*$C65-(G$33*H$34-H$33*G$34))/(G$34-H$34)) -> 292.34548 | P65: =IF(H$34-I$34=0,"",(-(I$33-H$33)*$C65-(H$33*I$34-I$33*H$34))/(H$34-I$34)) -> 2202.4725 | Q65: =IF(I$34-J$34=0,"",(-(J$33-I$33)*$C65-(I$33*J$34-J$33*I$34))/(I$34-J$34)) -> -2228.4396 | R65: =IF(J$34-K$34=0,"",(-(K$33-J$33)*$C65-(J$33*K$34-K$33*J$34))/(J$34-K$34)) -> -722.13723 | S65: =IF(K$34-L$34=0,"",(-(L$33-K$33)*$C65-(K$33*L$34-L$33*K$34))/(K$34-L$34)) -> -487.86053 | T65: =IF(D$39-E$39=0,"",(-(E$38-D$38)*$C65-(D$38*E$39-E$38*D$39))/(D$39-E$39)) -> -136.57101 | U65: =IF(E$39-F$39=0,"",(-(F$38-E$38)*$C65-(E$38*F$39-F$38*E$39))/(E$39-F$39)) -> 615.92765 | V65: =IF(F$39-G$39=0,"",(-(G$38-F$38)*$C65-(F$38*G$39-G$38*F$39))/(F$39-G$39)) -> 448.45832 | W65: =IF(G$39-H$39=0,"",(-(H$38-G$38)*$C65-(G$38*H$39-H$38*G$39))/(G$39-H$39)) -> 838.48969 | X65: =IF(H$39-I$39=0,"",(-(I$38-H$38)*$C65-(H$38*I$39-I$38*H$39))/(H$39-I$39)) -> 2202.4725 | Y65: =IF(I$39-J$39=0,"",(-(J$38-I$38)*$C65-(I$38*J$39-J$38*I$39))/(I$39-J$39)) -> -1057.2295 | Z65: =IF(J$39-K$39=0,"",(-(K$38-J$38)*$C65-(J$38*K$39-K$38*J$39))/(J$39-K$39)) -> 22.787206 | AA65: =IF(K$39-L$39=0,"",(-(L$38-K$38)*$C65-(K$38*L$39-L$38*K$39))/(K$39-L$39)) -> 58.283677 | AC65: =IF(IF(D$28=E$28,AND($C65>=MIN(D$29,E$29),$C65<=MAX(D$29,E$29)),AND(D65>=MIN(D$28,E$28),D65<=MAX(D$28,E$28))),D65,"") -> -721.33189 | AD65: =IF(IF(E$28=F$28,AND($C65>=MIN(E$29,F$29),$C65<=MAX(E$29,F$29)),AND(E65>=MIN(E$28,F$28),E65<=MAX(E$28,F$28))),E65,"") | AE65: =IF(IF(F$28=G$28,AND($C65>=MIN(F$29,G$29),$C65<=MAX(F$29,G$29)),AND(F65>=MIN(F$28,G$28),F65<=MAX(F$28,G$28))),F65,"") -> 661.29387 | AF65: =IF(IF(G$28=H$28,AND($C65>=MIN(G$29,H$29),$C65<=MAX(G$29,H$29)),AND(G65>=MIN(G$28,H$28),G65<=MAX(G$28,H$28))),G65,"") | AG65: =IF(IF(H$28=I$28,AND($C65>=MIN(H$29,I$29),$C65<=MAX(H$29,I$29)),AND(H65>=MIN(H$28,I$28),H65<=MAX(H$28,I$28))),H65,"") | AH65: =IF(IF(I$28=J$28,AND($C65>=MIN(I$29,J$29),$C65<=MAX(I$29,J$29)),AND(I65>=MIN(I$28,J$28),I65<=MAX(I$28,J$28))),I65,"") | AI65: =IF(IF(J$28=K$28,AND($C65>=MIN(J$29,K$29),$C65<=MAX(J$29,K$29)),AND(J65>=MIN(J$28,K$28),J65<=MAX(J$28,K$28))),J65,"") | AJ65: =IF(IF(K$28=L$28,AND($C65>=MIN(K$29,L$29),$C65<=MAX(K$29,L$29)),AND(K65>=MIN(K$28,L$28),K65<=MAX(K$28,L$28))),K65,"") | AK65: =IF(IF(D$33=E$33,AND($C65>=MIN(D$34,E$34),$C65<=MAX(D$34,E$34)),AND(L65>=MIN(D$33,E$33),L65<=MAX(D$33,E$33))),L65,"") | AL65: =IF(IF(E$33=F$33,AND($C65>=MIN(E$34,F$34),$C65<=MAX(E$34,F$34)),AND(M65>=MIN(E$33,F$33),M65<=MAX(E$33,F$33))),M65,"") | AM65: =IF(IF(F$33=G$33,AND($C65>=MIN(F$34,G$34),$C65<=MAX(F$34,G$34)),AND(N65>=MIN(F$33,G$33),N65<=MAX(F$33,G$33))),N65,"") | AN65: =IF(IF(G$33=H$33,AND($C65>=MIN(G$34,H$34),$C65<=MAX(G$34,H$34)),AND(O65>=MIN(G$33,H$33),O65<=MAX(G$33,H$33))),O65,"") | AO65: =IF(IF(H$33=I$33,AND($C65>=MIN(H$34,I$34),$C65<=MAX(H$34,I$34)),AND(P65>=MIN(H$33,I$33),P65<=MAX(H$33,I$33))),P65,"") | AP65: =IF(IF(I$33=J$33,AND($C65>=MIN(I$34,J$34),$C65<=MAX(I$34,J$34)),AND(Q65>=MIN(I$33,J$33),Q65<=MAX(I$33,J$33))),Q65,"") | AQ65: =IF(IF(J$33=K$33,AND($C65>=MIN(J$34,K$34),$C65<=MAX(J$34,K$34)),AND(R65>=MIN(J$33,K$33),R65<=MAX(J$33,K$33))),R65,"") | AR65: =IF(IF(K$33=L$33,AND($C65>=MIN(K$34,L$34),$C65<=MAX(K$34,L$34)),AND(S65>=MIN(K$33,L$33),S65<=MAX(K$33,L$33))),S65,"") | AS65: =IF(IF(D$38=E$38,AND($C65>=MIN(D$39,E$39),$C65<=MAX(D$39,E$39)),AND(T65>=MIN(D$38,E$38),T65<=MAX(D$38,E$38))),T65,"") | AT65: =IF(IF(E$38=F$38,AND($C65>=MIN(E$39,F$39),$C65<=MAX(E$39,F$39)),AND(U65>=MIN(E$38,F$38),U65<=MAX(E$38,F$38))),U65,"") | AU65: =IF(IF(F$38=G$38,AND($C65>=MIN(F$39,G$39),$C65<=MAX(F$39,G$39)),AND(V65>=MIN(F$38,G$38),V65<=MAX(F$38,G$38))),V65,"") -> 448.45832 | AV65: =IF(IF(G$38=H$38,AND($C65>=MIN(G$39,H$39),$C65<=MAX(G$39,H$39)),AND(W65>=MIN(G$38,H$38),W65<=MAX(G$38,H$38))),W65,"") | AW65: =IF(IF(H$38=I$38,AND($C65>=MIN(H$39,I$39),$C65<=MAX(H$39,I$39)),AND(X65>=MIN(H$38,I$38),X65<=MAX(H$38,I$38))),X65,"") | AX65: =IF(IF(I$38=J$38,AND($C65>=MIN(I$39,J$39),$C65<=MAX(I$39,J$39)),AND(Y65>=MIN(I$38,J$38),Y65<=MAX(I$38,J$38))),Y65,"") | AY65: =IF(IF(J$38=K$38,AND($C65>=MIN(J$39,K$39),$C65<=MAX(J$39,K$39)),AND(Z65>=MIN(J$38,K$38),Z65<=MAX(J$38,K$38))),Z65,"") | AZ65: =IF(IF(K$38=L$38,AND($C65>=MIN(K$39,L$39),$C65<=MAX(K$39,L$39)),AND(AA65>=MIN(K$38,L$38),AA65<=MAX(K$38,L$38))),AA65,"") -> 58.283677 | BB65: {=IFERROR(_xlfn._xlws.SORT(_xlfn.UNIQUE(_xlfn._xlws.FILTER($AC65:$AZ65,ISNUMBER($AC65:$AZ65)),TRUE),,,TRUE),"")} -> -721.33189 | BC65: 58.283677 | BD65: 448.45832 | BE65: 661.29387 | BJ65: =IF(ISNUMBER(BB65),$C65,"") -> 375.96333 | BK65: =IF(ISNUMBER(BC65),$C65,"") -> 375.96333 | BL65: =IF(ISNUMBER(BD65),$C65,"") -> 375.96333 | BM65: =IF(ISNUMBER(BE65),$C65,"") -> 375.96333 | BN65: =IF(ISNUMBER(BF65),$C65,"") | BO65: =IF(ISNUMBER(BG65),$C65,"") | BP65: =IF(ISNUMBER(BH65),$C65,"") | BQ65: =IF(ISNUMBER(BI65),$C65,"") | BR65: =COUNTIF(BJ65:BQ65,"<0")+COUNTIF(BJ65:BQ65,">0") -> 4 | BS65: =IF(ISNUMBER(BC65),IF(ISEVEN(BB$57),"hole",(BC65-BB65)),0) -> 779.61557 | BT65: =IF(ISNUMBER(BD65),IF(ISEVEN(BC$57),"hole",(BD65-BC65)),0) -> hole | BU65: =IF(ISNUMBER(BE65),IF(ISEVEN(BD$57),"hole",(BE65-BD65)),0) -> 212.83555 | BV65: =IF(ISNUMBER(BF65),IF(ISEVEN(BE$57),"hole",(BF65-BE65)),0) -> 0 | BW65: =IF(ISNUMBER(BG65),IF(ISEVEN(BF$57),"hole",(BG65-BF65)),0) -> 0 | BX65: =IF(ISNUMBER(BH65),IF(ISEVEN(BG$57),"hole",(BH65-BG65)),0) -> 0 | BY65: =IF(ISNUMBER(BI65),IF(ISEVEN(BH$57),"hole",(BI65-BH65)),0) -> 0 | BZ65: {=IF(ISEVEN(BR65),SUM(BS65:BY65),SUM(ABS(BS65:BY65)))} -> 992.45112 | CA65: =+BZ65*$R$48 -> 49750.03 | CB65: =+IF(AND(ISNUMBER(BS65),BS65>0),BB65+BS65/2,0) -> -331.52411 | CC65: =+IF(AND(ISNUMBER(BT65),BT65>0),BC65+BT65/2,0) -> 0 | CD65: =+IF(AND(ISNUMBER(BU65),BU65>0),BD65+BU65/2,0) -> 554.87609 | CE65: =+IF(AND(ISNUMBER(BV65),BV65>0),BE65+BV65/2,0) -> 0 | CF65: =+IF(AND(ISNUMBER(BW65),BW65>0),BF65+BW65/2,0) -> 0 | CG65: =+IF(AND(ISNUMBER(BX65),BX65>0),BG65+BX65/2,0) -> 0 | CH65: =+IF(AND(ISNUMBER(BY65),BY65>0),BH65+BY65/2,0) -> 0 | CI65: =+SUMPRODUCT(BS65:BY65,CB65:CH65)/BZ65 -> -141.43165 | CJ65: =+C65 -> 375.96333 | CK65: =CI65*COS(RADIANS(p)) + CJ65*SIN(RADIANS(p)) -> -4.3152428 | CL65: =-CI65*SIN(RADIANS(p)) +CJ65*COS(RADIANS(p)) -> 401.66243
B66: 9 | C66: =+$D$48-(B66-0.5)*$R$48 -> 325.83488 | D66: =IF(D$29-E$29=0,"",(-(E$28-D$28)*$C66-(D$28*E$29-E$28*D$29))/(D$29-E$29)) -> -859.05866 | E66: =IF(E$29-F$29=0,"",(-(F$28-E$28)*$C66-(E$28*F$29-F$28*E$29))/(E$29-F$29)) -> 1225.3756 | F66: =IF(F$29-G$29=0,"",(-(G$28-F$28)*$C66-(F$28*G$29-G$28*F$29))/(F$29-G$29)) -> 679.53913 | G66: =IF(G$29-H$29=0,"",(-(H$28-G$28)*$C66-(G$28*H$29-H$28*G$29))/(G$29-H$29)) -> 1049.1762 | H66: =IF(H$29-I$29=0,"",(-(I$28-H$28)*$C66-(H$28*I$29-I$28*H$29))/(H$29-I$29)) -> 2649.5066 | I66: =IF(I$29-J$29=0,"",(-(J$28-I$28)*$C66-(I$28*J$29-J$28*I$29))/(I$29-J$29)) -> -2622.8859 | J66: =IF(J$29-K$29=0,"",(-(K$28-J$28)*$C66-(J$28*K$29-K$28*J$29))/(J$29-K$29)) -> -916.72753 | K66: =IF(K$29-L$29=0,"",(-(L$28-K$28)*$C66-(K$28*L$29-L$28*K$29))/(K$29-L$29)) -> -745.29761 | L66: =IF(D$34-E$34=0,"",(-(E$33-D$33)*$C66-(D$33*E$34-E$33*D$34))/(D$34-E$34)) -> -274.29778 | M66: =IF(E$34-F$34=0,"",(-(F$33-E$33)*$C66-(E$33*F$34-F$33*E$34))/(E$34-F$34)) -> -447.78158 | N66: =IF(F$34-G$34=0,"",(-(G$33-F$33)*$C66-(F$33*G$34-G$33*F$34))/(F$34-G$34)) -> -278.22086 | O66: =IF(G$34-H$34=0,"",(-(H$33-G$33)*$C66-(G$33*H$34-H$33*G$34))/(G$34-H$34)) -> 268.9702 | P66: =IF(H$34-I$34=0,"",(-(I$33-H$33)*$C66-(H$33*I$34-I$33*H$34))/(H$34-I$34)) -> 2064.7457 | Q66: =IF(I$34-J$34=0,"",(-(J$33-I$33)*$C66-(I$33*J$34-J$33*I$34))/(I$34-J$34)) -> -2120.9388 | R66: =IF(J$34-K$34=0,"",(-(K$33-J$33)*$C66-(J$33*K$34-K$33*J$34))/(J$34-K$34)) -> -703.89197 | S66: =IF(K$34-L$34=0,"",(-(L$33-K$33)*$C66-(K$33*L$34-L$33*K$34))/(K$34-L$34)) -> -511.23581 | T66: =IF(D$39-E$39=0,"",(-(E$38-D$38)*$C66-(D$38*E$39-E$38*D$39))/(D$39-E$39)) -> -274.29778 | U66: =IF(E$39-F$39=0,"",(-(F$38-E$38)*$C66-(E$38*F$39-F$38*E$39))/(E$39-F$39)) -> 723.42845 | V66: =IF(F$39-G$39=0,"",(-(G$38-F$38)*$C66-(F$38*G$39-G$38*F$39))/(F$39-G$39)) -> 466.70358 | W66: =IF(G$39-H$39=0,"",(-(H$38-G$38)*$C66-(G$38*H$39-H$38*G$39))/(G$39-H$39)) -> 815.11441 | X66: =IF(H$39-I$39=0,"",(-(I$38-H$38)*$C66-(H$38*I$39-I$38*H$39))/(H$39-I$39)) -> 2064.7457 | Y66: =IF(I$39-J$39=0,"",(-(J$38-I$38)*$C66-(I$38*J$39-J$38*I$39))/(I$39-J$39)) -> -949.72874 | Z66: =IF(J$39-K$39=0,"",(-(K$38-J$38)*$C66-(J$38*K$39-K$38*J$39))/(J$39-K$39)) -> 41.032467 | AA66: =IF(K$39-L$39=0,"",(-(L$38-K$38)*$C66-(K$38*L$39-L$38*K$39))/(K$39-L$39)) -> 34.9084 | AC66: =IF(IF(D$28=E$28,AND($C66>=MIN(D$29,E$29),$C66<=MAX(D$29,E$29)),AND(D66>=MIN(D$28,E$28),D66<=MAX(D$28,E$28))),D66,"") | AD66: =IF(IF(E$28=F$28,AND($C66>=MIN(E$29,F$29),$C66<=MAX(E$29,F$29)),AND(E66>=MIN(E$28,F$28),E66<=MAX(E$28,F$28))),E66,"") | AE66: =IF(IF(F$28=G$28,AND($C66>=MIN(F$29,G$29),$C66<=MAX(F$29,G$29)),AND(F66>=MIN(F$28,G$28),F66<=MAX(F$28,G$28))),F66,"") -> 679.53913 | AF66: =IF(IF(G$28=H$28,AND($C66>=MIN(G$29,H$29),$C66<=MAX(G$29,H$29)),AND(G66>=MIN(G$28,H$28),G66<=MAX(G$28,H$28))),G66,"") | AG66: =IF(IF(H$28=I$28,AND($C66>=MIN(H$29,I$29),$C66<=MAX(H$29,I$29)),AND(H66>=MIN(H$28,I$28),H66<=MAX(H$28,I$28))),H66,"") | AH66: =IF(IF(I$28=J$28,AND($C66>=MIN(I$29,J$29),$C66<=MAX(I$29,J$29)),AND(I66>=MIN(I$28,J$28),I66<=MAX(I$28,J$28))),I66,"") | AI66: =IF(IF(J$28=K$28,AND($C66>=MIN(J$29,K$29),$C66<=MAX(J$29,K$29)),AND(J66>=MIN(J$28,K$28),J66<=MAX(J$28,K$28))),J66,"") | AJ66: =IF(IF(K$28=L$28,AND($C66>=MIN(K$29,L$29),$C66<=MAX(K$29,L$29)),AND(K66>=MIN(K$28,L$28),K66<=MAX(K$28,L$28))),K66,"") -> -745.29761 | AK66: =IF(IF(D$33=E$33,AND($C66>=MIN(D$34,E$34),$C66<=MAX(D$34,E$34)),AND(L66>=MIN(D$33,E$33),L66<=MAX(D$33,E$33))),L66,"") | AL66: =IF(IF(E$33=F$33,AND($C66>=MIN(E$34,F$34),$C66<=MAX(E$34,F$34)),AND(M66>=MIN(E$33,F$33),M66<=MAX(E$33,F$33))),M66,"") | AM66: =IF(IF(F$33=G$33,AND($C66>=MIN(F$34,G$34),$C66<=MAX(F$34,G$34)),AND(N66>=MIN(F$33,G$33),N66<=MAX(F$33,G$33))),N66,"") | AN66: =IF(IF(G$33=H$33,AND($C66>=MIN(G$34,H$34),$C66<=MAX(G$34,H$34)),AND(O66>=MIN(G$33,H$33),O66<=MAX(G$33,H$33))),O66,"") | AO66: =IF(IF(H$33=I$33,AND($C66>=MIN(H$34,I$34),$C66<=MAX(H$34,I$34)),AND(P66>=MIN(H$33,I$33),P66<=MAX(H$33,I$33))),P66,"") | AP66: =IF(IF(I$33=J$33,AND($C66>=MIN(I$34,J$34),$C66<=MAX(I$34,J$34)),AND(Q66>=MIN(I$33,J$33),Q66<=MAX(I$33,J$33))),Q66,"") | AQ66: =IF(IF(J$33=K$33,AND($C66>=MIN(J$34,K$34),$C66<=MAX(J$34,K$34)),AND(R66>=MIN(J$33,K$33),R66<=MAX(J$33,K$33))),R66,"") | AR66: =IF(IF(K$33=L$33,AND($C66>=MIN(K$34,L$34),$C66<=MAX(K$34,L$34)),AND(S66>=MIN(K$33,L$33),S66<=MAX(K$33,L$33))),S66,"") | AS66: =IF(IF(D$38=E$38,AND($C66>=MIN(D$39,E$39),$C66<=MAX(D$39,E$39)),AND(T66>=MIN(D$38,E$38),T66<=MAX(D$38,E$38))),T66,"") | AT66: =IF(IF(E$38=F$38,AND($C66>=MIN(E$39,F$39),$C66<=MAX(E$39,F$39)),AND(U66>=MIN(E$38,F$38),U66<=MAX(E$38,F$38))),U66,"") | AU66: =IF(IF(F$38=G$38,AND($C66>=MIN(F$39,G$39),$C66<=MAX(F$39,G$39)),AND(V66>=MIN(F$38,G$38),V66<=MAX(F$38,G$38))),V66,"") -> 466.70358 | AV66: =IF(IF(G$38=H$38,AND($C66>=MIN(G$39,H$39),$C66<=MAX(G$39,H$39)),AND(W66>=MIN(G$38,H$38),W66<=MAX(G$38,H$38))),W66,"") | AW66: =IF(IF(H$38=I$38,AND($C66>=MIN(H$39,I$39),$C66<=MAX(H$39,I$39)),AND(X66>=MIN(H$38,I$38),X66<=MAX(H$38,I$38))),X66,"") | AX66: =IF(IF(I$38=J$38,AND($C66>=MIN(I$39,J$39),$C66<=MAX(I$39,J$39)),AND(Y66>=MIN(I$38,J$38),Y66<=MAX(I$38,J$38))),Y66,"") | AY66: =IF(IF(J$38=K$38,AND($C66>=MIN(J$39,K$39),$C66<=MAX(J$39,K$39)),AND(Z66>=MIN(J$38,K$38),Z66<=MAX(J$38,K$38))),Z66,"") -> 41.032467 | AZ66: =IF(IF(K$38=L$38,AND($C66>=MIN(K$39,L$39),$C66<=MAX(K$39,L$39)),AND(AA66>=MIN(K$38,L$38),AA66<=MAX(K$38,L$38))),AA66,"") | BB66: {=IFERROR(_xlfn._xlws.SORT(_xlfn.UNIQUE(_xlfn._xlws.FILTER($AC66:$AZ66,ISNUMBER($AC66:$AZ66)),TRUE),,,TRUE),"")} -> -745.29761 | BC66: 41.032467 | BD66: 466.70358 | BE66: 679.53913 | BJ66: =IF(ISNUMBER(BB66),$C66,"") -> 325.83488 | BK66: =IF(ISNUMBER(BC66),$C66,"") -> 325.83488 | BL66: =IF(ISNUMBER(BD66),$C66,"") -> 325.83488 | BM66: =IF(ISNUMBER(BE66),$C66,"") -> 325.83488 | BN66: =IF(ISNUMBER(BF66),$C66,"") | BO66: =IF(ISNUMBER(BG66),$C66,"") | BP66: =IF(ISNUMBER(BH66),$C66,"") | BQ66: =IF(ISNUMBER(BI66),$C66,"") | BR66: =COUNTIF(BJ66:BQ66,"<0")+COUNTIF(BJ66:BQ66,">0") -> 4 | BS66: =IF(ISNUMBER(BC66),IF(ISEVEN(BB$57),"hole",(BC66-BB66)),0) -> 786.33008 | BT66: =IF(ISNUMBER(BD66),IF(ISEVEN(BC$57),"hole",(BD66-BC66)),0) -> hole | BU66: =IF(ISNUMBER(BE66),IF(ISEVEN(BD$57),"hole",(BE66-BD66)),0) -> 212.83555 | BV66: =IF(ISNUMBER(BF66),IF(ISEVEN(BE$57),"hole",(BF66-BE66)),0) -> 0 | BW66: =IF(ISNUMBER(BG66),IF(ISEVEN(BF$57),"hole",(BG66-BF66)),0) -> 0 | BX66: =IF(ISNUMBER(BH66),IF(ISEVEN(BG$57),"hole",(BH66-BG66)),0) -> 0 | BY66: =IF(ISNUMBER(BI66),IF(ISEVEN(BH$57),"hole",(BI66-BH66)),0) -> 0 | BZ66: {=IF(ISEVEN(BR66),SUM(BS66:BY66),SUM(ABS(BS66:BY66)))} -> 999.16563 | CA66: =+BZ66*$R$48 -> 50086.618 | CB66: =+IF(AND(ISNUMBER(BS66),BS66>0),BB66+BS66/2,0) -> -352.13257 | CC66: =+IF(AND(ISNUMBER(BT66),BT66>0),BC66+BT66/2,0) -> 0 | CD66: =+IF(AND(ISNUMBER(BU66),BU66>0),BD66+BU66/2,0) -> 573.12135 | CE66: =+IF(AND(ISNUMBER(BV66),BV66>0),BE66+BV66/2,0) -> 0 | CF66: =+IF(AND(ISNUMBER(BW66),BW66>0),BF66+BW66/2,0) -> 0 | CG66: =+IF(AND(ISNUMBER(BX66),BX66>0),BG66+BX66/2,0) -> 0 | CH66: =+IF(AND(ISNUMBER(BY66),BY66>0),BH66+BY66/2,0) -> 0 | CI66: =+SUMPRODUCT(BS66:BY66,CB66:CH66)/BZ66 -> -155.04119 | CJ66: =+C66 -> 325.83488 | CK66: =CI66*COS(RADIANS(p)) + CJ66*SIN(RADIANS(p)) -> -34.248971 | CL66: =-CI66*SIN(RADIANS(p)) +CJ66*COS(RADIANS(p)) -> 359.21185
B67: 10 | C67: =+$D$48-(B67-0.5)*$R$48 -> 275.70644 | D67: =IF(D$29-E$29=0,"",(-(E$28-D$28)*$C67-(D$28*E$29-E$28*D$29))/(D$29-E$29)) -> -996.78543 | E67: =IF(E$29-F$29=0,"",(-(F$28-E$28)*$C67-(E$28*F$29-F$28*E$29))/(E$29-F$29)) -> 1332.8764 | F67: =IF(F$29-G$29=0,"",(-(G$28-F$28)*$C67-(F$28*G$29-G$28*F$29))/(F$29-G$29)) -> 697.78439 | G67: =IF(G$29-H$29=0,"",(-(H$28-G$28)*$C67-(G$28*H$29-H$28*G$29))/(G$29-H$29)) -> 1025.8009 | H67: =IF(H$29-I$29=0,"",(-(I$28-H$28)*$C67-(H$28*I$29-I$28*H$29))/(H$29-I$29)) -> 2511.7799 | I67: =IF(I$29-J$29=0,"",(-(J$28-I$28)*$C67-(I$28*J$29-J$28*I$29))/(I$29-J$29)) -> -2515.3851 | J67: =IF(J$29-K$29=0,"",(-(K$28-J$28)*$C67-(J$28*K$29-K$28*J$29))/(J$29-K$29)) -> -898.48227 | K67: =IF(K$29-L$29=0,"",(-(L$28-K$28)*$C67-(K$28*L$29-L$28*K$29))/(K$29-L$29)) -> -768.67289 | L67: =IF(D$34-E$34=0,"",(-(E$33-D$33)*$C67-(D$33*E$34-E$33*D$34))/(D$34-E$34)) -> -412.02455 | M67: =IF(E$34-F$34=0,"",(-(F$33-E$33)*$C67-(E$33*F$34-F$33*E$34))/(E$34-F$34)) -> -340.28079 | N67: =IF(F$34-G$34=0,"",(-(G$33-F$33)*$C67-(F$33*G$34-G$33*F$34))/(F$34-G$34)) -> -259.9756 | O67: =IF(G$34-H$34=0,"",(-(H$33-G$33)*$C67-(G$33*H$34-H$33*G$34))/(G$34-H$34)) -> 245.59493 | P67: =IF(H$34-I$34=0,"",(-(I$33-H$33)*$C67-(H$33*I$34-I$33*H$34))/(H$34-I$34)) -> 1927.019 | Q67: =IF(I$34-J$34=0,"",(-(J$33-I$33)*$C67-(I$33*J$34-J$33*I$34))/(I$34-J$34)) -> -2013.438 | R67: =IF(J$34-K$34=0,"",(-(K$33-J$33)*$C67-(J$33*K$34-K$33*J$34))/(J$34-K$34)) -> -685.64671 | S67: =IF(K$34-L$34=0,"",(-(L$33-K$33)*$C67-(K$33*L$34-L$33*K$34))/(K$34-L$34)) -> -534.61108 | T67: =IF(D$39-E$39=0,"",(-(E$38-D$38)*$C67-(D$38*E$39-E$38*D$39))/(D$39-E$39)) -> -412.02455 | U67: =IF(E$39-F$39=0,"",(-(F$38-E$38)*$C67-(E$38*F$39-F$38*E$39))/(E$39-F$39)) -> 830.92924 | V67: =IF(F$39-G$39=0,"",(-(G$38-F$38)*$C67-(F$38*G$39-G$38*F$39))/(F$39-G$39)) -> 484.94884 | W67: =IF(G$39-H$39=0,"",(-(H$38-G$38)*$C67-(G$38*H$39-H$38*G$39))/(G$39-H$39)) -> 791.73913 | X67: =IF(H$39-I$39=0,"",(-(I$38-H$38)*$C67-(H$38*I$39-I$38*H$39))/(H$39-I$39)) -> 1927.019 | Y67: =IF(I$39-J$39=0,"",(-(J$38-I$38)*$C67-(I$38*J$39-J$38*I$39))/(I$39-J$39)) -> -842.22794 | Z67: =IF(J$39-K$39=0,"",(-(K$38-J$38)*$C67-(J$38*K$39-K$38*J$39))/(J$39-K$39)) -> 59.277729 | AA67: =IF(K$39-L$39=0,"",(-(L$38-K$38)*$C67-(K$38*L$39-L$38*K$39))/(K$39-L$39)) -> 11.533123 | AC67: =IF(IF(D$28=E$28,AND($C67>=MIN(D$29,E$29),$C67<=MAX(D$29,E$29)),AND(D67>=MIN(D$28,E$28),D67<=MAX(D$28,E$28))),D67,"") | AD67: =IF(IF(E$28=F$28,AND($C67>=MIN(E$29,F$29),$C67<=MAX(E$29,F$29)),AND(E67>=MIN(E$28,F$28),E67<=MAX(E$28,F$28))),E67,"") | AE67: =IF(IF(F$28=G$28,AND($C67>=MIN(F$29,G$29),$C67<=MAX(F$29,G$29)),AND(F67>=MIN(F$28,G$28),F67<=MAX(F$28,G$28))),F67,"") -> 697.78439 | AF67: =IF(IF(G$28=H$28,AND($C67>=MIN(G$29,H$29),$C67<=MAX(G$29,H$29)),AND(G67>=MIN(G$28,H$28),G67<=MAX(G$28,H$28))),G67,"") | AG67: =IF(IF(H$28=I$28,AND($C67>=MIN(H$29,I$29),$C67<=MAX(H$29,I$29)),AND(H67>=MIN(H$28,I$28),H67<=MAX(H$28,I$28))),H67,"") | AH67: =IF(IF(I$28=J$28,AND($C67>=MIN(I$29,J$29),$C67<=MAX(I$29,J$29)),AND(I67>=MIN(I$28,J$28),I67<=MAX(I$28,J$28))),I67,"") | AI67: =IF(IF(J$28=K$28,AND($C67>=MIN(J$29,K$29),$C67<=MAX(J$29,K$29)),AND(J67>=MIN(J$28,K$28),J67<=MAX(J$28,K$28))),J67,"") | AJ67: =IF(IF(K$28=L$28,AND($C67>=MIN(K$29,L$29),$C67<=MAX(K$29,L$29)),AND(K67>=MIN(K$28,L$28),K67<=MAX(K$28,L$28))),K67,"") -> -768.67289 | AK67: =IF(IF(D$33=E$33,AND($C67>=MIN(D$34,E$34),$C67<=MAX(D$34,E$34)),AND(L67>=MIN(D$33,E$33),L67<=MAX(D$33,E$33))),L67,"") -> -412.02455 | AL67: =IF(IF(E$33=F$33,AND($C67>=MIN(E$34,F$34),$C67<=MAX(E$34,F$34)),AND(M67>=MIN(E$33,F$33),M67<=MAX(E$33,F$33))),M67,"") -> -340.28079 | AM67: =IF(IF(F$33=G$33,AND($C67>=MIN(F$34,G$34),$C67<=MAX(F$34,G$34)),AND(N67>=MIN(F$33,G$33),N67<=MAX(F$33,G$33))),N67,"") | AN67: =IF(IF(G$33=H$33,AND($C67>=MIN(G$34,H$34),$C67<=MAX(G$34,H$34)),AND(O67>=MIN(G$33,H$33),O67<=MAX(G$33,H$33))),O67,"") | AO67: =IF(IF(H$33=I$33,AND($C67>=MIN(H$34,I$34),$C67<=MAX(H$34,I$34)),AND(P67>=MIN(H$33,I$33),P67<=MAX(H$33,I$33))),P67,"") | AP67: =IF(IF(I$33=J$33,AND($C67>=MIN(I$34,J$34),$C67<=MAX(I$34,J$34)),AND(Q67>=MIN(I$33,J$33),Q67<=MAX(I$33,J$33))),Q67,"") | AQ67: =IF(IF(J$33=K$33,AND($C67>=MIN(J$34,K$34),$C67<=MAX(J$34,K$34)),AND(R67>=MIN(J$33,K$33),R67<=MAX(J$33,K$33))),R67,"") | AR67: =IF(IF(K$33=L$33,AND($C67>=MIN(K$34,L$34),$C67<=MAX(K$34,L$34)),AND(S67>=MIN(K$33,L$33),S67<=MAX(K$33,L$33))),S67,"") | AS67: =IF(IF(D$38=E$38,AND($C67>=MIN(D$39,E$39),$C67<=MAX(D$39,E$39)),AND(T67>=MIN(D$38,E$38),T67<=MAX(D$38,E$38))),T67,"") | AT67: =IF(IF(E$38=F$38,AND($C67>=MIN(E$39,F$39),$C67<=MAX(E$39,F$39)),AND(U67>=MIN(E$38,F$38),U67<=MAX(E$38,F$38))),U67,"") | AU67: =IF(IF(F$38=G$38,AND($C67>=MIN(F$39,G$39),$C67<=MAX(F$39,G$39)),AND(V67>=MIN(F$38,G$38),V67<=MAX(F$38,G$38))),V67,"") -> 484.94884 | AV67: =IF(IF(G$38=H$38,AND($C67>=MIN(G$39,H$39),$C67<=MAX(G$39,H$39)),AND(W67>=MIN(G$38,H$38),W67<=MAX(G$38,H$38))),W67,"") | AW67: =IF(IF(H$38=I$38,AND($C67>=MIN(H$39,I$39),$C67<=MAX(H$39,I$39)),AND(X67>=MIN(H$38,I$38),X67<=MAX(H$38,I$38))),X67,"") | AX67: =IF(IF(I$38=J$38,AND($C67>=MIN(I$39,J$39),$C67<=MAX(I$39,J$39)),AND(Y67>=MIN(I$38,J$38),Y67<=MAX(I$38,J$38))),Y67,"") | AY67: =IF(IF(J$38=K$38,AND($C67>=MIN(J$39,K$39),$C67<=MAX(J$39,K$39)),AND(Z67>=MIN(J$38,K$38),Z67<=MAX(J$38,K$38))),Z67,"") -> 59.277729 | AZ67: =IF(IF(K$38=L$38,AND($C67>=MIN(K$39,L$39),$C67<=MAX(K$39,L$39)),AND(AA67>=MIN(K$38,L$38),AA67<=MAX(K$38,L$38))),AA67,"") | BB67: {=IFERROR(_xlfn._xlws.SORT(_xlfn.UNIQUE(_xlfn._xlws.FILTER($AC67:$AZ67,ISNUMBER($AC67:$AZ67)),TRUE),,,TRUE),"")} -> -768.67289 | BC67: -412.02455 | BD67: -340.28079 | BE67: 59.277729 | BF67: 484.94884 | BG67: 697.78439 | BJ67: =IF(ISNUMBER(BB67),$C67,"") -> 275.70644 | BK67: =IF(ISNUMBER(BC67),$C67,"") -> 275.70644 | BL67: =IF(ISNUMBER(BD67),$C67,"") -> 275.70644 | BM67: =IF(ISNUMBER(BE67),$C67,"") -> 275.70644 | BN67: =IF(ISNUMBER(BF67),$C67,"") -> 275.70644 | BO67: =IF(ISNUMBER(BG67),$C67,"") -> 275.70644 | BP67: =IF(ISNUMBER(BH67),$C67,"") | BQ67: =IF(ISNUMBER(BI67),$C67,"") | BR67: =COUNTIF(BJ67:BQ67,"<0")+COUNTIF(BJ67:BQ67,">0") -> 6 | BS67: =IF(ISNUMBER(BC67),IF(ISEVEN(BB$57),"hole",(BC67-BB67)),0) -> 356.64834 | BT67: =IF(ISNUMBER(BD67),IF(ISEVEN(BC$57),"hole",(BD67-BC67)),0) -> hole | BU67: =IF(ISNUMBER(BE67),IF(ISEVEN(BD$57),"hole",(BE67-BD67)),0) -> 399.55852 | BV67: =IF(ISNUMBER(BF67),IF(ISEVEN(BE$57),"hole",(BF67-BE67)),0) -> hole | BW67: =IF(ISNUMBER(BG67),IF(ISEVEN(BF$57),"hole",(BG67-BF67)),0) -> 212.83555 | BX67: =IF(ISNUMBER(BH67),IF(ISEVEN(BG$57),"hole",(BH67-BG67)),0) -> 0 | BY67: =IF(ISNUMBER(BI67),IF(ISEVEN(BH$57),"hole",(BI67-BH67)),0) -> 0 | BZ67: {=IF(ISEVEN(BR67),SUM(BS67:BY67),SUM(ABS(BS67:BY67)))} -> 969.04241 | CA67: =+BZ67*$R$48 -> 48576.588 | CB67: =+IF(AND(ISNUMBER(BS67),BS67>0),BB67+BS67/2,0) -> -590.34872 | CC67: =+IF(AND(ISNUMBER(BT67),BT67>0),BC67+BT67/2,0) -> 0 | CD67: =+IF(AND(ISNUMBER(BU67),BU67>0),BD67+BU67/2,0) -> -140.50153 | CE67: =+IF(AND(ISNUMBER(BV67),BV67>0),BE67+BV67/2,0) -> 0 | CF67: =+IF(AND(ISNUMBER(BW67),BW67>0),BF67+BW67/2,0) -> 591.36661 | CG67: =+IF(AND(ISNUMBER(BX67),BX67>0),BG67+BX67/2,0) -> 0 | CH67: =+IF(AND(ISNUMBER(BY67),BY67>0),BH67+BY67/2,0) -> 0 | CI67: =+SUMPRODUCT(BS67:BY67,CB67:CH67)/BZ67 -> -145.3204 | CJ67: =+C67 -> 275.70644 | CK67: =CI67*COS(RADIANS(p)) + CJ67*SIN(RADIANS(p)) -> -42.259352 | CL67: =-CI67*SIN(RADIANS(p)) +CJ67*COS(RADIANS(p)) -> 308.78181
B68: 11 | C68: =+$D$48-(B68-0.5)*$R$48 -> 225.578 | D68: =IF(D$29-E$29=0,"",(-(E$28-D$28)*$C68-(D$28*E$29-E$28*D$29))/(D$29-E$29)) -> -1134.5122 | E68: =IF(E$29-F$29=0,"",(-(F$28-E$28)*$C68-(E$28*F$29-F$28*E$29))/(E$29-F$29)) -> 1440.3772 | F68: =IF(F$29-G$29=0,"",(-(G$28-F$28)*$C68-(F$28*G$29-G$28*F$29))/(F$29-G$29)) -> 716.02965 | G68: =IF(G$29-H$29=0,"",(-(H$28-G$28)*$C68-(G$28*H$29-H$28*G$29))/(G$29-H$29)) -> 1002.4257 | H68: =IF(H$29-I$29=0,"",(-(I$28-H$28)*$C68-(H$28*I$29-I$28*H$29))/(H$29-I$29)) -> 2374.0531 | I68: =IF(I$29-J$29=0,"",(-(J$28-I$28)*$C68-(I$28*J$29-J$28*I$29))/(I$29-J$29)) -> -2407.8843 | J68: =IF(J$29-K$29=0,"",(-(K$28-J$28)*$C68-(J$28*K$29-K$28*J$29))/(J$29-K$29)) -> -880.23701 | K68: =IF(K$29-L$29=0,"",(-(L$28-K$28)*$C68-(K$28*L$29-L$28*K$29))/(K$29-L$29)) -> -792.04816 | L68: =IF(D$34-E$34=0,"",(-(E$33-D$33)*$C68-(D$33*E$34-E$33*D$34))/(D$34-E$34)) -> -549.75131 | M68: =IF(E$34-F$34=0,"",(-(F$33-E$33)*$C68-(E$33*F$34-F$33*E$34))/(E$34-F$34)) -> -232.77999 | N68: =IF(F$34-G$34=0,"",(-(G$33-F$33)*$C68-(F$33*G$34-G$33*F$34))/(F$34-G$34)) -> -241.73034 | O68: =IF(G$34-H$34=0,"",(-(H$33-G$33)*$C68-(G$33*H$34-H$33*G$34))/(G$34-H$34)) -> 222.21965 | P68: =IF(H$34-I$34=0,"",(-(I$33-H$33)*$C68-(H$33*I$34-I$33*H$34))/(H$34-I$34)) -> 1789.2922 | Q68: =IF(I$34-J$34=0,"",(-(J$33-I$33)*$C68-(I$33*J$34-J$33*I$34))/(I$34-J$34)) -> -1905.9372 | R68: =IF(J$34-K$34=0,"",(-(K$33-J$33)*$C68-(J$33*K$34-K$33*J$34))/(J$34-K$34)) -> -667.40145 | S68: =IF(K$34-L$34=0,"",(-(L$33-K$33)*$C68-(K$33*L$34-L$33*K$34))/(K$34-L$34)) -> -557.98636 | T68: =IF(D$39-E$39=0,"",(-(E$38-D$38)*$C68-(D$38*E$39-E$38*D$39))/(D$39-E$39)) -> -549.75131 | U68: =IF(E$39-F$39=0,"",(-(F$38-E$38)*$C68-(E$38*F$39-F$38*E$39))/(E$39-F$39)) -> 938.43004 | V68: =IF(F$39-G$39=0,"",(-(G$38-F$38)*$C68-(F$38*G$39-G$38*F$39))/(F$39-G$39)) -> 503.1941 | W68: =IF(G$39-H$39=0,"",(-(H$38-G$38)*$C68-(G$38*H$39-H$38*G$39))/(G$39-H$39)) -> 768.36385 | X68: =IF(H$39-I$39=0,"",(-(I$38-H$38)*$C68-(H$38*I$39-I$38*H$39))/(H$39-I$39)) -> 1789.2922 | Y68: =IF(I$39-J$39=0,"",(-(J$38-I$38)*$C68-(I$38*J$39-J$38*I$39))/(I$39-J$39)) -> -734.72715 | Z68: =IF(J$39-K$39=0,"",(-(K$38-J$38)*$C68-(J$38*K$39-K$38*J$39))/(J$39-K$39)) -> 77.52299 | AA68: =IF(K$39-L$39=0,"",(-(L$38-K$38)*$C68-(K$38*L$39-L$38*K$39))/(K$39-L$39)) -> -11.842155 | AC68: =IF(IF(D$28=E$28,AND($C68>=MIN(D$29,E$29),$C68<=MAX(D$29,E$29)),AND(D68>=MIN(D$28,E$28),D68<=MAX(D$28,E$28))),D68,"") | AD68: =IF(IF(E$28=F$28,AND($C68>=MIN(E$29,F$29),$C68<=MAX(E$29,F$29)),AND(E68>=MIN(E$28,F$28),E68<=MAX(E$28,F$28))),E68,"") | AE68: =IF(IF(F$28=G$28,AND($C68>=MIN(F$29,G$29),$C68<=MAX(F$29,G$29)),AND(F68>=MIN(F$28,G$28),F68<=MAX(F$28,G$28))),F68,"") -> 716.02965 | AF68: =IF(IF(G$28=H$28,AND($C68>=MIN(G$29,H$29),$C68<=MAX(G$29,H$29)),AND(G68>=MIN(G$28,H$28),G68<=MAX(G$28,H$28))),G68,"") | AG68: =IF(IF(H$28=I$28,AND($C68>=MIN(H$29,I$29),$C68<=MAX(H$29,I$29)),AND(H68>=MIN(H$28,I$28),H68<=MAX(H$28,I$28))),H68,"") | AH68: =IF(IF(I$28=J$28,AND($C68>=MIN(I$29,J$29),$C68<=MAX(I$29,J$29)),AND(I68>=MIN(I$28,J$28),I68<=MAX(I$28,J$28))),I68,"") | AI68: =IF(IF(J$28=K$28,AND($C68>=MIN(J$29,K$29),$C68<=MAX(J$29,K$29)),AND(J68>=MIN(J$28,K$28),J68<=MAX(J$28,K$28))),J68,"") | AJ68: =IF(IF(K$28=L$28,AND($C68>=MIN(K$29,L$29),$C68<=MAX(K$29,L$29)),AND(K68>=MIN(K$28,L$28),K68<=MAX(K$28,L$28))),K68,"") -> -792.04816 | AK68: =IF(IF(D$33=E$33,AND($C68>=MIN(D$34,E$34),$C68<=MAX(D$34,E$34)),AND(L68>=MIN(D$33,E$33),L68<=MAX(D$33,E$33))),L68,"") -> -549.75131 | AL68: =IF(IF(E$33=F$33,AND($C68>=MIN(E$34,F$34),$C68<=MAX(E$34,F$34)),AND(M68>=MIN(E$33,F$33),M68<=MAX(E$33,F$33))),M68,"") | AM68: =IF(IF(F$33=G$33,AND($C68>=MIN(F$34,G$34),$C68<=MAX(F$34,G$34)),AND(N68>=MIN(F$33,G$33),N68<=MAX(F$33,G$33))),N68,"") -> -241.73034 | AN68: =IF(IF(G$33=H$33,AND($C68>=MIN(G$34,H$34),$C68<=MAX(G$34,H$34)),AND(O68>=MIN(G$33,H$33),O68<=MAX(G$33,H$33))),O68,"") | AO68: =IF(IF(H$33=I$33,AND($C68>=MIN(H$34,I$34),$C68<=MAX(H$34,I$34)),AND(P68>=MIN(H$33,I$33),P68<=MAX(H$33,I$33))),P68,"") | AP68: =IF(IF(I$33=J$33,AND($C68>=MIN(I$34,J$34),$C68<=MAX(I$34,J$34)),AND(Q68>=MIN(I$33,J$33),Q68<=MAX(I$33,J$33))),Q68,"") | AQ68: =IF(IF(J$33=K$33,AND($C68>=MIN(J$34,K$34),$C68<=MAX(J$34,K$34)),AND(R68>=MIN(J$33,K$33),R68<=MAX(J$33,K$33))),R68,"") | AR68: =IF(IF(K$33=L$33,AND($C68>=MIN(K$34,L$34),$C68<=MAX(K$34,L$34)),AND(S68>=MIN(K$33,L$33),S68<=MAX(K$33,L$33))),S68,"") | AS68: =IF(IF(D$38=E$38,AND($C68>=MIN(D$39,E$39),$C68<=MAX(D$39,E$39)),AND(T68>=MIN(D$38,E$38),T68<=MAX(D$38,E$38))),T68,"") | AT68: =IF(IF(E$38=F$38,AND($C68>=MIN(E$39,F$39),$C68<=MAX(E$39,F$39)),AND(U68>=MIN(E$38,F$38),U68<=MAX(E$38,F$38))),U68,"") | AU68: =IF(IF(F$38=G$38,AND($C68>=MIN(F$39,G$39),$C68<=MAX(F$39,G$39)),AND(V68>=MIN(F$38,G$38),V68<=MAX(F$38,G$38))),V68,"") -> 503.1941 | AV68: =IF(IF(G$38=H$38,AND($C68>=MIN(G$39,H$39),$C68<=MAX(G$39,H$39)),AND(W68>=MIN(G$38,H$38),W68<=MAX(G$38,H$38))),W68,"") | AW68: =IF(IF(H$38=I$38,AND($C68>=MIN(H$39,I$39),$C68<=MAX(H$39,I$39)),AND(X68>=MIN(H$38,I$38),X68<=MAX(H$38,I$38))),X68,"") | AX68: =IF(IF(I$38=J$38,AND($C68>=MIN(I$39,J$39),$C68<=MAX(I$39,J$39)),AND(Y68>=MIN(I$38,J$38),Y68<=MAX(I$38,J$38))),Y68,"") | AY68: =IF(IF(J$38=K$38,AND($C68>=MIN(J$39,K$39),$C68<=MAX(J$39,K$39)),AND(Z68>=MIN(J$38,K$38),Z68<=MAX(J$38,K$38))),Z68,"") -> 77.52299 | AZ68: =IF(IF(K$38=L$38,AND($C68>=MIN(K$39,L$39),$C68<=MAX(K$39,L$39)),AND(AA68>=MIN(K$38,L$38),AA68<=MAX(K$38,L$38))),AA68,"") | BB68: {=IFERROR(_xlfn._xlws.SORT(_xlfn.UNIQUE(_xlfn._xlws.FILTER($AC68:$AZ68,ISNUMBER($AC68:$AZ68)),TRUE),,,TRUE),"")} -> -792.04816 | BC68: -549.75131 | BD68: -241.73034 | BE68: 77.52299 | BF68: 503.1941 | BG68: 716.02965 | BJ68: =IF(ISNUMBER(BB68),$C68,"") -> 225.578 | BK68: =IF(ISNUMBER(BC68),$C68,"") -> 225.578 | BL68: =IF(ISNUMBER(BD68),$C68,"") -> 225.578 | BM68: =IF(ISNUMBER(BE68),$C68,"") -> 225.578 | BN68: =IF(ISNUMBER(BF68),$C68,"") -> 225.578 | BO68: =IF(ISNUMBER(BG68),$C68,"") -> 225.578 | BP68: =IF(ISNUMBER(BH68),$C68,"") | BQ68: =IF(ISNUMBER(BI68),$C68,"") | BR68: =COUNTIF(BJ68:BQ68,"<0")+COUNTIF(BJ68:BQ68,">0") -> 6 | BS68: =IF(ISNUMBER(BC68),IF(ISEVEN(BB$57),"hole",(BC68-BB68)),0) -> 242.29685 | BT68: =IF(ISNUMBER(BD68),IF(ISEVEN(BC$57),"hole",(BD68-BC68)),0) -> hole | BU68: =IF(ISNUMBER(BE68),IF(ISEVEN(BD$57),"hole",(BE68-BD68)),0) -> 319.25333 | BV68: =IF(ISNUMBER(BF68),IF(ISEVEN(BE$57),"hole",(BF68-BE68)),0) -> hole | BW68: =IF(ISNUMBER(BG68),IF(ISEVEN(BF$57),"hole",(BG68-BF68)),0) -> 212.83555 | BX68: =IF(ISNUMBER(BH68),IF(ISEVEN(BG$57),"hole",(BH68-BG68)),0) -> 0 | BY68: =IF(ISNUMBER(BI68),IF(ISEVEN(BH$57),"hole",(BI68-BH68)),0) -> 0 | BZ68: {=IF(ISEVEN(BR68),SUM(BS68:BY68),SUM(ABS(BS68:BY68)))} -> 774.38574 | CA68: =+BZ68*$R$48 -> 38818.752 | CB68: =+IF(AND(ISNUMBER(BS68),BS68>0),BB68+BS68/2,0) -> -670.89974 | CC68: =+IF(AND(ISNUMBER(BT68),BT68>0),BC68+BT68/2,0) -> 0 | CD68: =+IF(AND(ISNUMBER(BU68),BU68>0),BD68+BU68/2,0) -> -82.103676 | CE68: =+IF(AND(ISNUMBER(BV68),BV68>0),BE68+BV68/2,0) -> 0 | CF68: =+IF(AND(ISNUMBER(BW68),BW68>0),BF68+BW68/2,0) -> 609.61188 | CG68: =+IF(AND(ISNUMBER(BX68),BX68>0),BG68+BX68/2,0) -> 0 | CH68: =+IF(AND(ISNUMBER(BY68),BY68>0),BH68+BY68/2,0) -> 0 | CI68: =+SUMPRODUCT(BS68:BY68,CB68:CH68)/BZ68 -> -76.217422 | CJ68: =+C68 -> 225.578 | CK68: =CI68*COS(RADIANS(p)) + CJ68*SIN(RADIANS(p)) -> 5.5312693 | CL68: =-CI68*SIN(RADIANS(p)) +CJ68*COS(RADIANS(p)) -> 238.04187
B69: 12 | C69: =+$D$48-(B69-0.5)*$R$48 -> 175.44955 | D69: =IF(D$29-E$29=0,"",(-(E$28-D$28)*$C69-(D$28*E$29-E$28*D$29))/(D$29-E$29)) -> -1272.239 | E69: =IF(E$29-F$29=0,"",(-(F$28-E$28)*$C69-(E$28*F$29-F$28*E$29))/(E$29-F$29)) -> 1547.878 | F69: =IF(F$29-G$29=0,"",(-(G$28-F$28)*$C69-(F$28*G$29-G$28*F$29))/(F$29-G$29)) -> 734.27491 | G69: =IF(G$29-H$29=0,"",(-(H$28-G$28)*$C69-(G$28*H$29-H$28*G$29))/(G$29-H$29)) -> 979.05038 | H69: =IF(H$29-I$29=0,"",(-(I$28-H$28)*$C69-(H$28*I$29-I$28*H$29))/(H$29-I$29)) -> 2236.3263 | I69: =IF(I$29-J$29=0,"",(-(J$28-I$28)*$C69-(I$28*J$29-J$28*I$29))/(I$29-J$29)) -> -2300.3835 | J69: =IF(J$29-K$29=0,"",(-(K$28-J$28)*$C69-(J$28*K$29-K$28*J$29))/(J$29-K$29)) -> -861.99174 | K69: =IF(K$29-L$29=0,"",(-(L$28-K$28)*$C69-(K$28*L$29-L$28*K$29))/(K$29-L$29)) -> -815.42344 | L69: =IF(D$34-E$34=0,"",(-(E$33-D$33)*$C69-(D$33*E$34-E$33*D$34))/(D$34-E$34)) -> -687.47808 | M69: =IF(E$34-F$34=0,"",(-(F$33-E$33)*$C69-(E$33*F$34-F$33*E$34))/(E$34-F$34)) -> -125.2792 | N69: =IF(F$34-G$34=0,"",(-(G$33-F$33)*$C69-(F$33*G$34-G$33*F$34))/(F$34-G$34)) -> -223.48508 | O69: =IF(G$34-H$34=0,"",(-(H$33-G$33)*$C69-(G$33*H$34-H$33*G$34))/(G$34-H$34)) -> 198.84437 | P69: =IF(H$34-I$34=0,"",(-(I$33-H$33)*$C69-(H$33*I$34-I$33*H$34))/(H$34-I$34)) -> 1651.5654 | Q69: =IF(I$34-J$34=0,"",(-(J$33-I$33)*$C69-(I$33*J$34-J$33*I$34))/(I$34-J$34)) -> -1798.4364 | R69: =IF(J$34-K$34=0,"",(-(K$33-J$33)*$C69-(J$33*K$34-K$33*J$34))/(J$34-K$34)) -> -649.15619 | S69: =IF(K$34-L$34=0,"",(-(L$33-K$33)*$C69-(K$33*L$34-L$33*K$34))/(K$34-L$34)) -> -581.36164 | T69: =IF(D$39-E$39=0,"",(-(E$38-D$38)*$C69-(D$38*E$39-E$38*D$39))/(D$39-E$39)) -> -687.47808 | U69: =IF(E$39-F$39=0,"",(-(F$38-E$38)*$C69-(E$38*F$39-F$38*E$39))/(E$39-F$39)) -> 1045.9308 | V69: =IF(F$39-G$39=0,"",(-(G$38-F$38)*$C69-(F$38*G$39-G$38*F$39))/(F$39-G$39)) -> 521.43936 | W69: =IF(G$39-H$39=0,"",(-(H$38-G$38)*$C69-(G$38*H$39-H$38*G$39))/(G$39-H$39)) -> 744.98858 | X69: =IF(H$39-I$39=0,"",(-(I$38-H$38)*$C69-(H$38*I$39-I$38*H$39))/(H$39-I$39)) -> 1651.5654 | Y69: =IF(I$39-J$39=0,"",(-(J$38-I$38)*$C69-(I$38*J$39-J$38*I$39))/(I$39-J$39)) -> -627.22636 | Z69: =IF(J$39-K$39=0,"",(-(K$38-J$38)*$C69-(J$38*K$39-K$38*J$39))/(J$39-K$39)) -> 95.768251 | AA69: =IF(K$39-L$39=0,"",(-(L$38-K$38)*$C69-(K$38*L$39-L$38*K$39))/(K$39-L$39)) -> -35.217432 | AC69: =IF(IF(D$28=E$28,AND($C69>=MIN(D$29,E$29),$C69<=MAX(D$29,E$29)),AND(D69>=MIN(D$28,E$28),D69<=MAX(D$28,E$28))),D69,"") | AD69: =IF(IF(E$28=F$28,AND($C69>=MIN(E$29,F$29),$C69<=MAX(E$29,F$29)),AND(E69>=MIN(E$28,F$28),E69<=MAX(E$28,F$28))),E69,"") | AE69: =IF(IF(F$28=G$28,AND($C69>=MIN(F$29,G$29),$C69<=MAX(F$29,G$29)),AND(F69>=MIN(F$28,G$28),F69<=MAX(F$28,G$28))),F69,"") -> 734.27491 | AF69: =IF(IF(G$28=H$28,AND($C69>=MIN(G$29,H$29),$C69<=MAX(G$29,H$29)),AND(G69>=MIN(G$28,H$28),G69<=MAX(G$28,H$28))),G69,"") | AG69: =IF(IF(H$28=I$28,AND($C69>=MIN(H$29,I$29),$C69<=MAX(H$29,I$29)),AND(H69>=MIN(H$28,I$28),H69<=MAX(H$28,I$28))),H69,"") | AH69: =IF(IF(I$28=J$28,AND($C69>=MIN(I$29,J$29),$C69<=MAX(I$29,J$29)),AND(I69>=MIN(I$28,J$28),I69<=MAX(I$28,J$28))),I69,"") | AI69: =IF(IF(J$28=K$28,AND($C69>=MIN(J$29,K$29),$C69<=MAX(J$29,K$29)),AND(J69>=MIN(J$28,K$28),J69<=MAX(J$28,K$28))),J69,"") | AJ69: =IF(IF(K$28=L$28,AND($C69>=MIN(K$29,L$29),$C69<=MAX(K$29,L$29)),AND(K69>=MIN(K$28,L$28),K69<=MAX(K$28,L$28))),K69,"") -> -815.42344 | AK69: =IF(IF(D$33=E$33,AND($C69>=MIN(D$34,E$34),$C69<=MAX(D$34,E$34)),AND(L69>=MIN(D$33,E$33),L69<=MAX(D$33,E$33))),L69,"") | AL69: =IF(IF(E$33=F$33,AND($C69>=MIN(E$34,F$34),$C69<=MAX(E$34,F$34)),AND(M69>=MIN(E$33,F$33),M69<=MAX(E$33,F$33))),M69,"") | AM69: =IF(IF(F$33=G$33,AND($C69>=MIN(F$34,G$34),$C69<=MAX(F$34,G$34)),AND(N69>=MIN(F$33,G$33),N69<=MAX(F$33,G$33))),N69,"") -> -223.48508 | AN69: =IF(IF(G$33=H$33,AND($C69>=MIN(G$34,H$34),$C69<=MAX(G$34,H$34)),AND(O69>=MIN(G$33,H$33),O69<=MAX(G$33,H$33))),O69,"") | AO69: =IF(IF(H$33=I$33,AND($C69>=MIN(H$34,I$34),$C69<=MAX(H$34,I$34)),AND(P69>=MIN(H$33,I$33),P69<=MAX(H$33,I$33))),P69,"") | AP69: =IF(IF(I$33=J$33,AND($C69>=MIN(I$34,J$34),$C69<=MAX(I$34,J$34)),AND(Q69>=MIN(I$33,J$33),Q69<=MAX(I$33,J$33))),Q69,"") | AQ69: =IF(IF(J$33=K$33,AND($C69>=MIN(J$34,K$34),$C69<=MAX(J$34,K$34)),AND(R69>=MIN(J$33,K$33),R69<=MAX(J$33,K$33))),R69,"") | AR69: =IF(IF(K$33=L$33,AND($C69>=MIN(K$34,L$34),$C69<=MAX(K$34,L$34)),AND(S69>=MIN(K$33,L$33),S69<=MAX(K$33,L$33))),S69,"") -> -581.36164 | AS69: =IF(IF(D$38=E$38,AND($C69>=MIN(D$39,E$39),$C69<=MAX(D$39,E$39)),AND(T69>=MIN(D$38,E$38),T69<=MAX(D$38,E$38))),T69,"") | AT69: =IF(IF(E$38=F$38,AND($C69>=MIN(E$39,F$39),$C69<=MAX(E$39,F$39)),AND(U69>=MIN(E$38,F$38),U69<=MAX(E$38,F$38))),U69,"") | AU69: =IF(IF(F$38=G$38,AND($C69>=MIN(F$39,G$39),$C69<=MAX(F$39,G$39)),AND(V69>=MIN(F$38,G$38),V69<=MAX(F$38,G$38))),V69,"") -> 521.43936 | AV69: =IF(IF(G$38=H$38,AND($C69>=MIN(G$39,H$39),$C69<=MAX(G$39,H$39)),AND(W69>=MIN(G$38,H$38),W69<=MAX(G$38,H$38))),W69,"") | AW69: =IF(IF(H$38=I$38,AND($C69>=MIN(H$39,I$39),$C69<=MAX(H$39,I$39)),AND(X69>=MIN(H$38,I$38),X69<=MAX(H$38,I$38))),X69,"") | AX69: =IF(IF(I$38=J$38,AND($C69>=MIN(I$39,J$39),$C69<=MAX(I$39,J$39)),AND(Y69>=MIN(I$38,J$38),Y69<=MAX(I$38,J$38))),Y69,"") | AY69: =IF(IF(J$38=K$38,AND($C69>=MIN(J$39,K$39),$C69<=MAX(J$39,K$39)),AND(Z69>=MIN(J$38,K$38),Z69<=MAX(J$38,K$38))),Z69,"") -> 95.768251 | AZ69: =IF(IF(K$38=L$38,AND($C69>=MIN(K$39,L$39),$C69<=MAX(K$39,L$39)),AND(AA69>=MIN(K$38,L$38),AA69<=MAX(K$38,L$38))),AA69,"") | BB69: {=IFERROR(_xlfn._xlws.SORT(_xlfn.UNIQUE(_xlfn._xlws.FILTER($AC69:$AZ69,ISNUMBER($AC69:$AZ69)),TRUE),,,TRUE),"")} -> -815.42344 | BC69: -581.36164 | BD69: -223.48508 | BE69: 95.768251 | BF69: 521.43936 | BG69: 734.27491 | BJ69: =IF(ISNUMBER(BB69),$C69,"") -> 175.44955 | BK69: =IF(ISNUMBER(BC69),$C69,"") -> 175.44955 | BL69: =IF(ISNUMBER(BD69),$C69,"") -> 175.44955 | BM69: =IF(ISNUMBER(BE69),$C69,"") -> 175.44955 | BN69: =IF(ISNUMBER(BF69),$C69,"") -> 175.44955 | BO69: =IF(ISNUMBER(BG69),$C69,"") -> 175.44955 | BP69: =IF(ISNUMBER(BH69),$C69,"") | BQ69: =IF(ISNUMBER(BI69),$C69,"") | BR69: =COUNTIF(BJ69:BQ69,"<0")+COUNTIF(BJ69:BQ69,">0") -> 6 | BS69: =IF(ISNUMBER(BC69),IF(ISEVEN(BB$57),"hole",(BC69-BB69)),0) -> 234.0618 | BT69: =IF(ISNUMBER(BD69),IF(ISEVEN(BC$57),"hole",(BD69-BC69)),0) -> hole | BU69: =IF(ISNUMBER(BE69),IF(ISEVEN(BD$57),"hole",(BE69-BD69)),0) -> 319.25333 | BV69: =IF(ISNUMBER(BF69),IF(ISEVEN(BE$57),"hole",(BF69-BE69)),0) -> hole | BW69: =IF(ISNUMBER(BG69),IF(ISEVEN(BF$57),"hole",(BG69-BF69)),0) -> 212.83555 | BX69: =IF(ISNUMBER(BH69),IF(ISEVEN(BG$57),"hole",(BH69-BG69)),0) -> 0 | BY69: =IF(ISNUMBER(BI69),IF(ISEVEN(BH$57),"hole",(BI69-BH69)),0) -> 0 | BZ69: {=IF(ISEVEN(BR69),SUM(BS69:BY69),SUM(ABS(BS69:BY69)))} -> 766.15069 | CA69: =+BZ69*$R$48 -> 38405.941 | CB69: =+IF(AND(ISNUMBER(BS69),BS69>0),BB69+BS69/2,0) -> -698.39254 | CC69: =+IF(AND(ISNUMBER(BT69),BT69>0),BC69+BT69/2,0) -> 0 | CD69: =+IF(AND(ISNUMBER(BU69),BU69>0),BD69+BU69/2,0) -> -63.858415 | CE69: =+IF(AND(ISNUMBER(BV69),BV69>0),BE69+BV69/2,0) -> 0 | CF69: =+IF(AND(ISNUMBER(BW69),BW69>0),BF69+BW69/2,0) -> 627.85714 | CG69: =+IF(AND(ISNUMBER(BX69),BX69>0),BG69+BX69/2,0) -> 0 | CH69: =+IF(AND(ISNUMBER(BY69),BY69>0),BH69+BY69/2,0) -> 0 | CI69: =+SUMPRODUCT(BS69:BY69,CB69:CH69)/BZ69 -> -65.5533 | CJ69: =+C69 -> 175.44955 | CK69: =CI69*COS(RADIANS(p)) + CJ69*SIN(RADIANS(p)) -> -1.5926717 | CL69: =-CI69*SIN(RADIANS(p)) +CJ69*COS(RADIANS(p)) -> 187.2892
B70: 13 | C70: =+$D$48-(B70-0.5)*$R$48 -> 125.32111 | D70: =IF(D$29-E$29=0,"",(-(E$28-D$28)*$C70-(D$28*E$29-E$28*D$29))/(D$29-E$29)) -> -1409.9657 | E70: =IF(E$29-F$29=0,"",(-(F$28-E$28)*$C70-(E$28*F$29-F$28*E$29))/(E$29-F$29)) -> 1655.3788 | F70: =IF(F$29-G$29=0,"",(-(G$28-F$28)*$C70-(F$28*G$29-G$28*F$29))/(F$29-G$29)) -> 752.52018 | G70: =IF(G$29-H$29=0,"",(-(H$28-G$28)*$C70-(G$28*H$29-H$28*G$29))/(G$29-H$29)) -> 955.6751 | H70: =IF(H$29-I$29=0,"",(-(I$28-H$28)*$C70-(H$28*I$29-I$28*H$29))/(H$29-I$29)) -> 2098.5996 | I70: =IF(I$29-J$29=0,"",(-(J$28-I$28)*$C70-(I$28*J$29-J$28*I$29))/(I$29-J$29)) -> -2192.8827 | J70: =IF(J$29-K$29=0,"",(-(K$28-J$28)*$C70-(J$28*K$29-K$28*J$29))/(J$29-K$29)) -> -843.74648 | K70: =IF(K$29-L$29=0,"",(-(L$28-K$28)*$C70-(K$28*L$29-L$28*K$29))/(K$29-L$29)) -> -838.79872 | L70: =IF(D$34-E$34=0,"",(-(E$33-D$33)*$C70-(D$33*E$34-E$33*D$34))/(D$34-E$34)) -> -825.20484 | M70: =IF(E$34-F$34=0,"",(-(F$33-E$33)*$C70-(E$33*F$34-F$33*E$34))/(E$34-F$34)) -> -17.778407 | N70: =IF(F$34-G$34=0,"",(-(G$33-F$33)*$C70-(F$33*G$34-G$33*F$34))/(F$34-G$34)) -> -205.23982 | O70: =IF(G$34-H$34=0,"",(-(H$33-G$33)*$C70-(G$33*H$34-H$33*G$34))/(G$34-H$34)) -> 175.46909 | P70: =IF(H$34-I$34=0,"",(-(I$33-H$33)*$C70-(H$33*I$34-I$33*H$34))/(H$34-I$34)) -> 1513.8387 | Q70: =IF(I$34-J$34=0,"",(-(J$33-I$33)*$C70-(I$33*J$34-J$33*I$34))/(I$34-J$34)) -> -1690.9356 | R70: =IF(J$34-K$34=0,"",(-(K$33-J$33)*$C70-(J$33*K$34-K$33*J$34))/(J$34-K$34)) -> -630.91093 | S70: =IF(K$34-L$34=0,"",(-(L$33-K$33)*$C70-(K$33*L$34-L$33*K$34))/(K$34-L$34)) -> -604.73691 | T70: =IF(D$39-E$39=0,"",(-(E$38-D$38)*$C70-(D$38*E$39-E$38*D$39))/(D$39-E$39)) -> -825.20484 | U70: =IF(E$39-F$39=0,"",(-(F$38-E$38)*$C70-(E$38*F$39-F$38*E$39))/(E$39-F$39)) -> 1153.4316 | V70: =IF(F$39-G$39=0,"",(-(G$38-F$38)*$C70-(F$38*G$39-G$38*F$39))/(F$39-G$39)) -> 539.68462 | W70: =IF(G$39-H$39=0,"",(-(H$38-G$38)*$C70-(G$38*H$39-H$38*G$39))/(G$39-H$39)) -> 721.6133 | X70: =IF(H$39-I$39=0,"",(-(I$38-H$38)*$C70-(H$38*I$39-I$38*H$39))/(H$39-I$39)) -> 1513.8387 | Y70: =IF(I$39-J$39=0,"",(-(J$38-I$38)*$C70-(I$38*J$39-J$38*I$39))/(I$39-J$39)) -> -519.72556 | Z70: =IF(J$39-K$39=0,"",(-(K$38-J$38)*$C70-(J$38*K$39-K$38*J$39))/(J$39-K$39)) -> 114.01351 | AA70: =IF(K$39-L$39=0,"",(-(L$38-K$38)*$C70-(K$38*L$39-L$38*K$39))/(K$39-L$39)) -> -58.592709 | AC70: =IF(IF(D$28=E$28,AND($C70>=MIN(D$29,E$29),$C70<=MAX(D$29,E$29)),AND(D70>=MIN(D$28,E$28),D70<=MAX(D$28,E$28))),D70,"") | AD70: =IF(IF(E$28=F$28,AND($C70>=MIN(E$29,F$29),$C70<=MAX(E$29,F$29)),AND(E70>=MIN(E$28,F$28),E70<=MAX(E$28,F$28))),E70,"") | AE70: =IF(IF(F$28=G$28,AND($C70>=MIN(F$29,G$29),$C70<=MAX(F$29,G$29)),AND(F70>=MIN(F$28,G$28),F70<=MAX(F$28,G$28))),F70,"") -> 752.52018 | AF70: =IF(IF(G$28=H$28,AND($C70>=MIN(G$29,H$29),$C70<=MAX(G$29,H$29)),AND(G70>=MIN(G$28,H$28),G70<=MAX(G$28,H$28))),G70,"") | AG70: =IF(IF(H$28=I$28,AND($C70>=MIN(H$29,I$29),$C70<=MAX(H$29,I$29)),AND(H70>=MIN(H$28,I$28),H70<=MAX(H$28,I$28))),H70,"") | AH70: =IF(IF(I$28=J$28,AND($C70>=MIN(I$29,J$29),$C70<=MAX(I$29,J$29)),AND(I70>=MIN(I$28,J$28),I70<=MAX(I$28,J$28))),I70,"") | AI70: =IF(IF(J$28=K$28,AND($C70>=MIN(J$29,K$29),$C70<=MAX(J$29,K$29)),AND(J70>=MIN(J$28,K$28),J70<=MAX(J$28,K$28))),J70,"") | AJ70: =IF(IF(K$28=L$28,AND($C70>=MIN(K$29,L$29),$C70<=MAX(K$29,L$29)),AND(K70>=MIN(K$28,L$28),K70<=MAX(K$28,L$28))),K70,"") -> -838.79872 | AK70: =IF(IF(D$33=E$33,AND($C70>=MIN(D$34,E$34),$C70<=MAX(D$34,E$34)),AND(L70>=MIN(D$33,E$33),L70<=MAX(D$33,E$33))),L70,"") | AL70: =IF(IF(E$33=F$33,AND($C70>=MIN(E$34,F$34),$C70<=MAX(E$34,F$34)),AND(M70>=MIN(E$33,F$33),M70<=MAX(E$33,F$33))),M70,"") | AM70: =IF(IF(F$33=G$33,AND($C70>=MIN(F$34,G$34),$C70<=MAX(F$34,G$34)),AND(N70>=MIN(F$33,G$33),N70<=MAX(F$33,G$33))),N70,"") -> -205.23982 | AN70: =IF(IF(G$33=H$33,AND($C70>=MIN(G$34,H$34),$C70<=MAX(G$34,H$34)),AND(O70>=MIN(G$33,H$33),O70<=MAX(G$33,H$33))),O70,"") | AO70: =IF(IF(H$33=I$33,AND($C70>=MIN(H$34,I$34),$C70<=MAX(H$34,I$34)),AND(P70>=MIN(H$33,I$33),P70<=MAX(H$33,I$33))),P70,"") | AP70: =IF(IF(I$33=J$33,AND($C70>=MIN(I$34,J$34),$C70<=MAX(I$34,J$34)),AND(Q70>=MIN(I$33,J$33),Q70<=MAX(I$33,J$33))),Q70,"") | AQ70: =IF(IF(J$33=K$33,AND($C70>=MIN(J$34,K$34),$C70<=MAX(J$34,K$34)),AND(R70>=MIN(J$33,K$33),R70<=MAX(J$33,K$33))),R70,"") | AR70: =IF(IF(K$33=L$33,AND($C70>=MIN(K$34,L$34),$C70<=MAX(K$34,L$34)),AND(S70>=MIN(K$33,L$33),S70<=MAX(K$33,L$33))),S70,"") -> -604.73691 | AS70: =IF(IF(D$38=E$38,AND($C70>=MIN(D$39,E$39),$C70<=MAX(D$39,E$39)),AND(T70>=MIN(D$38,E$38),T70<=MAX(D$38,E$38))),T70,"") | AT70: =IF(IF(E$38=F$38,AND($C70>=MIN(E$39,F$39),$C70<=MAX(E$39,F$39)),AND(U70>=MIN(E$38,F$38),U70<=MAX(E$38,F$38))),U70,"") | AU70: =IF(IF(F$38=G$38,AND($C70>=MIN(F$39,G$39),$C70<=MAX(F$39,G$39)),AND(V70>=MIN(F$38,G$38),V70<=MAX(F$38,G$38))),V70,"") -> 539.68462 | AV70: =IF(IF(G$38=H$38,AND($C70>=MIN(G$39,H$39),$C70<=MAX(G$39,H$39)),AND(W70>=MIN(G$38,H$38),W70<=MAX(G$38,H$38))),W70,"") | AW70: =IF(IF(H$38=I$38,AND($C70>=MIN(H$39,I$39),$C70<=MAX(H$39,I$39)),AND(X70>=MIN(H$38,I$38),X70<=MAX(H$38,I$38))),X70,"") | AX70: =IF(IF(I$38=J$38,AND($C70>=MIN(I$39,J$39),$C70<=MAX(I$39,J$39)),AND(Y70>=MIN(I$38,J$38),Y70<=MAX(I$38,J$38))),Y70,"") | AY70: =IF(IF(J$38=K$38,AND($C70>=MIN(J$39,K$39),$C70<=MAX(J$39,K$39)),AND(Z70>=MIN(J$38,K$38),Z70<=MAX(J$38,K$38))),Z70,"") -> 114.01351 | AZ70: =IF(IF(K$38=L$38,AND($C70>=MIN(K$39,L$39),$C70<=MAX(K$39,L$39)),AND(AA70>=MIN(K$38,L$38),AA70<=MAX(K$38,L$38))),AA70,"") | BB70: {=IFERROR(_xlfn._xlws.SORT(_xlfn.UNIQUE(_xlfn._xlws.FILTER($AC70:$AZ70,ISNUMBER($AC70:$AZ70)),TRUE),,,TRUE),"")} -> -838.79872 | BC70: -604.73691 | BD70: -205.23982 | BE70: 114.01351 | BF70: 539.68462 | BG70: 752.52018 | BJ70: =IF(ISNUMBER(BB70),$C70,"") -> 125.32111 | BK70: =IF(ISNUMBER(BC70),$C70,"") -> 125.32111 | BL70: =IF(ISNUMBER(BD70),$C70,"") -> 125.32111 | BM70: =IF(ISNUMBER(BE70),$C70,"") -> 125.32111 | BN70: =IF(ISNUMBER(BF70),$C70,"") -> 125.32111 | BO70: =IF(ISNUMBER(BG70),$C70,"") -> 125.32111 | BP70: =IF(ISNUMBER(BH70),$C70,"") | BQ70: =IF(ISNUMBER(BI70),$C70,"") | BR70: =COUNTIF(BJ70:BQ70,"<0")+COUNTIF(BJ70:BQ70,">0") -> 6 | BS70: =IF(ISNUMBER(BC70),IF(ISEVEN(BB$57),"hole",(BC70-BB70)),0) -> 234.0618 | BT70: =IF(ISNUMBER(BD70),IF(ISEVEN(BC$57),"hole",(BD70-BC70)),0) -> hole | BU70: =IF(ISNUMBER(BE70),IF(ISEVEN(BD$57),"hole",(BE70-BD70)),0) -> 319.25333 | BV70: =IF(ISNUMBER(BF70),IF(ISEVEN(BE$57),"hole",(BF70-BE70)),0) -> hole | BW70: =IF(ISNUMBER(BG70),IF(ISEVEN(BF$57),"hole",(BG70-BF70)),0) -> 212.83555 | BX70: =IF(ISNUMBER(BH70),IF(ISEVEN(BG$57),"hole",(BH70-BG70)),0) -> 0 | BY70: =IF(ISNUMBER(BI70),IF(ISEVEN(BH$57),"hole",(BI70-BH70)),0) -> 0 | BZ70: {=IF(ISEVEN(BR70),SUM(BS70:BY70),SUM(ABS(BS70:BY70)))} -> 766.15069 | CA70: =+BZ70*$R$48 -> 38405.941 | CB70: =+IF(AND(ISNUMBER(BS70),BS70>0),BB70+BS70/2,0) -> -721.76782 | CC70: =+IF(AND(ISNUMBER(BT70),BT70>0),BC70+BT70/2,0) -> 0 | CD70: =+IF(AND(ISNUMBER(BU70),BU70>0),BD70+BU70/2,0) -> -45.613153 | CE70: =+IF(AND(ISNUMBER(BV70),BV70>0),BE70+BV70/2,0) -> 0 | CF70: =+IF(AND(ISNUMBER(BW70),BW70>0),BF70+BW70/2,0) -> 646.1024 | CG70: =+IF(AND(ISNUMBER(BX70),BX70>0),BG70+BX70/2,0) -> 0 | CH70: =+IF(AND(ISNUMBER(BY70),BY70>0),BH70+BY70/2,0) -> 0 | CI70: =+SUMPRODUCT(BS70:BY70,CB70:CH70)/BZ70 -> -60.023264 | CJ70: =+C70 -> 125.32111 | CK70: =CI70*COS(RADIANS(p)) + CJ70*SIN(RADIANS(p)) -> -13.541075 | CL70: =-CI70*SIN(RADIANS(p)) +CJ70*COS(RADIANS(p)) -> 138.29249
B71: 14 | C71: =+$D$48-(B71-0.5)*$R$48 -> 75.192665 | D71: =IF(D$29-E$29=0,"",(-(E$28-D$28)*$C71-(D$28*E$29-E$28*D$29))/(D$29-E$29)) -> -1547.6925 | E71: =IF(E$29-F$29=0,"",(-(F$28-E$28)*$C71-(E$28*F$29-F$28*E$29))/(E$29-F$29)) -> 1762.8796 | F71: =IF(F$29-G$29=0,"",(-(G$28-F$28)*$C71-(F$28*G$29-G$28*F$29))/(F$29-G$29)) -> 770.76544 | G71: =IF(G$29-H$29=0,"",(-(H$28-G$28)*$C71-(G$28*H$29-H$28*G$29))/(G$29-H$29)) -> 932.29983 | H71: =IF(H$29-I$29=0,"",(-(I$28-H$28)*$C71-(H$28*I$29-I$28*H$29))/(H$29-I$29)) -> 1960.8728 | I71: =IF(I$29-J$29=0,"",(-(J$28-I$28)*$C71-(I$28*J$29-J$28*I$29))/(I$29-J$29)) -> -2085.382 | J71: =IF(J$29-K$29=0,"",(-(K$28-J$28)*$C71-(J$28*K$29-K$28*J$29))/(J$29-K$29)) -> -825.50122 | K71: =IF(K$29-L$29=0,"",(-(L$28-K$28)*$C71-(K$28*L$29-L$28*K$29))/(K$29-L$29)) -> -862.17399 | L71: =IF(D$34-E$34=0,"",(-(E$33-D$33)*$C71-(D$33*E$34-E$33*D$34))/(D$34-E$34)) -> -962.93161 | M71: =IF(E$34-F$34=0,"",(-(F$33-E$33)*$C71-(E$33*F$34-F$33*E$34))/(E$34-F$34)) -> 89.722387 | N71: =IF(F$34-G$34=0,"",(-(G$33-F$33)*$C71-(F$33*G$34-G$33*F$34))/(F$34-G$34)) -> -186.99456 | O71: =IF(G$34-H$34=0,"",(-(H$33-G$33)*$C71-(G$33*H$34-H$33*G$34))/(G$34-H$34)) -> 152.09382 | P71: =IF(H$34-I$34=0,"",(-(I$33-H$33)*$C71-(H$33*I$34-I$33*H$34))/(H$34-I$34)) -> 1376.1119 | Q71: =IF(I$34-J$34=0,"",(-(J$33-I$33)*$C71-(I$33*J$34-J$33*I$34))/(I$34-J$34)) -> -1583.4348 | R71: =IF(J$34-K$34=0,"",(-(K$33-J$33)*$C71-(J$33*K$34-K$33*J$34))/(J$34-K$34)) -> -612.66567 | S71: =IF(K$34-L$34=0,"",(-(L$33-K$33)*$C71-(K$33*L$34-L$33*K$34))/(K$34-L$34)) -> -628.11219 | T71: =IF(D$39-E$39=0,"",(-(E$38-D$38)*$C71-(D$38*E$39-E$38*D$39))/(D$39-E$39)) -> -962.93161 | U71: =IF(E$39-F$39=0,"",(-(F$38-E$38)*$C71-(E$38*F$39-F$38*E$39))/(E$39-F$39)) -> 1260.9324 | V71: =IF(F$39-G$39=0,"",(-(G$38-F$38)*$C71-(F$38*G$39-G$38*F$39))/(F$39-G$39)) -> 557.92988 | W71: =IF(G$39-H$39=0,"",(-(H$38-G$38)*$C71-(G$38*H$39-H$38*G$39))/(G$39-H$39)) -> 698.23802 | X71: =IF(H$39-I$39=0,"",(-(I$38-H$38)*$C71-(H$38*I$39-I$38*H$39))/(H$39-I$39)) -> 1376.1119 | Y71: =IF(I$39-J$39=0,"",(-(J$38-I$38)*$C71-(I$38*J$39-J$38*I$39))/(I$39-J$39)) -> -412.22477 | Z71: =IF(J$39-K$39=0,"",(-(K$38-J$38)*$C71-(J$38*K$39-K$38*J$39))/(J$39-K$39)) -> 132.25877 | AA71: =IF(K$39-L$39=0,"",(-(L$38-K$38)*$C71-(K$38*L$39-L$38*K$39))/(K$39-L$39)) -> -81.967986 | AC71: =IF(IF(D$28=E$28,AND($C71>=MIN(D$29,E$29),$C71<=MAX(D$29,E$29)),AND(D71>=MIN(D$28,E$28),D71<=MAX(D$28,E$28))),D71,"") | AD71: =IF(IF(E$28=F$28,AND($C71>=MIN(E$29,F$29),$C71<=MAX(E$29,F$29)),AND(E71>=MIN(E$28,F$28),E71<=MAX(E$28,F$28))),E71,"") | AE71: =IF(IF(F$28=G$28,AND($C71>=MIN(F$29,G$29),$C71<=MAX(F$29,G$29)),AND(F71>=MIN(F$28,G$28),F71<=MAX(F$28,G$28))),F71,"") -> 770.76544 | AF71: =IF(IF(G$28=H$28,AND($C71>=MIN(G$29,H$29),$C71<=MAX(G$29,H$29)),AND(G71>=MIN(G$28,H$28),G71<=MAX(G$28,H$28))),G71,"") | AG71: =IF(IF(H$28=I$28,AND($C71>=MIN(H$29,I$29),$C71<=MAX(H$29,I$29)),AND(H71>=MIN(H$28,I$28),H71<=MAX(H$28,I$28))),H71,"") | AH71: =IF(IF(I$28=J$28,AND($C71>=MIN(I$29,J$29),$C71<=MAX(I$29,J$29)),AND(I71>=MIN(I$28,J$28),I71<=MAX(I$28,J$28))),I71,"") | AI71: =IF(IF(J$28=K$28,AND($C71>=MIN(J$29,K$29),$C71<=MAX(J$29,K$29)),AND(J71>=MIN(J$28,K$28),J71<=MAX(J$28,K$28))),J71,"") -> -825.50122 | AJ71: =IF(IF(K$28=L$28,AND($C71>=MIN(K$29,L$29),$C71<=MAX(K$29,L$29)),AND(K71>=MIN(K$28,L$28),K71<=MAX(K$28,L$28))),K71,"") | AK71: =IF(IF(D$33=E$33,AND($C71>=MIN(D$34,E$34),$C71<=MAX(D$34,E$34)),AND(L71>=MIN(D$33,E$33),L71<=MAX(D$33,E$33))),L71,"") | AL71: =IF(IF(E$33=F$33,AND($C71>=MIN(E$34,F$34),$C71<=MAX(E$34,F$34)),AND(M71>=MIN(E$33,F$33),M71<=MAX(E$33,F$33))),M71,"") | AM71: =IF(IF(F$33=G$33,AND($C71>=MIN(F$34,G$34),$C71<=MAX(F$34,G$34)),AND(N71>=MIN(F$33,G$33),N71<=MAX(F$33,G$33))),N71,"") -> -186.99456 | AN71: =IF(IF(G$33=H$33,AND($C71>=MIN(G$34,H$34),$C71<=MAX(G$34,H$34)),AND(O71>=MIN(G$33,H$33),O71<=MAX(G$33,H$33))),O71,"") | AO71: =IF(IF(H$33=I$33,AND($C71>=MIN(H$34,I$34),$C71<=MAX(H$34,I$34)),AND(P71>=MIN(H$33,I$33),P71<=MAX(H$33,I$33))),P71,"") | AP71: =IF(IF(I$33=J$33,AND($C71>=MIN(I$34,J$34),$C71<=MAX(I$34,J$34)),AND(Q71>=MIN(I$33,J$33),Q71<=MAX(I$33,J$33))),Q71,"") | AQ71: =IF(IF(J$33=K$33,AND($C71>=MIN(J$34,K$34),$C71<=MAX(J$34,K$34)),AND(R71>=MIN(J$33,K$33),R71<=MAX(J$33,K$33))),R71,"") -> -612.66567 | AR71: =IF(IF(K$33=L$33,AND($C71>=MIN(K$34,L$34),$C71<=MAX(K$34,L$34)),AND(S71>=MIN(K$33,L$33),S71<=MAX(K$33,L$33))),S71,"") | AS71: =IF(IF(D$38=E$38,AND($C71>=MIN(D$39,E$39),$C71<=MAX(D$39,E$39)),AND(T71>=MIN(D$38,E$38),T71<=MAX(D$38,E$38))),T71,"") | AT71: =IF(IF(E$38=F$38,AND($C71>=MIN(E$39,F$39),$C71<=MAX(E$39,F$39)),AND(U71>=MIN(E$38,F$38),U71<=MAX(E$38,F$38))),U71,"") | AU71: =IF(IF(F$38=G$38,AND($C71>=MIN(F$39,G$39),$C71<=MAX(F$39,G$39)),AND(V71>=MIN(F$38,G$38),V71<=MAX(F$38,G$38))),V71,"") -> 557.92988 | AV71: =IF(IF(G$38=H$38,AND($C71>=MIN(G$39,H$39),$C71<=MAX(G$39,H$39)),AND(W71>=MIN(G$38,H$38),W71<=MAX(G$38,H$38))),W71,"") | AW71: =IF(IF(H$38=I$38,AND($C71>=MIN(H$39,I$39),$C71<=MAX(H$39,I$39)),AND(X71>=MIN(H$38,I$38),X71<=MAX(H$38,I$38))),X71,"") | AX71: =IF(IF(I$38=J$38,AND($C71>=MIN(I$39,J$39),$C71<=MAX(I$39,J$39)),AND(Y71>=MIN(I$38,J$38),Y71<=MAX(I$38,J$38))),Y71,"") | AY71: =IF(IF(J$38=K$38,AND($C71>=MIN(J$39,K$39),$C71<=MAX(J$39,K$39)),AND(Z71>=MIN(J$38,K$38),Z71<=MAX(J$38,K$38))),Z71,"") -> 132.25877 | AZ71: =IF(IF(K$38=L$38,AND($C71>=MIN(K$39,L$39),$C71<=MAX(K$39,L$39)),AND(AA71>=MIN(K$38,L$38),AA71<=MAX(K$38,L$38))),AA71,"") | BB71: {=IFERROR(_xlfn._xlws.SORT(_xlfn.UNIQUE(_xlfn._xlws.FILTER($AC71:$AZ71,ISNUMBER($AC71:$AZ71)),TRUE),,,TRUE),"")} -> -825.50122 | BC71: -612.66567 | BD71: -186.99456 | BE71: 132.25877 | BF71: 557.92988 | BG71: 770.76544 | BJ71: =IF(ISNUMBER(BB71),$C71,"") -> 75.192665 | BK71: =IF(ISNUMBER(BC71),$C71,"") -> 75.192665 | BL71: =IF(ISNUMBER(BD71),$C71,"") -> 75.192665 | BM71: =IF(ISNUMBER(BE71),$C71,"") -> 75.192665 | BN71: =IF(ISNUMBER(BF71),$C71,"") -> 75.192665 | BO71: =IF(ISNUMBER(BG71),$C71,"") -> 75.192665 | BP71: =IF(ISNUMBER(BH71),$C71,"") | BQ71: =IF(ISNUMBER(BI71),$C71,"") | BR71: =COUNTIF(BJ71:BQ71,"<0")+COUNTIF(BJ71:BQ71,">0") -> 6 | BS71: =IF(ISNUMBER(BC71),IF(ISEVEN(BB$57),"hole",(BC71-BB71)),0) -> 212.83555 | BT71: =IF(ISNUMBER(BD71),IF(ISEVEN(BC$57),"hole",(BD71-BC71)),0) -> hole | BU71: =IF(ISNUMBER(BE71),IF(ISEVEN(BD$57),"hole",(BE71-BD71)),0) -> 319.25333 | BV71: =IF(ISNUMBER(BF71),IF(ISEVEN(BE$57),"hole",(BF71-BE71)),0) -> hole | BW71: =IF(ISNUMBER(BG71),IF(ISEVEN(BF$57),"hole",(BG71-BF71)),0) -> 212.83555 | BX71: =IF(ISNUMBER(BH71),IF(ISEVEN(BG$57),"hole",(BH71-BG71)),0) -> 0 | BY71: =IF(ISNUMBER(BI71),IF(ISEVEN(BH$57),"hole",(BI71-BH71)),0) -> 0 | BZ71: {=IF(ISEVEN(BR71),SUM(BS71:BY71),SUM(ABS(BS71:BY71)))} -> 744.92444 | CA71: =+BZ71*$R$48 -> 37341.903 | CB71: =+IF(AND(ISNUMBER(BS71),BS71>0),BB71+BS71/2,0) -> -719.08344 | CC71: =+IF(AND(ISNUMBER(BT71),BT71>0),BC71+BT71/2,0) -> 0 | CD71: =+IF(AND(ISNUMBER(BU71),BU71>0),BD71+BU71/2,0) -> -27.367892 | CE71: =+IF(AND(ISNUMBER(BV71),BV71>0),BE71+BV71/2,0) -> 0 | CF71: =+IF(AND(ISNUMBER(BW71),BW71>0),BF71+BW71/2,0) -> 664.34766 | CG71: =+IF(AND(ISNUMBER(BX71),BX71>0),BG71+BX71/2,0) -> 0 | CH71: =+IF(AND(ISNUMBER(BY71),BY71>0),BH71+BY71/2,0) -> 0 | CI71: =+SUMPRODUCT(BS71:BY71,CB71:CH71)/BZ71 -> -27.367892 | CJ71: =+C71 -> 75.192665 | CK71: =CI71*COS(RADIANS(p)) + CJ71*SIN(RADIANS(p)) -> 0 | CL71: =-CI71*SIN(RADIANS(p)) +CJ71*COS(RADIANS(p)) -> 80.018363
B72: 15 | C72: =+$D$48-(B72-0.5)*$R$48 -> 25.064222 | D72: =IF(D$29-E$29=0,"",(-(E$28-D$28)*$C72-(D$28*E$29-E$28*D$29))/(D$29-E$29)) -> -1685.4193 | E72: =IF(E$29-F$29=0,"",(-(F$28-E$28)*$C72-(E$28*F$29-F$28*E$29))/(E$29-F$29)) -> 1870.3804 | F72: =IF(F$29-G$29=0,"",(-(G$28-F$28)*$C72-(F$28*G$29-G$28*F$29))/(F$29-G$29)) -> 789.0107 | G72: =IF(G$29-H$29=0,"",(-(H$28-G$28)*$C72-(G$28*H$29-H$28*G$29))/(G$29-H$29)) -> 908.92455 | H72: =IF(H$29-I$29=0,"",(-(I$28-H$28)*$C72-(H$28*I$29-I$28*H$29))/(H$29-I$29)) -> 1823.146 | I72: =IF(I$29-J$29=0,"",(-(J$28-I$28)*$C72-(I$28*J$29-J$28*I$29))/(I$29-J$29)) -> -1977.8812 | J72: =IF(J$29-K$29=0,"",(-(K$28-J$28)*$C72-(J$28*K$29-K$28*J$29))/(J$29-K$29)) -> -807.25596 | K72: =IF(K$29-L$29=0,"",(-(L$28-K$28)*$C72-(K$28*L$29-L$28*K$29))/(K$29-L$29)) -> -885.54927 | L72: =IF(D$34-E$34=0,"",(-(E$33-D$33)*$C72-(D$33*E$34-E$33*D$34))/(D$34-E$34)) -> -1100.6584 | M72: =IF(E$34-F$34=0,"",(-(F$33-E$33)*$C72-(E$33*F$34-F$33*E$34))/(E$34-F$34)) -> 197.22318 | N72: =IF(F$34-G$34=0,"",(-(G$33-F$33)*$C72-(F$33*G$34-G$33*F$34))/(F$34-G$34)) -> -168.7493 | O72: =IF(G$34-H$34=0,"",(-(H$33-G$33)*$C72-(G$33*H$34-H$33*G$34))/(G$34-H$34)) -> 128.71854 | P72: =IF(H$34-I$34=0,"",(-(I$33-H$33)*$C72-(H$33*I$34-I$33*H$34))/(H$34-I$34)) -> 1238.3851 | Q72: =IF(I$34-J$34=0,"",(-(J$33-I$33)*$C72-(I$33*J$34-J$33*I$34))/(I$34-J$34)) -> -1475.934 | R72: =IF(J$34-K$34=0,"",(-(K$33-J$33)*$C72-(J$33*K$34-K$33*J$34))/(J$34-K$34)) -> -594.42041 | S72: =IF(K$34-L$34=0,"",(-(L$33-K$33)*$C72-(K$33*L$34-L$33*K$34))/(K$34-L$34)) -> -651.48747 | T72: =IF(D$39-E$39=0,"",(-(E$38-D$38)*$C72-(D$38*E$39-E$38*D$39))/(D$39-E$39)) -> -1100.6584 | U72: =IF(E$39-F$39=0,"",(-(F$38-E$38)*$C72-(E$38*F$39-F$38*E$39))/(E$39-F$39)) -> 1368.4332 | V72: =IF(F$39-G$39=0,"",(-(G$38-F$38)*$C72-(F$38*G$39-G$38*F$39))/(F$39-G$39)) -> 576.17514 | W72: =IF(G$39-H$39=0,"",(-(H$38-G$38)*$C72-(G$38*H$39-H$38*G$39))/(G$39-H$39)) -> 674.86275 | X72: =IF(H$39-I$39=0,"",(-(I$38-H$38)*$C72-(H$38*I$39-I$38*H$39))/(H$39-I$39)) -> 1238.3851 | Y72: =IF(I$39-J$39=0,"",(-(J$38-I$38)*$C72-(I$38*J$39-J$38*I$39))/(I$39-J$39)) -> -304.72397 | Z72: =IF(J$39-K$39=0,"",(-(K$38-J$38)*$C72-(J$38*K$39-K$38*J$39))/(J$39-K$39)) -> 150.50404 | AA72: =IF(K$39-L$39=0,"",(-(L$38-K$38)*$C72-(K$38*L$39-L$38*K$39))/(K$39-L$39)) -> -105.34326 | AC72: =IF(IF(D$28=E$28,AND($C72>=MIN(D$29,E$29),$C72<=MAX(D$29,E$29)),AND(D72>=MIN(D$28,E$28),D72<=MAX(D$28,E$28))),D72,"") | AD72: =IF(IF(E$28=F$28,AND($C72>=MIN(E$29,F$29),$C72<=MAX(E$29,F$29)),AND(E72>=MIN(E$28,F$28),E72<=MAX(E$28,F$28))),E72,"") | AE72: =IF(IF(F$28=G$28,AND($C72>=MIN(F$29,G$29),$C72<=MAX(F$29,G$29)),AND(F72>=MIN(F$28,G$28),F72<=MAX(F$28,G$28))),F72,"") -> 789.0107 | AF72: =IF(IF(G$28=H$28,AND($C72>=MIN(G$29,H$29),$C72<=MAX(G$29,H$29)),AND(G72>=MIN(G$28,H$28),G72<=MAX(G$28,H$28))),G72,"") | AG72: =IF(IF(H$28=I$28,AND($C72>=MIN(H$29,I$29),$C72<=MAX(H$29,I$29)),AND(H72>=MIN(H$28,I$28),H72<=MAX(H$28,I$28))),H72,"") | AH72: =IF(IF(I$28=J$28,AND($C72>=MIN(I$29,J$29),$C72<=MAX(I$29,J$29)),AND(I72>=MIN(I$28,J$28),I72<=MAX(I$28,J$28))),I72,"") | AI72: =IF(IF(J$28=K$28,AND($C72>=MIN(J$29,K$29),$C72<=MAX(J$29,K$29)),AND(J72>=MIN(J$28,K$28),J72<=MAX(J$28,K$28))),J72,"") -> -807.25596 | AJ72: =IF(IF(K$28=L$28,AND($C72>=MIN(K$29,L$29),$C72<=MAX(K$29,L$29)),AND(K72>=MIN(K$28,L$28),K72<=MAX(K$28,L$28))),K72,"") | AK72: =IF(IF(D$33=E$33,AND($C72>=MIN(D$34,E$34),$C72<=MAX(D$34,E$34)),AND(L72>=MIN(D$33,E$33),L72<=MAX(D$33,E$33))),L72,"") | AL72: =IF(IF(E$33=F$33,AND($C72>=MIN(E$34,F$34),$C72<=MAX(E$34,F$34)),AND(M72>=MIN(E$33,F$33),M72<=MAX(E$33,F$33))),M72,"") | AM72: =IF(IF(F$33=G$33,AND($C72>=MIN(F$34,G$34),$C72<=MAX(F$34,G$34)),AND(N72>=MIN(F$33,G$33),N72<=MAX(F$33,G$33))),N72,"") -> -168.7493 | AN72: =IF(IF(G$33=H$33,AND($C72>=MIN(G$34,H$34),$C72<=MAX(G$34,H$34)),AND(O72>=MIN(G$33,H$33),O72<=MAX(G$33,H$33))),O72,"") | AO72: =IF(IF(H$33=I$33,AND($C72>=MIN(H$34,I$34),$C72<=MAX(H$34,I$34)),AND(P72>=MIN(H$33,I$33),P72<=MAX(H$33,I$33))),P72,"") | AP72: =IF(IF(I$33=J$33,AND($C72>=MIN(I$34,J$34),$C72<=MAX(I$34,J$34)),AND(Q72>=MIN(I$33,J$33),Q72<=MAX(I$33,J$33))),Q72,"") | AQ72: =IF(IF(J$33=K$33,AND($C72>=MIN(J$34,K$34),$C72<=MAX(J$34,K$34)),AND(R72>=MIN(J$33,K$33),R72<=MAX(J$33,K$33))),R72,"") -> -594.42041 | AR72: =IF(IF(K$33=L$33,AND($C72>=MIN(K$34,L$34),$C72<=MAX(K$34,L$34)),AND(S72>=MIN(K$33,L$33),S72<=MAX(K$33,L$33))),S72,"") | AS72: =IF(IF(D$38=E$38,AND($C72>=MIN(D$39,E$39),$C72<=MAX(D$39,E$39)),AND(T72>=MIN(D$38,E$38),T72<=MAX(D$38,E$38))),T72,"") | AT72: =IF(IF(E$38=F$38,AND($C72>=MIN(E$39,F$39),$C72<=MAX(E$39,F$39)),AND(U72>=MIN(E$38,F$38),U72<=MAX(E$38,F$38))),U72,"") | AU72: =IF(IF(F$38=G$38,AND($C72>=MIN(F$39,G$39),$C72<=MAX(F$39,G$39)),AND(V72>=MIN(F$38,G$38),V72<=MAX(F$38,G$38))),V72,"") -> 576.17514 | AV72: =IF(IF(G$38=H$38,AND($C72>=MIN(G$39,H$39),$C72<=MAX(G$39,H$39)),AND(W72>=MIN(G$38,H$38),W72<=MAX(G$38,H$38))),W72,"") | AW72: =IF(IF(H$38=I$38,AND($C72>=MIN(H$39,I$39),$C72<=MAX(H$39,I$39)),AND(X72>=MIN(H$38,I$38),X72<=MAX(H$38,I$38))),X72,"") | AX72: =IF(IF(I$38=J$38,AND($C72>=MIN(I$39,J$39),$C72<=MAX(I$39,J$39)),AND(Y72>=MIN(I$38,J$38),Y72<=MAX(I$38,J$38))),Y72,"") | AY72: =IF(IF(J$38=K$38,AND($C72>=MIN(J$39,K$39),$C72<=MAX(J$39,K$39)),AND(Z72>=MIN(J$38,K$38),Z72<=MAX(J$38,K$38))),Z72,"") -> 150.50404 | AZ72: =IF(IF(K$38=L$38,AND($C72>=MIN(K$39,L$39),$C72<=MAX(K$39,L$39)),AND(AA72>=MIN(K$38,L$38),AA72<=MAX(K$38,L$38))),AA72,"") | BB72: {=IFERROR(_xlfn._xlws.SORT(_xlfn.UNIQUE(_xlfn._xlws.FILTER($AC72:$AZ72,ISNUMBER($AC72:$AZ72)),TRUE),,,TRUE),"")} -> -807.25596 | BC72: -594.42041 | BD72: -168.7493 | BE72: 150.50404 | BF72: 576.17514 | BG72: 789.0107 | BJ72: =IF(ISNUMBER(BB72),$C72,"") -> 25.064222 | BK72: =IF(ISNUMBER(BC72),$C72,"") -> 25.064222 | BL72: =IF(ISNUMBER(BD72),$C72,"") -> 25.064222 | BM72: =IF(ISNUMBER(BE72),$C72,"") -> 25.064222 | BN72: =IF(ISNUMBER(BF72),$C72,"") -> 25.064222 | BO72: =IF(ISNUMBER(BG72),$C72,"") -> 25.064222 | BP72: =IF(ISNUMBER(BH72),$C72,"") | BQ72: =IF(ISNUMBER(BI72),$C72,"") | BR72: =COUNTIF(BJ72:BQ72,"<0")+COUNTIF(BJ72:BQ72,">0") -> 6 | BS72: =IF(ISNUMBER(BC72),IF(ISEVEN(BB$57),"hole",(BC72-BB72)),0) -> 212.83555 | BT72: =IF(ISNUMBER(BD72),IF(ISEVEN(BC$57),"hole",(BD72-BC72)),0) -> hole | BU72: =IF(ISNUMBER(BE72),IF(ISEVEN(BD$57),"hole",(BE72-BD72)),0) -> 319.25333 | BV72: =IF(ISNUMBER(BF72),IF(ISEVEN(BE$57),"hole",(BF72-BE72)),0) -> hole | BW72: =IF(ISNUMBER(BG72),IF(ISEVEN(BF$57),"hole",(BG72-BF72)),0) -> 212.83555 | BX72: =IF(ISNUMBER(BH72),IF(ISEVEN(BG$57),"hole",(BH72-BG72)),0) -> 0 | BY72: =IF(ISNUMBER(BI72),IF(ISEVEN(BH$57),"hole",(BI72-BH72)),0) -> 0 | BZ72: {=IF(ISEVEN(BR72),SUM(BS72:BY72),SUM(ABS(BS72:BY72)))} -> 744.92444 | CA72: =+BZ72*$R$48 -> 37341.903 | CB72: =+IF(AND(ISNUMBER(BS72),BS72>0),BB72+BS72/2,0) -> -700.83818 | CC72: =+IF(AND(ISNUMBER(BT72),BT72>0),BC72+BT72/2,0) -> 0 | CD72: =+IF(AND(ISNUMBER(BU72),BU72>0),BD72+BU72/2,0) -> -9.1226306 | CE72: =+IF(AND(ISNUMBER(BV72),BV72>0),BE72+BV72/2,0) -> 0 | CF72: =+IF(AND(ISNUMBER(BW72),BW72>0),BF72+BW72/2,0) -> 682.59292 | CG72: =+IF(AND(ISNUMBER(BX72),BX72>0),BG72+BX72/2,0) -> 0 | CH72: =+IF(AND(ISNUMBER(BY72),BY72>0),BH72+BY72/2,0) -> 0 | CI72: =+SUMPRODUCT(BS72:BY72,CB72:CH72)/BZ72 -> -9.1226306 | CJ72: =+C72 -> 25.064222 | CK72: =CI72*COS(RADIANS(p)) + CJ72*SIN(RADIANS(p)) -> -2.2559732e-13 | CL72: =-CI72*SIN(RADIANS(p)) +CJ72*COS(RADIANS(p)) -> 26.672788
B73: 16 | C73: =+$D$48-(B73-0.5)*$R$48 -> -25.064222 | D73: =IF(D$29-E$29=0,"",(-(E$28-D$28)*$C73-(D$28*E$29-E$28*D$29))/(D$29-E$29)) -> -1823.146 | E73: =IF(E$29-F$29=0,"",(-(F$28-E$28)*$C73-(E$28*F$29-F$28*E$29))/(E$29-F$29)) -> 1977.8812 | F73: =IF(F$29-G$29=0,"",(-(G$28-F$28)*$C73-(F$28*G$29-G$28*F$29))/(F$29-G$29)) -> 807.25596 | G73: =IF(G$29-H$29=0,"",(-(H$28-G$28)*$C73-(G$28*H$29-H$28*G$29))/(G$29-H$29)) -> 885.54927 | H73: =IF(H$29-I$29=0,"",(-(I$28-H$28)*$C73-(H$28*I$29-I$28*H$29))/(H$29-I$29)) -> 1685.4193 | I73: =IF(I$29-J$29=0,"",(-(J$28-I$28)*$C73-(I$28*J$29-J$28*I$29))/(I$29-J$29)) -> -1870.3804 | J73: =IF(J$29-K$29=0,"",(-(K$28-J$28)*$C73-(J$28*K$29-K$28*J$29))/(J$29-K$29)) -> -789.0107 | K73: =IF(K$29-L$29=0,"",(-(L$28-K$28)*$C73-(K$28*L$29-L$28*K$29))/(K$29-L$29)) -> -908.92455 | L73: =IF(D$34-E$34=0,"",(-(E$33-D$33)*$C73-(D$33*E$34-E$33*D$34))/(D$34-E$34)) -> -1238.3851 | M73: =IF(E$34-F$34=0,"",(-(F$33-E$33)*$C73-(E$33*F$34-F$33*E$34))/(E$34-F$34)) -> 304.72397 | N73: =IF(F$34-G$34=0,"",(-(G$33-F$33)*$C73-(F$33*G$34-G$33*F$34))/(F$34-G$34)) -> -150.50404 | O73: =IF(G$34-H$34=0,"",(-(H$33-G$33)*$C73-(G$33*H$34-H$33*G$34))/(G$34-H$34)) -> 105.34326 | P73: =IF(H$34-I$34=0,"",(-(I$33-H$33)*$C73-(H$33*I$34-I$33*H$34))/(H$34-I$34)) -> 1100.6584 | Q73: =IF(I$34-J$34=0,"",(-(J$33-I$33)*$C73-(I$33*J$34-J$33*I$34))/(I$34-J$34)) -> -1368.4332 | R73: =IF(J$34-K$34=0,"",(-(K$33-J$33)*$C73-(J$33*K$34-K$33*J$34))/(J$34-K$34)) -> -576.17514 | S73: =IF(K$34-L$34=0,"",(-(L$33-K$33)*$C73-(K$33*L$34-L$33*K$34))/(K$34-L$34)) -> -674.86275 | T73: =IF(D$39-E$39=0,"",(-(E$38-D$38)*$C73-(D$38*E$39-E$38*D$39))/(D$39-E$39)) -> -1238.3851 | U73: =IF(E$39-F$39=0,"",(-(F$38-E$38)*$C73-(E$38*F$39-F$38*E$39))/(E$39-F$39)) -> 1475.934 | V73: =IF(F$39-G$39=0,"",(-(G$38-F$38)*$C73-(F$38*G$39-G$38*F$39))/(F$39-G$39)) -> 594.42041 | W73: =IF(G$39-H$39=0,"",(-(H$38-G$38)*$C73-(G$38*H$39-H$38*G$39))/(G$39-H$39)) -> 651.48747 | X73: =IF(H$39-I$39=0,"",(-(I$38-H$38)*$C73-(H$38*I$39-I$38*H$39))/(H$39-I$39)) -> 1100.6584 | Y73: =IF(I$39-J$39=0,"",(-(J$38-I$38)*$C73-(I$38*J$39-J$38*I$39))/(I$39-J$39)) -> -197.22318 | Z73: =IF(J$39-K$39=0,"",(-(K$38-J$38)*$C73-(J$38*K$39-K$38*J$39))/(J$39-K$39)) -> 168.7493 | AA73: =IF(K$39-L$39=0,"",(-(L$38-K$38)*$C73-(K$38*L$39-L$38*K$39))/(K$39-L$39)) -> -128.71854 | AC73: =IF(IF(D$28=E$28,AND($C73>=MIN(D$29,E$29),$C73<=MAX(D$29,E$29)),AND(D73>=MIN(D$28,E$28),D73<=MAX(D$28,E$28))),D73,"") | AD73: =IF(IF(E$28=F$28,AND($C73>=MIN(E$29,F$29),$C73<=MAX(E$29,F$29)),AND(E73>=MIN(E$28,F$28),E73<=MAX(E$28,F$28))),E73,"") | AE73: =IF(IF(F$28=G$28,AND($C73>=MIN(F$29,G$29),$C73<=MAX(F$29,G$29)),AND(F73>=MIN(F$28,G$28),F73<=MAX(F$28,G$28))),F73,"") -> 807.25596 | AF73: =IF(IF(G$28=H$28,AND($C73>=MIN(G$29,H$29),$C73<=MAX(G$29,H$29)),AND(G73>=MIN(G$28,H$28),G73<=MAX(G$28,H$28))),G73,"") | AG73: =IF(IF(H$28=I$28,AND($C73>=MIN(H$29,I$29),$C73<=MAX(H$29,I$29)),AND(H73>=MIN(H$28,I$28),H73<=MAX(H$28,I$28))),H73,"") | AH73: =IF(IF(I$28=J$28,AND($C73>=MIN(I$29,J$29),$C73<=MAX(I$29,J$29)),AND(I73>=MIN(I$28,J$28),I73<=MAX(I$28,J$28))),I73,"") | AI73: =IF(IF(J$28=K$28,AND($C73>=MIN(J$29,K$29),$C73<=MAX(J$29,K$29)),AND(J73>=MIN(J$28,K$28),J73<=MAX(J$28,K$28))),J73,"") -> -789.0107 | AJ73: =IF(IF(K$28=L$28,AND($C73>=MIN(K$29,L$29),$C73<=MAX(K$29,L$29)),AND(K73>=MIN(K$28,L$28),K73<=MAX(K$28,L$28))),K73,"") | AK73: =IF(IF(D$33=E$33,AND($C73>=MIN(D$34,E$34),$C73<=MAX(D$34,E$34)),AND(L73>=MIN(D$33,E$33),L73<=MAX(D$33,E$33))),L73,"") | AL73: =IF(IF(E$33=F$33,AND($C73>=MIN(E$34,F$34),$C73<=MAX(E$34,F$34)),AND(M73>=MIN(E$33,F$33),M73<=MAX(E$33,F$33))),M73,"") | AM73: =IF(IF(F$33=G$33,AND($C73>=MIN(F$34,G$34),$C73<=MAX(F$34,G$34)),AND(N73>=MIN(F$33,G$33),N73<=MAX(F$33,G$33))),N73,"") -> -150.50404 | AN73: =IF(IF(G$33=H$33,AND($C73>=MIN(G$34,H$34),$C73<=MAX(G$34,H$34)),AND(O73>=MIN(G$33,H$33),O73<=MAX(G$33,H$33))),O73,"") | AO73: =IF(IF(H$33=I$33,AND($C73>=MIN(H$34,I$34),$C73<=MAX(H$34,I$34)),AND(P73>=MIN(H$33,I$33),P73<=MAX(H$33,I$33))),P73,"") | AP73: =IF(IF(I$33=J$33,AND($C73>=MIN(I$34,J$34),$C73<=MAX(I$34,J$34)),AND(Q73>=MIN(I$33,J$33),Q73<=MAX(I$33,J$33))),Q73,"") | AQ73: =IF(IF(J$33=K$33,AND($C73>=MIN(J$34,K$34),$C73<=MAX(J$34,K$34)),AND(R73>=MIN(J$33,K$33),R73<=MAX(J$33,K$33))),R73,"") -> -576.17514 | AR73: =IF(IF(K$33=L$33,AND($C73>=MIN(K$34,L$34),$C73<=MAX(K$34,L$34)),AND(S73>=MIN(K$33,L$33),S73<=MAX(K$33,L$33))),S73,"") | AS73: =IF(IF(D$38=E$38,AND($C73>=MIN(D$39,E$39),$C73<=MAX(D$39,E$39)),AND(T73>=MIN(D$38,E$38),T73<=MAX(D$38,E$38))),T73,"") | AT73: =IF(IF(E$38=F$38,AND($C73>=MIN(E$39,F$39),$C73<=MAX(E$39,F$39)),AND(U73>=MIN(E$38,F$38),U73<=MAX(E$38,F$38))),U73,"") | AU73: =IF(IF(F$38=G$38,AND($C73>=MIN(F$39,G$39),$C73<=MAX(F$39,G$39)),AND(V73>=MIN(F$38,G$38),V73<=MAX(F$38,G$38))),V73,"") -> 594.42041 | AV73: =IF(IF(G$38=H$38,AND($C73>=MIN(G$39,H$39),$C73<=MAX(G$39,H$39)),AND(W73>=MIN(G$38,H$38),W73<=MAX(G$38,H$38))),W73,"") | AW73: =IF(IF(H$38=I$38,AND($C73>=MIN(H$39,I$39),$C73<=MAX(H$39,I$39)),AND(X73>=MIN(H$38,I$38),X73<=MAX(H$38,I$38))),X73,"") | AX73: =IF(IF(I$38=J$38,AND($C73>=MIN(I$39,J$39),$C73<=MAX(I$39,J$39)),AND(Y73>=MIN(I$38,J$38),Y73<=MAX(I$38,J$38))),Y73,"") | AY73: =IF(IF(J$38=K$38,AND($C73>=MIN(J$39,K$39),$C73<=MAX(J$39,K$39)),AND(Z73>=MIN(J$38,K$38),Z73<=MAX(J$38,K$38))),Z73,"") -> 168.7493 | AZ73: =IF(IF(K$38=L$38,AND($C73>=MIN(K$39,L$39),$C73<=MAX(K$39,L$39)),AND(AA73>=MIN(K$38,L$38),AA73<=MAX(K$38,L$38))),AA73,"") | BB73: {=IFERROR(_xlfn._xlws.SORT(_xlfn.UNIQUE(_xlfn._xlws.FILTER($AC73:$AZ73,ISNUMBER($AC73:$AZ73)),TRUE),,,TRUE),"")} -> -789.0107 | BC73: -576.17514 | BD73: -150.50404 | BE73: 168.7493 | BF73: 594.42041 | BG73: 807.25596 | BJ73: =IF(ISNUMBER(BB73),$C73,"") -> -25.064222 | BK73: =IF(ISNUMBER(BC73),$C73,"") -> -25.064222 | BL73: =IF(ISNUMBER(BD73),$C73,"") -> -25.064222 | BM73: =IF(ISNUMBER(BE73),$C73,"") -> -25.064222 | BN73: =IF(ISNUMBER(BF73),$C73,"") -> -25.064222 | BO73: =IF(ISNUMBER(BG73),$C73,"") -> -25.064222 | BP73: =IF(ISNUMBER(BH73),$C73,"") | BQ73: =IF(ISNUMBER(BI73),$C73,"") | BR73: =COUNTIF(BJ73:BQ73,"<0")+COUNTIF(BJ73:BQ73,">0") -> 6 | BS73: =IF(ISNUMBER(BC73),IF(ISEVEN(BB$57),"hole",(BC73-BB73)),0) -> 212.83555 | BT73: =IF(ISNUMBER(BD73),IF(ISEVEN(BC$57),"hole",(BD73-BC73)),0) -> hole | BU73: =IF(ISNUMBER(BE73),IF(ISEVEN(BD$57),"hole",(BE73-BD73)),0) -> 319.25333 | BV73: =IF(ISNUMBER(BF73),IF(ISEVEN(BE$57),"hole",(BF73-BE73)),0) -> hole | BW73: =IF(ISNUMBER(BG73),IF(ISEVEN(BF$57),"hole",(BG73-BF73)),0) -> 212.83555 | BX73: =IF(ISNUMBER(BH73),IF(ISEVEN(BG$57),"hole",(BH73-BG73)),0) -> 0 | BY73: =IF(ISNUMBER(BI73),IF(ISEVEN(BH$57),"hole",(BI73-BH73)),0) -> 0 | BZ73: {=IF(ISEVEN(BR73),SUM(BS73:BY73),SUM(ABS(BS73:BY73)))} -> 744.92444 | CA73: =+BZ73*$R$48 -> 37341.903 | CB73: =+IF(AND(ISNUMBER(BS73),BS73>0),BB73+BS73/2,0) -> -682.59292 | CC73: =+IF(AND(ISNUMBER(BT73),BT73>0),BC73+BT73/2,0) -> 0 | CD73: =+IF(AND(ISNUMBER(BU73),BU73>0),BD73+BU73/2,0) -> 9.1226306 | CE73: =+IF(AND(ISNUMBER(BV73),BV73>0),BE73+BV73/2,0) -> 0 | CF73: =+IF(AND(ISNUMBER(BW73),BW73>0),BF73+BW73/2,0) -> 700.83818 | CG73: =+IF(AND(ISNUMBER(BX73),BX73>0),BG73+BX73/2,0) -> 0 | CH73: =+IF(AND(ISNUMBER(BY73),BY73>0),BH73+BY73/2,0) -> 0 | CI73: =+SUMPRODUCT(BS73:BY73,CB73:CH73)/BZ73 -> 9.1226306 | CJ73: =+C73 -> -25.064222 | CK73: =CI73*COS(RADIANS(p)) + CJ73*SIN(RADIANS(p)) -> -1.030287e-13 | CL73: =-CI73*SIN(RADIANS(p)) +CJ73*COS(RADIANS(p)) -> -26.672788
B74: 17 | C74: =+$D$48-(B74-0.5)*$R$48 -> -75.192665 | D74: =IF(D$29-E$29=0,"",(-(E$28-D$28)*$C74-(D$28*E$29-E$28*D$29))/(D$29-E$29)) -> -1960.8728 | E74: =IF(E$29-F$29=0,"",(-(F$28-E$28)*$C74-(E$28*F$29-F$28*E$29))/(E$29-F$29)) -> 2085.382 | F74: =IF(F$29-G$29=0,"",(-(G$28-F$28)*$C74-(F$28*G$29-G$28*F$29))/(F$29-G$29)) -> 825.50122 | G74: =IF(G$29-H$29=0,"",(-(H$28-G$28)*$C74-(G$28*H$29-H$28*G$29))/(G$29-H$29)) -> 862.17399 | H74: =IF(H$29-I$29=0,"",(-(I$28-H$28)*$C74-(H$28*I$29-I$28*H$29))/(H$29-I$29)) -> 1547.6925 | I74: =IF(I$29-J$29=0,"",(-(J$28-I$28)*$C74-(I$28*J$29-J$28*I$29))/(I$29-J$29)) -> -1762.8796 | J74: =IF(J$29-K$29=0,"",(-(K$28-J$28)*$C74-(J$28*K$29-K$28*J$29))/(J$29-K$29)) -> -770.76544 | K74: =IF(K$29-L$29=0,"",(-(L$28-K$28)*$C74-(K$28*L$29-L$28*K$29))/(K$29-L$29)) -> -932.29983 | L74: =IF(D$34-E$34=0,"",(-(E$33-D$33)*$C74-(D$33*E$34-E$33*D$34))/(D$34-E$34)) -> -1376.1119 | M74: =IF(E$34-F$34=0,"",(-(F$33-E$33)*$C74-(E$33*F$34-F$33*E$34))/(E$34-F$34)) -> 412.22477 | N74: =IF(F$34-G$34=0,"",(-(G$33-F$33)*$C74-(F$33*G$34-G$33*F$34))/(F$34-G$34)) -> -132.25877 | O74: =IF(G$34-H$34=0,"",(-(H$33-G$33)*$C74-(G$33*H$34-H$33*G$34))/(G$34-H$34)) -> 81.967986 | P74: =IF(H$34-I$34=0,"",(-(I$33-H$33)*$C74-(H$33*I$34-I$33*H$34))/(H$34-I$34)) -> 962.93161 | Q74: =IF(I$34-J$34=0,"",(-(J$33-I$33)*$C74-(I$33*J$34-J$33*I$34))/(I$34-J$34)) -> -1260.9324 | R74: =IF(J$34-K$34=0,"",(-(K$33-J$33)*$C74-(J$33*K$34-K$33*J$34))/(J$34-K$34)) -> -557.92988 | S74: =IF(K$34-L$34=0,"",(-(L$33-K$33)*$C74-(K$33*L$34-L$33*K$34))/(K$34-L$34)) -> -698.23802 | T74: =IF(D$39-E$39=0,"",(-(E$38-D$38)*$C74-(D$38*E$39-E$38*D$39))/(D$39-E$39)) -> -1376.1119 | U74: =IF(E$39-F$39=0,"",(-(F$38-E$38)*$C74-(E$38*F$39-F$38*E$39))/(E$39-F$39)) -> 1583.4348 | V74: =IF(F$39-G$39=0,"",(-(G$38-F$38)*$C74-(F$38*G$39-G$38*F$39))/(F$39-G$39)) -> 612.66567 | W74: =IF(G$39-H$39=0,"",(-(H$38-G$38)*$C74-(G$38*H$39-H$38*G$39))/(G$39-H$39)) -> 628.11219 | X74: =IF(H$39-I$39=0,"",(-(I$38-H$38)*$C74-(H$38*I$39-I$38*H$39))/(H$39-I$39)) -> 962.93161 | Y74: =IF(I$39-J$39=0,"",(-(J$38-I$38)*$C74-(I$38*J$39-J$38*I$39))/(I$39-J$39)) -> -89.722387 | Z74: =IF(J$39-K$39=0,"",(-(K$38-J$38)*$C74-(J$38*K$39-K$38*J$39))/(J$39-K$39)) -> 186.99456 | AA74: =IF(K$39-L$39=0,"",(-(L$38-K$38)*$C74-(K$38*L$39-L$38*K$39))/(K$39-L$39)) -> -152.09382 | AC74: =IF(IF(D$28=E$28,AND($C74>=MIN(D$29,E$29),$C74<=MAX(D$29,E$29)),AND(D74>=MIN(D$28,E$28),D74<=MAX(D$28,E$28))),D74,"") | AD74: =IF(IF(E$28=F$28,AND($C74>=MIN(E$29,F$29),$C74<=MAX(E$29,F$29)),AND(E74>=MIN(E$28,F$28),E74<=MAX(E$28,F$28))),E74,"") | AE74: =IF(IF(F$28=G$28,AND($C74>=MIN(F$29,G$29),$C74<=MAX(F$29,G$29)),AND(F74>=MIN(F$28,G$28),F74<=MAX(F$28,G$28))),F74,"") -> 825.50122 | AF74: =IF(IF(G$28=H$28,AND($C74>=MIN(G$29,H$29),$C74<=MAX(G$29,H$29)),AND(G74>=MIN(G$28,H$28),G74<=MAX(G$28,H$28))),G74,"") | AG74: =IF(IF(H$28=I$28,AND($C74>=MIN(H$29,I$29),$C74<=MAX(H$29,I$29)),AND(H74>=MIN(H$28,I$28),H74<=MAX(H$28,I$28))),H74,"") | AH74: =IF(IF(I$28=J$28,AND($C74>=MIN(I$29,J$29),$C74<=MAX(I$29,J$29)),AND(I74>=MIN(I$28,J$28),I74<=MAX(I$28,J$28))),I74,"") | AI74: =IF(IF(J$28=K$28,AND($C74>=MIN(J$29,K$29),$C74<=MAX(J$29,K$29)),AND(J74>=MIN(J$28,K$28),J74<=MAX(J$28,K$28))),J74,"") -> -770.76544 | AJ74: =IF(IF(K$28=L$28,AND($C74>=MIN(K$29,L$29),$C74<=MAX(K$29,L$29)),AND(K74>=MIN(K$28,L$28),K74<=MAX(K$28,L$28))),K74,"") | AK74: =IF(IF(D$33=E$33,AND($C74>=MIN(D$34,E$34),$C74<=MAX(D$34,E$34)),AND(L74>=MIN(D$33,E$33),L74<=MAX(D$33,E$33))),L74,"") | AL74: =IF(IF(E$33=F$33,AND($C74>=MIN(E$34,F$34),$C74<=MAX(E$34,F$34)),AND(M74>=MIN(E$33,F$33),M74<=MAX(E$33,F$33))),M74,"") | AM74: =IF(IF(F$33=G$33,AND($C74>=MIN(F$34,G$34),$C74<=MAX(F$34,G$34)),AND(N74>=MIN(F$33,G$33),N74<=MAX(F$33,G$33))),N74,"") -> -132.25877 | AN74: =IF(IF(G$33=H$33,AND($C74>=MIN(G$34,H$34),$C74<=MAX(G$34,H$34)),AND(O74>=MIN(G$33,H$33),O74<=MAX(G$33,H$33))),O74,"") | AO74: =IF(IF(H$33=I$33,AND($C74>=MIN(H$34,I$34),$C74<=MAX(H$34,I$34)),AND(P74>=MIN(H$33,I$33),P74<=MAX(H$33,I$33))),P74,"") | AP74: =IF(IF(I$33=J$33,AND($C74>=MIN(I$34,J$34),$C74<=MAX(I$34,J$34)),AND(Q74>=MIN(I$33,J$33),Q74<=MAX(I$33,J$33))),Q74,"") | AQ74: =IF(IF(J$33=K$33,AND($C74>=MIN(J$34,K$34),$C74<=MAX(J$34,K$34)),AND(R74>=MIN(J$33,K$33),R74<=MAX(J$33,K$33))),R74,"") -> -557.92988 | AR74: =IF(IF(K$33=L$33,AND($C74>=MIN(K$34,L$34),$C74<=MAX(K$34,L$34)),AND(S74>=MIN(K$33,L$33),S74<=MAX(K$33,L$33))),S74,"") | AS74: =IF(IF(D$38=E$38,AND($C74>=MIN(D$39,E$39),$C74<=MAX(D$39,E$39)),AND(T74>=MIN(D$38,E$38),T74<=MAX(D$38,E$38))),T74,"") | AT74: =IF(IF(E$38=F$38,AND($C74>=MIN(E$39,F$39),$C74<=MAX(E$39,F$39)),AND(U74>=MIN(E$38,F$38),U74<=MAX(E$38,F$38))),U74,"") | AU74: =IF(IF(F$38=G$38,AND($C74>=MIN(F$39,G$39),$C74<=MAX(F$39,G$39)),AND(V74>=MIN(F$38,G$38),V74<=MAX(F$38,G$38))),V74,"") -> 612.66567 | AV74: =IF(IF(G$38=H$38,AND($C74>=MIN(G$39,H$39),$C74<=MAX(G$39,H$39)),AND(W74>=MIN(G$38,H$38),W74<=MAX(G$38,H$38))),W74,"") | AW74: =IF(IF(H$38=I$38,AND($C74>=MIN(H$39,I$39),$C74<=MAX(H$39,I$39)),AND(X74>=MIN(H$38,I$38),X74<=MAX(H$38,I$38))),X74,"") | AX74: =IF(IF(I$38=J$38,AND($C74>=MIN(I$39,J$39),$C74<=MAX(I$39,J$39)),AND(Y74>=MIN(I$38,J$38),Y74<=MAX(I$38,J$38))),Y74,"") | AY74: =IF(IF(J$38=K$38,AND($C74>=MIN(J$39,K$39),$C74<=MAX(J$39,K$39)),AND(Z74>=MIN(J$38,K$38),Z74<=MAX(J$38,K$38))),Z74,"") -> 186.99456 | AZ74: =IF(IF(K$38=L$38,AND($C74>=MIN(K$39,L$39),$C74<=MAX(K$39,L$39)),AND(AA74>=MIN(K$38,L$38),AA74<=MAX(K$38,L$38))),AA74,"") | BB74: {=IFERROR(_xlfn._xlws.SORT(_xlfn.UNIQUE(_xlfn._xlws.FILTER($AC74:$AZ74,ISNUMBER($AC74:$AZ74)),TRUE),,,TRUE),"")} -> -770.76544 | BC74: -557.92988 | BD74: -132.25877 | BE74: 186.99456 | BF74: 612.66567 | BG74: 825.50122 | BJ74: =IF(ISNUMBER(BB74),$C74,"") -> -75.192665 | BK74: =IF(ISNUMBER(BC74),$C74,"") -> -75.192665 | BL74: =IF(ISNUMBER(BD74),$C74,"") -> -75.192665 | BM74: =IF(ISNUMBER(BE74),$C74,"") -> -75.192665 | BN74: =IF(ISNUMBER(BF74),$C74,"") -> -75.192665 | BO74: =IF(ISNUMBER(BG74),$C74,"") -> -75.192665 | BP74: =IF(ISNUMBER(BH74),$C74,"") | BQ74: =IF(ISNUMBER(BI74),$C74,"") | BR74: =COUNTIF(BJ74:BQ74,"<0")+COUNTIF(BJ74:BQ74,">0") -> 6 | BS74: =IF(ISNUMBER(BC74),IF(ISEVEN(BB$57),"hole",(BC74-BB74)),0) -> 212.83555 | BT74: =IF(ISNUMBER(BD74),IF(ISEVEN(BC$57),"hole",(BD74-BC74)),0) -> hole | BU74: =IF(ISNUMBER(BE74),IF(ISEVEN(BD$57),"hole",(BE74-BD74)),0) -> 319.25333 | BV74: =IF(ISNUMBER(BF74),IF(ISEVEN(BE$57),"hole",(BF74-BE74)),0) -> hole | BW74: =IF(ISNUMBER(BG74),IF(ISEVEN(BF$57),"hole",(BG74-BF74)),0) -> 212.83555 | BX74: =IF(ISNUMBER(BH74),IF(ISEVEN(BG$57),"hole",(BH74-BG74)),0) -> 0 | BY74: =IF(ISNUMBER(BI74),IF(ISEVEN(BH$57),"hole",(BI74-BH74)),0) -> 0 | BZ74: {=IF(ISEVEN(BR74),SUM(BS74:BY74),SUM(ABS(BS74:BY74)))} -> 744.92444 | CA74: =+BZ74*$R$48 -> 37341.903 | CB74: =+IF(AND(ISNUMBER(BS74),BS74>0),BB74+BS74/2,0) -> -664.34766 | CC74: =+IF(AND(ISNUMBER(BT74),BT74>0),BC74+BT74/2,0) -> 0 | CD74: =+IF(AND(ISNUMBER(BU74),BU74>0),BD74+BU74/2,0) -> 27.367892 | CE74: =+IF(AND(ISNUMBER(BV74),BV74>0),BE74+BV74/2,0) -> 0 | CF74: =+IF(AND(ISNUMBER(BW74),BW74>0),BF74+BW74/2,0) -> 719.08344 | CG74: =+IF(AND(ISNUMBER(BX74),BX74>0),BG74+BX74/2,0) -> 0 | CH74: =+IF(AND(ISNUMBER(BY74),BY74>0),BH74+BY74/2,0) -> 0 | CI74: =+SUMPRODUCT(BS74:BY74,CB74:CH74)/BZ74 -> 27.367892 | CJ74: =+C74 -> -75.192665 | CK74: =CI74*COS(RADIANS(p)) + CJ74*SIN(RADIANS(p)) -> 0 | CL74: =-CI74*SIN(RADIANS(p)) +CJ74*COS(RADIANS(p)) -> -80.018363
B75: 18 | C75: =+$D$48-(B75-0.5)*$R$48 -> -125.32111 | D75: =IF(D$29-E$29=0,"",(-(E$28-D$28)*$C75-(D$28*E$29-E$28*D$29))/(D$29-E$29)) -> -2098.5996 | E75: =IF(E$29-F$29=0,"",(-(F$28-E$28)*$C75-(E$28*F$29-F$28*E$29))/(E$29-F$29)) -> 2192.8827 | F75: =IF(F$29-G$29=0,"",(-(G$28-F$28)*$C75-(F$28*G$29-G$28*F$29))/(F$29-G$29)) -> 843.74648 | G75: =IF(G$29-H$29=0,"",(-(H$28-G$28)*$C75-(G$28*H$29-H$28*G$29))/(G$29-H$29)) -> 838.79872 | H75: =IF(H$29-I$29=0,"",(-(I$28-H$28)*$C75-(H$28*I$29-I$28*H$29))/(H$29-I$29)) -> 1409.9657 | I75: =IF(I$29-J$29=0,"",(-(J$28-I$28)*$C75-(I$28*J$29-J$28*I$29))/(I$29-J$29)) -> -1655.3788 | J75: =IF(J$29-K$29=0,"",(-(K$28-J$28)*$C75-(J$28*K$29-K$28*J$29))/(J$29-K$29)) -> -752.52018 | K75: =IF(K$29-L$29=0,"",(-(L$28-K$28)*$C75-(K$28*L$29-L$28*K$29))/(K$29-L$29)) -> -955.6751 | L75: =IF(D$34-E$34=0,"",(-(E$33-D$33)*$C75-(D$33*E$34-E$33*D$34))/(D$34-E$34)) -> -1513.8387 | M75: =IF(E$34-F$34=0,"",(-(F$33-E$33)*$C75-(E$33*F$34-F$33*E$34))/(E$34-F$34)) -> 519.72556 | N75: =IF(F$34-G$34=0,"",(-(G$33-F$33)*$C75-(F$33*G$34-G$33*F$34))/(F$34-G$34)) -> -114.01351 | O75: =IF(G$34-H$34=0,"",(-(H$33-G$33)*$C75-(G$33*H$34-H$33*G$34))/(G$34-H$34)) -> 58.592709 | P75: =IF(H$34-I$34=0,"",(-(I$33-H$33)*$C75-(H$33*I$34-I$33*H$34))/(H$34-I$34)) -> 825.20484 | Q75: =IF(I$34-J$34=0,"",(-(J$33-I$33)*$C75-(I$33*J$34-J$33*I$34))/(I$34-J$34)) -> -1153.4316 | R75: =IF(J$34-K$34=0,"",(-(K$33-J$33)*$C75-(J$33*K$34-K$33*J$34))/(J$34-K$34)) -> -539.68462 | S75: =IF(K$34-L$34=0,"",(-(L$33-K$33)*$C75-(K$33*L$34-L$33*K$34))/(K$34-L$34)) -> -721.6133 | T75: =IF(D$39-E$39=0,"",(-(E$38-D$38)*$C75-(D$38*E$39-E$38*D$39))/(D$39-E$39)) -> -1513.8387 | U75: =IF(E$39-F$39=0,"",(-(F$38-E$38)*$C75-(E$38*F$39-F$38*E$39))/(E$39-F$39)) -> 1690.9356 | V75: =IF(F$39-G$39=0,"",(-(G$38-F$38)*$C75-(F$38*G$39-G$38*F$39))/(F$39-G$39)) -> 630.91093 | W75: =IF(G$39-H$39=0,"",(-(H$38-G$38)*$C75-(G$38*H$39-H$38*G$39))/(G$39-H$39)) -> 604.73691 | X75: =IF(H$39-I$39=0,"",(-(I$38-H$38)*$C75-(H$38*I$39-I$38*H$39))/(H$39-I$39)) -> 825.20484 | Y75: =IF(I$39-J$39=0,"",(-(J$38-I$38)*$C75-(I$38*J$39-J$38*I$39))/(I$39-J$39)) -> 17.778407 | Z75: =IF(J$39-K$39=0,"",(-(K$38-J$38)*$C75-(J$38*K$39-K$38*J$39))/(J$39-K$39)) -> 205.23982 | AA75: =IF(K$39-L$39=0,"",(-(L$38-K$38)*$C75-(K$38*L$39-L$38*K$39))/(K$39-L$39)) -> -175.46909 | AC75: =IF(IF(D$28=E$28,AND($C75>=MIN(D$29,E$29),$C75<=MAX(D$29,E$29)),AND(D75>=MIN(D$28,E$28),D75<=MAX(D$28,E$28))),D75,"") | AD75: =IF(IF(E$28=F$28,AND($C75>=MIN(E$29,F$29),$C75<=MAX(E$29,F$29)),AND(E75>=MIN(E$28,F$28),E75<=MAX(E$28,F$28))),E75,"") | AE75: =IF(IF(F$28=G$28,AND($C75>=MIN(F$29,G$29),$C75<=MAX(F$29,G$29)),AND(F75>=MIN(F$28,G$28),F75<=MAX(F$28,G$28))),F75,"") | AF75: =IF(IF(G$28=H$28,AND($C75>=MIN(G$29,H$29),$C75<=MAX(G$29,H$29)),AND(G75>=MIN(G$28,H$28),G75<=MAX(G$28,H$28))),G75,"") -> 838.79872 | AG75: =IF(IF(H$28=I$28,AND($C75>=MIN(H$29,I$29),$C75<=MAX(H$29,I$29)),AND(H75>=MIN(H$28,I$28),H75<=MAX(H$28,I$28))),H75,"") | AH75: =IF(IF(I$28=J$28,AND($C75>=MIN(I$29,J$29),$C75<=MAX(I$29,J$29)),AND(I75>=MIN(I$28,J$28),I75<=MAX(I$28,J$28))),I75,"") | AI75: =IF(IF(J$28=K$28,AND($C75>=MIN(J$29,K$29),$C75<=MAX(J$29,K$29)),AND(J75>=MIN(J$28,K$28),J75<=MAX(J$28,K$28))),J75,"") -> -752.52018 | AJ75: =IF(IF(K$28=L$28,AND($C75>=MIN(K$29,L$29),$C75<=MAX(K$29,L$29)),AND(K75>=MIN(K$28,L$28),K75<=MAX(K$28,L$28))),K75,"") | AK75: =IF(IF(D$33=E$33,AND($C75>=MIN(D$34,E$34),$C75<=MAX(D$34,E$34)),AND(L75>=MIN(D$33,E$33),L75<=MAX(D$33,E$33))),L75,"") | AL75: =IF(IF(E$33=F$33,AND($C75>=MIN(E$34,F$34),$C75<=MAX(E$34,F$34)),AND(M75>=MIN(E$33,F$33),M75<=MAX(E$33,F$33))),M75,"") | AM75: =IF(IF(F$33=G$33,AND($C75>=MIN(F$34,G$34),$C75<=MAX(F$34,G$34)),AND(N75>=MIN(F$33,G$33),N75<=MAX(F$33,G$33))),N75,"") -> -114.01351 | AN75: =IF(IF(G$33=H$33,AND($C75>=MIN(G$34,H$34),$C75<=MAX(G$34,H$34)),AND(O75>=MIN(G$33,H$33),O75<=MAX(G$33,H$33))),O75,"") | AO75: =IF(IF(H$33=I$33,AND($C75>=MIN(H$34,I$34),$C75<=MAX(H$34,I$34)),AND(P75>=MIN(H$33,I$33),P75<=MAX(H$33,I$33))),P75,"") | AP75: =IF(IF(I$33=J$33,AND($C75>=MIN(I$34,J$34),$C75<=MAX(I$34,J$34)),AND(Q75>=MIN(I$33,J$33),Q75<=MAX(I$33,J$33))),Q75,"") | AQ75: =IF(IF(J$33=K$33,AND($C75>=MIN(J$34,K$34),$C75<=MAX(J$34,K$34)),AND(R75>=MIN(J$33,K$33),R75<=MAX(J$33,K$33))),R75,"") -> -539.68462 | AR75: =IF(IF(K$33=L$33,AND($C75>=MIN(K$34,L$34),$C75<=MAX(K$34,L$34)),AND(S75>=MIN(K$33,L$33),S75<=MAX(K$33,L$33))),S75,"") | AS75: =IF(IF(D$38=E$38,AND($C75>=MIN(D$39,E$39),$C75<=MAX(D$39,E$39)),AND(T75>=MIN(D$38,E$38),T75<=MAX(D$38,E$38))),T75,"") | AT75: =IF(IF(E$38=F$38,AND($C75>=MIN(E$39,F$39),$C75<=MAX(E$39,F$39)),AND(U75>=MIN(E$38,F$38),U75<=MAX(E$38,F$38))),U75,"") | AU75: =IF(IF(F$38=G$38,AND($C75>=MIN(F$39,G$39),$C75<=MAX(F$39,G$39)),AND(V75>=MIN(F$38,G$38),V75<=MAX(F$38,G$38))),V75,"") | AV75: =IF(IF(G$38=H$38,AND($C75>=MIN(G$39,H$39),$C75<=MAX(G$39,H$39)),AND(W75>=MIN(G$38,H$38),W75<=MAX(G$38,H$38))),W75,"") -> 604.73691 | AW75: =IF(IF(H$38=I$38,AND($C75>=MIN(H$39,I$39),$C75<=MAX(H$39,I$39)),AND(X75>=MIN(H$38,I$38),X75<=MAX(H$38,I$38))),X75,"") | AX75: =IF(IF(I$38=J$38,AND($C75>=MIN(I$39,J$39),$C75<=MAX(I$39,J$39)),AND(Y75>=MIN(I$38,J$38),Y75<=MAX(I$38,J$38))),Y75,"") | AY75: =IF(IF(J$38=K$38,AND($C75>=MIN(J$39,K$39),$C75<=MAX(J$39,K$39)),AND(Z75>=MIN(J$38,K$38),Z75<=MAX(J$38,K$38))),Z75,"") -> 205.23982 | AZ75: =IF(IF(K$38=L$38,AND($C75>=MIN(K$39,L$39),$C75<=MAX(K$39,L$39)),AND(AA75>=MIN(K$38,L$38),AA75<=MAX(K$38,L$38))),AA75,"") | BB75: {=IFERROR(_xlfn._xlws.SORT(_xlfn.UNIQUE(_xlfn._xlws.FILTER($AC75:$AZ75,ISNUMBER($AC75:$AZ75)),TRUE),,,TRUE),"")} -> -752.52018 | BC75: -539.68462 | BD75: -114.01351 | BE75: 205.23982 | BF75: 604.73691 | BG75: 838.79872 | BJ75: =IF(ISNUMBER(BB75),$C75,"") -> -125.32111 | BK75: =IF(ISNUMBER(BC75),$C75,"") -> -125.32111 | BL75: =IF(ISNUMBER(BD75),$C75,"") -> -125.32111 | BM75: =IF(ISNUMBER(BE75),$C75,"") -> -125.32111 | BN75: =IF(ISNUMBER(BF75),$C75,"") -> -125.32111 | BO75: =IF(ISNUMBER(BG75),$C75,"") -> -125.32111 | BP75: =IF(ISNUMBER(BH75),$C75,"") | BQ75: =IF(ISNUMBER(BI75),$C75,"") | BR75: =COUNTIF(BJ75:BQ75,"<0")+COUNTIF(BJ75:BQ75,">0") -> 6 | BS75: =IF(ISNUMBER(BC75),IF(ISEVEN(BB$57),"hole",(BC75-BB75)),0) -> 212.83555 | BT75: =IF(ISNUMBER(BD75),IF(ISEVEN(BC$57),"hole",(BD75-BC75)),0) -> hole | BU75: =IF(ISNUMBER(BE75),IF(ISEVEN(BD$57),"hole",(BE75-BD75)),0) -> 319.25333 | BV75: =IF(ISNUMBER(BF75),IF(ISEVEN(BE$57),"hole",(BF75-BE75)),0) -> hole | BW75: =IF(ISNUMBER(BG75),IF(ISEVEN(BF$57),"hole",(BG75-BF75)),0) -> 234.0618 | BX75: =IF(ISNUMBER(BH75),IF(ISEVEN(BG$57),"hole",(BH75-BG75)),0) -> 0 | BY75: =IF(ISNUMBER(BI75),IF(ISEVEN(BH$57),"hole",(BI75-BH75)),0) -> 0 | BZ75: {=IF(ISEVEN(BR75),SUM(BS75:BY75),SUM(ABS(BS75:BY75)))} -> 766.15069 | CA75: =+BZ75*$R$48 -> 38405.941 | CB75: =+IF(AND(ISNUMBER(BS75),BS75>0),BB75+BS75/2,0) -> -646.1024 | CC75: =+IF(AND(ISNUMBER(BT75),BT75>0),BC75+BT75/2,0) -> 0 | CD75: =+IF(AND(ISNUMBER(BU75),BU75>0),BD75+BU75/2,0) -> 45.613153 | CE75: =+IF(AND(ISNUMBER(BV75),BV75>0),BE75+BV75/2,0) -> 0 | CF75: =+IF(AND(ISNUMBER(BW75),BW75>0),BF75+BW75/2,0) -> 721.76782 | CG75: =+IF(AND(ISNUMBER(BX75),BX75>0),BG75+BX75/2,0) -> 0 | CH75: =+IF(AND(ISNUMBER(BY75),BY75>0),BH75+BY75/2,0) -> 0 | CI75: =+SUMPRODUCT(BS75:BY75,CB75:CH75)/BZ75 -> 60.023264 | CJ75: =+C75 -> -125.32111 | CK75: =CI75*COS(RADIANS(p)) + CJ75*SIN(RADIANS(p)) -> 13.541075 | CL75: =-CI75*SIN(RADIANS(p)) +CJ75*COS(RADIANS(p)) -> -138.29249
B76: 19 | C76: =+$D$48-(B76-0.5)*$R$48 -> -175.44955 | D76: =IF(D$29-E$29=0,"",(-(E$28-D$28)*$C76-(D$28*E$29-E$28*D$29))/(D$29-E$29)) -> -2236.3263 | E76: =IF(E$29-F$29=0,"",(-(F$28-E$28)*$C76-(E$28*F$29-F$28*E$29))/(E$29-F$29)) -> 2300.3835 | F76: =IF(F$29-G$29=0,"",(-(G$28-F$28)*$C76-(F$28*G$29-G$28*F$29))/(F$29-G$29)) -> 861.99174 | G76: =IF(G$29-H$29=0,"",(-(H$28-G$28)*$C76-(G$28*H$29-H$28*G$29))/(G$29-H$29)) -> 815.42344 | H76: =IF(H$29-I$29=0,"",(-(I$28-H$28)*$C76-(H$28*I$29-I$28*H$29))/(H$29-I$29)) -> 1272.239 | I76: =IF(I$29-J$29=0,"",(-(J$28-I$28)*$C76-(I$28*J$29-J$28*I$29))/(I$29-J$29)) -> -1547.878 | J76: =IF(J$29-K$29=0,"",(-(K$28-J$28)*$C76-(J$28*K$29-K$28*J$29))/(J$29-K$29)) -> -734.27491 | K76: =IF(K$29-L$29=0,"",(-(L$28-K$28)*$C76-(K$28*L$29-L$28*K$29))/(K$29-L$29)) -> -979.05038 | L76: =IF(D$34-E$34=0,"",(-(E$33-D$33)*$C76-(D$33*E$34-E$33*D$34))/(D$34-E$34)) -> -1651.5654 | M76: =IF(E$34-F$34=0,"",(-(F$33-E$33)*$C76-(E$33*F$34-F$33*E$34))/(E$34-F$34)) -> 627.22636 | N76: =IF(F$34-G$34=0,"",(-(G$33-F$33)*$C76-(F$33*G$34-G$33*F$34))/(F$34-G$34)) -> -95.768251 | O76: =IF(G$34-H$34=0,"",(-(H$33-G$33)*$C76-(G$33*H$34-H$33*G$34))/(G$34-H$34)) -> 35.217432 | P76: =IF(H$34-I$34=0,"",(-(I$33-H$33)*$C76-(H$33*I$34-I$33*H$34))/(H$34-I$34)) -> 687.47808 | Q76: =IF(I$34-J$34=0,"",(-(J$33-I$33)*$C76-(I$33*J$34-J$33*I$34))/(I$34-J$34)) -> -1045.9308 | R76: =IF(J$34-K$34=0,"",(-(K$33-J$33)*$C76-(J$33*K$34-K$33*J$34))/(J$34-K$34)) -> -521.43936 | S76: =IF(K$34-L$34=0,"",(-(L$33-K$33)*$C76-(K$33*L$34-L$33*K$34))/(K$34-L$34)) -> -744.98858 | T76: =IF(D$39-E$39=0,"",(-(E$38-D$38)*$C76-(D$38*E$39-E$38*D$39))/(D$39-E$39)) -> -1651.5654 | U76: =IF(E$39-F$39=0,"",(-(F$38-E$38)*$C76-(E$38*F$39-F$38*E$39))/(E$39-F$39)) -> 1798.4364 | V76: =IF(F$39-G$39=0,"",(-(G$38-F$38)*$C76-(F$38*G$39-G$38*F$39))/(F$39-G$39)) -> 649.15619 | W76: =IF(G$39-H$39=0,"",(-(H$38-G$38)*$C76-(G$38*H$39-H$38*G$39))/(G$39-H$39)) -> 581.36164 | X76: =IF(H$39-I$39=0,"",(-(I$38-H$38)*$C76-(H$38*I$39-I$38*H$39))/(H$39-I$39)) -> 687.47808 | Y76: =IF(I$39-J$39=0,"",(-(J$38-I$38)*$C76-(I$38*J$39-J$38*I$39))/(I$39-J$39)) -> 125.2792 | Z76: =IF(J$39-K$39=0,"",(-(K$38-J$38)*$C76-(J$38*K$39-K$38*J$39))/(J$39-K$39)) -> 223.48508 | AA76: =IF(K$39-L$39=0,"",(-(L$38-K$38)*$C76-(K$38*L$39-L$38*K$39))/(K$39-L$39)) -> -198.84437 | AC76: =IF(IF(D$28=E$28,AND($C76>=MIN(D$29,E$29),$C76<=MAX(D$29,E$29)),AND(D76>=MIN(D$28,E$28),D76<=MAX(D$28,E$28))),D76,"") | AD76: =IF(IF(E$28=F$28,AND($C76>=MIN(E$29,F$29),$C76<=MAX(E$29,F$29)),AND(E76>=MIN(E$28,F$28),E76<=MAX(E$28,F$28))),E76,"") | AE76: =IF(IF(F$28=G$28,AND($C76>=MIN(F$29,G$29),$C76<=MAX(F$29,G$29)),AND(F76>=MIN(F$28,G$28),F76<=MAX(F$28,G$28))),F76,"") | AF76: =IF(IF(G$28=H$28,AND($C76>=MIN(G$29,H$29),$C76<=MAX(G$29,H$29)),AND(G76>=MIN(G$28,H$28),G76<=MAX(G$28,H$28))),G76,"") -> 815.42344 | AG76: =IF(IF(H$28=I$28,AND($C76>=MIN(H$29,I$29),$C76<=MAX(H$29,I$29)),AND(H76>=MIN(H$28,I$28),H76<=MAX(H$28,I$28))),H76,"") | AH76: =IF(IF(I$28=J$28,AND($C76>=MIN(I$29,J$29),$C76<=MAX(I$29,J$29)),AND(I76>=MIN(I$28,J$28),I76<=MAX(I$28,J$28))),I76,"") | AI76: =IF(IF(J$28=K$28,AND($C76>=MIN(J$29,K$29),$C76<=MAX(J$29,K$29)),AND(J76>=MIN(J$28,K$28),J76<=MAX(J$28,K$28))),J76,"") -> -734.27491 | AJ76: =IF(IF(K$28=L$28,AND($C76>=MIN(K$29,L$29),$C76<=MAX(K$29,L$29)),AND(K76>=MIN(K$28,L$28),K76<=MAX(K$28,L$28))),K76,"") | AK76: =IF(IF(D$33=E$33,AND($C76>=MIN(D$34,E$34),$C76<=MAX(D$34,E$34)),AND(L76>=MIN(D$33,E$33),L76<=MAX(D$33,E$33))),L76,"") | AL76: =IF(IF(E$33=F$33,AND($C76>=MIN(E$34,F$34),$C76<=MAX(E$34,F$34)),AND(M76>=MIN(E$33,F$33),M76<=MAX(E$33,F$33))),M76,"") | AM76: =IF(IF(F$33=G$33,AND($C76>=MIN(F$34,G$34),$C76<=MAX(F$34,G$34)),AND(N76>=MIN(F$33,G$33),N76<=MAX(F$33,G$33))),N76,"") -> -95.768251 | AN76: =IF(IF(G$33=H$33,AND($C76>=MIN(G$34,H$34),$C76<=MAX(G$34,H$34)),AND(O76>=MIN(G$33,H$33),O76<=MAX(G$33,H$33))),O76,"") | AO76: =IF(IF(H$33=I$33,AND($C76>=MIN(H$34,I$34),$C76<=MAX(H$34,I$34)),AND(P76>=MIN(H$33,I$33),P76<=MAX(H$33,I$33))),P76,"") | AP76: =IF(IF(I$33=J$33,AND($C76>=MIN(I$34,J$34),$C76<=MAX(I$34,J$34)),AND(Q76>=MIN(I$33,J$33),Q76<=MAX(I$33,J$33))),Q76,"") | AQ76: =IF(IF(J$33=K$33,AND($C76>=MIN(J$34,K$34),$C76<=MAX(J$34,K$34)),AND(R76>=MIN(J$33,K$33),R76<=MAX(J$33,K$33))),R76,"") -> -521.43936 | AR76: =IF(IF(K$33=L$33,AND($C76>=MIN(K$34,L$34),$C76<=MAX(K$34,L$34)),AND(S76>=MIN(K$33,L$33),S76<=MAX(K$33,L$33))),S76,"") | AS76: =IF(IF(D$38=E$38,AND($C76>=MIN(D$39,E$39),$C76<=MAX(D$39,E$39)),AND(T76>=MIN(D$38,E$38),T76<=MAX(D$38,E$38))),T76,"") | AT76: =IF(IF(E$38=F$38,AND($C76>=MIN(E$39,F$39),$C76<=MAX(E$39,F$39)),AND(U76>=MIN(E$38,F$38),U76<=MAX(E$38,F$38))),U76,"") | AU76: =IF(IF(F$38=G$38,AND($C76>=MIN(F$39,G$39),$C76<=MAX(F$39,G$39)),AND(V76>=MIN(F$38,G$38),V76<=MAX(F$38,G$38))),V76,"") | AV76: =IF(IF(G$38=H$38,AND($C76>=MIN(G$39,H$39),$C76<=MAX(G$39,H$39)),AND(W76>=MIN(G$38,H$38),W76<=MAX(G$38,H$38))),W76,"") -> 581.36164 | AW76: =IF(IF(H$38=I$38,AND($C76>=MIN(H$39,I$39),$C76<=MAX(H$39,I$39)),AND(X76>=MIN(H$38,I$38),X76<=MAX(H$38,I$38))),X76,"") | AX76: =IF(IF(I$38=J$38,AND($C76>=MIN(I$39,J$39),$C76<=MAX(I$39,J$39)),AND(Y76>=MIN(I$38,J$38),Y76<=MAX(I$38,J$38))),Y76,"") | AY76: =IF(IF(J$38=K$38,AND($C76>=MIN(J$39,K$39),$C76<=MAX(J$39,K$39)),AND(Z76>=MIN(J$38,K$38),Z76<=MAX(J$38,K$38))),Z76,"") -> 223.48508 | AZ76: =IF(IF(K$38=L$38,AND($C76>=MIN(K$39,L$39),$C76<=MAX(K$39,L$39)),AND(AA76>=MIN(K$38,L$38),AA76<=MAX(K$38,L$38))),AA76,"") | BB76: {=IFERROR(_xlfn._xlws.SORT(_xlfn.UNIQUE(_xlfn._xlws.FILTER($AC76:$AZ76,ISNUMBER($AC76:$AZ76)),TRUE),,,TRUE),"")} -> -734.27491 | BC76: -521.43936 | BD76: -95.768251 | BE76: 223.48508 | BF76: 581.36164 | BG76: 815.42344 | BJ76: =IF(ISNUMBER(BB76),$C76,"") -> -175.44955 | BK76: =IF(ISNUMBER(BC76),$C76,"") -> -175.44955 | BL76: =IF(ISNUMBER(BD76),$C76,"") -> -175.44955 | BM76: =IF(ISNUMBER(BE76),$C76,"") -> -175.44955 | BN76: =IF(ISNUMBER(BF76),$C76,"") -> -175.44955 | BO76: =IF(ISNUMBER(BG76),$C76,"") -> -175.44955 | BP76: =IF(ISNUMBER(BH76),$C76,"") | BQ76: =IF(ISNUMBER(BI76),$C76,"") | BR76: =COUNTIF(BJ76:BQ76,"<0")+COUNTIF(BJ76:BQ76,">0") -> 6 | BS76: =IF(ISNUMBER(BC76),IF(ISEVEN(BB$57),"hole",(BC76-BB76)),0) -> 212.83555 | BT76: =IF(ISNUMBER(BD76),IF(ISEVEN(BC$57),"hole",(BD76-BC76)),0) -> hole | BU76: =IF(ISNUMBER(BE76),IF(ISEVEN(BD$57),"hole",(BE76-BD76)),0) -> 319.25333 | BV76: =IF(ISNUMBER(BF76),IF(ISEVEN(BE$57),"hole",(BF76-BE76)),0) -> hole | BW76: =IF(ISNUMBER(BG76),IF(ISEVEN(BF$57),"hole",(BG76-BF76)),0) -> 234.0618 | BX76: =IF(ISNUMBER(BH76),IF(ISEVEN(BG$57),"hole",(BH76-BG76)),0) -> 0 | BY76: =IF(ISNUMBER(BI76),IF(ISEVEN(BH$57),"hole",(BI76-BH76)),0) -> 0 | BZ76: {=IF(ISEVEN(BR76),SUM(BS76:BY76),SUM(ABS(BS76:BY76)))} -> 766.15069 | CA76: =+BZ76*$R$48 -> 38405.941 | CB76: =+IF(AND(ISNUMBER(BS76),BS76>0),BB76+BS76/2,0) -> -627.85714 | CC76: =+IF(AND(ISNUMBER(BT76),BT76>0),BC76+BT76/2,0) -> 0 | CD76: =+IF(AND(ISNUMBER(BU76),BU76>0),BD76+BU76/2,0) -> 63.858415 | CE76: =+IF(AND(ISNUMBER(BV76),BV76>0),BE76+BV76/2,0) -> 0 | CF76: =+IF(AND(ISNUMBER(BW76),BW76>0),BF76+BW76/2,0) -> 698.39254 | CG76: =+IF(AND(ISNUMBER(BX76),BX76>0),BG76+BX76/2,0) -> 0 | CH76: =+IF(AND(ISNUMBER(BY76),BY76>0),BH76+BY76/2,0) -> 0 | CI76: =+SUMPRODUCT(BS76:BY76,CB76:CH76)/BZ76 -> 65.5533 | CJ76: =+C76 -> -175.44955 | CK76: =CI76*COS(RADIANS(p)) + CJ76*SIN(RADIANS(p)) -> 1.5926717 | CL76: =-CI76*SIN(RADIANS(p)) +CJ76*COS(RADIANS(p)) -> -187.2892
B77: 20 | C77: =+$D$48-(B77-0.5)*$R$48 -> -225.578 | D77: =IF(D$29-E$29=0,"",(-(E$28-D$28)*$C77-(D$28*E$29-E$28*D$29))/(D$29-E$29)) -> -2374.0531 | E77: =IF(E$29-F$29=0,"",(-(F$28-E$28)*$C77-(E$28*F$29-F$28*E$29))/(E$29-F$29)) -> 2407.8843 | F77: =IF(F$29-G$29=0,"",(-(G$28-F$28)*$C77-(F$28*G$29-G$28*F$29))/(F$29-G$29)) -> 880.23701 | G77: =IF(G$29-H$29=0,"",(-(H$28-G$28)*$C77-(G$28*H$29-H$28*G$29))/(G$29-H$29)) -> 792.04816 | H77: =IF(H$29-I$29=0,"",(-(I$28-H$28)*$C77-(H$28*I$29-I$28*H$29))/(H$29-I$29)) -> 1134.5122 | I77: =IF(I$29-J$29=0,"",(-(J$28-I$28)*$C77-(I$28*J$29-J$28*I$29))/(I$29-J$29)) -> -1440.3772 | J77: =IF(J$29-K$29=0,"",(-(K$28-J$28)*$C77-(J$28*K$29-K$28*J$29))/(J$29-K$29)) -> -716.02965 | K77: =IF(K$29-L$29=0,"",(-(L$28-K$28)*$C77-(K$28*L$29-L$28*K$29))/(K$29-L$29)) -> -1002.4257 | L77: =IF(D$34-E$34=0,"",(-(E$33-D$33)*$C77-(D$33*E$34-E$33*D$34))/(D$34-E$34)) -> -1789.2922 | M77: =IF(E$34-F$34=0,"",(-(F$33-E$33)*$C77-(E$33*F$34-F$33*E$34))/(E$34-F$34)) -> 734.72715 | N77: =IF(F$34-G$34=0,"",(-(G$33-F$33)*$C77-(F$33*G$34-G$33*F$34))/(F$34-G$34)) -> -77.52299 | O77: =IF(G$34-H$34=0,"",(-(H$33-G$33)*$C77-(G$33*H$34-H$33*G$34))/(G$34-H$34)) -> 11.842155 | P77: =IF(H$34-I$34=0,"",(-(I$33-H$33)*$C77-(H$33*I$34-I$33*H$34))/(H$34-I$34)) -> 549.75131 | Q77: =IF(I$34-J$34=0,"",(-(J$33-I$33)*$C77-(I$33*J$34-J$33*I$34))/(I$34-J$34)) -> -938.43004 | R77: =IF(J$34-K$34=0,"",(-(K$33-J$33)*$C77-(J$33*K$34-K$33*J$34))/(J$34-K$34)) -> -503.1941 | S77: =IF(K$34-L$34=0,"",(-(L$33-K$33)*$C77-(K$33*L$34-L$33*K$34))/(K$34-L$34)) -> -768.36385 | T77: =IF(D$39-E$39=0,"",(-(E$38-D$38)*$C77-(D$38*E$39-E$38*D$39))/(D$39-E$39)) -> -1789.2922 | U77: =IF(E$39-F$39=0,"",(-(F$38-E$38)*$C77-(E$38*F$39-F$38*E$39))/(E$39-F$39)) -> 1905.9372 | V77: =IF(F$39-G$39=0,"",(-(G$38-F$38)*$C77-(F$38*G$39-G$38*F$39))/(F$39-G$39)) -> 667.40145 | W77: =IF(G$39-H$39=0,"",(-(H$38-G$38)*$C77-(G$38*H$39-H$38*G$39))/(G$39-H$39)) -> 557.98636 | X77: =IF(H$39-I$39=0,"",(-(I$38-H$38)*$C77-(H$38*I$39-I$38*H$39))/(H$39-I$39)) -> 549.75131 | Y77: =IF(I$39-J$39=0,"",(-(J$38-I$38)*$C77-(I$38*J$39-J$38*I$39))/(I$39-J$39)) -> 232.77999 | Z77: =IF(J$39-K$39=0,"",(-(K$38-J$38)*$C77-(J$38*K$39-K$38*J$39))/(J$39-K$39)) -> 241.73034 | AA77: =IF(K$39-L$39=0,"",(-(L$38-K$38)*$C77-(K$38*L$39-L$38*K$39))/(K$39-L$39)) -> -222.21965 | AC77: =IF(IF(D$28=E$28,AND($C77>=MIN(D$29,E$29),$C77<=MAX(D$29,E$29)),AND(D77>=MIN(D$28,E$28),D77<=MAX(D$28,E$28))),D77,"") | AD77: =IF(IF(E$28=F$28,AND($C77>=MIN(E$29,F$29),$C77<=MAX(E$29,F$29)),AND(E77>=MIN(E$28,F$28),E77<=MAX(E$28,F$28))),E77,"") | AE77: =IF(IF(F$28=G$28,AND($C77>=MIN(F$29,G$29),$C77<=MAX(F$29,G$29)),AND(F77>=MIN(F$28,G$28),F77<=MAX(F$28,G$28))),F77,"") | AF77: =IF(IF(G$28=H$28,AND($C77>=MIN(G$29,H$29),$C77<=MAX(G$29,H$29)),AND(G77>=MIN(G$28,H$28),G77<=MAX(G$28,H$28))),G77,"") -> 792.04816 | AG77: =IF(IF(H$28=I$28,AND($C77>=MIN(H$29,I$29),$C77<=MAX(H$29,I$29)),AND(H77>=MIN(H$28,I$28),H77<=MAX(H$28,I$28))),H77,"") | AH77: =IF(IF(I$28=J$28,AND($C77>=MIN(I$29,J$29),$C77<=MAX(I$29,J$29)),AND(I77>=MIN(I$28,J$28),I77<=MAX(I$28,J$28))),I77,"") | AI77: =IF(IF(J$28=K$28,AND($C77>=MIN(J$29,K$29),$C77<=MAX(J$29,K$29)),AND(J77>=MIN(J$28,K$28),J77<=MAX(J$28,K$28))),J77,"") -> -716.02965 | AJ77: =IF(IF(K$28=L$28,AND($C77>=MIN(K$29,L$29),$C77<=MAX(K$29,L$29)),AND(K77>=MIN(K$28,L$28),K77<=MAX(K$28,L$28))),K77,"") | AK77: =IF(IF(D$33=E$33,AND($C77>=MIN(D$34,E$34),$C77<=MAX(D$34,E$34)),AND(L77>=MIN(D$33,E$33),L77<=MAX(D$33,E$33))),L77,"") | AL77: =IF(IF(E$33=F$33,AND($C77>=MIN(E$34,F$34),$C77<=MAX(E$34,F$34)),AND(M77>=MIN(E$33,F$33),M77<=MAX(E$33,F$33))),M77,"") | AM77: =IF(IF(F$33=G$33,AND($C77>=MIN(F$34,G$34),$C77<=MAX(F$34,G$34)),AND(N77>=MIN(F$33,G$33),N77<=MAX(F$33,G$33))),N77,"") -> -77.52299 | AN77: =IF(IF(G$33=H$33,AND($C77>=MIN(G$34,H$34),$C77<=MAX(G$34,H$34)),AND(O77>=MIN(G$33,H$33),O77<=MAX(G$33,H$33))),O77,"") | AO77: =IF(IF(H$33=I$33,AND($C77>=MIN(H$34,I$34),$C77<=MAX(H$34,I$34)),AND(P77>=MIN(H$33,I$33),P77<=MAX(H$33,I$33))),P77,"") | AP77: =IF(IF(I$33=J$33,AND($C77>=MIN(I$34,J$34),$C77<=MAX(I$34,J$34)),AND(Q77>=MIN(I$33,J$33),Q77<=MAX(I$33,J$33))),Q77,"") | AQ77: =IF(IF(J$33=K$33,AND($C77>=MIN(J$34,K$34),$C77<=MAX(J$34,K$34)),AND(R77>=MIN(J$33,K$33),R77<=MAX(J$33,K$33))),R77,"") -> -503.1941 | AR77: =IF(IF(K$33=L$33,AND($C77>=MIN(K$34,L$34),$C77<=MAX(K$34,L$34)),AND(S77>=MIN(K$33,L$33),S77<=MAX(K$33,L$33))),S77,"") | AS77: =IF(IF(D$38=E$38,AND($C77>=MIN(D$39,E$39),$C77<=MAX(D$39,E$39)),AND(T77>=MIN(D$38,E$38),T77<=MAX(D$38,E$38))),T77,"") | AT77: =IF(IF(E$38=F$38,AND($C77>=MIN(E$39,F$39),$C77<=MAX(E$39,F$39)),AND(U77>=MIN(E$38,F$38),U77<=MAX(E$38,F$38))),U77,"") | AU77: =IF(IF(F$38=G$38,AND($C77>=MIN(F$39,G$39),$C77<=MAX(F$39,G$39)),AND(V77>=MIN(F$38,G$38),V77<=MAX(F$38,G$38))),V77,"") | AV77: =IF(IF(G$38=H$38,AND($C77>=MIN(G$39,H$39),$C77<=MAX(G$39,H$39)),AND(W77>=MIN(G$38,H$38),W77<=MAX(G$38,H$38))),W77,"") | AW77: =IF(IF(H$38=I$38,AND($C77>=MIN(H$39,I$39),$C77<=MAX(H$39,I$39)),AND(X77>=MIN(H$38,I$38),X77<=MAX(H$38,I$38))),X77,"") -> 549.75131 | AX77: =IF(IF(I$38=J$38,AND($C77>=MIN(I$39,J$39),$C77<=MAX(I$39,J$39)),AND(Y77>=MIN(I$38,J$38),Y77<=MAX(I$38,J$38))),Y77,"") | AY77: =IF(IF(J$38=K$38,AND($C77>=MIN(J$39,K$39),$C77<=MAX(J$39,K$39)),AND(Z77>=MIN(J$38,K$38),Z77<=MAX(J$38,K$38))),Z77,"") -> 241.73034 | AZ77: =IF(IF(K$38=L$38,AND($C77>=MIN(K$39,L$39),$C77<=MAX(K$39,L$39)),AND(AA77>=MIN(K$38,L$38),AA77<=MAX(K$38,L$38))),AA77,"") | BB77: {=IFERROR(_xlfn._xlws.SORT(_xlfn.UNIQUE(_xlfn._xlws.FILTER($AC77:$AZ77,ISNUMBER($AC77:$AZ77)),TRUE),,,TRUE),"")} -> -716.02965 | BC77: -503.1941 | BD77: -77.52299 | BE77: 241.73034 | BF77: 549.75131 | BG77: 792.04816 | BJ77: =IF(ISNUMBER(BB77),$C77,"") -> -225.578 | BK77: =IF(ISNUMBER(BC77),$C77,"") -> -225.578 | BL77: =IF(ISNUMBER(BD77),$C77,"") -> -225.578 | BM77: =IF(ISNUMBER(BE77),$C77,"") -> -225.578 | BN77: =IF(ISNUMBER(BF77),$C77,"") -> -225.578 | BO77: =IF(ISNUMBER(BG77),$C77,"") -> -225.578 | BP77: =IF(ISNUMBER(BH77),$C77,"") | BQ77: =IF(ISNUMBER(BI77),$C77,"") | BR77: =COUNTIF(BJ77:BQ77,"<0")+COUNTIF(BJ77:BQ77,">0") -> 6 | BS77: =IF(ISNUMBER(BC77),IF(ISEVEN(BB$57),"hole",(BC77-BB77)),0) -> 212.83555 | BT77: =IF(ISNUMBER(BD77),IF(ISEVEN(BC$57),"hole",(BD77-BC77)),0) -> hole | BU77: =IF(ISNUMBER(BE77),IF(ISEVEN(BD$57),"hole",(BE77-BD77)),0) -> 319.25333 | BV77: =IF(ISNUMBER(BF77),IF(ISEVEN(BE$57),"hole",(BF77-BE77)),0) -> hole | BW77: =IF(ISNUMBER(BG77),IF(ISEVEN(BF$57),"hole",(BG77-BF77)),0) -> 242.29685 | BX77: =IF(ISNUMBER(BH77),IF(ISEVEN(BG$57),"hole",(BH77-BG77)),0) -> 0 | BY77: =IF(ISNUMBER(BI77),IF(ISEVEN(BH$57),"hole",(BI77-BH77)),0) -> 0 | BZ77: {=IF(ISEVEN(BR77),SUM(BS77:BY77),SUM(ABS(BS77:BY77)))} -> 774.38574 | CA77: =+BZ77*$R$48 -> 38818.752 | CB77: =+IF(AND(ISNUMBER(BS77),BS77>0),BB77+BS77/2,0) -> -609.61188 | CC77: =+IF(AND(ISNUMBER(BT77),BT77>0),BC77+BT77/2,0) -> 0 | CD77: =+IF(AND(ISNUMBER(BU77),BU77>0),BD77+BU77/2,0) -> 82.103676 | CE77: =+IF(AND(ISNUMBER(BV77),BV77>0),BE77+BV77/2,0) -> 0 | CF77: =+IF(AND(ISNUMBER(BW77),BW77>0),BF77+BW77/2,0) -> 670.89974 | CG77: =+IF(AND(ISNUMBER(BX77),BX77>0),BG77+BX77/2,0) -> 0 | CH77: =+IF(AND(ISNUMBER(BY77),BY77>0),BH77+BY77/2,0) -> 0 | CI77: =+SUMPRODUCT(BS77:BY77,CB77:CH77)/BZ77 -> 76.217422 | CJ77: =+C77 -> -225.578 | CK77: =CI77*COS(RADIANS(p)) + CJ77*SIN(RADIANS(p)) -> -5.5312693 | CL77: =-CI77*SIN(RADIANS(p)) +CJ77*COS(RADIANS(p)) -> -238.04187
B78: 21 | C78: =+$D$48-(B78-0.5)*$R$48 -> -275.70644 | D78: =IF(D$29-E$29=0,"",(-(E$28-D$28)*$C78-(D$28*E$29-E$28*D$29))/(D$29-E$29)) -> -2511.7799 | E78: =IF(E$29-F$29=0,"",(-(F$28-E$28)*$C78-(E$28*F$29-F$28*E$29))/(E$29-F$29)) -> 2515.3851 | F78: =IF(F$29-G$29=0,"",(-(G$28-F$28)*$C78-(F$28*G$29-G$28*F$29))/(F$29-G$29)) -> 898.48227 | G78: =IF(G$29-H$29=0,"",(-(H$28-G$28)*$C78-(G$28*H$29-H$28*G$29))/(G$29-H$29)) -> 768.67289 | H78: =IF(H$29-I$29=0,"",(-(I$28-H$28)*$C78-(H$28*I$29-I$28*H$29))/(H$29-I$29)) -> 996.78543 | I78: =IF(I$29-J$29=0,"",(-(J$28-I$28)*$C78-(I$28*J$29-J$28*I$29))/(I$29-J$29)) -> -1332.8764 | J78: =IF(J$29-K$29=0,"",(-(K$28-J$28)*$C78-(J$28*K$29-K$28*J$29))/(J$29-K$29)) -> -697.78439 | K78: =IF(K$29-L$29=0,"",(-(L$28-K$28)*$C78-(K$28*L$29-L$28*K$29))/(K$29-L$29)) -> -1025.8009 | L78: =IF(D$34-E$34=0,"",(-(E$33-D$33)*$C78-(D$33*E$34-E$33*D$34))/(D$34-E$34)) -> -1927.019 | M78: =IF(E$34-F$34=0,"",(-(F$33-E$33)*$C78-(E$33*F$34-F$33*E$34))/(E$34-F$34)) -> 842.22794 | N78: =IF(F$34-G$34=0,"",(-(G$33-F$33)*$C78-(F$33*G$34-G$33*F$34))/(F$34-G$34)) -> -59.277729 | O78: =IF(G$34-H$34=0,"",(-(H$33-G$33)*$C78-(G$33*H$34-H$33*G$34))/(G$34-H$34)) -> -11.533123 | P78: =IF(H$34-I$34=0,"",(-(I$33-H$33)*$C78-(H$33*I$34-I$33*H$34))/(H$34-I$34)) -> 412.02455 | Q78: =IF(I$34-J$34=0,"",(-(J$33-I$33)*$C78-(I$33*J$34-J$33*I$34))/(I$34-J$34)) -> -830.92924 | R78: =IF(J$34-K$34=0,"",(-(K$33-J$33)*$C78-(J$33*K$34-K$33*J$34))/(J$34-K$34)) -> -484.94884 | S78: =IF(K$34-L$34=0,"",(-(L$33-K$33)*$C78-(K$33*L$34-L$33*K$34))/(K$34-L$34)) -> -791.73913 | T78: =IF(D$39-E$39=0,"",(-(E$38-D$38)*$C78-(D$38*E$39-E$38*D$39))/(D$39-E$39)) -> -1927.019 | U78: =IF(E$39-F$39=0,"",(-(F$38-E$38)*$C78-(E$38*F$39-F$38*E$39))/(E$39-F$39)) -> 2013.438 | V78: =IF(F$39-G$39=0,"",(-(G$38-F$38)*$C78-(F$38*G$39-G$38*F$39))/(F$39-G$39)) -> 685.64671 | W78: =IF(G$39-H$39=0,"",(-(H$38-G$38)*$C78-(G$38*H$39-H$38*G$39))/(G$39-H$39)) -> 534.61108 | X78: =IF(H$39-I$39=0,"",(-(I$38-H$38)*$C78-(H$38*I$39-I$38*H$39))/(H$39-I$39)) -> 412.02455 | Y78: =IF(I$39-J$39=0,"",(-(J$38-I$38)*$C78-(I$38*J$39-J$38*I$39))/(I$39-J$39)) -> 340.28079 | Z78: =IF(J$39-K$39=0,"",(-(K$38-J$38)*$C78-(J$38*K$39-K$38*J$39))/(J$39-K$39)) -> 259.9756 | AA78: =IF(K$39-L$39=0,"",(-(L$38-K$38)*$C78-(K$38*L$39-L$38*K$39))/(K$39-L$39)) -> -245.59493 | AC78: =IF(IF(D$28=E$28,AND($C78>=MIN(D$29,E$29),$C78<=MAX(D$29,E$29)),AND(D78>=MIN(D$28,E$28),D78<=MAX(D$28,E$28))),D78,"") | AD78: =IF(IF(E$28=F$28,AND($C78>=MIN(E$29,F$29),$C78<=MAX(E$29,F$29)),AND(E78>=MIN(E$28,F$28),E78<=MAX(E$28,F$28))),E78,"") | AE78: =IF(IF(F$28=G$28,AND($C78>=MIN(F$29,G$29),$C78<=MAX(F$29,G$29)),AND(F78>=MIN(F$28,G$28),F78<=MAX(F$28,G$28))),F78,"") | AF78: =IF(IF(G$28=H$28,AND($C78>=MIN(G$29,H$29),$C78<=MAX(G$29,H$29)),AND(G78>=MIN(G$28,H$28),G78<=MAX(G$28,H$28))),G78,"") -> 768.67289 | AG78: =IF(IF(H$28=I$28,AND($C78>=MIN(H$29,I$29),$C78<=MAX(H$29,I$29)),AND(H78>=MIN(H$28,I$28),H78<=MAX(H$28,I$28))),H78,"") | AH78: =IF(IF(I$28=J$28,AND($C78>=MIN(I$29,J$29),$C78<=MAX(I$29,J$29)),AND(I78>=MIN(I$28,J$28),I78<=MAX(I$28,J$28))),I78,"") | AI78: =IF(IF(J$28=K$28,AND($C78>=MIN(J$29,K$29),$C78<=MAX(J$29,K$29)),AND(J78>=MIN(J$28,K$28),J78<=MAX(J$28,K$28))),J78,"") -> -697.78439 | AJ78: =IF(IF(K$28=L$28,AND($C78>=MIN(K$29,L$29),$C78<=MAX(K$29,L$29)),AND(K78>=MIN(K$28,L$28),K78<=MAX(K$28,L$28))),K78,"") | AK78: =IF(IF(D$33=E$33,AND($C78>=MIN(D$34,E$34),$C78<=MAX(D$34,E$34)),AND(L78>=MIN(D$33,E$33),L78<=MAX(D$33,E$33))),L78,"") | AL78: =IF(IF(E$33=F$33,AND($C78>=MIN(E$34,F$34),$C78<=MAX(E$34,F$34)),AND(M78>=MIN(E$33,F$33),M78<=MAX(E$33,F$33))),M78,"") | AM78: =IF(IF(F$33=G$33,AND($C78>=MIN(F$34,G$34),$C78<=MAX(F$34,G$34)),AND(N78>=MIN(F$33,G$33),N78<=MAX(F$33,G$33))),N78,"") -> -59.277729 | AN78: =IF(IF(G$33=H$33,AND($C78>=MIN(G$34,H$34),$C78<=MAX(G$34,H$34)),AND(O78>=MIN(G$33,H$33),O78<=MAX(G$33,H$33))),O78,"") | AO78: =IF(IF(H$33=I$33,AND($C78>=MIN(H$34,I$34),$C78<=MAX(H$34,I$34)),AND(P78>=MIN(H$33,I$33),P78<=MAX(H$33,I$33))),P78,"") | AP78: =IF(IF(I$33=J$33,AND($C78>=MIN(I$34,J$34),$C78<=MAX(I$34,J$34)),AND(Q78>=MIN(I$33,J$33),Q78<=MAX(I$33,J$33))),Q78,"") | AQ78: =IF(IF(J$33=K$33,AND($C78>=MIN(J$34,K$34),$C78<=MAX(J$34,K$34)),AND(R78>=MIN(J$33,K$33),R78<=MAX(J$33,K$33))),R78,"") -> -484.94884 | AR78: =IF(IF(K$33=L$33,AND($C78>=MIN(K$34,L$34),$C78<=MAX(K$34,L$34)),AND(S78>=MIN(K$33,L$33),S78<=MAX(K$33,L$33))),S78,"") | AS78: =IF(IF(D$38=E$38,AND($C78>=MIN(D$39,E$39),$C78<=MAX(D$39,E$39)),AND(T78>=MIN(D$38,E$38),T78<=MAX(D$38,E$38))),T78,"") | AT78: =IF(IF(E$38=F$38,AND($C78>=MIN(E$39,F$39),$C78<=MAX(E$39,F$39)),AND(U78>=MIN(E$38,F$38),U78<=MAX(E$38,F$38))),U78,"") | AU78: =IF(IF(F$38=G$38,AND($C78>=MIN(F$39,G$39),$C78<=MAX(F$39,G$39)),AND(V78>=MIN(F$38,G$38),V78<=MAX(F$38,G$38))),V78,"") | AV78: =IF(IF(G$38=H$38,AND($C78>=MIN(G$39,H$39),$C78<=MAX(G$39,H$39)),AND(W78>=MIN(G$38,H$38),W78<=MAX(G$38,H$38))),W78,"") | AW78: =IF(IF(H$38=I$38,AND($C78>=MIN(H$39,I$39),$C78<=MAX(H$39,I$39)),AND(X78>=MIN(H$38,I$38),X78<=MAX(H$38,I$38))),X78,"") -> 412.02455 | AX78: =IF(IF(I$38=J$38,AND($C78>=MIN(I$39,J$39),$C78<=MAX(I$39,J$39)),AND(Y78>=MIN(I$38,J$38),Y78<=MAX(I$38,J$38))),Y78,"") -> 340.28079 | AY78: =IF(IF(J$38=K$38,AND($C78>=MIN(J$39,K$39),$C78<=MAX(J$39,K$39)),AND(Z78>=MIN(J$38,K$38),Z78<=MAX(J$38,K$38))),Z78,"") | AZ78: =IF(IF(K$38=L$38,AND($C78>=MIN(K$39,L$39),$C78<=MAX(K$39,L$39)),AND(AA78>=MIN(K$38,L$38),AA78<=MAX(K$38,L$38))),AA78,"") | BB78: {=IFERROR(_xlfn._xlws.SORT(_xlfn.UNIQUE(_xlfn._xlws.FILTER($AC78:$AZ78,ISNUMBER($AC78:$AZ78)),TRUE),,,TRUE),"")} -> -697.78439 | BC78: -484.94884 | BD78: -59.277729 | BE78: 340.28079 | BF78: 412.02455 | BG78: 768.67289 | BJ78: =IF(ISNUMBER(BB78),$C78,"") -> -275.70644 | BK78: =IF(ISNUMBER(BC78),$C78,"") -> -275.70644 | BL78: =IF(ISNUMBER(BD78),$C78,"") -> -275.70644 | BM78: =IF(ISNUMBER(BE78),$C78,"") -> -275.70644 | BN78: =IF(ISNUMBER(BF78),$C78,"") -> -275.70644 | BO78: =IF(ISNUMBER(BG78),$C78,"") -> -275.70644 | BP78: =IF(ISNUMBER(BH78),$C78,"") | BQ78: =IF(ISNUMBER(BI78),$C78,"") | BR78: =COUNTIF(BJ78:BQ78,"<0")+COUNTIF(BJ78:BQ78,">0") -> 6 | BS78: =IF(ISNUMBER(BC78),IF(ISEVEN(BB$57),"hole",(BC78-BB78)),0) -> 212.83555 | BT78: =IF(ISNUMBER(BD78),IF(ISEVEN(BC$57),"hole",(BD78-BC78)),0) -> hole | BU78: =IF(ISNUMBER(BE78),IF(ISEVEN(BD$57),"hole",(BE78-BD78)),0) -> 399.55852 | BV78: =IF(ISNUMBER(BF78),IF(ISEVEN(BE$57),"hole",(BF78-BE78)),0) -> hole | BW78: =IF(ISNUMBER(BG78),IF(ISEVEN(BF$57),"hole",(BG78-BF78)),0) -> 356.64834 | BX78: =IF(ISNUMBER(BH78),IF(ISEVEN(BG$57),"hole",(BH78-BG78)),0) -> 0 | BY78: =IF(ISNUMBER(BI78),IF(ISEVEN(BH$57),"hole",(BI78-BH78)),0) -> 0 | BZ78: {=IF(ISEVEN(BR78),SUM(BS78:BY78),SUM(ABS(BS78:BY78)))} -> 969.04241 | CA78: =+BZ78*$R$48 -> 48576.588 | CB78: =+IF(AND(ISNUMBER(BS78),BS78>0),BB78+BS78/2,0) -> -591.36661 | CC78: =+IF(AND(ISNUMBER(BT78),BT78>0),BC78+BT78/2,0) -> 0 | CD78: =+IF(AND(ISNUMBER(BU78),BU78>0),BD78+BU78/2,0) -> 140.50153 | CE78: =+IF(AND(ISNUMBER(BV78),BV78>0),BE78+BV78/2,0) -> 0 | CF78: =+IF(AND(ISNUMBER(BW78),BW78>0),BF78+BW78/2,0) -> 590.34872 | CG78: =+IF(AND(ISNUMBER(BX78),BX78>0),BG78+BX78/2,0) -> 0 | CH78: =+IF(AND(ISNUMBER(BY78),BY78>0),BH78+BY78/2,0) -> 0 | CI78: =+SUMPRODUCT(BS78:BY78,CB78:CH78)/BZ78 -> 145.3204 | CJ78: =+C78 -> -275.70644 | CK78: =CI78*COS(RADIANS(p)) + CJ78*SIN(RADIANS(p)) -> 42.259352 | CL78: =-CI78*SIN(RADIANS(p)) +CJ78*COS(RADIANS(p)) -> -308.78181
B79: 22 | C79: =+$D$48-(B79-0.5)*$R$48 -> -325.83488 | D79: =IF(D$29-E$29=0,"",(-(E$28-D$28)*$C79-(D$28*E$29-E$28*D$29))/(D$29-E$29)) -> -2649.5066 | E79: =IF(E$29-F$29=0,"",(-(F$28-E$28)*$C79-(E$28*F$29-F$28*E$29))/(E$29-F$29)) -> 2622.8859 | F79: =IF(F$29-G$29=0,"",(-(G$28-F$28)*$C79-(F$28*G$29-G$28*F$29))/(F$29-G$29)) -> 916.72753 | G79: =IF(G$29-H$29=0,"",(-(H$28-G$28)*$C79-(G$28*H$29-H$28*G$29))/(G$29-H$29)) -> 745.29761 | H79: =IF(H$29-I$29=0,"",(-(I$28-H$28)*$C79-(H$28*I$29-I$28*H$29))/(H$29-I$29)) -> 859.05866 | I79: =IF(I$29-J$29=0,"",(-(J$28-I$28)*$C79-(I$28*J$29-J$28*I$29))/(I$29-J$29)) -> -1225.3756 | J79: =IF(J$29-K$29=0,"",(-(K$28-J$28)*$C79-(J$28*K$29-K$28*J$29))/(J$29-K$29)) -> -679.53913 | K79: =IF(K$29-L$29=0,"",(-(L$28-K$28)*$C79-(K$28*L$29-L$28*K$29))/(K$29-L$29)) -> -1049.1762 | L79: =IF(D$34-E$34=0,"",(-(E$33-D$33)*$C79-(D$33*E$34-E$33*D$34))/(D$34-E$34)) -> -2064.7457 | M79: =IF(E$34-F$34=0,"",(-(F$33-E$33)*$C79-(E$33*F$34-F$33*E$34))/(E$34-F$34)) -> 949.72874 | N79: =IF(F$34-G$34=0,"",(-(G$33-F$33)*$C79-(F$33*G$34-G$33*F$34))/(F$34-G$34)) -> -41.032467 | O79: =IF(G$34-H$34=0,"",(-(H$33-G$33)*$C79-(G$33*H$34-H$33*G$34))/(G$34-H$34)) -> -34.9084 | P79: =IF(H$34-I$34=0,"",(-(I$33-H$33)*$C79-(H$33*I$34-I$33*H$34))/(H$34-I$34)) -> 274.29778 | Q79: =IF(I$34-J$34=0,"",(-(J$33-I$33)*$C79-(I$33*J$34-J$33*I$34))/(I$34-J$34)) -> -723.42845 | R79: =IF(J$34-K$34=0,"",(-(K$33-J$33)*$C79-(J$33*K$34-K$33*J$34))/(J$34-K$34)) -> -466.70358 | S79: =IF(K$34-L$34=0,"",(-(L$33-K$33)*$C79-(K$33*L$34-L$33*K$34))/(K$34-L$34)) -> -815.11441 | T79: =IF(D$39-E$39=0,"",(-(E$38-D$38)*$C79-(D$38*E$39-E$38*D$39))/(D$39-E$39)) -> -2064.7457 | U79: =IF(E$39-F$39=0,"",(-(F$38-E$38)*$C79-(E$38*F$39-F$38*E$39))/(E$39-F$39)) -> 2120.9388 | V79: =IF(F$39-G$39=0,"",(-(G$38-F$38)*$C79-(F$38*G$39-G$38*F$39))/(F$39-G$39)) -> 703.89197 | W79: =IF(G$39-H$39=0,"",(-(H$38-G$38)*$C79-(G$38*H$39-H$38*G$39))/(G$39-H$39)) -> 511.23581 | X79: =IF(H$39-I$39=0,"",(-(I$38-H$38)*$C79-(H$38*I$39-I$38*H$39))/(H$39-I$39)) -> 274.29778 | Y79: =IF(I$39-J$39=0,"",(-(J$38-I$38)*$C79-(I$38*J$39-J$38*I$39))/(I$39-J$39)) -> 447.78158 | Z79: =IF(J$39-K$39=0,"",(-(K$38-J$38)*$C79-(J$38*K$39-K$38*J$39))/(J$39-K$39)) -> 278.22086 | AA79: =IF(K$39-L$39=0,"",(-(L$38-K$38)*$C79-(K$38*L$39-L$38*K$39))/(K$39-L$39)) -> -268.9702 | AC79: =IF(IF(D$28=E$28,AND($C79>=MIN(D$29,E$29),$C79<=MAX(D$29,E$29)),AND(D79>=MIN(D$28,E$28),D79<=MAX(D$28,E$28))),D79,"") | AD79: =IF(IF(E$28=F$28,AND($C79>=MIN(E$29,F$29),$C79<=MAX(E$29,F$29)),AND(E79>=MIN(E$28,F$28),E79<=MAX(E$28,F$28))),E79,"") | AE79: =IF(IF(F$28=G$28,AND($C79>=MIN(F$29,G$29),$C79<=MAX(F$29,G$29)),AND(F79>=MIN(F$28,G$28),F79<=MAX(F$28,G$28))),F79,"") | AF79: =IF(IF(G$28=H$28,AND($C79>=MIN(G$29,H$29),$C79<=MAX(G$29,H$29)),AND(G79>=MIN(G$28,H$28),G79<=MAX(G$28,H$28))),G79,"") -> 745.29761 | AG79: =IF(IF(H$28=I$28,AND($C79>=MIN(H$29,I$29),$C79<=MAX(H$29,I$29)),AND(H79>=MIN(H$28,I$28),H79<=MAX(H$28,I$28))),H79,"") | AH79: =IF(IF(I$28=J$28,AND($C79>=MIN(I$29,J$29),$C79<=MAX(I$29,J$29)),AND(I79>=MIN(I$28,J$28),I79<=MAX(I$28,J$28))),I79,"") | AI79: =IF(IF(J$28=K$28,AND($C79>=MIN(J$29,K$29),$C79<=MAX(J$29,K$29)),AND(J79>=MIN(J$28,K$28),J79<=MAX(J$28,K$28))),J79,"") -> -679.53913 | AJ79: =IF(IF(K$28=L$28,AND($C79>=MIN(K$29,L$29),$C79<=MAX(K$29,L$29)),AND(K79>=MIN(K$28,L$28),K79<=MAX(K$28,L$28))),K79,"") | AK79: =IF(IF(D$33=E$33,AND($C79>=MIN(D$34,E$34),$C79<=MAX(D$34,E$34)),AND(L79>=MIN(D$33,E$33),L79<=MAX(D$33,E$33))),L79,"") | AL79: =IF(IF(E$33=F$33,AND($C79>=MIN(E$34,F$34),$C79<=MAX(E$34,F$34)),AND(M79>=MIN(E$33,F$33),M79<=MAX(E$33,F$33))),M79,"") | AM79: =IF(IF(F$33=G$33,AND($C79>=MIN(F$34,G$34),$C79<=MAX(F$34,G$34)),AND(N79>=MIN(F$33,G$33),N79<=MAX(F$33,G$33))),N79,"") -> -41.032467 | AN79: =IF(IF(G$33=H$33,AND($C79>=MIN(G$34,H$34),$C79<=MAX(G$34,H$34)),AND(O79>=MIN(G$33,H$33),O79<=MAX(G$33,H$33))),O79,"") | AO79: =IF(IF(H$33=I$33,AND($C79>=MIN(H$34,I$34),$C79<=MAX(H$34,I$34)),AND(P79>=MIN(H$33,I$33),P79<=MAX(H$33,I$33))),P79,"") | AP79: =IF(IF(I$33=J$33,AND($C79>=MIN(I$34,J$34),$C79<=MAX(I$34,J$34)),AND(Q79>=MIN(I$33,J$33),Q79<=MAX(I$33,J$33))),Q79,"") | AQ79: =IF(IF(J$33=K$33,AND($C79>=MIN(J$34,K$34),$C79<=MAX(J$34,K$34)),AND(R79>=MIN(J$33,K$33),R79<=MAX(J$33,K$33))),R79,"") -> -466.70358 | AR79: =IF(IF(K$33=L$33,AND($C79>=MIN(K$34,L$34),$C79<=MAX(K$34,L$34)),AND(S79>=MIN(K$33,L$33),S79<=MAX(K$33,L$33))),S79,"") | AS79: =IF(IF(D$38=E$38,AND($C79>=MIN(D$39,E$39),$C79<=MAX(D$39,E$39)),AND(T79>=MIN(D$38,E$38),T79<=MAX(D$38,E$38))),T79,"") | AT79: =IF(IF(E$38=F$38,AND($C79>=MIN(E$39,F$39),$C79<=MAX(E$39,F$39)),AND(U79>=MIN(E$38,F$38),U79<=MAX(E$38,F$38))),U79,"") | AU79: =IF(IF(F$38=G$38,AND($C79>=MIN(F$39,G$39),$C79<=MAX(F$39,G$39)),AND(V79>=MIN(F$38,G$38),V79<=MAX(F$38,G$38))),V79,"") | AV79: =IF(IF(G$38=H$38,AND($C79>=MIN(G$39,H$39),$C79<=MAX(G$39,H$39)),AND(W79>=MIN(G$38,H$38),W79<=MAX(G$38,H$38))),W79,"") | AW79: =IF(IF(H$38=I$38,AND($C79>=MIN(H$39,I$39),$C79<=MAX(H$39,I$39)),AND(X79>=MIN(H$38,I$38),X79<=MAX(H$38,I$38))),X79,"") | AX79: =IF(IF(I$38=J$38,AND($C79>=MIN(I$39,J$39),$C79<=MAX(I$39,J$39)),AND(Y79>=MIN(I$38,J$38),Y79<=MAX(I$38,J$38))),Y79,"") | AY79: =IF(IF(J$38=K$38,AND($C79>=MIN(J$39,K$39),$C79<=MAX(J$39,K$39)),AND(Z79>=MIN(J$38,K$38),Z79<=MAX(J$38,K$38))),Z79,"") | AZ79: =IF(IF(K$38=L$38,AND($C79>=MIN(K$39,L$39),$C79<=MAX(K$39,L$39)),AND(AA79>=MIN(K$38,L$38),AA79<=MAX(K$38,L$38))),AA79,"") | BB79: {=IFERROR(_xlfn._xlws.SORT(_xlfn.UNIQUE(_xlfn._xlws.FILTER($AC79:$AZ79,ISNUMBER($AC79:$AZ79)),TRUE),,,TRUE),"")} -> -679.53913 | BC79: -466.70358 | BD79: -41.032467 | BE79: 745.29761 | BJ79: =IF(ISNUMBER(BB79),$C79,"") -> -325.83488 | BK79: =IF(ISNUMBER(BC79),$C79,"") -> -325.83488 | BL79: =IF(ISNUMBER(BD79),$C79,"") -> -325.83488 | BM79: =IF(ISNUMBER(BE79),$C79,"") -> -325.83488 | BN79: =IF(ISNUMBER(BF79),$C79,"") | BO79: =IF(ISNUMBER(BG79),$C79,"") | BP79: =IF(ISNUMBER(BH79),$C79,"") | BQ79: =IF(ISNUMBER(BI79),$C79,"") | BR79: =COUNTIF(BJ79:BQ79,"<0")+COUNTIF(BJ79:BQ79,">0") -> 4 | BS79: =IF(ISNUMBER(BC79),IF(ISEVEN(BB$57),"hole",(BC79-BB79)),0) -> 212.83555 | BT79: =IF(ISNUMBER(BD79),IF(ISEVEN(BC$57),"hole",(BD79-BC79)),0) -> hole | BU79: =IF(ISNUMBER(BE79),IF(ISEVEN(BD$57),"hole",(BE79-BD79)),0) -> 786.33008 | BV79: =IF(ISNUMBER(BF79),IF(ISEVEN(BE$57),"hole",(BF79-BE79)),0) -> 0 | BW79: =IF(ISNUMBER(BG79),IF(ISEVEN(BF$57),"hole",(BG79-BF79)),0) -> 0 | BX79: =IF(ISNUMBER(BH79),IF(ISEVEN(BG$57),"hole",(BH79-BG79)),0) -> 0 | BY79: =IF(ISNUMBER(BI79),IF(ISEVEN(BH$57),"hole",(BI79-BH79)),0) -> 0 | BZ79: {=IF(ISEVEN(BR79),SUM(BS79:BY79),SUM(ABS(BS79:BY79)))} -> 999.16563 | CA79: =+BZ79*$R$48 -> 50086.618 | CB79: =+IF(AND(ISNUMBER(BS79),BS79>0),BB79+BS79/2,0) -> -573.12135 | CC79: =+IF(AND(ISNUMBER(BT79),BT79>0),BC79+BT79/2,0) -> 0 | CD79: =+IF(AND(ISNUMBER(BU79),BU79>0),BD79+BU79/2,0) -> 352.13257 | CE79: =+IF(AND(ISNUMBER(BV79),BV79>0),BE79+BV79/2,0) -> 0 | CF79: =+IF(AND(ISNUMBER(BW79),BW79>0),BF79+BW79/2,0) -> 0 | CG79: =+IF(AND(ISNUMBER(BX79),BX79>0),BG79+BX79/2,0) -> 0 | CH79: =+IF(AND(ISNUMBER(BY79),BY79>0),BH79+BY79/2,0) -> 0 | CI79: =+SUMPRODUCT(BS79:BY79,CB79:CH79)/BZ79 -> 155.04119 | CJ79: =+C79 -> -325.83488 | CK79: =CI79*COS(RADIANS(p)) + CJ79*SIN(RADIANS(p)) -> 34.248971 | CL79: =-CI79*SIN(RADIANS(p)) +CJ79*COS(RADIANS(p)) -> -359.21185
B80: 23 | C80: =+$D$48-(B80-0.5)*$R$48 -> -375.96333 | D80: =IF(D$29-E$29=0,"",(-(E$28-D$28)*$C80-(D$28*E$29-E$28*D$29))/(D$29-E$29)) -> -2787.2334 | E80: =IF(E$29-F$29=0,"",(-(F$28-E$28)*$C80-(E$28*F$29-F$28*E$29))/(E$29-F$29)) -> 2730.3867 | F80: =IF(F$29-G$29=0,"",(-(G$28-F$28)*$C80-(F$28*G$29-G$28*F$29))/(F$29-G$29)) -> 934.97279 | G80: =IF(G$29-H$29=0,"",(-(H$28-G$28)*$C80-(G$28*H$29-H$28*G$29))/(G$29-H$29)) -> 721.92233 | H80: =IF(H$29-I$29=0,"",(-(I$28-H$28)*$C80-(H$28*I$29-I$28*H$29))/(H$29-I$29)) -> 721.33189 | I80: =IF(I$29-J$29=0,"",(-(J$28-I$28)*$C80-(I$28*J$29-J$28*I$29))/(I$29-J$29)) -> -1117.8748 | J80: =IF(J$29-K$29=0,"",(-(K$28-J$28)*$C80-(J$28*K$29-K$28*J$29))/(J$29-K$29)) -> -661.29387 | K80: =IF(K$29-L$29=0,"",(-(L$28-K$28)*$C80-(K$28*L$29-L$28*K$29))/(K$29-L$29)) -> -1072.5515 | L80: =IF(D$34-E$34=0,"",(-(E$33-D$33)*$C80-(D$33*E$34-E$33*D$34))/(D$34-E$34)) -> -2202.4725 | M80: =IF(E$34-F$34=0,"",(-(F$33-E$33)*$C80-(E$33*F$34-F$33*E$34))/(E$34-F$34)) -> 1057.2295 | N80: =IF(F$34-G$34=0,"",(-(G$33-F$33)*$C80-(F$33*G$34-G$33*F$34))/(F$34-G$34)) -> -22.787206 | O80: =IF(G$34-H$34=0,"",(-(H$33-G$33)*$C80-(G$33*H$34-H$33*G$34))/(G$34-H$34)) -> -58.283677 | P80: =IF(H$34-I$34=0,"",(-(I$33-H$33)*$C80-(H$33*I$34-I$33*H$34))/(H$34-I$34)) -> 136.57101 | Q80: =IF(I$34-J$34=0,"",(-(J$33-I$33)*$C80-(I$33*J$34-J$33*I$34))/(I$34-J$34)) -> -615.92765 | R80: =IF(J$34-K$34=0,"",(-(K$33-J$33)*$C80-(J$33*K$34-K$33*J$34))/(J$34-K$34)) -> -448.45832 | S80: =IF(K$34-L$34=0,"",(-(L$33-K$33)*$C80-(K$33*L$34-L$33*K$34))/(K$34-L$34)) -> -838.48969 | T80: =IF(D$39-E$39=0,"",(-(E$38-D$38)*$C80-(D$38*E$39-E$38*D$39))/(D$39-E$39)) -> -2202.4725 | U80: =IF(E$39-F$39=0,"",(-(F$38-E$38)*$C80-(E$38*F$39-F$38*E$39))/(E$39-F$39)) -> 2228.4396 | V80: =IF(F$39-G$39=0,"",(-(G$38-F$38)*$C80-(F$38*G$39-G$38*F$39))/(F$39-G$39)) -> 722.13723 | W80: =IF(G$39-H$39=0,"",(-(H$38-G$38)*$C80-(G$38*H$39-H$38*G$39))/(G$39-H$39)) -> 487.86053 | X80: =IF(H$39-I$39=0,"",(-(I$38-H$38)*$C80-(H$38*I$39-I$38*H$39))/(H$39-I$39)) -> 136.57101 | Y80: =IF(I$39-J$39=0,"",(-(J$38-I$38)*$C80-(I$38*J$39-J$38*I$39))/(I$39-J$39)) -> 555.28238 | Z80: =IF(J$39-K$39=0,"",(-(K$38-J$38)*$C80-(J$38*K$39-K$38*J$39))/(J$39-K$39)) -> 296.46613 | AA80: =IF(K$39-L$39=0,"",(-(L$38-K$38)*$C80-(K$38*L$39-L$38*K$39))/(K$39-L$39)) -> -292.34548 | AC80: =IF(IF(D$28=E$28,AND($C80>=MIN(D$29,E$29),$C80<=MAX(D$29,E$29)),AND(D80>=MIN(D$28,E$28),D80<=MAX(D$28,E$28))),D80,"") | AD80: =IF(IF(E$28=F$28,AND($C80>=MIN(E$29,F$29),$C80<=MAX(E$29,F$29)),AND(E80>=MIN(E$28,F$28),E80<=MAX(E$28,F$28))),E80,"") | AE80: =IF(IF(F$28=G$28,AND($C80>=MIN(F$29,G$29),$C80<=MAX(F$29,G$29)),AND(F80>=MIN(F$28,G$28),F80<=MAX(F$28,G$28))),F80,"") | AF80: =IF(IF(G$28=H$28,AND($C80>=MIN(G$29,H$29),$C80<=MAX(G$29,H$29)),AND(G80>=MIN(G$28,H$28),G80<=MAX(G$28,H$28))),G80,"") | AG80: =IF(IF(H$28=I$28,AND($C80>=MIN(H$29,I$29),$C80<=MAX(H$29,I$29)),AND(H80>=MIN(H$28,I$28),H80<=MAX(H$28,I$28))),H80,"") -> 721.33189 | AH80: =IF(IF(I$28=J$28,AND($C80>=MIN(I$29,J$29),$C80<=MAX(I$29,J$29)),AND(I80>=MIN(I$28,J$28),I80<=MAX(I$28,J$28))),I80,"") | AI80: =IF(IF(J$28=K$28,AND($C80>=MIN(J$29,K$29),$C80<=MAX(J$29,K$29)),AND(J80>=MIN(J$28,K$28),J80<=MAX(J$28,K$28))),J80,"") -> -661.29387 | AJ80: =IF(IF(K$28=L$28,AND($C80>=MIN(K$29,L$29),$C80<=MAX(K$29,L$29)),AND(K80>=MIN(K$28,L$28),K80<=MAX(K$28,L$28))),K80,"") | AK80: =IF(IF(D$33=E$33,AND($C80>=MIN(D$34,E$34),$C80<=MAX(D$34,E$34)),AND(L80>=MIN(D$33,E$33),L80<=MAX(D$33,E$33))),L80,"") | AL80: =IF(IF(E$33=F$33,AND($C80>=MIN(E$34,F$34),$C80<=MAX(E$34,F$34)),AND(M80>=MIN(E$33,F$33),M80<=MAX(E$33,F$33))),M80,"") | AM80: =IF(IF(F$33=G$33,AND($C80>=MIN(F$34,G$34),$C80<=MAX(F$34,G$34)),AND(N80>=MIN(F$33,G$33),N80<=MAX(F$33,G$33))),N80,"") | AN80: =IF(IF(G$33=H$33,AND($C80>=MIN(G$34,H$34),$C80<=MAX(G$34,H$34)),AND(O80>=MIN(G$33,H$33),O80<=MAX(G$33,H$33))),O80,"") -> -58.283677 | AO80: =IF(IF(H$33=I$33,AND($C80>=MIN(H$34,I$34),$C80<=MAX(H$34,I$34)),AND(P80>=MIN(H$33,I$33),P80<=MAX(H$33,I$33))),P80,"") | AP80: =IF(IF(I$33=J$33,AND($C80>=MIN(I$34,J$34),$C80<=MAX(I$34,J$34)),AND(Q80>=MIN(I$33,J$33),Q80<=MAX(I$33,J$33))),Q80,"") | AQ80: =IF(IF(J$33=K$33,AND($C80>=MIN(J$34,K$34),$C80<=MAX(J$34,K$34)),AND(R80>=MIN(J$33,K$33),R80<=MAX(J$33,K$33))),R80,"") -> -448.45832 | AR80: =IF(IF(K$33=L$33,AND($C80>=MIN(K$34,L$34),$C80<=MAX(K$34,L$34)),AND(S80>=MIN(K$33,L$33),S80<=MAX(K$33,L$33))),S80,"") | AS80: =IF(IF(D$38=E$38,AND($C80>=MIN(D$39,E$39),$C80<=MAX(D$39,E$39)),AND(T80>=MIN(D$38,E$38),T80<=MAX(D$38,E$38))),T80,"") | AT80: =IF(IF(E$38=F$38,AND($C80>=MIN(E$39,F$39),$C80<=MAX(E$39,F$39)),AND(U80>=MIN(E$38,F$38),U80<=MAX(E$38,F$38))),U80,"") | AU80: =IF(IF(F$38=G$38,AND($C80>=MIN(F$39,G$39),$C80<=MAX(F$39,G$39)),AND(V80>=MIN(F$38,G$38),V80<=MAX(F$38,G$38))),V80,"") | AV80: =IF(IF(G$38=H$38,AND($C80>=MIN(G$39,H$39),$C80<=MAX(G$39,H$39)),AND(W80>=MIN(G$38,H$38),W80<=MAX(G$38,H$38))),W80,"") | AW80: =IF(IF(H$38=I$38,AND($C80>=MIN(H$39,I$39),$C80<=MAX(H$39,I$39)),AND(X80>=MIN(H$38,I$38),X80<=MAX(H$38,I$38))),X80,"") | AX80: =IF(IF(I$38=J$38,AND($C80>=MIN(I$39,J$39),$C80<=MAX(I$39,J$39)),AND(Y80>=MIN(I$38,J$38),Y80<=MAX(I$38,J$38))),Y80,"") | AY80: =IF(IF(J$38=K$38,AND($C80>=MIN(J$39,K$39),$C80<=MAX(J$39,K$39)),AND(Z80>=MIN(J$38,K$38),Z80<=MAX(J$38,K$38))),Z80,"") | AZ80: =IF(IF(K$38=L$38,AND($C80>=MIN(K$39,L$39),$C80<=MAX(K$39,L$39)),AND(AA80>=MIN(K$38,L$38),AA80<=MAX(K$38,L$38))),AA80,"") | BB80: {=IFERROR(_xlfn._xlws.SORT(_xlfn.UNIQUE(_xlfn._xlws.FILTER($AC80:$AZ80,ISNUMBER($AC80:$AZ80)),TRUE),,,TRUE),"")} -> -661.29387 | BC80: -448.45832 | BD80: -58.283677 | BE80: 721.33189 | BJ80: =IF(ISNUMBER(BB80),$C80,"") -> -375.96333 | BK80: =IF(ISNUMBER(BC80),$C80,"") -> -375.96333 | BL80: =IF(ISNUMBER(BD80),$C80,"") -> -375.96333 | BM80: =IF(ISNUMBER(BE80),$C80,"") -> -375.96333 | BN80: =IF(ISNUMBER(BF80),$C80,"") | BO80: =IF(ISNUMBER(BG80),$C80,"") | BP80: =IF(ISNUMBER(BH80),$C80,"") | BQ80: =IF(ISNUMBER(BI80),$C80,"") | BR80: =COUNTIF(BJ80:BQ80,"<0")+COUNTIF(BJ80:BQ80,">0") -> 4 | BS80: =IF(ISNUMBER(BC80),IF(ISEVEN(BB$57),"hole",(BC80-BB80)),0) -> 212.83555 | BT80: =IF(ISNUMBER(BD80),IF(ISEVEN(BC$57),"hole",(BD80-BC80)),0) -> hole | BU80: =IF(ISNUMBER(BE80),IF(ISEVEN(BD$57),"hole",(BE80-BD80)),0) -> 779.61557 | BV80: =IF(ISNUMBER(BF80),IF(ISEVEN(BE$57),"hole",(BF80-BE80)),0) -> 0 | BW80: =IF(ISNUMBER(BG80),IF(ISEVEN(BF$57),"hole",(BG80-BF80)),0) -> 0 | BX80: =IF(ISNUMBER(BH80),IF(ISEVEN(BG$57),"hole",(BH80-BG80)),0) -> 0 | BY80: =IF(ISNUMBER(BI80),IF(ISEVEN(BH$57),"hole",(BI80-BH80)),0) -> 0 | BZ80: {=IF(ISEVEN(BR80),SUM(BS80:BY80),SUM(ABS(BS80:BY80)))} -> 992.45112 | CA80: =+BZ80*$R$48 -> 49750.03 | CB80: =+IF(AND(ISNUMBER(BS80),BS80>0),BB80+BS80/2,0) -> -554.87609 | CC80: =+IF(AND(ISNUMBER(BT80),BT80>0),BC80+BT80/2,0) -> 0 | CD80: =+IF(AND(ISNUMBER(BU80),BU80>0),BD80+BU80/2,0) -> 331.52411 | CE80: =+IF(AND(ISNUMBER(BV80),BV80>0),BE80+BV80/2,0) -> 0 | CF80: =+IF(AND(ISNUMBER(BW80),BW80>0),BF80+BW80/2,0) -> 0 | CG80: =+IF(AND(ISNUMBER(BX80),BX80>0),BG80+BX80/2,0) -> 0 | CH80: =+IF(AND(ISNUMBER(BY80),BY80>0),BH80+BY80/2,0) -> 0 | CI80: =+SUMPRODUCT(BS80:BY80,CB80:CH80)/BZ80 -> 141.43165 | CJ80: =+C80 -> -375.96333 | CK80: =CI80*COS(RADIANS(p)) + CJ80*SIN(RADIANS(p)) -> 4.3152428 | CL80: =-CI80*SIN(RADIANS(p)) +CJ80*COS(RADIANS(p)) -> -401.66243
B81: 24 | C81: =+$D$48-(B81-0.5)*$R$48 -> -426.09177 | D81: =IF(D$29-E$29=0,"",(-(E$28-D$28)*$C81-(D$28*E$29-E$28*D$29))/(D$29-E$29)) -> -2924.9602 | E81: =IF(E$29-F$29=0,"",(-(F$28-E$28)*$C81-(E$28*F$29-F$28*E$29))/(E$29-F$29)) -> 2837.8875 | F81: =IF(F$29-G$29=0,"",(-(G$28-F$28)*$C81-(F$28*G$29-G$28*F$29))/(F$29-G$29)) -> 953.21805 | G81: =IF(G$29-H$29=0,"",(-(H$28-G$28)*$C81-(G$28*H$29-H$28*G$29))/(G$29-H$29)) -> 698.54706 | H81: =IF(H$29-I$29=0,"",(-(I$28-H$28)*$C81-(H$28*I$29-I$28*H$29))/(H$29-I$29)) -> 583.60513 | I81: =IF(I$29-J$29=0,"",(-(J$28-I$28)*$C81-(I$28*J$29-J$28*I$29))/(I$29-J$29)) -> -1010.374 | J81: =IF(J$29-K$29=0,"",(-(K$28-J$28)*$C81-(J$28*K$29-K$28*J$29))/(J$29-K$29)) -> -643.04861 | K81: =IF(K$29-L$29=0,"",(-(L$28-K$28)*$C81-(K$28*L$29-L$28*K$29))/(K$29-L$29)) -> -1095.9268 | L81: =IF(D$34-E$34=0,"",(-(E$33-D$33)*$C81-(D$33*E$34-E$33*D$34))/(D$34-E$34)) -> -2340.1993 | M81: =IF(E$34-F$34=0,"",(-(F$33-E$33)*$C81-(E$33*F$34-F$33*E$34))/(E$34-F$34)) -> 1164.7303 | N81: =IF(F$34-G$34=0,"",(-(G$33-F$33)*$C81-(F$33*G$34-G$33*F$34))/(F$34-G$34)) -> -4.5419449 | O81: =IF(G$34-H$34=0,"",(-(H$33-G$33)*$C81-(G$33*H$34-H$33*G$34))/(G$34-H$34)) -> -81.658954 | P81: =IF(H$34-I$34=0,"",(-(I$33-H$33)*$C81-(H$33*I$34-I$33*H$34))/(H$34-I$34)) -> -1.1557541 | Q81: =IF(I$34-J$34=0,"",(-(J$33-I$33)*$C81-(I$33*J$34-J$33*I$34))/(I$34-J$34)) -> -508.42686 | R81: =IF(J$34-K$34=0,"",(-(K$33-J$33)*$C81-(J$33*K$34-K$33*J$34))/(J$34-K$34)) -> -430.21305 | S81: =IF(K$34-L$34=0,"",(-(L$33-K$33)*$C81-(K$33*L$34-L$33*K$34))/(K$34-L$34)) -> -861.86496 | T81: =IF(D$39-E$39=0,"",(-(E$38-D$38)*$C81-(D$38*E$39-E$38*D$39))/(D$39-E$39)) -> -2340.1993 | U81: =IF(E$39-F$39=0,"",(-(F$38-E$38)*$C81-(E$38*F$39-F$38*E$39))/(E$39-F$39)) -> 2335.9404 | V81: =IF(F$39-G$39=0,"",(-(G$38-F$38)*$C81-(F$38*G$39-G$38*F$39))/(F$39-G$39)) -> 740.3825 | W81: =IF(G$39-H$39=0,"",(-(H$38-G$38)*$C81-(G$38*H$39-H$38*G$39))/(G$39-H$39)) -> 464.48525 | X81: =IF(H$39-I$39=0,"",(-(I$38-H$38)*$C81-(H$38*I$39-I$38*H$39))/(H$39-I$39)) -> -1.1557541 | Y81: =IF(I$39-J$39=0,"",(-(J$38-I$38)*$C81-(I$38*J$39-J$38*I$39))/(I$39-J$39)) -> 662.78317 | Z81: =IF(J$39-K$39=0,"",(-(K$38-J$38)*$C81-(J$38*K$39-K$38*J$39))/(J$39-K$39)) -> 314.71139 | AA81: =IF(K$39-L$39=0,"",(-(L$38-K$38)*$C81-(K$38*L$39-L$38*K$39))/(K$39-L$39)) -> -315.72076 | AC81: =IF(IF(D$28=E$28,AND($C81>=MIN(D$29,E$29),$C81<=MAX(D$29,E$29)),AND(D81>=MIN(D$28,E$28),D81<=MAX(D$28,E$28))),D81,"") | AD81: =IF(IF(E$28=F$28,AND($C81>=MIN(E$29,F$29),$C81<=MAX(E$29,F$29)),AND(E81>=MIN(E$28,F$28),E81<=MAX(E$28,F$28))),E81,"") | AE81: =IF(IF(F$28=G$28,AND($C81>=MIN(F$29,G$29),$C81<=MAX(F$29,G$29)),AND(F81>=MIN(F$28,G$28),F81<=MAX(F$28,G$28))),F81,"") | AF81: =IF(IF(G$28=H$28,AND($C81>=MIN(G$29,H$29),$C81<=MAX(G$29,H$29)),AND(G81>=MIN(G$28,H$28),G81<=MAX(G$28,H$28))),G81,"") | AG81: =IF(IF(H$28=I$28,AND($C81>=MIN(H$29,I$29),$C81<=MAX(H$29,I$29)),AND(H81>=MIN(H$28,I$28),H81<=MAX(H$28,I$28))),H81,"") -> 583.60513 | AH81: =IF(IF(I$28=J$28,AND($C81>=MIN(I$29,J$29),$C81<=MAX(I$29,J$29)),AND(I81>=MIN(I$28,J$28),I81<=MAX(I$28,J$28))),I81,"") | AI81: =IF(IF(J$28=K$28,AND($C81>=MIN(J$29,K$29),$C81<=MAX(J$29,K$29)),AND(J81>=MIN(J$28,K$28),J81<=MAX(J$28,K$28))),J81,"") -> -643.04861 | AJ81: =IF(IF(K$28=L$28,AND($C81>=MIN(K$29,L$29),$C81<=MAX(K$29,L$29)),AND(K81>=MIN(K$28,L$28),K81<=MAX(K$28,L$28))),K81,"") | AK81: =IF(IF(D$33=E$33,AND($C81>=MIN(D$34,E$34),$C81<=MAX(D$34,E$34)),AND(L81>=MIN(D$33,E$33),L81<=MAX(D$33,E$33))),L81,"") | AL81: =IF(IF(E$33=F$33,AND($C81>=MIN(E$34,F$34),$C81<=MAX(E$34,F$34)),AND(M81>=MIN(E$33,F$33),M81<=MAX(E$33,F$33))),M81,"") | AM81: =IF(IF(F$33=G$33,AND($C81>=MIN(F$34,G$34),$C81<=MAX(F$34,G$34)),AND(N81>=MIN(F$33,G$33),N81<=MAX(F$33,G$33))),N81,"") | AN81: =IF(IF(G$33=H$33,AND($C81>=MIN(G$34,H$34),$C81<=MAX(G$34,H$34)),AND(O81>=MIN(G$33,H$33),O81<=MAX(G$33,H$33))),O81,"") -> -81.658954 | AO81: =IF(IF(H$33=I$33,AND($C81>=MIN(H$34,I$34),$C81<=MAX(H$34,I$34)),AND(P81>=MIN(H$33,I$33),P81<=MAX(H$33,I$33))),P81,"") | AP81: =IF(IF(I$33=J$33,AND($C81>=MIN(I$34,J$34),$C81<=MAX(I$34,J$34)),AND(Q81>=MIN(I$33,J$33),Q81<=MAX(I$33,J$33))),Q81,"") | AQ81: =IF(IF(J$33=K$33,AND($C81>=MIN(J$34,K$34),$C81<=MAX(J$34,K$34)),AND(R81>=MIN(J$33,K$33),R81<=MAX(J$33,K$33))),R81,"") -> -430.21305 | AR81: =IF(IF(K$33=L$33,AND($C81>=MIN(K$34,L$34),$C81<=MAX(K$34,L$34)),AND(S81>=MIN(K$33,L$33),S81<=MAX(K$33,L$33))),S81,"") | AS81: =IF(IF(D$38=E$38,AND($C81>=MIN(D$39,E$39),$C81<=MAX(D$39,E$39)),AND(T81>=MIN(D$38,E$38),T81<=MAX(D$38,E$38))),T81,"") | AT81: =IF(IF(E$38=F$38,AND($C81>=MIN(E$39,F$39),$C81<=MAX(E$39,F$39)),AND(U81>=MIN(E$38,F$38),U81<=MAX(E$38,F$38))),U81,"") | AU81: =IF(IF(F$38=G$38,AND($C81>=MIN(F$39,G$39),$C81<=MAX(F$39,G$39)),AND(V81>=MIN(F$38,G$38),V81<=MAX(F$38,G$38))),V81,"") | AV81: =IF(IF(G$38=H$38,AND($C81>=MIN(G$39,H$39),$C81<=MAX(G$39,H$39)),AND(W81>=MIN(G$38,H$38),W81<=MAX(G$38,H$38))),W81,"") | AW81: =IF(IF(H$38=I$38,AND($C81>=MIN(H$39,I$39),$C81<=MAX(H$39,I$39)),AND(X81>=MIN(H$38,I$38),X81<=MAX(H$38,I$38))),X81,"") | AX81: =IF(IF(I$38=J$38,AND($C81>=MIN(I$39,J$39),$C81<=MAX(I$39,J$39)),AND(Y81>=MIN(I$38,J$38),Y81<=MAX(I$38,J$38))),Y81,"") | AY81: =IF(IF(J$38=K$38,AND($C81>=MIN(J$39,K$39),$C81<=MAX(J$39,K$39)),AND(Z81>=MIN(J$38,K$38),Z81<=MAX(J$38,K$38))),Z81,"") | AZ81: =IF(IF(K$38=L$38,AND($C81>=MIN(K$39,L$39),$C81<=MAX(K$39,L$39)),AND(AA81>=MIN(K$38,L$38),AA81<=MAX(K$38,L$38))),AA81,"") | BB81: {=IFERROR(_xlfn._xlws.SORT(_xlfn.UNIQUE(_xlfn._xlws.FILTER($AC81:$AZ81,ISNUMBER($AC81:$AZ81)),TRUE),,,TRUE),"")} -> -643.04861 | BC81: -430.21305 | BD81: -81.658954 | BE81: 583.60513 | BJ81: =IF(ISNUMBER(BB81),$C81,"") -> -426.09177 | BK81: =IF(ISNUMBER(BC81),$C81,"") -> -426.09177 | BL81: =IF(ISNUMBER(BD81),$C81,"") -> -426.09177 | BM81: =IF(ISNUMBER(BE81),$C81,"") -> -426.09177 | BN81: =IF(ISNUMBER(BF81),$C81,"") | BO81: =IF(ISNUMBER(BG81),$C81,"") | BP81: =IF(ISNUMBER(BH81),$C81,"") | BQ81: =IF(ISNUMBER(BI81),$C81,"") | BR81: =COUNTIF(BJ81:BQ81,"<0")+COUNTIF(BJ81:BQ81,">0") -> 4 | BS81: =IF(ISNUMBER(BC81),IF(ISEVEN(BB$57),"hole",(BC81-BB81)),0) -> 212.83555 | BT81: =IF(ISNUMBER(BD81),IF(ISEVEN(BC$57),"hole",(BD81-BC81)),0) -> hole | BU81: =IF(ISNUMBER(BE81),IF(ISEVEN(BD$57),"hole",(BE81-BD81)),0) -> 665.26408 | BV81: =IF(ISNUMBER(BF81),IF(ISEVEN(BE$57),"hole",(BF81-BE81)),0) -> 0 | BW81: =IF(ISNUMBER(BG81),IF(ISEVEN(BF$57),"hole",(BG81-BF81)),0) -> 0 | BX81: =IF(ISNUMBER(BH81),IF(ISEVEN(BG$57),"hole",(BH81-BG81)),0) -> 0 | BY81: =IF(ISNUMBER(BI81),IF(ISEVEN(BH$57),"hole",(BI81-BH81)),0) -> 0 | BZ81: {=IF(ISEVEN(BR81),SUM(BS81:BY81),SUM(ABS(BS81:BY81)))} -> 878.09963 | CA81: =+BZ81*$R$48 -> 44017.768 | CB81: =+IF(AND(ISNUMBER(BS81),BS81>0),BB81+BS81/2,0) -> -536.63083 | CC81: =+IF(AND(ISNUMBER(BT81),BT81>0),BC81+BT81/2,0) -> 0 | CD81: =+IF(AND(ISNUMBER(BU81),BU81>0),BD81+BU81/2,0) -> 250.97309 | CE81: =+IF(AND(ISNUMBER(BV81),BV81>0),BE81+BV81/2,0) -> 0 | CF81: =+IF(AND(ISNUMBER(BW81),BW81>0),BF81+BW81/2,0) -> 0 | CG81: =+IF(AND(ISNUMBER(BX81),BX81>0),BG81+BX81/2,0) -> 0 | CH81: =+IF(AND(ISNUMBER(BY81),BY81>0),BH81+BY81/2,0) -> 0 | CI81: =+SUMPRODUCT(BS81:BY81,CB81:CH81)/BZ81 -> 60.072065 | CJ81: =+C81 -> -426.09177 | CK81: =CI81*COS(RADIANS(p)) + CJ81*SIN(RADIANS(p)) -> -89.282691 | CL81: =-CI81*SIN(RADIANS(p)) +CJ81*COS(RADIANS(p)) -> -420.94115
B82: 25 | C82: =+$D$48-(B82-0.5)*$R$48 -> -476.22021 | D82: =IF(D$29-E$29=0,"",(-(E$28-D$28)*$C82-(D$28*E$29-E$28*D$29))/(D$29-E$29)) -> -3062.6869 | E82: =IF(E$29-F$29=0,"",(-(F$28-E$28)*$C82-(E$28*F$29-F$28*E$29))/(E$29-F$29)) -> 2945.3883 | F82: =IF(F$29-G$29=0,"",(-(G$28-F$28)*$C82-(F$28*G$29-G$28*F$29))/(F$29-G$29)) -> 971.46331 | G82: =IF(G$29-H$29=0,"",(-(H$28-G$28)*$C82-(G$28*H$29-H$28*G$29))/(G$29-H$29)) -> 675.17178 | H82: =IF(H$29-I$29=0,"",(-(I$28-H$28)*$C82-(H$28*I$29-I$28*H$29))/(H$29-I$29)) -> 445.87836 | I82: =IF(I$29-J$29=0,"",(-(J$28-I$28)*$C82-(I$28*J$29-J$28*I$29))/(I$29-J$29)) -> -902.87322 | J82: =IF(J$29-K$29=0,"",(-(K$28-J$28)*$C82-(J$28*K$29-K$28*J$29))/(J$29-K$29)) -> -624.80335 | K82: =IF(K$29-L$29=0,"",(-(L$28-K$28)*$C82-(K$28*L$29-L$28*K$29))/(K$29-L$29)) -> -1119.302 | L82: =IF(D$34-E$34=0,"",(-(E$33-D$33)*$C82-(D$33*E$34-E$33*D$34))/(D$34-E$34)) -> -2477.926 | M82: =IF(E$34-F$34=0,"",(-(F$33-E$33)*$C82-(E$33*F$34-F$33*E$34))/(E$34-F$34)) -> 1272.2311 | N82: =IF(F$34-G$34=0,"",(-(G$33-F$33)*$C82-(F$33*G$34-G$33*F$34))/(F$34-G$34)) -> 13.703316 | O82: =IF(G$34-H$34=0,"",(-(H$33-G$33)*$C82-(G$33*H$34-H$33*G$34))/(G$34-H$34)) -> -105.03423 | P82: =IF(H$34-I$34=0,"",(-(I$33-H$33)*$C82-(H$33*I$34-I$33*H$34))/(H$34-I$34)) -> -138.88252 | Q82: =IF(I$34-J$34=0,"",(-(J$33-I$33)*$C82-(I$33*J$34-J$33*I$34))/(I$34-J$34)) -> -400.92607 | R82: =IF(J$34-K$34=0,"",(-(K$33-J$33)*$C82-(J$33*K$34-K$33*J$34))/(J$34-K$34)) -> -411.96779 | S82: =IF(K$34-L$34=0,"",(-(L$33-K$33)*$C82-(K$33*L$34-L$33*K$34))/(K$34-L$34)) -> -885.24024 | T82: =IF(D$39-E$39=0,"",(-(E$38-D$38)*$C82-(D$38*E$39-E$38*D$39))/(D$39-E$39)) -> -2477.926 | U82: =IF(E$39-F$39=0,"",(-(F$38-E$38)*$C82-(E$38*F$39-F$38*E$39))/(E$39-F$39)) -> 2443.4411 | V82: =IF(F$39-G$39=0,"",(-(G$38-F$38)*$C82-(F$38*G$39-G$38*F$39))/(F$39-G$39)) -> 758.62776 | W82: =IF(G$39-H$39=0,"",(-(H$38-G$38)*$C82-(G$38*H$39-H$38*G$39))/(G$39-H$39)) -> 441.10998 | X82: =IF(H$39-I$39=0,"",(-(I$38-H$38)*$C82-(H$38*I$39-I$38*H$39))/(H$39-I$39)) -> -138.88252 | Y82: =IF(I$39-J$39=0,"",(-(J$38-I$38)*$C82-(I$38*J$39-J$38*I$39))/(I$39-J$39)) -> 770.28396 | Z82: =IF(J$39-K$39=0,"",(-(K$38-J$38)*$C82-(J$38*K$39-K$38*J$39))/(J$39-K$39)) -> 332.95665 | AA82: =IF(K$39-L$39=0,"",(-(L$38-K$38)*$C82-(K$38*L$39-L$38*K$39))/(K$39-L$39)) -> -339.09603 | AC82: =IF(IF(D$28=E$28,AND($C82>=MIN(D$29,E$29),$C82<=MAX(D$29,E$29)),AND(D82>=MIN(D$28,E$28),D82<=MAX(D$28,E$28))),D82,"") | AD82: =IF(IF(E$28=F$28,AND($C82>=MIN(E$29,F$29),$C82<=MAX(E$29,F$29)),AND(E82>=MIN(E$28,F$28),E82<=MAX(E$28,F$28))),E82,"") | AE82: =IF(IF(F$28=G$28,AND($C82>=MIN(F$29,G$29),$C82<=MAX(F$29,G$29)),AND(F82>=MIN(F$28,G$28),F82<=MAX(F$28,G$28))),F82,"") | AF82: =IF(IF(G$28=H$28,AND($C82>=MIN(G$29,H$29),$C82<=MAX(G$29,H$29)),AND(G82>=MIN(G$28,H$28),G82<=MAX(G$28,H$28))),G82,"") | AG82: =IF(IF(H$28=I$28,AND($C82>=MIN(H$29,I$29),$C82<=MAX(H$29,I$29)),AND(H82>=MIN(H$28,I$28),H82<=MAX(H$28,I$28))),H82,"") -> 445.87836 | AH82: =IF(IF(I$28=J$28,AND($C82>=MIN(I$29,J$29),$C82<=MAX(I$29,J$29)),AND(I82>=MIN(I$28,J$28),I82<=MAX(I$28,J$28))),I82,"") | AI82: =IF(IF(J$28=K$28,AND($C82>=MIN(J$29,K$29),$C82<=MAX(J$29,K$29)),AND(J82>=MIN(J$28,K$28),J82<=MAX(J$28,K$28))),J82,"") -> -624.80335 | AJ82: =IF(IF(K$28=L$28,AND($C82>=MIN(K$29,L$29),$C82<=MAX(K$29,L$29)),AND(K82>=MIN(K$28,L$28),K82<=MAX(K$28,L$28))),K82,"") | AK82: =IF(IF(D$33=E$33,AND($C82>=MIN(D$34,E$34),$C82<=MAX(D$34,E$34)),AND(L82>=MIN(D$33,E$33),L82<=MAX(D$33,E$33))),L82,"") | AL82: =IF(IF(E$33=F$33,AND($C82>=MIN(E$34,F$34),$C82<=MAX(E$34,F$34)),AND(M82>=MIN(E$33,F$33),M82<=MAX(E$33,F$33))),M82,"") | AM82: =IF(IF(F$33=G$33,AND($C82>=MIN(F$34,G$34),$C82<=MAX(F$34,G$34)),AND(N82>=MIN(F$33,G$33),N82<=MAX(F$33,G$33))),N82,"") | AN82: =IF(IF(G$33=H$33,AND($C82>=MIN(G$34,H$34),$C82<=MAX(G$34,H$34)),AND(O82>=MIN(G$33,H$33),O82<=MAX(G$33,H$33))),O82,"") | AO82: =IF(IF(H$33=I$33,AND($C82>=MIN(H$34,I$34),$C82<=MAX(H$34,I$34)),AND(P82>=MIN(H$33,I$33),P82<=MAX(H$33,I$33))),P82,"") -> -138.88252 | AP82: =IF(IF(I$33=J$33,AND($C82>=MIN(I$34,J$34),$C82<=MAX(I$34,J$34)),AND(Q82>=MIN(I$33,J$33),Q82<=MAX(I$33,J$33))),Q82,"") -> -400.92607 | AQ82: =IF(IF(J$33=K$33,AND($C82>=MIN(J$34,K$34),$C82<=MAX(J$34,K$34)),AND(R82>=MIN(J$33,K$33),R82<=MAX(J$33,K$33))),R82,"") | AR82: =IF(IF(K$33=L$33,AND($C82>=MIN(K$34,L$34),$C82<=MAX(K$34,L$34)),AND(S82>=MIN(K$33,L$33),S82<=MAX(K$33,L$33))),S82,"") | AS82: =IF(IF(D$38=E$38,AND($C82>=MIN(D$39,E$39),$C82<=MAX(D$39,E$39)),AND(T82>=MIN(D$38,E$38),T82<=MAX(D$38,E$38))),T82,"") | AT82: =IF(IF(E$38=F$38,AND($C82>=MIN(E$39,F$39),$C82<=MAX(E$39,F$39)),AND(U82>=MIN(E$38,F$38),U82<=MAX(E$38,F$38))),U82,"") | AU82: =IF(IF(F$38=G$38,AND($C82>=MIN(F$39,G$39),$C82<=MAX(F$39,G$39)),AND(V82>=MIN(F$38,G$38),V82<=MAX(F$38,G$38))),V82,"") | AV82: =IF(IF(G$38=H$38,AND($C82>=MIN(G$39,H$39),$C82<=MAX(G$39,H$39)),AND(W82>=MIN(G$38,H$38),W82<=MAX(G$38,H$38))),W82,"") | AW82: =IF(IF(H$38=I$38,AND($C82>=MIN(H$39,I$39),$C82<=MAX(H$39,I$39)),AND(X82>=MIN(H$38,I$38),X82<=MAX(H$38,I$38))),X82,"") | AX82: =IF(IF(I$38=J$38,AND($C82>=MIN(I$39,J$39),$C82<=MAX(I$39,J$39)),AND(Y82>=MIN(I$38,J$38),Y82<=MAX(I$38,J$38))),Y82,"") | AY82: =IF(IF(J$38=K$38,AND($C82>=MIN(J$39,K$39),$C82<=MAX(J$39,K$39)),AND(Z82>=MIN(J$38,K$38),Z82<=MAX(J$38,K$38))),Z82,"") | AZ82: =IF(IF(K$38=L$38,AND($C82>=MIN(K$39,L$39),$C82<=MAX(K$39,L$39)),AND(AA82>=MIN(K$38,L$38),AA82<=MAX(K$38,L$38))),AA82,"") | BB82: {=IFERROR(_xlfn._xlws.SORT(_xlfn.UNIQUE(_xlfn._xlws.FILTER($AC82:$AZ82,ISNUMBER($AC82:$AZ82)),TRUE),,,TRUE),"")} -> -624.80335 | BC82: -400.92607 | BD82: -138.88252 | BE82: 445.87836 | BJ82: =IF(ISNUMBER(BB82),$C82,"") -> -476.22021 | BK82: =IF(ISNUMBER(BC82),$C82,"") -> -476.22021 | BL82: =IF(ISNUMBER(BD82),$C82,"") -> -476.22021 | BM82: =IF(ISNUMBER(BE82),$C82,"") -> -476.22021 | BN82: =IF(ISNUMBER(BF82),$C82,"") | BO82: =IF(ISNUMBER(BG82),$C82,"") | BP82: =IF(ISNUMBER(BH82),$C82,"") | BQ82: =IF(ISNUMBER(BI82),$C82,"") | BR82: =COUNTIF(BJ82:BQ82,"<0")+COUNTIF(BJ82:BQ82,">0") -> 4 | BS82: =IF(ISNUMBER(BC82),IF(ISEVEN(BB$57),"hole",(BC82-BB82)),0) -> 223.87728 | BT82: =IF(ISNUMBER(BD82),IF(ISEVEN(BC$57),"hole",(BD82-BC82)),0) -> hole | BU82: =IF(ISNUMBER(BE82),IF(ISEVEN(BD$57),"hole",(BE82-BD82)),0) -> 584.76088 | BV82: =IF(ISNUMBER(BF82),IF(ISEVEN(BE$57),"hole",(BF82-BE82)),0) -> 0 | BW82: =IF(ISNUMBER(BG82),IF(ISEVEN(BF$57),"hole",(BG82-BF82)),0) -> 0 | BX82: =IF(ISNUMBER(BH82),IF(ISEVEN(BG$57),"hole",(BH82-BG82)),0) -> 0 | BY82: =IF(ISNUMBER(BI82),IF(ISEVEN(BH$57),"hole",(BI82-BH82)),0) -> 0 | BZ82: {=IF(ISEVEN(BR82),SUM(BS82:BY82),SUM(ABS(BS82:BY82)))} -> 808.63816 | CA82: =+BZ82*$R$48 -> 40535.772 | CB82: =+IF(AND(ISNUMBER(BS82),BS82>0),BB82+BS82/2,0) -> -512.86471 | CC82: =+IF(AND(ISNUMBER(BT82),BT82>0),BC82+BT82/2,0) -> 0 | CD82: =+IF(AND(ISNUMBER(BU82),BU82>0),BD82+BU82/2,0) -> 153.49792 | CE82: =+IF(AND(ISNUMBER(BV82),BV82>0),BE82+BV82/2,0) -> 0 | CF82: =+IF(AND(ISNUMBER(BW82),BW82>0),BF82+BW82/2,0) -> 0 | CG82: =+IF(AND(ISNUMBER(BX82),BX82>0),BG82+BX82/2,0) -> 0 | CH82: =+IF(AND(ISNUMBER(BY82),BY82>0),BH82+BY82/2,0) -> 0 | CI82: =+SUMPRODUCT(BS82:BY82,CB82:CH82)/BZ82 -> -30.989358 | CJ82: =+C82 -> -476.22021 | CK82: =CI82*COS(RADIANS(p)) + CJ82*SIN(RADIANS(p)) -> -191.99738 | CL82: =-CI82*SIN(RADIANS(p)) +CJ82*COS(RADIANS(p)) -> -436.90163
