Workbook
Name As: Input!$K$6
Name b: Input!$F$5
Name dia: Input!$K$5
Name eco: Input!$E$41
Name ecu: Input!$G$30
Name Es: Input!$E$49
Name fck: Input!$G$29
Name fy: Input!$E$50
Name h: Input!$F$6
Name ipos: Input!$D$2
Name n: Input!$E$40
Name pc: Input!$N$53
Name ps: Input!$N$52

Sheet Input
B3: Geometry | R3: -130 | S3: -43.333333 | T3: 43.333333 | U3: -130 | V3: -43.333333 | W3: 43.333333 | X3: 130 | Y3: -130 | Z3: 130 | AA3: -130 | AB3: 130
B4: ● | C4: Section Dimension (only for Rectangle) | H4: ● | I4: Rebar | R4: 230 | S4: 230 | T4: 230 | U4: -230 | V4: -230 | W4: -230 | X4: -230 | Y4: 130 | Z4: 130 | AA4: -130 | AB4: -130
C5: Width (b) | E5: = | F5: 400 | G5: mm | I5: Dia. | J5: = | K5: 32 | L5: mm
C6: Height (h) | E6: = | F6: 600 | G6: mm | I6: As | J6: = | K6: =0.25*PI()*dia^2 -> 804.24772 | L6: mm2
C8: Coordinate (mm, Origin is centroid)
D9: X | E9: Y | I9: Cross Section
C10: 1 | D10: -130 | E10: 230
C11: 2 | D11: -43.333333 | E11: 230
C12: 3 | D12: 43.333333 | E12: 230
C13: 4 | P13: x | Q13: y
C14: 5 | D14: -130 | E14: -230 | O14: 1 | P14: =-b/2 -> -200 | Q14: =+h/2 -> 300
C15: 6 | D15: -43.333333 | E15: -230 | O15: 2 | P15: =+b/2 -> 200 | Q15: =+h/2 -> 300
C16: 7 | D16: 43.333333 | E16: -230 | O16: 3 | P16: =+b/2 -> 200 | Q16: =-h/2 -> -300
C17: 8 | D17: 130 | E17: -230 | O17: 4 | P17: =-b/2 -> -200 | Q17: =-h/2 -> -300
C18: 9 | D18: -130 | E18: 130 | O18: 5 | P18: =+P14 -> -200 | Q18: =+Q14 -> 300
C19: 10 | D19: 130 | E19: 130
C20: 11 | D20: -130 | E20: -130
C21: 12 | D21: 130 | E21: -130
C22: 13
C23: 14
B27: Material
B28: Korea Standard
B29: ● | C29: Concrete | E29: fck | F29: = | G29: 30 | H29: Mpa
E30: εcu | F30: = | G30: =MIN(0.0033-(fck-40)/100000,0.0033) -> 0.0033 | M30: [KDS 24 14 21 3.1.2.5 (2)]
C32: Strain - Stress Relationship : Parabolic | M32: [KDS 24 14 21 3.1.2.5 (2)]
C34: 0 ≤ εc ≤ εco | E34: fc = φc (0.85fck) [ 1 - (1 - εc/εco)n] | P34: ε | Q34: fc
C35: else | E35: fc = φc (0.85fck) | O35: 1 | P35: 0 | Q35: =+IF(P35>=0,IF(P35<=eco,1-(1-P35/eco)^$E$40,1),0)*pc*0.85*fck -> 0
O36: 2 | P36: =+ecu/10*(O36-1) -> 0.00033 | Q36: =+IF(P36>=0,IF(P36<=eco,1-(1-P36/eco)^$E$40,1),0)*0.85*fck -> 7.7207625
O37: 3 | P37: =+ecu/10*(O37-1) -> 0.00066 | Q37: =+IF(P37>=0,IF(P37<=eco,1-(1-P37/eco)^$E$40,1),0)*0.85*fck -> 14.05305
O38: 4 | P38: =+ecu/10*(O38-1) -> 0.00099 | Q38: =+IF(P38>=0,IF(P38<=eco,1-(1-P38/eco)^$E$40,1),0)*0.85*fck -> 18.996862
O39: 5 | P39: =+ecu/10*(O39-1) -> 0.00132 | Q39: =+IF(P39>=0,IF(P39<=eco,1-(1-P39/eco)^$E$40,1),0)*0.85*fck -> 22.5522
C40: n | D40: = | E40: =MIN(1.2+1.5*((100-fck)/60)^4,2) -> 2 | O40: 6 | P40: =+ecu/10*(O40-1) -> 0.00165 | Q40: =+IF(P40>=0,IF(P40<=eco,1-(1-P40/eco)^$E$40,1),0)*0.85*fck -> 24.719062
C41: εco | D41: = | E41: =MAX(0.002+(fck-40)/100000,0.002) -> 0.002 | O41: 7 | P41: =+ecu/10*(O41-1) -> 0.00198 | Q41: =+IF(P41>=0,IF(P41<=eco,1-(1-P41/eco)^$E$40,1),0)*0.85*fck -> 25.49745
O42: 8 | P42: =+ecu/10*(O42-1) -> 0.00231 | Q42: =+IF(P42>=0,IF(P42<=eco,1-(1-P42/eco)^$E$40,1),0)*0.85*fck -> 25.5
O43: 9 | P43: =+ecu/10*(O43-1) -> 0.00264 | Q43: =+IF(P43>=0,IF(P43<=eco,1-(1-P43/eco)^$E$40,1),0)*0.85*fck -> 25.5
O44: 10 | P44: =+ecu/10*(O44-1) -> 0.00297 | Q44: =+IF(P44>=0,IF(P44<=eco,1-(1-P44/eco)^$E$40,1),0)*0.85*fck -> 25.5
B48: ● | C48: Steel
C49: Es | D49: = | E49: 200000 | F49: Mpa
C50: fy | D50: = | E50: 400 | F50: Mpa

Sheet Mesh & Convergence
B2: Mesh and Convergence criteria (for concrete)
I4: Equation of Strain | K4: ε = ε0 + κy
I9: Mesh | J9: ny | K9: ∑C | L9: ∑M | M9: Diff.C % | N9: Diff.M % | O9: Converged
I10: 1 | J10: 100 | K10: =+E28 -> 813995.14 | L10: =+G28 -> 2.1067518e+08 | M10: =(K10-K11)/K10 -> 5.1210978e-05 | N10: =(L10-L11)/L10 -> 3.3411007e-05 | O10: =+MIN(M10,N10)<=F15 -> TRUE
I11: 2 | J11: 200 | K11: =+M28 -> 813953.45 | L11: =+O28 -> 2.1066814e+08
B15: Converged Criteria | D15: Diff % (F, M) <= | F15: 0.001
A18: Number of mesh: 50, 100, 200, 400, 600, 800 and Max 1000
A19: Minimum one mesh fiber thickness: 1mm
A21: NA Position and Number of Mesh | E21: One Mesh fiber | I21: NA Position and Number of Mesh | M21: One Mesh fiber
A22: c | B22: 100 | C22: mm | E22: h | F22: =B$22/B$23 -> 2 | G22: mm | I22: c | J22: 100 | K22: mm | M22: h | N22: =J$22/J$23 -> 1 | O22: mm
A23: ny | B23: 50 | C23: EA | E23: b | F23: =+b -> 400 | G23: mm | I23: ny | J23: 100 | K23: EA | M23: b | N23: =+b -> 400 | O23: mm
E24: Ac | F24: =+F22*F23 -> 800 | G24: mm2 | M24: Ac | N24: =+N22*N23 -> 400 | O24: mm2
A26: i | B26: di | C26: εci | D26: fci | E26: Fci | F26: y | G26: Mci | I26: i | J26: di | K26: εci | L26: fci | M26: Fci | N26: y | O26: Mci
A27: Unit | B27: mm | D27: Mpa | E27: N | F27: mm | G27: Nmm | I27: Unit | J27: mm | L27: Mpa | M27: N | N27: mm | O27: Nmm
A28: SUM | E28: =+SUM(E29:E128) -> 813995.14 | G28: =+SUM(G29:G128) -> 2.1067518e+08 | I28: SUM | M28: =+SUM(M29:M228) -> 813953.45 | O28: =+SUM(O29:O228) -> 2.1066814e+08
A29: 1 | B29: =B$22/B$23*(A29-1)+F$22/2 -> 1 | C29: =+(B$22-B29)/B$22*ecu -> 0.003267 | D29: =+IF(C29>=0,IF(C29<=eco,1-(1-C29/eco)^n,1),0)*0.85*fck -> 25.5 | E29: =+D29*F$24 -> 20400 | F29: =+h/2-B29 -> 299 | G29: =+E29*F29 -> 6099600 | I29: 1 | J29: =J$22/J$23*(I29-1)+N$22/2 -> 0.5 | K29: =+(J$22-J29)/J$22*ecu -> 0.0032835 | L29: =+IF(K29>=0,IF(K29<=eco,1-(1-K29/eco)^n,1),0)*0.85*fck -> 25.5 | M29: =+L29*N$24 -> 10200 | N29: =+h/2-J29 -> 299.5 | O29: =+M29*N29 -> 3054900
A30: 2 | B30: =B$22/B$23*(A30-1)+F$22/2 -> 3 | C30: =+(B$22-B30)/B$22*ecu -> 0.003201 | D30: =+IF(C30>=0,IF(C30<=eco,1-(1-C30/eco)^n,1),0)*0.85*fck -> 25.5 | E30: =+D30*F$24 -> 20400 | F30: =+h/2-B30 -> 297 | G30: =+E30*F30 -> 6058800 | I30: 2 | J30: =J$22/J$23*(I30-1)+N$22/2 -> 1.5 | K30: =+(J$22-J30)/J$22*ecu -> 0.0032505 | L30: =+IF(K30>=0,IF(K30<=eco,1-(1-K30/eco)^n,1),0)*0.85*fck -> 25.5 | M30: =+L30*N$24 -> 10200 | N30: =+h/2-J30 -> 298.5 | O30: =+M30*N30 -> 3044700
A31: 3 | B31: =B$22/B$23*(A31-1)+F$22/2 -> 5 | C31: =+(B$22-B31)/B$22*ecu -> 0.003135 | D31: =+IF(C31>=0,IF(C31<=eco,1-(1-C31/eco)^n,1),0)*0.85*fck -> 25.5 | E31: =+D31*F$24 -> 20400 | F31: =+h/2-B31 -> 295 | G31: =+E31*F31 -> 6018000 | I31: 3 | J31: =J$22/J$23*(I31-1)+N$22/2 -> 2.5 | K31: =+(J$22-J31)/J$22*ecu -> 0.0032175 | L31: =+IF(K31>=0,IF(K31<=eco,1-(1-K31/eco)^n,1),0)*0.85*fck -> 25.5 | M31: =+L31*N$24 -> 10200 | N31: =+h/2-J31 -> 297.5 | O31: =+M31*N31 -> 3034500
A32: 4 | B32: =B$22/B$23*(A32-1)+F$22/2 -> 7 | C32: =+(B$22-B32)/B$22*ecu -> 0.003069 | D32: =+IF(C32>=0,IF(C32<=eco,1-(1-C32/eco)^n,1),0)*0.85*fck -> 25.5 | E32: =+D32*F$24 -> 20400 | F32: =+h/2-B32 -> 293 | G32: =+E32*F32 -> 5977200 | I32: 4 | J32: =J$22/J$23*(I32-1)+N$22/2 -> 3.5 | K32: =+(J$22-J32)/J$22*ecu -> 0.0031845 | L32: =+IF(K32>=0,IF(K32<=eco,1-(1-K32/eco)^n,1),0)*0.85*fck -> 25.5 | M32: =+L32*N$24 -> 10200 | N32: =+h/2-J32 -> 296.5 | O32: =+M32*N32 -> 3024300
A33: 5 | B33: =B$22/B$23*(A33-1)+F$22/2 -> 9 | C33: =+(B$22-B33)/B$22*ecu -> 0.003003 | D33: =+IF(C33>=0,IF(C33<=eco,1-(1-C33/eco)^n,1),0)*0.85*fck -> 25.5 | E33: =+D33*F$24 -> 20400 | F33: =+h/2-B33 -> 291 | G33: =+E33*F33 -> 5936400 | I33: 5 | J33: =J$22/J$23*(I33-1)+N$22/2 -> 4.5 | K33: =+(J$22-J33)/J$22*ecu -> 0.0031515 | L33: =+IF(K33>=0,IF(K33<=eco,1-(1-K33/eco)^n,1),0)*0.85*fck -> 25.5 | M33: =+L33*N$24 -> 10200 | N33: =+h/2-J33 -> 295.5 | O33: =+M33*N33 -> 3014100
A34: 6 | B34: =B$22/B$23*(A34-1)+F$22/2 -> 11 | C34: =+(B$22-B34)/B$22*ecu -> 0.002937 | D34: =+IF(C34>=0,IF(C34<=eco,1-(1-C34/eco)^n,1),0)*0.85*fck -> 25.5 | E34: =+D34*F$24 -> 20400 | F34: =+h/2-B34 -> 289 | G34: =+E34*F34 -> 5895600 | I34: 6 | J34: =J$22/J$23*(I34-1)+N$22/2 -> 5.5 | K34: =+(J$22-J34)/J$22*ecu -> 0.0031185 | L34: =+IF(K34>=0,IF(K34<=eco,1-(1-K34/eco)^n,1),0)*0.85*fck -> 25.5 | M34: =+L34*N$24 -> 10200 | N34: =+h/2-J34 -> 294.5 | O34: =+M34*N34 -> 3003900
A35: 7 | B35: =B$22/B$23*(A35-1)+F$22/2 -> 13 | C35: =+(B$22-B35)/B$22*ecu -> 0.002871 | D35: =+IF(C35>=0,IF(C35<=eco,1-(1-C35/eco)^n,1),0)*0.85*fck -> 25.5 | E35: =+D35*F$24 -> 20400 | F35: =+h/2-B35 -> 287 | G35: =+E35*F35 -> 5854800 | I35: 7 | J35: =J$22/J$23*(I35-1)+N$22/2 -> 6.5 | K35: =+(J$22-J35)/J$22*ecu -> 0.0030855 | L35: =+IF(K35>=0,IF(K35<=eco,1-(1-K35/eco)^n,1),0)*0.85*fck -> 25.5 | M35: =+L35*N$24 -> 10200 | N35: =+h/2-J35 -> 293.5 | O35: =+M35*N35 -> 2993700
A36: 8 | B36: =B$22/B$23*(A36-1)+F$22/2 -> 15 | C36: =+(B$22-B36)/B$22*ecu -> 0.002805 | D36: =+IF(C36>=0,IF(C36<=eco,1-(1-C36/eco)^n,1),0)*0.85*fck -> 25.5 | E36: =+D36*F$24 -> 20400 | F36: =+h/2-B36 -> 285 | G36: =+E36*F36 -> 5814000 | I36: 8 | J36: =J$22/J$23*(I36-1)+N$22/2 -> 7.5 | K36: =+(J$22-J36)/J$22*ecu -> 0.0030525 | L36: =+IF(K36>=0,IF(K36<=eco,1-(1-K36/eco)^n,1),0)*0.85*fck -> 25.5 | M36: =+L36*N$24 -> 10200 | N36: =+h/2-J36 -> 292.5 | O36: =+M36*N36 -> 2983500
A37: 9 | B37: =B$22/B$23*(A37-1)+F$22/2 -> 17 | C37: =+(B$22-B37)/B$22*ecu -> 0.002739 | D37: =+IF(C37>=0,IF(C37<=eco,1-(1-C37/eco)^n,1),0)*0.85*fck -> 25.5 | E37: =+D37*F$24 -> 20400 | F37: =+h/2-B37 -> 283 | G37: =+E37*F37 -> 5773200 | I37: 9 | J37: =J$22/J$23*(I37-1)+N$22/2 -> 8.5 | K37: =+(J$22-J37)/J$22*ecu -> 0.0030195 | L37: =+IF(K37>=0,IF(K37<=eco,1-(1-K37/eco)^n,1),0)*0.85*fck -> 25.5 | M37: =+L37*N$24 -> 10200 | N37: =+h/2-J37 -> 291.5 | O37: =+M37*N37 -> 2973300
A38: 10 | B38: =B$22/B$23*(A38-1)+F$22/2 -> 19 | C38: =+(B$22-B38)/B$22*ecu -> 0.002673 | D38: =+IF(C38>=0,IF(C38<=eco,1-(1-C38/eco)^n,1),0)*0.85*fck -> 25.5 | E38: =+D38*F$24 -> 20400 | F38: =+h/2-B38 -> 281 | G38: =+E38*F38 -> 5732400 | I38: 10 | J38: =J$22/J$23*(I38-1)+N$22/2 -> 9.5 | K38: =+(J$22-J38)/J$22*ecu -> 0.0029865 | L38: =+IF(K38>=0,IF(K38<=eco,1-(1-K38/eco)^n,1),0)*0.85*fck -> 25.5 | M38: =+L38*N$24 -> 10200 | N38: =+h/2-J38 -> 290.5 | O38: =+M38*N38 -> 2963100
A39: 11 | B39: =B$22/B$23*(A39-1)+F$22/2 -> 21 | C39: =+(B$22-B39)/B$22*ecu -> 0.002607 | D39: =+IF(C39>=0,IF(C39<=eco,1-(1-C39/eco)^n,1),0)*0.85*fck -> 25.5 | E39: =+D39*F$24 -> 20400 | F39: =+h/2-B39 -> 279 | G39: =+E39*F39 -> 5691600 | I39: 11 | J39: =J$22/J$23*(I39-1)+N$22/2 -> 10.5 | K39: =+(J$22-J39)/J$22*ecu -> 0.0029535 | L39: =+IF(K39>=0,IF(K39<=eco,1-(1-K39/eco)^n,1),0)*0.85*fck -> 25.5 | M39: =+L39*N$24 -> 10200 | N39: =+h/2-J39 -> 289.5 | O39: =+M39*N39 -> 2952900
A40: 12 | B40: =B$22/B$23*(A40-1)+F$22/2 -> 23 | C40: =+(B$22-B40)/B$22*ecu -> 0.002541 | D40: =+IF(C40>=0,IF(C40<=eco,1-(1-C40/eco)^n,1),0)*0.85*fck -> 25.5 | E40: =+D40*F$24 -> 20400 | F40: =+h/2-B40 -> 277 | G40: =+E40*F40 -> 5650800 | I40: 12 | J40: =J$22/J$23*(I40-1)+N$22/2 -> 11.5 | K40: =+(J$22-J40)/J$22*ecu -> 0.0029205 | L40: =+IF(K40>=0,IF(K40<=eco,1-(1-K40/eco)^n,1),0)*0.85*fck -> 25.5 | M40: =+L40*N$24 -> 10200 | N40: =+h/2-J40 -> 288.5 | O40: =+M40*N40 -> 2942700
... A78: 50 | B78: =B$22/B$23*(A78-1)+F$22/2 -> 99 | C78: =+(B$22-B78)/B$22*ecu -> 3.3e-05 | D78: =+IF(C78>=0,IF(C78<=eco,1-(1-C78/eco)^n,1),0)*0.85*fck -> 0.83455762 | E78: =+D78*F$24 -> 667.6461 | F78: =+h/2-B78 -> 201 | G78: =+E78*F78 -> 134196.87 | I78: 50 | J78: =J$22/J$23*(I78-1)+N$22/2 -> 49.5 | K78: =+(J$22-J78)/J$22*ecu -> 0.0016665 | L78: =+IF(K78>=0,IF(K78<=eco,1-(1-K78/eco)^n,1),0)*0.85*fck -> 24.790958 | M78: =+L78*N$24 -> 9916.3833 | N78: =+h/2-J78 -> 250.5 | O78: =+M78*N78 -> 2484054
I79: 51 | J79: =J$22/J$23*(I79-1)+N$22/2 -> 50.5 | K79: =+(J$22-J79)/J$22*ecu -> 0.0016335 | L79: =+IF(K79>=0,IF(K79<=eco,1-(1-K79/eco)^n,1),0)*0.85*fck -> 24.643696 | M79: =+L79*N$24 -> 9857.4783 | N79: =+h/2-J79 -> 249.5 | O79: =+M79*N79 -> 2459440.8
I80: 52 | J80: =J$22/J$23*(I80-1)+N$22/2 -> 51.5 | K80: =+(J$22-J80)/J$22*ecu -> 0.0016005 | L80: =+IF(K80>=0,IF(K80<=eco,1-(1-K80/eco)^n,1),0)*0.85*fck -> 24.482548 | M80: =+L80*N$24 -> 9793.0194 | N80: =+h/2-J80 -> 248.5 | O80: =+M80*N80 -> 2433565.3
I81: 53 | J81: =J$22/J$23*(I81-1)+N$22/2 -> 52.5 | K81: =+(J$22-J81)/J$22*ecu -> 0.0015675 | L81: =+IF(K81>=0,IF(K81<=eco,1-(1-K81/eco)^n,1),0)*0.85*fck -> 24.307516 | M81: =+L81*N$24 -> 9723.0066 | N81: =+h/2-J81 -> 247.5 | O81: =+M81*N81 -> 2406444.1
I82: 54 | J82: =J$22/J$23*(I82-1)+N$22/2 -> 53.5 | K82: =+(J$22-J82)/J$22*ecu -> 0.0015345 | L82: =+IF(K82>=0,IF(K82<=eco,1-(1-K82/eco)^n,1),0)*0.85*fck -> 24.1186 | M82: =+L82*N$24 -> 9647.4399 | N82: =+h/2-J82 -> 246.5 | O82: =+M82*N82 -> 2378093.9
I83: 55 | J83: =J$22/J$23*(I83-1)+N$22/2 -> 54.5 | K83: =+(J$22-J83)/J$22*ecu -> 0.0015015 | L83: =+IF(K83>=0,IF(K83<=eco,1-(1-K83/eco)^n,1),0)*0.85*fck -> 23.915798 | M83: =+L83*N$24 -> 9566.3193 | N83: =+h/2-J83 -> 245.5 | O83: =+M83*N83 -> 2348531.4
I84: 56 | J84: =J$22/J$23*(I84-1)+N$22/2 -> 55.5 | K84: =+(J$22-J84)/J$22*ecu -> 0.0014685 | L84: =+IF(K84>=0,IF(K84<=eco,1-(1-K84/eco)^n,1),0)*0.85*fck -> 23.699112 | M84: =+L84*N$24 -> 9479.6448 | N84: =+h/2-J84 -> 244.5 | O84: =+M84*N84 -> 2317773.1
I85: 57 | J85: =J$22/J$23*(I85-1)+N$22/2 -> 56.5 | K85: =+(J$22-J85)/J$22*ecu -> 0.0014355 | L85: =+IF(K85>=0,IF(K85<=eco,1-(1-K85/eco)^n,1),0)*0.85*fck -> 23.468541 | M85: =+L85*N$24 -> 9387.4164 | N85: =+h/2-J85 -> 243.5 | O85: =+M85*N85 -> 2285835.9
I86: 58 | J86: =J$22/J$23*(I86-1)+N$22/2 -> 57.5 | K86: =+(J$22-J86)/J$22*ecu -> 0.0014025 | L86: =+IF(K86>=0,IF(K86<=eco,1-(1-K86/eco)^n,1),0)*0.85*fck -> 23.224085 | M86: =+L86*N$24 -> 9289.6341 | N86: =+h/2-J86 -> 242.5 | O86: =+M86*N86 -> 2252736.3
I87: 59 | J87: =J$22/J$23*(I87-1)+N$22/2 -> 58.5 | K87: =+(J$22-J87)/J$22*ecu -> 0.0013695 | L87: =+IF(K87>=0,IF(K87<=eco,1-(1-K87/eco)^n,1),0)*0.85*fck -> 22.965745 | M87: =+L87*N$24 -> 9186.2979 | N87: =+h/2-J87 -> 241.5 | O87: =+M87*N87 -> 2218490.9
I88: 60 | J88: =J$22/J$23*(I88-1)+N$22/2 -> 59.5 | K88: =+(J$22-J88)/J$22*ecu -> 0.0013365 | L88: =+IF(K88>=0,IF(K88<=eco,1-(1-K88/eco)^n,1),0)*0.85*fck -> 22.693519 | M88: =+L88*N$24 -> 9077.4078 | N88: =+h/2-J88 -> 240.5 | O88: =+M88*N88 -> 2183116.6
I89: 61 | J89: =J$22/J$23*(I89-1)+N$22/2 -> 60.5 | K89: =+(J$22-J89)/J$22*ecu -> 0.0013035 | L89: =+IF(K89>=0,IF(K89<=eco,1-(1-K89/eco)^n,1),0)*0.85*fck -> 22.407409 | M89: =+L89*N$24 -> 8962.9638 | N89: =+h/2-J89 -> 239.5 | O89: =+M89*N89 -> 2146629.8
I90: 62 | J90: =J$22/J$23*(I90-1)+N$22/2 -> 61.5 | K90: =+(J$22-J90)/J$22*ecu -> 0.0012705 | L90: =+IF(K90>=0,IF(K90<=eco,1-(1-K90/eco)^n,1),0)*0.85*fck -> 22.107415 | M90: =+L90*N$24 -> 8842.9659 | N90: =+h/2-J90 -> 238.5 | O90: =+M90*N90 -> 2109047.4
... I128: 100 | J128: =J$22/J$23*(I128-1)+N$22/2 -> 99.5 | K128: =+(J$22-J128)/J$22*ecu -> 1.65e-05 | L128: =+IF(K128>=0,IF(K128<=eco,1-(1-K128/eco)^n,1),0)*0.85*fck -> 0.41901441 | M128: =+L128*N$24 -> 167.60576 | N128: =+h/2-J128 -> 200.5 | O128: =+M128*N128 -> 33604.955

Sheet Strain Equation
B2: Equation of strain
I4: Equation of Strain
J5: ε(y) = ε0 + κ*y
I7: ε0 = | J7: strain at the reference axis
I8: κ = | J8: curvature
I9: y = | J9: coordinate from reference axis

Sheet Loadcase
O3: Equation
R4: Tension | T4: Compression
O5: Concrete | P5: Strain | Q5: εc | T5: εci
P6: Stress | Q6: fc | T6: fci = f(εci)
P7: Force | Q7: Fc | R7: 0 | T7: SUM (Aci * fci)
P8: Eccentricity | Q8: e | T8: yci
P9: Moment | Q9: M | R9: 0 | T9: SUM (Aci * fci * yci)
O11: Steel | P11: Strain | Q11: εs | R11: εs (-) | T11: εs = εc
P12: Stress | Q12: fs | R12: MAX( εs * Es, fy) | T12: MAX( fs * Es - fc ; fy) | X12: Criteria for selecting Point to calculate
P13: Force | Q13: Fs | R13: As * fs (-) | T13: As * fs | X13: P-M point 선택하는 기준
P14: Eccentricity | Q14: e | R14: ys.ten (-) | T14: ys.com
P15: Moment | Q15: M | R15: Fs * e (+) | T15: Fs * e
O16: P = Fc + Fs.com + Fs.ten = Fc + Fs.com - Fs.ten
O17: M = Mc + Ms.com + Ms.ten
O23: Point | P23: N/A Position | S23: Description
O25: P0 | P25: ¥ | S25: Pure Compression
O26: P1 | P26: N/A Position C = C1, fs = 0 | S26: Rebar Stress = 0
O27: P2 | P27: fs = fy | S27: Rebar Stress Max = fy
O28: P3 | P28: all fs = fy, but big strain | S28: Pure Tension

Sheet P0
A1: Pure Compression and Tension
A2: The entire concrete section and all reinforcing bars are in compression. The neutral axis is assumed to be at infinity.
J6: P0 - Pure Compression
F7: Fc = | G7: 0.85f'c (Ac - As) | K7: Concrete | L7: Steel | M7: Nominal
F8: Fs = | G8: fyAs | J8: P | K8: =0.85*fck*G11/1000 -> 6120 | L8: =H22/1000 -> 3313.0985 | M8: =+K8+L8 -> 9433.0985
J9: M | K9: 0 | L9: =+I22/10^6 -> -69.273877 | M9: =+K9+L9 -> -69.273877
F11: Ac = | G11: =+b*h -> 240000 | H11: mm2
F12: As = | G12: =+COUNT(Input!D10:D23)*As -> 8846.7249 | H12: mm2 | J12: P0 - Pure Tension
F13: f'c = | G13: =fck -> 30 | H13: Mpa | K13: Concrete | L13: Steel | M13: Nominal
F14: fy = | G14: =+fy -> 400 | H14: MPa | J14: P | K14: 0 | L14: =J22/1000 -> -3538.69 | M14: =+K14+L14 -> -3538.69
J15: M | K15: 0 | L15: =+K22/10^6 -> 73.99079 | M15: =+K15+L15 -> 73.99079
B19: Steel Force | H19: Compression | J19: Tension
B20: i | C20: di | D20: fsi | E20: fci | F20: fsi_eff | G20: yi | H20: Fsi | I20: Msi | J20: Fsi | K20: Msi
B21: Unit | C21: mm | D21: Mpa | E21: Mpa | F21: Mpa | G21: mm | H21: Nmm | I21: Nmm | J21: Nmm | K21: Nmm
B22: SUM | H22: =+SUM(H23:H34) -> 3313098.5 | I22: =+SUM(I23:I34) -> -69273877 | J22: =+SUM(J23:J34) -> -3538690 | K22: =+SUM(K23:K34) -> 73990790
B23: 1 | C23: =+h/2-Input!E10 -> 70 | D23: =IF(AND(ISNUMBER(Input!D10),ISNUMBER(Input!E10)),fy,0) -> 400 | E23: =IF(AND(ISNUMBER(Input!D10),ISNUMBER(Input!E10)),0.85*fck,0) -> 25.5 | F23: =MAX(MIN(D23,fy),-fy)-IF(D23>=0,E23,0) -> 374.5 | G23: =h/2-C23 -> 230 | H23: =+F23*As -> 301190.77 | I23: =H23*G23 -> 69273877 | J23: =-D23*As -> -321699.09 | K23: =J23*G23 -> -73990790
B24: 2 | C24: =+h/2-Input!E11 -> 70 | D24: =IF(AND(ISNUMBER(Input!D11),ISNUMBER(Input!E11)),fy,0) -> 400 | E24: =IF(AND(ISNUMBER(Input!D11),ISNUMBER(Input!E11)),0.85*fck,0) -> 25.5 | F24: =MAX(MIN(D24,fy),-fy)-IF(D24>=0,E24,0) -> 374.5 | G24: =h/2-C24 -> 230 | H24: =+F24*As -> 301190.77 | I24: =H24*G24 -> 69273877 | J24: =-D24*As -> -321699.09 | K24: =J24*G24 -> -73990790
B25: 3 | C25: =+h/2-Input!E12 -> 70 | D25: =IF(AND(ISNUMBER(Input!D12),ISNUMBER(Input!E12)),fy,0) -> 400 | E25: =IF(AND(ISNUMBER(Input!D12),ISNUMBER(Input!E12)),0.85*fck,0) -> 25.5 | F25: =MAX(MIN(D25,fy),-fy)-IF(D25>=0,E25,0) -> 374.5 | G25: =h/2-C25 -> 230 | H25: =+F25*As -> 301190.77 | I25: =H25*G25 -> 69273877 | J25: =-D25*As -> -321699.09 | K25: =J25*G25 -> -73990790
B26: 4 | C26: =+h/2-Input!E13 -> 300 | D26: =IF(AND(ISNUMBER(Input!D13),ISNUMBER(Input!E13)),fy,0) -> 0 | E26: =IF(AND(ISNUMBER(Input!D13),ISNUMBER(Input!E13)),0.85*fck,0) -> 0 | F26: =MAX(MIN(D26,fy),-fy)-IF(D26>=0,E26,0) -> 0 | G26: =h/2-C26 -> 0 | H26: =+F26*As -> 0 | I26: =H26*G26 -> 0 | J26: =-D26*As -> 0 | K26: =J26*G26 -> 0
B27: 5 | C27: =+h/2-Input!E14 -> 530 | D27: =IF(AND(ISNUMBER(Input!D14),ISNUMBER(Input!E14)),fy,0) -> 400 | E27: =IF(AND(ISNUMBER(Input!D14),ISNUMBER(Input!E14)),0.85*fck,0) -> 25.5 | F27: =MAX(MIN(D27,fy),-fy)-IF(D27>=0,E27,0) -> 374.5 | G27: =h/2-C27 -> -230 | H27: =+F27*As -> 301190.77 | I27: =H27*G27 -> -69273877 | J27: =-D27*As -> -321699.09 | K27: =J27*G27 -> 73990790
B28: 6 | C28: =+h/2-Input!E15 -> 530 | D28: =IF(AND(ISNUMBER(Input!D15),ISNUMBER(Input!E15)),fy,0) -> 400 | E28: =IF(AND(ISNUMBER(Input!D15),ISNUMBER(Input!E15)),0.85*fck,0) -> 25.5 | F28: =MAX(MIN(D28,fy),-fy)-IF(D28>=0,E28,0) -> 374.5 | G28: =h/2-C28 -> -230 | H28: =+F28*As -> 301190.77 | I28: =H28*G28 -> -69273877 | J28: =-D28*As -> -321699.09 | K28: =J28*G28 -> 73990790
B29: 7 | C29: =+h/2-Input!E16 -> 530 | D29: =IF(AND(ISNUMBER(Input!D16),ISNUMBER(Input!E16)),fy,0) -> 400 | E29: =IF(AND(ISNUMBER(Input!D16),ISNUMBER(Input!E16)),0.85*fck,0) -> 25.5 | F29: =MAX(MIN(D29,fy),-fy)-IF(D29>=0,E29,0) -> 374.5 | G29: =h/2-C29 -> -230 | H29: =+F29*As -> 301190.77 | I29: =H29*G29 -> -69273877 | J29: =-D29*As -> -321699.09 | K29: =J29*G29 -> 73990790
B30: 8 | C30: =+h/2-Input!E17 -> 530 | D30: =IF(AND(ISNUMBER(Input!D17),ISNUMBER(Input!E17)),fy,0) -> 400 | E30: =IF(AND(ISNUMBER(Input!D17),ISNUMBER(Input!E17)),0.85*fck,0) -> 25.5 | F30: =MAX(MIN(D30,fy),-fy)-IF(D30>=0,E30,0) -> 374.5 | G30: =h/2-C30 -> -230 | H30: =+F30*As -> 301190.77 | I30: =H30*G30 -> -69273877 | J30: =-D30*As -> -321699.09 | K30: =J30*G30 -> 73990790
B31: 9 | C31: =+h/2-Input!E18 -> 170 | D31: =IF(AND(ISNUMBER(Input!D18),ISNUMBER(Input!E18)),fy,0) -> 400 | E31: =IF(AND(ISNUMBER(Input!D18),ISNUMBER(Input!E18)),0.85*fck,0) -> 25.5 | F31: =MAX(MIN(D31,fy),-fy)-IF(D31>=0,E31,0) -> 374.5 | G31: =h/2-C31 -> 130 | H31: =+F31*As -> 301190.77 | I31: =H31*G31 -> 39154800 | J31: =-D31*As -> -321699.09 | K31: =J31*G31 -> -41820881
B32: 10 | C32: =+h/2-Input!E19 -> 170 | D32: =IF(AND(ISNUMBER(Input!D19),ISNUMBER(Input!E19)),fy,0) -> 400 | E32: =IF(AND(ISNUMBER(Input!D19),ISNUMBER(Input!E19)),0.85*fck,0) -> 25.5 | F32: =MAX(MIN(D32,fy),-fy)-IF(D32>=0,E32,0) -> 374.5 | G32: =h/2-C32 -> 130 | H32: =+F32*As -> 301190.77 | I32: =H32*G32 -> 39154800 | J32: =-D32*As -> -321699.09 | K32: =J32*G32 -> -41820881
B33: 11 | C33: =+h/2-Input!E20 -> 430 | D33: =IF(AND(ISNUMBER(Input!D20),ISNUMBER(Input!E20)),fy,0) -> 400 | E33: =IF(AND(ISNUMBER(Input!D20),ISNUMBER(Input!E20)),0.85*fck,0) -> 25.5 | F33: =MAX(MIN(D33,fy),-fy)-IF(D33>=0,E33,0) -> 374.5 | G33: =h/2-C33 -> -130 | H33: =+F33*As -> 301190.77 | I33: =H33*G33 -> -39154800 | J33: =-D33*As -> -321699.09 | K33: =J33*G33 -> 41820881
B34: 12 | C34: =+h/2-Input!E21 -> 430 | D34: =IF(AND(ISNUMBER(Input!D21),ISNUMBER(Input!E21)),fy,0) -> 400 | E34: =IF(AND(ISNUMBER(Input!D21),ISNUMBER(Input!E21)),0.85*fck,0) -> 25.5 | F34: =MAX(MIN(D34,fy),-fy)-IF(D34>=0,E34,0) -> 374.5 | G34: =h/2-C34 -> -130 | H34: =+F34*As -> 301190.77 | I34: =H34*G34 -> -39154800 | J34: =-D34*As -> -321699.09 | K34: =J34*G34 -> 41820881

Sheet P_c
A1: Select N/A position C by C1
A2: The stress in the control steel is zero. | H2: N.A Line
H3: 1 | I3: =-b/2 -> -200 | J3: =+h/2-R22 -> -760 | Q3: P (kN) | S3: M (kNm)
H4: 2 | I4: =+b/2 -> 200 | J4: =+J3 -> -760 | N4: C/C1 | O4: ε0 | P4: κ | Q4: Concrete | R4: Steel | S4: Concrete | T4: Steel
N5: =+'P-M chart'!C16 -> 3 | O5: =+D25 -> 0.0026773585 | P5: =+D26 -> 2.0754717e-06 | Q5: =+L23 -> 6120 | R5: =+M23 -> 3313.0985 | S5: =+L24 -> 0 | T5: =+M24 -> -69.273877
N6: =+'P-M chart'!C17 -> 2 | O6: =+T25 -> 0.0023660377 | P6: =+T26 -> 3.1132075e-06 | Q6: =+AB23 -> 6070.0405 | R6: =+AC23 -> 3077.9937 | S6: =+AB24 -> 12.701906 | T6: =+AC24 -> -16.44254
N7: =+'P-M chart'!C18 -> 1.5 | O7: =+AJ25 -> 0.002054717 | P7: =+AJ26 -> 4.1509434e-06 | Q7: =+AR23 -> 5774.5846 | R7: =+AS23 -> 2597.0692 | S7: =+AR24 -> 78.824373 | T7: =+AS24 -> 80.054585
N8: =+'P-M chart'!C19 -> 1.2 | O8: =+AZ25 -> 0.0017433962 | P8: =+AZ26 -> 5.1886792e-06 | Q8: =+BH23 -> 5143.7139 | R8: =+BI23 -> 2132.6359 | S8: =+BH24 -> 207.51818 | T8: =+BI24 -> 173.16711
N9: =+'P-M chart'!C20 -> 1 | O9: =+BP25 -> 0.0014320755 | P9: =+BP26 -> 6.2264151e-06 | Q9: =+BX23 -> 4314.1742 | R9: =+BY23 -> 1684.6938 | S9: =+BX24 -> 352.58094 | T9: =+BY24 -> 262.89504
A20: Point P1: NA Position C = 3C1 | Q20: Point P2: NA Position C = 2C1 | AG20: Point P3: NA Position C = 1.5C1 | AW20: Point P4: NA Position C = 1.2C1 | BM20: Point P5: NA Position C = 1C1
A21: C1 = | B21: =+h/2-MIN(Input!$E$10:$E$23) -> 530 | C21: mm | F21: Mesh fiber | K21: Summary | Q21: C1 = | R21: =+h/2-MIN(Input!$E$10:$E$23) -> 530 | S21: mm | V21: Mesh fiber | AA21: Summary | AG21: C1 = | AH21: =+h/2-MIN(Input!$E$10:$E$23) -> 530 | AI21: mm | AL21: Mesh fiber | AQ21: Summary | AW21: C1 = | AX21: =+h/2-MIN(Input!$E$10:$E$23) -> 530 | AY21: mm | BB21: Mesh fiber | BG21: Summary | BM21: C1 = | BN21: =+h/2-MIN(Input!$E$10:$E$23) -> 530 | BO21: mm | BR21: Mesh fiber | BW21: Summary
A22: c | B22: =N5*B21 -> 1590 | C22: mm | F22: Hmesh | G22: =+MIN(B22,h) -> 600 | H22: mm | L22: Concrete | M22: Steel | N22: Nominal | O22: Unit | Q22: c | R22: =N6*R21 -> 1060 | S22: mm | V22: Hmesh | W22: =+MIN(R22,h) -> 600 | X22: mm | AB22: Concrete | AC22: Steel | AD22: Nominal | AE22: Unit | AG22: c | AH22: =N7*AH21 -> 795 | AI22: mm | AL22: Hmesh | AM22: =+MIN(AH22,h) -> 600 | AN22: mm | AR22: Concrete | AS22: Steel | AT22: Nominal | AU22: Unit | AW22: c | AX22: =N8*AX21 -> 636 | AY22: mm | BB22: Hmesh | BC22: =+MIN(AX22,h) -> 600 | BD22: mm | BH22: Concrete | BI22: Steel | BJ22: Nominal | BK22: Unit | BM22: c | BN22: =N9*BN21 -> 530 | BO22: mm | BR22: Hmesh | BS22: =+MIN(BN22,h) -> 530 | BT22: mm | BX22: Concrete | BY22: Steel | BZ22: Nominal | CA22: Unit
A23: Equation of Strain | F23: ny | G23: 50 | H23: EA | K23: P | L23: =+E31/10^3 -> 6120 | M23: =+N31/10^3 -> 3313.0985 | N23: =+L23+M23 -> 9433.0985 | O23: kN | Q23: Equation of Strain | V23: ny | W23: 50 | X23: EA | AA23: P | AB23: =+U31/10^3 -> 6070.0405 | AC23: =+AD31/10^3 -> 3077.9937 | AD23: =+AB23+AC23 -> 9148.0342 | AE23: kN | AG23: Equation of Strain | AL23: ny | AM23: 50 | AN23: EA | AQ23: P | AR23: =+AK31/10^3 -> 5774.5846 | AS23: =+AT31/10^3 -> 2597.0692 | AT23: =+AR23+AS23 -> 8371.6538 | AU23: kN | AW23: Equation of Strain | BB23: ny | BC23: 50 | BD23: EA | BG23: P | BH23: =+BA31/10^3 -> 5143.7139 | BI23: =+BJ31/10^3 -> 2132.6359 | BJ23: =+BH23+BI23 -> 7276.3498 | BK23: kN | BM23: Equation of Strain | BR23: ny | BS23: 50 | BT23: EA | BW23: P | BX23: =+BQ31/10^3 -> 4314.1742 | BY23: =+BZ31/10^3 -> 1684.6938 | BZ23: =+BX23+BY23 -> 5998.868 | CA23: kN
A24: ε(y) = ε0 + κy | F24: h | G24: =G22/G$23 -> 12 | H24: mm | K24: M | L24: =+F31/10^6 -> 0 | M24: =+O31/10^6 -> -69.273877 | N24: =+L24+M24 -> -69.273877 | O24: kNm | Q24: ε(y) = ε0 + κy | V24: h | W24: =W22/W$23 -> 12 | X24: mm | AA24: M | AB24: =+V31/10^6 -> 12.701906 | AC24: =+AE31/10^6 -> -16.44254 | AD24: =+AB24+AC24 -> -3.7406339 | AE24: kNm | AG24: ε(y) = ε0 + κy | AL24: h | AM24: =AM22/AM$23 -> 12 | AN24: mm | AQ24: M | AR24: =+AL31/10^6 -> 78.824373 | AS24: =+AU31/10^6 -> 80.054585 | AT24: =+AR24+AS24 -> 158.87896 | AU24: kNm | AW24: ε(y) = ε0 + κy | BB24: h | BC24: =BC22/BC$23 -> 12 | BD24: mm | BG24: M | BH24: =+BB31/10^6 -> 207.51818 | BI24: =+BK31/10^6 -> 173.16711 | BJ24: =+BH24+BI24 -> 380.6853 | BK24: kNm | BM24: ε(y) = ε0 + κy | BR24: h | BS24: =BS22/BS$23 -> 10.6 | BT24: mm | BW24: M | BX24: =+BR31/10^6 -> 352.58094 | BY24: =+CA31/10^6 -> 262.89504 | BZ24: =+BX24+BY24 -> 615.47598 | CA24: kNm
A25: ε0 = εcu * (c - h/2)/c | C25: ε0 = | D25: =+ecu*(B22-h/2)/B22 -> 0.0026773585 | F25: b | G25: =+b -> 400 | H25: mm | Q25: ε0 = εcu * (c - h/2)/c | S25: ε0 = | T25: =+ecu*(R22-h/2)/R22 -> 0.0023660377 | V25: b | W25: =+b -> 400 | X25: mm | AG25: ε0 = εcu * (c - h/2)/c | AI25: ε0 = | AJ25: =+ecu*(AH22-h/2)/AH22 -> 0.002054717 | AL25: b | AM25: =+b -> 400 | AN25: mm | AW25: ε0 = εcu * (c - h/2)/c | AY25: ε0 = | AZ25: =+ecu*(AX22-h/2)/AX22 -> 0.0017433962 | BB25: b | BC25: =+b -> 400 | BD25: mm | BM25: ε0 = εcu * (c - h/2)/c | BO25: ε0 = | BP25: =+ecu*(BN22-h/2)/BN22 -> 0.0014320755 | BR25: b | BS25: =+b -> 400 | BT25: mm
A26: κ = εcu / c | C26: κ = | D26: =+ecu/B22 -> 2.0754717e-06 | F26: Ac | G26: =+G24*G25 -> 4800 | H26: mm2 | Q26: κ = εcu / c | S26: κ = | T26: =+ecu/R22 -> 3.1132075e-06 | V26: Ac | W26: =+W24*W25 -> 4800 | X26: mm2 | AG26: κ = εcu / c | AI26: κ = | AJ26: =+ecu/AH22 -> 4.1509434e-06 | AL26: Ac | AM26: =+AM24*AM25 -> 4800 | AN26: mm2 | AW26: κ = εcu / c | AY26: κ = | AZ26: =+ecu/AX22 -> 5.1886792e-06 | BB26: Ac | BC26: =+BC24*BC25 -> 4800 | BD26: mm2 | BM26: κ = εcu / c | BO26: κ = | BP26: =+ecu/BN22 -> 6.2264151e-06 | BR26: Ac | BS26: =+BS24*BS25 -> 4240 | BT26: mm2
A28: Concrete Force | I28: Steel Force | Q28: Concrete Force | Y28: Steel Force | AG28: Concrete Force | AO28: Steel Force | AW28: Concrete Force | BE28: Steel Force | BM28: Concrete Force | BU28: Steel Force
A29: i | B29: y | C29: εci | D29: fci | E29: Fci | F29: Mci | H29: i | I29: Y | J29: εsi | K29: fsi | L29: fci | M29: fsi_eff | N29: Fsi | O29: Msi | Q29: i | R29: y | S29: εci | T29: fci | U29: Fci | V29: Mci | X29: i | Y29: Y | Z29: εsi | AA29: fsi | AB29: fci | AC29: fsi_eff | AD29: Fsi | AE29: Msi | AG29: i | AH29: y | AI29: εci | AJ29: fci | AK29: Fci | AL29: Mci | AN29: i | AO29: Y | AP29: εsi | AQ29: fsi | AR29: fci | AS29: fsi_eff | AT29: Fsi | AU29: Msi | AW29: i | AX29: y | AY29: εci | AZ29: fci | BA29: Fci | BB29: Mci | BD29: i | BE29: Y | BF29: εsi | BG29: fsi | BH29: fci | BI29: fsi_eff | BJ29: Fsi | BK29: Msi | BM29: i | BN29: y | BO29: εci | BP29: fci | BQ29: Fci | BR29: Mci | BT29: i | BU29: Y | BV29: εsi | BW29: fsi | BX29: fci | BY29: fsi_eff | BZ29: Fsi | CA29: Msi
A30: Unit | B30: mm | D30: Mpa | E30: N | F30: Nmm | H30: Unit | I30: mm | K30: Mpa | L30: Mpa | M30: Mpa | N30: Nmm | O30: Nmm | Q30: Unit | R30: mm | T30: Mpa | U30: N | V30: Nmm | X30: Unit | Y30: mm | AA30: Mpa | AB30: Mpa | AC30: Mpa | AD30: Nmm | AE30: Nmm | AG30: Unit | AH30: mm | AJ30: Mpa | AK30: N | AL30: Nmm | AN30: Unit | AO30: mm | AQ30: Mpa | AR30: Mpa | AS30: Mpa | AT30: Nmm | AU30: Nmm | AW30: Unit | AX30: mm | AZ30: Mpa | BA30: N | BB30: Nmm | BD30: Unit | BE30: mm | BG30: Mpa | BH30: Mpa | BI30: Mpa | BJ30: Nmm | BK30: Nmm | BM30: Unit | BN30: mm | BP30: Mpa | BQ30: N | BR30: Nmm | BT30: Unit | BU30: mm | BW30: Mpa | BX30: Mpa | BY30: Mpa | BZ30: Nmm | CA30: Nmm
A31: SUM | E31: =+SUM(E32:E81) -> 6120000 | F31: =+SUM(F32:F81) -> 0 | H31: SUM | N31: =+SUM(N32:N43) -> 3313098.5 | O31: =+SUM(O32:O43) -> -69273877 | Q31: SUM | U31: =+SUM(U32:U81) -> 6070040.5 | V31: =+SUM(V32:V81) -> 12701906 | X31: SUM | AD31: =+SUM(AD32:AD43) -> 3077993.7 | AE31: =+SUM(AE32:AE43) -> -16442540 | AG31: SUM | AK31: =+SUM(AK32:AK81) -> 5774584.6 | AL31: =+SUM(AL32:AL81) -> 78824373 | AN31: SUM | AT31: =+SUM(AT32:AT43) -> 2597069.2 | AU31: =+SUM(AU32:AU43) -> 80054585 | AW31: SUM | BA31: =+SUM(BA32:BA81) -> 5143713.9 | BB31: =+SUM(BB32:BB81) -> 2.0751818e+08 | BD31: SUM | BJ31: =+SUM(BJ32:BJ43) -> 2132635.9 | BK31: =+SUM(BK32:BK43) -> 1.7316711e+08 | BM31: SUM | BQ31: =+SUM(BQ32:BQ81) -> 4314174.2 | BR31: =+SUM(BR32:BR81) -> 3.5258094e+08 | BT31: SUM | BZ31: =+SUM(BZ32:BZ43) -> 1684693.8 | CA31: =+SUM(CA32:CA43) -> 2.6289504e+08
A32: 1 | B32: =h/2-($A32-0.5)*G$24 -> 294 | C32: =D$25+D$26*B32 -> 0.0032875472 | D32: =+IF(C32>=0,IF(C32<=eco,1-(1-C32/eco)^n,1),0)*0.85*fck -> 25.5 | E32: =+D32*G$26 -> 122400 | F32: =+E32*B32 -> 35985600 | H32: 1 | I32: =Input!$E10 -> 230 | J32: =D$25+D$26*I32 -> 0.003154717 | K32: =J32*Es -> 630.9434 | L32: =+IF(K32>=0,IF(J32<=eco,1-(1-J32/eco)^n,1),0)*0.85*fck -> 25.5 | M32: =MAX(MIN(K32,fy),-fy)-IF(K32>=0,L32,0) -> 374.5 | N32: =IF(AND(ISNUMBER(Input!$D10),ISNUMBER(Input!$E10)),M32*As,0) -> 301190.77 | O32: =N32*I32 -> 69273877 | Q32: 1 | R32: =h/2-($Q32-0.5)*W$24 -> 294 | S32: =T$25+T$26*R32 -> 0.0032813208 | T32: =+IF(S32>=0,IF(S32<=eco,1-(1-S32/eco)^n,1),0)*0.85*fck -> 25.5 | U32: =+T32*W$26 -> 122400 | V32: =+U32*R32 -> 35985600 | X32: 1 | Y32: =Input!$E10 -> 230 | Z32: =T$25+T$26*Y32 -> 0.0030820755 | AA32: =Z32*Es -> 616.41509 | AB32: =+IF(AA32>=0,IF(Z32<=eco,1-(1-Z32/eco)^n,1),0)*0.85*fck -> 25.5 | AC32: =MAX(MIN(AA32,fy),-fy)-IF(AA32>=0,AB32,0) -> 374.5 | AD32: =IF(AND(ISNUMBER(Input!$D10),ISNUMBER(Input!$E10)),AC32*As,0) -> 301190.77 | AE32: =AD32*Y32 -> 69273877 | AG32: 1 | AH32: =h/2-($AG32-0.5)*AM$24 -> 294 | AI32: =AJ$25+AJ$26*AH32 -> 0.0032750943 | AJ32: =+IF(AI32>=0,IF(AI32<=eco,1-(1-AI32/eco)^n,1),0)*0.85*fck -> 25.5 | AK32: =+AJ32*AM$26 -> 122400 | AL32: =+AK32*AH32 -> 35985600 | AN32: 1 | AO32: =Input!$E10 -> 230 | AP32: =AJ$25+AJ$26*AO32 -> 0.003009434 | AQ32: =AP32*Es -> 601.88679 | AR32: =+IF(AQ32>=0,IF(AP32<=eco,1-(1-AP32/eco)^n,1),0)*0.85*fck -> 25.5 | AS32: =MAX(MIN(AQ32,fy),-fy)-IF(AQ32>=0,AR32,0) -> 374.5 | AT32: =IF(AND(ISNUMBER(Input!$D10),ISNUMBER(Input!$E10)),AS32*As,0) -> 301190.77 | AU32: =AT32*AO32 -> 69273877 | AW32: 1 | AX32: =h/2-($AW32-0.5)*BC$24 -> 294 | AY32: =AZ$25+AZ$26*AX32 -> 0.0032688679 | AZ32: =+IF(AY32>=0,IF(AY32<=eco,1-(1-AY32/eco)^n,1),0)*0.85*fck -> 25.5 | BA32: =+AZ32*BC$26 -> 122400 | BB32: =+BA32*AX32 -> 35985600 | BD32: 1 | BE32: =Input!$E10 -> 230 | BF32: =AZ$25+AZ$26*BE32 -> 0.0029367925 | BG32: =BF32*Es -> 587.35849 | BH32: =+IF(BG32>=0,IF(BF32<=eco,1-(1-BF32/eco)^n,1),0)*0.85*fck -> 25.5 | BI32: =MAX(MIN(BG32,fy),-fy)-IF(BG32>=0,BH32,0) -> 374.5 | BJ32: =IF(AND(ISNUMBER(Input!$D10),ISNUMBER(Input!$E10)),BI32*As,0) -> 301190.77 | BK32: =BJ32*BE32 -> 69273877 | BM32: 1 | BN32: =h/2-($BM32-0.5)*BS$24 -> 294.7 | BO32: =BP$25+BP$26*BN32 -> 0.003267 | BP32: =+IF(BO32>=0,IF(BO32<=eco,1-(1-BO32/eco)^n,1),0)*0.85*fck -> 25.5 | BQ32: =+BP32*BS$26 -> 108120 | BR32: =+BQ32*BN32 -> 31862964 | BT32: 1 | BU32: =Input!$E10 -> 230 | BV32: =BP$25+BP$26*BU32 -> 0.0028641509 | BW32: =BV32*Es -> 572.83019 | BX32: =+IF(BW32>=0,IF(BV32<=eco,1-(1-BV32/eco)^n,1),0)*0.85*fck -> 25.5 | BY32: =MAX(MIN(BW32,fy),-fy)-IF(BW32>=0,BX32,0) -> 374.5 | BZ32: =IF(AND(ISNUMBER(Input!$D10),ISNUMBER(Input!$E10)),BY32*As,0) -> 301190.77 | CA32: =BZ32*BU32 -> 69273877
A33: 2 | B33: =h/2-($A33-0.5)*G$24 -> 282 | C33: =D$25+D$26*B33 -> 0.0032626415 | D33: =+IF(C33>=0,IF(C33<=eco,1-(1-C33/eco)^n,1),0)*0.85*fck -> 25.5 | E33: =+D33*G$26 -> 122400 | F33: =+E33*B33 -> 34516800 | H33: 2 | I33: =Input!$E11 -> 230 | J33: =D$25+D$26*I33 -> 0.003154717 | K33: =J33*Es -> 630.9434 | L33: =+IF(K33>=0,IF(J33<=eco,1-(1-J33/eco)^n,1),0)*0.85*fck -> 25.5 | M33: =MAX(MIN(K33,fy),-fy)-IF(K33>=0,L33,0) -> 374.5 | N33: =IF(AND(ISNUMBER(Input!$D11),ISNUMBER(Input!$E11)),M33*As,0) -> 301190.77 | O33: =N33*I33 -> 69273877 | Q33: 2 | R33: =h/2-($Q33-0.5)*W$24 -> 282 | S33: =T$25+T$26*R33 -> 0.0032439623 | T33: =+IF(S33>=0,IF(S33<=eco,1-(1-S33/eco)^n,1),0)*0.85*fck -> 25.5 | U33: =+T33*W$26 -> 122400 | V33: =+U33*R33 -> 34516800 | X33: 2 | Y33: =Input!$E11 -> 230 | Z33: =T$25+T$26*Y33 -> 0.0030820755 | AA33: =Z33*Es -> 616.41509 | AB33: =+IF(AA33>=0,IF(Z33<=eco,1-(1-Z33/eco)^n,1),0)*0.85*fck -> 25.5 | AC33: =MAX(MIN(AA33,fy),-fy)-IF(AA33>=0,AB33,0) -> 374.5 | AD33: =IF(AND(ISNUMBER(Input!$D11),ISNUMBER(Input!$E11)),AC33*As,0) -> 301190.77 | AE33: =AD33*Y33 -> 69273877 | AG33: 2 | AH33: =h/2-($AG33-0.5)*AM$24 -> 282 | AI33: =AJ$25+AJ$26*AH33 -> 0.003225283 | AJ33: =+IF(AI33>=0,IF(AI33<=eco,1-(1-AI33/eco)^n,1),0)*0.85*fck -> 25.5 | AK33: =+AJ33*AM$26 -> 122400 | AL33: =+AK33*AH33 -> 34516800 | AN33: 2 | AO33: =Input!$E11 -> 230 | AP33: =AJ$25+AJ$26*AO33 -> 0.003009434 | AQ33: =AP33*Es -> 601.88679 | AR33: =+IF(AQ33>=0,IF(AP33<=eco,1-(1-AP33/eco)^n,1),0)*0.85*fck -> 25.5 | AS33: =MAX(MIN(AQ33,fy),-fy)-IF(AQ33>=0,AR33,0) -> 374.5 | AT33: =IF(AND(ISNUMBER(Input!$D11),ISNUMBER(Input!$E11)),AS33*As,0) -> 301190.77 | AU33: =AT33*AO33 -> 69273877 | AW33: 2 | AX33: =h/2-($AW33-0.5)*BC$24 -> 282 | AY33: =AZ$25+AZ$26*AX33 -> 0.0032066038 | AZ33: =+IF(AY33>=0,IF(AY33<=eco,1-(1-AY33/eco)^n,1),0)*0.85*fck -> 25.5 | BA33: =+AZ33*BC$26 -> 122400 | BB33: =+BA33*AX33 -> 34516800 | BD33: 2 | BE33: =Input!$E11 -> 230 | BF33: =AZ$25+AZ$26*BE33 -> 0.0029367925 | BG33: =BF33*Es -> 587.35849 | BH33: =+IF(BG33>=0,IF(BF33<=eco,1-(1-BF33/eco)^n,1),0)*0.85*fck -> 25.5 | BI33: =MAX(MIN(BG33,fy),-fy)-IF(BG33>=0,BH33,0) -> 374.5 | BJ33: =IF(AND(ISNUMBER(Input!$D11),ISNUMBER(Input!$E11)),BI33*As,0) -> 301190.77 | BK33: =BJ33*BE33 -> 69273877 | BM33: 2 | BN33: =h/2-($BM33-0.5)*BS$24 -> 284.1 | BO33: =BP$25+BP$26*BN33 -> 0.003201 | BP33: =+IF(BO33>=0,IF(BO33<=eco,1-(1-BO33/eco)^n,1),0)*0.85*fck -> 25.5 | BQ33: =+BP33*BS$26 -> 108120 | BR33: =+BQ33*BN33 -> 30716892 | BT33: 2 | BU33: =Input!$E11 -> 230 | BV33: =BP$25+BP$26*BU33 -> 0.0028641509 | BW33: =BV33*Es -> 572.83019 | BX33: =+IF(BW33>=0,IF(BV33<=eco,1-(1-BV33/eco)^n,1),0)*0.85*fck -> 25.5 | BY33: =MAX(MIN(BW33,fy),-fy)-IF(BW33>=0,BX33,0) -> 374.5 | BZ33: =IF(AND(ISNUMBER(Input!$D11),ISNUMBER(Input!$E11)),BY33*As,0) -> 301190.77 | CA33: =BZ33*BU33 -> 69273877
A34: 3 | B34: =h/2-($A34-0.5)*G$24 -> 270 | C34: =D$25+D$26*B34 -> 0.0032377358 | D34: =+IF(C34>=0,IF(C34<=eco,1-(1-C34/eco)^n,1),0)*0.85*fck -> 25.5 | E34: =+D34*G$26 -> 122400 | F34: =+E34*B34 -> 33048000 | H34: 3 | I34: =Input!$E12 -> 230 | J34: =D$25+D$26*I34 -> 0.003154717 | K34: =J34*Es -> 630.9434 | L34: =+IF(K34>=0,IF(J34<=eco,1-(1-J34/eco)^n,1),0)*0.85*fck -> 25.5 | M34: =MAX(MIN(K34,fy),-fy)-IF(K34>=0,L34,0) -> 374.5 | N34: =IF(AND(ISNUMBER(Input!$D12),ISNUMBER(Input!$E12)),M34*As,0) -> 301190.77 | O34: =N34*I34 -> 69273877 | Q34: 3 | R34: =h/2-($Q34-0.5)*W$24 -> 270 | S34: =T$25+T$26*R34 -> 0.0032066038 | T34: =+IF(S34>=0,IF(S34<=eco,1-(1-S34/eco)^n,1),0)*0.85*fck -> 25.5 | U34: =+T34*W$26 -> 122400 | V34: =+U34*R34 -> 33048000 | X34: 3 | Y34: =Input!$E12 -> 230 | Z34: =T$25+T$26*Y34 -> 0.0030820755 | AA34: =Z34*Es -> 616.41509 | AB34: =+IF(AA34>=0,IF(Z34<=eco,1-(1-Z34/eco)^n,1),0)*0.85*fck -> 25.5 | AC34: =MAX(MIN(AA34,fy),-fy)-IF(AA34>=0,AB34,0) -> 374.5 | AD34: =IF(AND(ISNUMBER(Input!$D12),ISNUMBER(Input!$E12)),AC34*As,0) -> 301190.77 | AE34: =AD34*Y34 -> 69273877 | AG34: 3 | AH34: =h/2-($AG34-0.5)*AM$24 -> 270 | AI34: =AJ$25+AJ$26*AH34 -> 0.0031754717 | AJ34: =+IF(AI34>=0,IF(AI34<=eco,1-(1-AI34/eco)^n,1),0)*0.85*fck -> 25.5 | AK34: =+AJ34*AM$26 -> 122400 | AL34: =+AK34*AH34 -> 33048000 | AN34: 3 | AO34: =Input!$E12 -> 230 | AP34: =AJ$25+AJ$26*AO34 -> 0.003009434 | AQ34: =AP34*Es -> 601.88679 | AR34: =+IF(AQ34>=0,IF(AP34<=eco,1-(1-AP34/eco)^n,1),0)*0.85*fck -> 25.5 | AS34: =MAX(MIN(AQ34,fy),-fy)-IF(AQ34>=0,AR34,0) -> 374.5 | AT34: =IF(AND(ISNUMBER(Input!$D12),ISNUMBER(Input!$E12)),AS34*As,0) -> 301190.77 | AU34: =AT34*AO34 -> 69273877 | AW34: 3 | AX34: =h/2-($AW34-0.5)*BC$24 -> 270 | AY34: =AZ$25+AZ$26*AX34 -> 0.0031443396 | AZ34: =+IF(AY34>=0,IF(AY34<=eco,1-(1-AY34/eco)^n,1),0)*0.85*fck -> 25.5 | BA34: =+AZ34*BC$26 -> 122400 | BB34: =+BA34*AX34 -> 33048000 | BD34: 3 | BE34: =Input!$E12 -> 230 | BF34: =AZ$25+AZ$26*BE34 -> 0.0029367925 | BG34: =BF34*Es -> 587.35849 | BH34: =+IF(BG34>=0,IF(BF34<=eco,1-(1-BF34/eco)^n,1),0)*0.85*fck -> 25.5 | BI34: =MAX(MIN(BG34,fy),-fy)-IF(BG34>=0,BH34,0) -> 374.5 | BJ34: =IF(AND(ISNUMBER(Input!$D12),ISNUMBER(Input!$E12)),BI34*As,0) -> 301190.77 | BK34: =BJ34*BE34 -> 69273877 | BM34: 3 | BN34: =h/2-($BM34-0.5)*BS$24 -> 273.5 | BO34: =BP$25+BP$26*BN34 -> 0.003135 | BP34: =+IF(BO34>=0,IF(BO34<=eco,1-(1-BO34/eco)^n,1),0)*0.85*fck -> 25.5 | BQ34: =+BP34*BS$26 -> 108120 | BR34: =+BQ34*BN34 -> 29570820 | BT34: 3 | BU34: =Input!$E12 -> 230 | BV34: =BP$25+BP$26*BU34 -> 0.0028641509 | BW34: =BV34*Es -> 572.83019 | BX34: =+IF(BW34>=0,IF(BV34<=eco,1-(1-BV34/eco)^n,1),0)*0.85*fck -> 25.5 | BY34: =MAX(MIN(BW34,fy),-fy)-IF(BW34>=0,BX34,0) -> 374.5 | BZ34: =IF(AND(ISNUMBER(Input!$D12),ISNUMBER(Input!$E12)),BY34*As,0) -> 301190.77 | CA34: =BZ34*BU34 -> 69273877
A35: 4 | B35: =h/2-($A35-0.5)*G$24 -> 258 | C35: =D$25+D$26*B35 -> 0.0032128302 | D35: =+IF(C35>=0,IF(C35<=eco,1-(1-C35/eco)^n,1),0)*0.85*fck -> 25.5 | E35: =+D35*G$26 -> 122400 | F35: =+E35*B35 -> 31579200 | H35: 4 | I35: =Input!$E13 -> 0 | J35: =D$25+D$26*I35 -> 0.0026773585 | K35: =J35*Es -> 535.4717 | L35: =+IF(K35>=0,IF(J35<=eco,1-(1-J35/eco)^n,1),0)*0.85*fck -> 25.5 | M35: =MAX(MIN(K35,fy),-fy)-IF(K35>=0,L35,0) -> 374.5 | N35: =IF(AND(ISNUMBER(Input!$D13),ISNUMBER(Input!$E13)),M35*As,0) -> 0 | O35: =N35*I35 -> 0 | Q35: 4 | R35: =h/2-($Q35-0.5)*W$24 -> 258 | S35: =T$25+T$26*R35 -> 0.0031692453 | T35: =+IF(S35>=0,IF(S35<=eco,1-(1-S35/eco)^n,1),0)*0.85*fck -> 25.5 | U35: =+T35*W$26 -> 122400 | V35: =+U35*R35 -> 31579200 | X35: 4 | Y35: =Input!$E13 -> 0 | Z35: =T$25+T$26*Y35 -> 0.0023660377 | AA35: =Z35*Es -> 473.20755 | AB35: =+IF(AA35>=0,IF(Z35<=eco,1-(1-Z35/eco)^n,1),0)*0.85*fck -> 25.5 | AC35: =MAX(MIN(AA35,fy),-fy)-IF(AA35>=0,AB35,0) -> 374.5 | AD35: =IF(AND(ISNUMBER(Input!$D13),ISNUMBER(Input!$E13)),AC35*As,0) -> 0 | AE35: =AD35*Y35 -> 0 | AG35: 4 | AH35: =h/2-($AG35-0.5)*AM$24 -> 258 | AI35: =AJ$25+AJ$26*AH35 -> 0.0031256604 | AJ35: =+IF(AI35>=0,IF(AI35<=eco,1-(1-AI35/eco)^n,1),0)*0.85*fck -> 25.5 | AK35: =+AJ35*AM$26 -> 122400 | AL35: =+AK35*AH35 -> 31579200 | AN35: 4 | AO35: =Input!$E13 -> 0 | AP35: =AJ$25+AJ$26*AO35 -> 0.002054717 | AQ35: =AP35*Es -> 410.9434 | AR35: =+IF(AQ35>=0,IF(AP35<=eco,1-(1-AP35/eco)^n,1),0)*0.85*fck -> 25.5 | AS35: =MAX(MIN(AQ35,fy),-fy)-IF(AQ35>=0,AR35,0) -> 374.5 | AT35: =IF(AND(ISNUMBER(Input!$D13),ISNUMBER(Input!$E13)),AS35*As,0) -> 0 | AU35: =AT35*AO35 -> 0 | AW35: 4 | AX35: =h/2-($AW35-0.5)*BC$24 -> 258 | AY35: =AZ$25+AZ$26*AX35 -> 0.0030820755 | AZ35: =+IF(AY35>=0,IF(AY35<=eco,1-(1-AY35/eco)^n,1),0)*0.85*fck -> 25.5 | BA35: =+AZ35*BC$26 -> 122400 | BB35: =+BA35*AX35 -> 31579200 | BD35: 4 | BE35: =Input!$E13 -> 0 | BF35: =AZ$25+AZ$26*BE35 -> 0.0017433962 | BG35: =BF35*Es -> 348.67925 | BH35: =+IF(BG35>=0,IF(BF35<=eco,1-(1-BF35/eco)^n,1),0)*0.85*fck -> 25.080235 | BI35: =MAX(MIN(BG35,fy),-fy)-IF(BG35>=0,BH35,0) -> 323.59901 | BJ35: =IF(AND(ISNUMBER(Input!$D13),ISNUMBER(Input!$E13)),BI35*As,0) -> 0 | BK35: =BJ35*BE35 -> 0 | BM35: 4 | BN35: =h/2-($BM35-0.5)*BS$24 -> 262.9 | BO35: =BP$25+BP$26*BN35 -> 0.003069 | BP35: =+IF(BO35>=0,IF(BO35<=eco,1-(1-BO35/eco)^n,1),0)*0.85*fck -> 25.5 | BQ35: =+BP35*BS$26 -> 108120 | BR35: =+BQ35*BN35 -> 28424748 | BT35: 4 | BU35: =Input!$E13 -> 0 | BV35: =BP$25+BP$26*BU35 -> 0.0014320755 | BW35: =BV35*Es -> 286.41509 | BX35: =+IF(BW35>=0,IF(BV35<=eco,1-(1-BV35/eco)^n,1),0)*0.85*fck -> 23.443819 | BY35: =MAX(MIN(BW35,fy),-fy)-IF(BW35>=0,BX35,0) -> 262.97128 | BZ35: =IF(AND(ISNUMBER(Input!$D13),ISNUMBER(Input!$E13)),BY35*As,0) -> 0 | CA35: =BZ35*BU35 -> 0
A36: 5 | B36: =h/2-($A36-0.5)*G$24 -> 246 | C36: =D$25+D$26*B36 -> 0.0031879245 | D36: =+IF(C36>=0,IF(C36<=eco,1-(1-C36/eco)^n,1),0)*0.85*fck -> 25.5 | E36: =+D36*G$26 -> 122400 | F36: =+E36*B36 -> 30110400 | H36: 5 | I36: =Input!$E14 -> -230 | J36: =D$25+D$26*I36 -> 0.0022 | K36: =J36*Es -> 440 | L36: =+IF(K36>=0,IF(J36<=eco,1-(1-J36/eco)^n,1),0)*0.85*fck -> 25.5 | M36: =MAX(MIN(K36,fy),-fy)-IF(K36>=0,L36,0) -> 374.5 | N36: =IF(AND(ISNUMBER(Input!$D14),ISNUMBER(Input!$E14)),M36*As,0) -> 301190.77 | O36: =N36*I36 -> -69273877 | Q36: 5 | R36: =h/2-($Q36-0.5)*W$24 -> 246 | S36: =T$25+T$26*R36 -> 0.0031318868 | T36: =+IF(S36>=0,IF(S36<=eco,1-(1-S36/eco)^n,1),0)*0.85*fck -> 25.5 | U36: =+T36*W$26 -> 122400 | V36: =+U36*R36 -> 30110400 | X36: 5 | Y36: =Input!$E14 -> -230 | Z36: =T$25+T$26*Y36 -> 0.00165 | AA36: =Z36*Es -> 330 | AB36: =+IF(AA36>=0,IF(Z36<=eco,1-(1-Z36/eco)^n,1),0)*0.85*fck -> 24.719062 | AC36: =MAX(MIN(AA36,fy),-fy)-IF(AA36>=0,AB36,0) -> 305.28094 | AD36: =IF(AND(ISNUMBER(Input!$D14),ISNUMBER(Input!$E14)),AC36*As,0) -> 245521.5 | AE36: =AD36*Y36 -> -56469944 | AG36: 5 | AH36: =h/2-($AG36-0.5)*AM$24 -> 246 | AI36: =AJ$25+AJ$26*AH36 -> 0.0030758491 | AJ36: =+IF(AI36>=0,IF(AI36<=eco,1-(1-AI36/eco)^n,1),0)*0.85*fck -> 25.5 | AK36: =+AJ36*AM$26 -> 122400 | AL36: =+AK36*AH36 -> 30110400 | AN36: 5 | AO36: =Input!$E14 -> -230 | AP36: =AJ$25+AJ$26*AO36 -> 0.0011 | AQ36: =AP36*Es -> 220 | AR36: =+IF(AQ36>=0,IF(AP36<=eco,1-(1-AP36/eco)^n,1),0)*0.85*fck -> 20.33625 | AS36: =MAX(MIN(AQ36,fy),-fy)-IF(AQ36>=0,AR36,0) -> 199.66375 | AT36: =IF(AND(ISNUMBER(Input!$D14),ISNUMBER(Input!$E14)),AS36*As,0) -> 160579.12 | AU36: =AT36*AO36 -> -36933197 | AW36: 5 | AX36: =h/2-($AW36-0.5)*BC$24 -> 246 | AY36: =AZ$25+AZ$26*AX36 -> 0.0030198113 | AZ36: =+IF(AY36>=0,IF(AY36<=eco,1-(1-AY36/eco)^n,1),0)*0.85*fck -> 25.5 | BA36: =+AZ36*BC$26 -> 122400 | BB36: =+BA36*AX36 -> 30110400 | BD36: 5 | BE36: =Input!$E14 -> -230 | BF36: =AZ$25+AZ$26*BE36 -> 0.00055 | BG36: =BF36*Es -> 110 | BH36: =+IF(BG36>=0,IF(BF36<=eco,1-(1-BF36/eco)^n,1),0)*0.85*fck -> 12.096562 | BI36: =MAX(MIN(BG36,fy),-fy)-IF(BG36>=0,BH36,0) -> 97.903437 | BJ36: =IF(AND(ISNUMBER(Input!$D14),ISNUMBER(Input!$E14)),BI36*As,0) -> 78738.616 | BK36: =BJ36*BE36 -> -18109882 | BM36: 5 | BN36: =h/2-($BM36-0.5)*BS$24 -> 252.3 | BO36: =BP$25+BP$26*BN36 -> 0.003003 | BP36: =+IF(BO36>=0,IF(BO36<=eco,1-(1-BO36/eco)^n,1),0)*0.85*fck -> 25.5 | BQ36: =+BP36*BS$26 -> 108120 | BR36: =+BQ36*BN36 -> 27278676 | BT36: 5 | BU36: =Input!$E14 -> -230 | BV36: =BP$25+BP$26*BU36 -> 0 | BW36: =BV36*Es -> 0 | BX36: =+IF(BW36>=0,IF(BV36<=eco,1-(1-BV36/eco)^n,1),0)*0.85*fck -> 0 | BY36: =MAX(MIN(BW36,fy),-fy)-IF(BW36>=0,BX36,0) -> 0 | BZ36: =IF(AND(ISNUMBER(Input!$D14),ISNUMBER(Input!$E14)),BY36*As,0) -> 0 | CA36: =BZ36*BU36 -> 0
A37: 6 | B37: =h/2-($A37-0.5)*G$24 -> 234 | C37: =D$25+D$26*B37 -> 0.0031630189 | D37: =+IF(C37>=0,IF(C37<=eco,1-(1-C37/eco)^n,1),0)*0.85*fck -> 25.5 | E37: =+D37*G$26 -> 122400 | F37: =+E37*B37 -> 28641600 | H37: 6 | I37: =Input!$E15 -> -230 | J37: =D$25+D$26*I37 -> 0.0022 | K37: =J37*Es -> 440 | L37: =+IF(K37>=0,IF(J37<=eco,1-(1-J37/eco)^n,1),0)*0.85*fck -> 25.5 | M37: =MAX(MIN(K37,fy),-fy)-IF(K37>=0,L37,0) -> 374.5 | N37: =IF(AND(ISNUMBER(Input!$D15),ISNUMBER(Input!$E15)),M37*As,0) -> 301190.77 | O37: =N37*I37 -> -69273877 | Q37: 6 | R37: =h/2-($Q37-0.5)*W$24 -> 234 | S37: =T$25+T$26*R37 -> 0.0030945283 | T37: =+IF(S37>=0,IF(S37<=eco,1-(1-S37/eco)^n,1),0)*0.85*fck -> 25.5 | U37: =+T37*W$26 -> 122400 | V37: =+U37*R37 -> 28641600 | X37: 6 | Y37: =Input!$E15 -> -230 | Z37: =T$25+T$26*Y37 -> 0.00165 | AA37: =Z37*Es -> 330 | AB37: =+IF(AA37>=0,IF(Z37<=eco,1-(1-Z37/eco)^n,1),0)*0.85*fck -> 24.719062 | AC37: =MAX(MIN(AA37,fy),-fy)-IF(AA37>=0,AB37,0) -> 305.28094 | AD37: =IF(AND(ISNUMBER(Input!$D15),ISNUMBER(Input!$E15)),AC37*As,0) -> 245521.5 | AE37: =AD37*Y37 -> -56469944 | AG37: 6 | AH37: =h/2-($AG37-0.5)*AM$24 -> 234 | AI37: =AJ$25+AJ$26*AH37 -> 0.0030260377 | AJ37: =+IF(AI37>=0,IF(AI37<=eco,1-(1-AI37/eco)^n,1),0)*0.85*fck -> 25.5 | AK37: =+AJ37*AM$26 -> 122400 | AL37: =+AK37*AH37 -> 28641600 | AN37: 6 | AO37: =Input!$E15 -> -230 | AP37: =AJ$25+AJ$26*AO37 -> 0.0011 | AQ37: =AP37*Es -> 220 | AR37: =+IF(AQ37>=0,IF(AP37<=eco,1-(1-AP37/eco)^n,1),0)*0.85*fck -> 20.33625 | AS37: =MAX(MIN(AQ37,fy),-fy)-IF(AQ37>=0,AR37,0) -> 199.66375 | AT37: =IF(AND(ISNUMBER(Input!$D15),ISNUMBER(Input!$E15)),AS37*As,0) -> 160579.12 | AU37: =AT37*AO37 -> -36933197 | AW37: 6 | AX37: =h/2-($AW37-0.5)*BC$24 -> 234 | AY37: =AZ$25+AZ$26*AX37 -> 0.0029575472 | AZ37: =+IF(AY37>=0,IF(AY37<=eco,1-(1-AY37/eco)^n,1),0)*0.85*fck -> 25.5 | BA37: =+AZ37*BC$26 -> 122400 | BB37: =+BA37*AX37 -> 28641600 | BD37: 6 | BE37: =Input!$E15 -> -230 | BF37: =AZ$25+AZ$26*BE37 -> 0.00055 | BG37: =BF37*Es -> 110 | BH37: =+IF(BG37>=0,IF(BF37<=eco,1-(1-BF37/eco)^n,1),0)*0.85*fck -> 12.096562 | BI37: =MAX(MIN(BG37,fy),-fy)-IF(BG37>=0,BH37,0) -> 97.903437 | BJ37: =IF(AND(ISNUMBER(Input!$D15),ISNUMBER(Input!$E15)),BI37*As,0) -> 78738.616 | BK37: =BJ37*BE37 -> -18109882 | BM37: 6 | BN37: =h/2-($BM37-0.5)*BS$24 -> 241.7 | BO37: =BP$25+BP$26*BN37 -> 0.002937 | BP37: =+IF(BO37>=0,IF(BO37<=eco,1-(1-BO37/eco)^n,1),0)*0.85*fck -> 25.5 | BQ37: =+BP37*BS$26 -> 108120 | BR37: =+BQ37*BN37 -> 26132604 | BT37: 6 | BU37: =Input!$E15 -> -230 | BV37: =BP$25+BP$26*BU37 -> 0 | BW37: =BV37*Es -> 0 | BX37: =+IF(BW37>=0,IF(BV37<=eco,1-(1-BV37/eco)^n,1),0)*0.85*fck -> 0 | BY37: =MAX(MIN(BW37,fy),-fy)-IF(BW37>=0,BX37,0) -> 0 | BZ37: =IF(AND(ISNUMBER(Input!$D15),ISNUMBER(Input!$E15)),BY37*As,0) -> 0 | CA37: =BZ37*BU37 -> 0
A38: 7 | B38: =h/2-($A38-0.5)*G$24 -> 222 | C38: =D$25+D$26*B38 -> 0.0031381132 | D38: =+IF(C38>=0,IF(C38<=eco,1-(1-C38/eco)^n,1),0)*0.85*fck -> 25.5 | E38: =+D38*G$26 -> 122400 | F38: =+E38*B38 -> 27172800 | H38: 7 | I38: =Input!$E16 -> -230 | J38: =D$25+D$26*I38 -> 0.0022 | K38: =J38*Es -> 440 | L38: =+IF(K38>=0,IF(J38<=eco,1-(1-J38/eco)^n,1),0)*0.85*fck -> 25.5 | M38: =MAX(MIN(K38,fy),-fy)-IF(K38>=0,L38,0) -> 374.5 | N38: =IF(AND(ISNUMBER(Input!$D16),ISNUMBER(Input!$E16)),M38*As,0) -> 301190.77 | O38: =N38*I38 -> -69273877 | Q38: 7 | R38: =h/2-($Q38-0.5)*W$24 -> 222 | S38: =T$25+T$26*R38 -> 0.0030571698 | T38: =+IF(S38>=0,IF(S38<=eco,1-(1-S38/eco)^n,1),0)*0.85*fck -> 25.5 | U38: =+T38*W$26 -> 122400 | V38: =+U38*R38 -> 27172800 | X38: 7 | Y38: =Input!$E16 -> -230 | Z38: =T$25+T$26*Y38 -> 0.00165 | AA38: =Z38*Es -> 330 | AB38: =+IF(AA38>=0,IF(Z38<=eco,1-(1-Z38/eco)^n,1),0)*0.85*fck -> 24.719062 | AC38: =MAX(MIN(AA38,fy),-fy)-IF(AA38>=0,AB38,0) -> 305.28094 | AD38: =IF(AND(ISNUMBER(Input!$D16),ISNUMBER(Input!$E16)),AC38*As,0) -> 245521.5 | AE38: =AD38*Y38 -> -56469944 | AG38: 7 | AH38: =h/2-($AG38-0.5)*AM$24 -> 222 | AI38: =AJ$25+AJ$26*AH38 -> 0.0029762264 | AJ38: =+IF(AI38>=0,IF(AI38<=eco,1-(1-AI38/eco)^n,1),0)*0.85*fck -> 25.5 | AK38: =+AJ38*AM$26 -> 122400 | AL38: =+AK38*AH38 -> 27172800 | AN38: 7 | AO38: =Input!$E16 -> -230 | AP38: =AJ$25+AJ$26*AO38 -> 0.0011 | AQ38: =AP38*Es -> 220 | AR38: =+IF(AQ38>=0,IF(AP38<=eco,1-(1-AP38/eco)^n,1),0)*0.85*fck -> 20.33625 | AS38: =MAX(MIN(AQ38,fy),-fy)-IF(AQ38>=0,AR38,0) -> 199.66375 | AT38: =IF(AND(ISNUMBER(Input!$D16),ISNUMBER(Input!$E16)),AS38*As,0) -> 160579.12 | AU38: =AT38*AO38 -> -36933197 | AW38: 7 | AX38: =h/2-($AW38-0.5)*BC$24 -> 222 | AY38: =AZ$25+AZ$26*AX38 -> 0.002895283 | AZ38: =+IF(AY38>=0,IF(AY38<=eco,1-(1-AY38/eco)^n,1),0)*0.85*fck -> 25.5 | BA38: =+AZ38*BC$26 -> 122400 | BB38: =+BA38*AX38 -> 27172800 | BD38: 7 | BE38: =Input!$E16 -> -230 | BF38: =AZ$25+AZ$26*BE38 -> 0.00055 | BG38: =BF38*Es -> 110 | BH38: =+IF(BG38>=0,IF(BF38<=eco,1-(1-BF38/eco)^n,1),0)*0.85*fck -> 12.096562 | BI38: =MAX(MIN(BG38,fy),-fy)-IF(BG38>=0,BH38,0) -> 97.903437 | BJ38: =IF(AND(ISNUMBER(Input!$D16),ISNUMBER(Input!$E16)),BI38*As,0) -> 78738.616 | BK38: =BJ38*BE38 -> -18109882 | BM38: 7 | BN38: =h/2-($BM38-0.5)*BS$24 -> 231.1 | BO38: =BP$25+BP$26*BN38 -> 0.002871 | BP38: =+IF(BO38>=0,IF(BO38<=eco,1-(1-BO38/eco)^n,1),0)*0.85*fck -> 25.5 | BQ38: =+BP38*BS$26 -> 108120 | BR38: =+BQ38*BN38 -> 24986532 | BT38: 7 | BU38: =Input!$E16 -> -230 | BV38: =BP$25+BP$26*BU38 -> 0 | BW38: =BV38*Es -> 0 | BX38: =+IF(BW38>=0,IF(BV38<=eco,1-(1-BV38/eco)^n,1),0)*0.85*fck -> 0 | BY38: =MAX(MIN(BW38,fy),-fy)-IF(BW38>=0,BX38,0) -> 0 | BZ38: =IF(AND(ISNUMBER(Input!$D16),ISNUMBER(Input!$E16)),BY38*As,0) -> 0 | CA38: =BZ38*BU38 -> 0
A39: 8 | B39: =h/2-($A39-0.5)*G$24 -> 210 | C39: =D$25+D$26*B39 -> 0.0031132075 | D39: =+IF(C39>=0,IF(C39<=eco,1-(1-C39/eco)^n,1),0)*0.85*fck -> 25.5 | E39: =+D39*G$26 -> 122400 | F39: =+E39*B39 -> 25704000 | H39: 8 | I39: =Input!$E17 -> -230 | J39: =D$25+D$26*I39 -> 0.0022 | K39: =J39*Es -> 440 | L39: =+IF(K39>=0,IF(J39<=eco,1-(1-J39/eco)^n,1),0)*0.85*fck -> 25.5 | M39: =MAX(MIN(K39,fy),-fy)-IF(K39>=0,L39,0) -> 374.5 | N39: =IF(AND(ISNUMBER(Input!$D17),ISNUMBER(Input!$E17)),M39*As,0) -> 301190.77 | O39: =N39*I39 -> -69273877 | Q39: 8 | R39: =h/2-($Q39-0.5)*W$24 -> 210 | S39: =T$25+T$26*R39 -> 0.0030198113 | T39: =+IF(S39>=0,IF(S39<=eco,1-(1-S39/eco)^n,1),0)*0.85*fck -> 25.5 | U39: =+T39*W$26 -> 122400 | V39: =+U39*R39 -> 25704000 | X39: 8 | Y39: =Input!$E17 -> -230 | Z39: =T$25+T$26*Y39 -> 0.00165 | AA39: =Z39*Es -> 330 | AB39: =+IF(AA39>=0,IF(Z39<=eco,1-(1-Z39/eco)^n,1),0)*0.85*fck -> 24.719062 | AC39: =MAX(MIN(AA39,fy),-fy)-IF(AA39>=0,AB39,0) -> 305.28094 | AD39: =IF(AND(ISNUMBER(Input!$D17),ISNUMBER(Input!$E17)),AC39*As,0) -> 245521.5 | AE39: =AD39*Y39 -> -56469944 | AG39: 8 | AH39: =h/2-($AG39-0.5)*AM$24 -> 210 | AI39: =AJ$25+AJ$26*AH39 -> 0.0029264151 | AJ39: =+IF(AI39>=0,IF(AI39<=eco,1-(1-AI39/eco)^n,1),0)*0.85*fck -> 25.5 | AK39: =+AJ39*AM$26 -> 122400 | AL39: =+AK39*AH39 -> 25704000 | AN39: 8 | AO39: =Input!$E17 -> -230 | AP39: =AJ$25+AJ$26*AO39 -> 0.0011 | AQ39: =AP39*Es -> 220 | AR39: =+IF(AQ39>=0,IF(AP39<=eco,1-(1-AP39/eco)^n,1),0)*0.85*fck -> 20.33625 | AS39: =MAX(MIN(AQ39,fy),-fy)-IF(AQ39>=0,AR39,0) -> 199.66375 | AT39: =IF(AND(ISNUMBER(Input!$D17),ISNUMBER(Input!$E17)),AS39*As,0) -> 160579.12 | AU39: =AT39*AO39 -> -36933197 | AW39: 8 | AX39: =h/2-($AW39-0.5)*BC$24 -> 210 | AY39: =AZ$25+AZ$26*AX39 -> 0.0028330189 | AZ39: =+IF(AY39>=0,IF(AY39<=eco,1-(1-AY39/eco)^n,1),0)*0.85*fck -> 25.5 | BA39: =+AZ39*BC$26 -> 122400 | BB39: =+BA39*AX39 -> 25704000 | BD39: 8 | BE39: =Input!$E17 -> -230 | BF39: =AZ$25+AZ$26*BE39 -> 0.00055 | BG39: =BF39*Es -> 110 | BH39: =+IF(BG39>=0,IF(BF39<=eco,1-(1-BF39/eco)^n,1),0)*0.85*fck -> 12.096562 | BI39: =MAX(MIN(BG39,fy),-fy)-IF(BG39>=0,BH39,0) -> 97.903437 | BJ39: =IF(AND(ISNUMBER(Input!$D17),ISNUMBER(Input!$E17)),BI39*As,0) -> 78738.616 | BK39: =BJ39*BE39 -> -18109882 | BM39: 8 | BN39: =h/2-($BM39-0.5)*BS$24 -> 220.5 | BO39: =BP$25+BP$26*BN39 -> 0.002805 | BP39: =+IF(BO39>=0,IF(BO39<=eco,1-(1-BO39/eco)^n,1),0)*0.85*fck -> 25.5 | BQ39: =+BP39*BS$26 -> 108120 | BR39: =+BQ39*BN39 -> 23840460 | BT39: 8 | BU39: =Input!$E17 -> -230 | BV39: =BP$25+BP$26*BU39 -> 0 | BW39: =BV39*Es -> 0 | BX39: =+IF(BW39>=0,IF(BV39<=eco,1-(1-BV39/eco)^n,1),0)*0.85*fck -> 0 | BY39: =MAX(MIN(BW39,fy),-fy)-IF(BW39>=0,BX39,0) -> 0 | BZ39: =IF(AND(ISNUMBER(Input!$D17),ISNUMBER(Input!$E17)),BY39*As,0) -> 0 | CA39: =BZ39*BU39 -> 0
A40: 9 | B40: =h/2-($A40-0.5)*G$24 -> 198 | C40: =D$25+D$26*B40 -> 0.0030883019 | D40: =+IF(C40>=0,IF(C40<=eco,1-(1-C40/eco)^n,1),0)*0.85*fck -> 25.5 | E40: =+D40*G$26 -> 122400 | F40: =+E40*B40 -> 24235200 | H40: 9 | I40: =Input!$E18 -> 130 | J40: =D$25+D$26*I40 -> 0.0029471698 | K40: =J40*Es -> 589.43396 | L40: =+IF(K40>=0,IF(J40<=eco,1-(1-J40/eco)^n,1),0)*0.85*fck -> 25.5 | M40: =MAX(MIN(K40,fy),-fy)-IF(K40>=0,L40,0) -> 374.5 | N40: =IF(AND(ISNUMBER(Input!$D18),ISNUMBER(Input!$E18)),M40*As,0) -> 301190.77 | O40: =N40*I40 -> 39154800 | Q40: 9 | R40: =h/2-($Q40-0.5)*W$24 -> 198 | S40: =T$25+T$26*R40 -> 0.0029824528 | T40: =+IF(S40>=0,IF(S40<=eco,1-(1-S40/eco)^n,1),0)*0.85*fck -> 25.5 | U40: =+T40*W$26 -> 122400 | V40: =+U40*R40 -> 24235200 | X40: 9 | Y40: =Input!$E18 -> 130 | Z40: =T$25+T$26*Y40 -> 0.0027707547 | AA40: =Z40*Es -> 554.15094 | AB40: =+IF(AA40>=0,IF(Z40<=eco,1-(1-Z40/eco)^n,1),0)*0.85*fck -> 25.5 | AC40: =MAX(MIN(AA40,fy),-fy)-IF(AA40>=0,AB40,0) -> 374.5 | AD40: =IF(AND(ISNUMBER(Input!$D18),ISNUMBER(Input!$E18)),AC40*As,0) -> 301190.77 | AE40: =AD40*Y40 -> 39154800 | AG40: 9 | AH40: =h/2-($AG40-0.5)*AM$24 -> 198 | AI40: =AJ$25+AJ$26*AH40 -> 0.0028766038 | AJ40: =+IF(AI40>=0,IF(AI40<=eco,1-(1-AI40/eco)^n,1),0)*0.85*fck -> 25.5 | AK40: =+AJ40*AM$26 -> 122400 | AL40: =+AK40*AH40 -> 24235200 | AN40: 9 | AO40: =Input!$E18 -> 130 | AP40: =AJ$25+AJ$26*AO40 -> 0.0025943396 | AQ40: =AP40*Es -> 518.86792 | AR40: =+IF(AQ40>=0,IF(AP40<=eco,1-(1-AP40/eco)^n,1),0)*0.85*fck -> 25.5 | AS40: =MAX(MIN(AQ40,fy),-fy)-IF(AQ40>=0,AR40,0) -> 374.5 | AT40: =IF(AND(ISNUMBER(Input!$D18),ISNUMBER(Input!$E18)),AS40*As,0) -> 301190.77 | AU40: =AT40*AO40 -> 39154800 | AW40: 9 | AX40: =h/2-($AW40-0.5)*BC$24 -> 198 | AY40: =AZ$25+AZ$26*AX40 -> 0.0027707547 | AZ40: =+IF(AY40>=0,IF(AY40<=eco,1-(1-AY40/eco)^n,1),0)*0.85*fck -> 25.5 | BA40: =+AZ40*BC$26 -> 122400 | BB40: =+BA40*AX40 -> 24235200 | BD40: 9 | BE40: =Input!$E18 -> 130 | BF40: =AZ$25+AZ$26*BE40 -> 0.0024179245 | BG40: =BF40*Es -> 483.58491 | BH40: =+IF(BG40>=0,IF(BF40<=eco,1-(1-BF40/eco)^n,1),0)*0.85*fck -> 25.5 | BI40: =MAX(MIN(BG40,fy),-fy)-IF(BG40>=0,BH40,0) -> 374.5 | BJ40: =IF(AND(ISNUMBER(Input!$D18),ISNUMBER(Input!$E18)),BI40*As,0) -> 301190.77 | BK40: =BJ40*BE40 -> 39154800 | BM40: 9 | BN40: =h/2-($BM40-0.5)*BS$24 -> 209.9 | BO40: =BP$25+BP$26*BN40 -> 0.002739 | BP40: =+IF(BO40>=0,IF(BO40<=eco,1-(1-BO40/eco)^n,1),0)*0.85*fck -> 25.5 | BQ40: =+BP40*BS$26 -> 108120 | BR40: =+BQ40*BN40 -> 22694388 | BT40: 9 | BU40: =Input!$E18 -> 130 | BV40: =BP$25+BP$26*BU40 -> 0.0022415094 | BW40: =BV40*Es -> 448.30189 | BX40: =+IF(BW40>=0,IF(BV40<=eco,1-(1-BV40/eco)^n,1),0)*0.85*fck -> 25.5 | BY40: =MAX(MIN(BW40,fy),-fy)-IF(BW40>=0,BX40,0) -> 374.5 | BZ40: =IF(AND(ISNUMBER(Input!$D18),ISNUMBER(Input!$E18)),BY40*As,0) -> 301190.77 | CA40: =BZ40*BU40 -> 39154800
A41: 10 | B41: =h/2-($A41-0.5)*G$24 -> 186 | C41: =D$25+D$26*B41 -> 0.0030633962 | D41: =+IF(C41>=0,IF(C41<=eco,1-(1-C41/eco)^n,1),0)*0.85*fck -> 25.5 | E41: =+D41*G$26 -> 122400 | F41: =+E41*B41 -> 22766400 | H41: 10 | I41: =Input!$E19 -> 130 | J41: =D$25+D$26*I41 -> 0.0029471698 | K41: =J41*Es -> 589.43396 | L41: =+IF(K41>=0,IF(J41<=eco,1-(1-J41/eco)^n,1),0)*0.85*fck -> 25.5 | M41: =MAX(MIN(K41,fy),-fy)-IF(K41>=0,L41,0) -> 374.5 | N41: =IF(AND(ISNUMBER(Input!$D19),ISNUMBER(Input!$E19)),M41*As,0) -> 301190.77 | O41: =N41*I41 -> 39154800 | Q41: 10 | R41: =h/2-($Q41-0.5)*W$24 -> 186 | S41: =T$25+T$26*R41 -> 0.0029450943 | T41: =+IF(S41>=0,IF(S41<=eco,1-(1-S41/eco)^n,1),0)*0.85*fck -> 25.5 | U41: =+T41*W$26 -> 122400 | V41: =+U41*R41 -> 22766400 | X41: 10 | Y41: =Input!$E19 -> 130 | Z41: =T$25+T$26*Y41 -> 0.0027707547 | AA41: =Z41*Es -> 554.15094 | AB41: =+IF(AA41>=0,IF(Z41<=eco,1-(1-Z41/eco)^n,1),0)*0.85*fck -> 25.5 | AC41: =MAX(MIN(AA41,fy),-fy)-IF(AA41>=0,AB41,0) -> 374.5 | AD41: =IF(AND(ISNUMBER(Input!$D19),ISNUMBER(Input!$E19)),AC41*As,0) -> 301190.77 | AE41: =AD41*Y41 -> 39154800 | AG41: 10 | AH41: =h/2-($AG41-0.5)*AM$24 -> 186 | AI41: =AJ$25+AJ$26*AH41 -> 0.0028267925 | AJ41: =+IF(AI41>=0,IF(AI41<=eco,1-(1-AI41/eco)^n,1),0)*0.85*fck -> 25.5 | AK41: =+AJ41*AM$26 -> 122400 | AL41: =+AK41*AH41 -> 22766400 | AN41: 10 | AO41: =Input!$E19 -> 130 | AP41: =AJ$25+AJ$26*AO41 -> 0.0025943396 | AQ41: =AP41*Es -> 518.86792 | AR41: =+IF(AQ41>=0,IF(AP41<=eco,1-(1-AP41/eco)^n,1),0)*0.85*fck -> 25.5 | AS41: =MAX(MIN(AQ41,fy),-fy)-IF(AQ41>=0,AR41,0) -> 374.5 | AT41: =IF(AND(ISNUMBER(Input!$D19),ISNUMBER(Input!$E19)),AS41*As,0) -> 301190.77 | AU41: =AT41*AO41 -> 39154800 | AW41: 10 | AX41: =h/2-($AW41-0.5)*BC$24 -> 186 | AY41: =AZ$25+AZ$26*AX41 -> 0.0027084906 | AZ41: =+IF(AY41>=0,IF(AY41<=eco,1-(1-AY41/eco)^n,1),0)*0.85*fck -> 25.5 | BA41: =+AZ41*BC$26 -> 122400 | BB41: =+BA41*AX41 -> 22766400 | BD41: 10 | BE41: =Input!$E19 -> 130 | BF41: =AZ$25+AZ$26*BE41 -> 0.0024179245 | BG41: =BF41*Es -> 483.58491 | BH41: =+IF(BG41>=0,IF(BF41<=eco,1-(1-BF41/eco)^n,1),0)*0.85*fck -> 25.5 | BI41: =MAX(MIN(BG41,fy),-fy)-IF(BG41>=0,BH41,0) -> 374.5 | BJ41: =IF(AND(ISNUMBER(Input!$D19),ISNUMBER(Input!$E19)),BI41*As,0) -> 301190.77 | BK41: =BJ41*BE41 -> 39154800 | BM41: 10 | BN41: =h/2-($BM41-0.5)*BS$24 -> 199.3 | BO41: =BP$25+BP$26*BN41 -> 0.002673 | BP41: =+IF(BO41>=0,IF(BO41<=eco,1-(1-BO41/eco)^n,1),0)*0.85*fck -> 25.5 | BQ41: =+BP41*BS$26 -> 108120 | BR41: =+BQ41*BN41 -> 21548316 | BT41: 10 | BU41: =Input!$E19 -> 130 | BV41: =BP$25+BP$26*BU41 -> 0.0022415094 | BW41: =BV41*Es -> 448.30189 | BX41: =+IF(BW41>=0,IF(BV41<=eco,1-(1-BV41/eco)^n,1),0)*0.85*fck -> 25.5 | BY41: =MAX(MIN(BW41,fy),-fy)-IF(BW41>=0,BX41,0) -> 374.5 | BZ41: =IF(AND(ISNUMBER(Input!$D19),ISNUMBER(Input!$E19)),BY41*As,0) -> 301190.77 | CA41: =BZ41*BU41 -> 39154800
A42: 11 | B42: =h/2-($A42-0.5)*G$24 -> 174 | C42: =D$25+D$26*B42 -> 0.0030384906 | D42: =+IF(C42>=0,IF(C42<=eco,1-(1-C42/eco)^n,1),0)*0.85*fck -> 25.5 | E42: =+D42*G$26 -> 122400 | F42: =+E42*B42 -> 21297600 | H42: 11 | I42: =Input!$E20 -> -130 | J42: =D$25+D$26*I42 -> 0.0024075472 | K42: =J42*Es -> 481.50943 | L42: =+IF(K42>=0,IF(J42<=eco,1-(1-J42/eco)^n,1),0)*0.85*fck -> 25.5 | M42: =MAX(MIN(K42,fy),-fy)-IF(K42>=0,L42,0) -> 374.5 | N42: =IF(AND(ISNUMBER(Input!$D20),ISNUMBER(Input!$E20)),M42*As,0) -> 301190.77 | O42: =N42*I42 -> -39154800 | Q42: 11 | R42: =h/2-($Q42-0.5)*W$24 -> 174 | S42: =T$25+T$26*R42 -> 0.0029077358 | T42: =+IF(S42>=0,IF(S42<=eco,1-(1-S42/eco)^n,1),0)*0.85*fck -> 25.5 | U42: =+T42*W$26 -> 122400 | V42: =+U42*R42 -> 21297600 | X42: 11 | Y42: =Input!$E20 -> -130 | Z42: =T$25+T$26*Y42 -> 0.0019613208 | AA42: =Z42*Es -> 392.26415 | AB42: =+IF(AA42>=0,IF(Z42<=eco,1-(1-Z42/eco)^n,1),0)*0.85*fck -> 25.490462 | AC42: =MAX(MIN(AA42,fy),-fy)-IF(AA42>=0,AB42,0) -> 366.77369 | AD42: =IF(AND(ISNUMBER(Input!$D20),ISNUMBER(Input!$E20)),AC42*As,0) -> 294976.9 | AE42: =AD42*Y42 -> -38346997 | AG42: 11 | AH42: =h/2-($AG42-0.5)*AM$24 -> 174 | AI42: =AJ$25+AJ$26*AH42 -> 0.0027769811 | AJ42: =+IF(AI42>=0,IF(AI42<=eco,1-(1-AI42/eco)^n,1),0)*0.85*fck -> 25.5 | AK42: =+AJ42*AM$26 -> 122400 | AL42: =+AK42*AH42 -> 21297600 | AN42: 11 | AO42: =Input!$E20 -> -130 | AP42: =AJ$25+AJ$26*AO42 -> 0.0015150943 | AQ42: =AP42*Es -> 303.01887 | AR42: =+IF(AQ42>=0,IF(AP42<=eco,1-(1-AP42/eco)^n,1),0)*0.85*fck -> 24.001024 | AS42: =MAX(MIN(AQ42,fy),-fy)-IF(AQ42>=0,AR42,0) -> 279.01784 | AT42: =IF(AND(ISNUMBER(Input!$D20),ISNUMBER(Input!$E20)),AS42*As,0) -> 224399.46 | AU42: =AT42*AO42 -> -29171930 | AW42: 11 | AX42: =h/2-($AW42-0.5)*BC$24 -> 174 | AY42: =AZ$25+AZ$26*AX42 -> 0.0026462264 | AZ42: =+IF(AY42>=0,IF(AY42<=eco,1-(1-AY42/eco)^n,1),0)*0.85*fck -> 25.5 | BA42: =+AZ42*BC$26 -> 122400 | BB42: =+BA42*AX42 -> 21297600 | BD42: 11 | BE42: =Input!$E20 -> -130 | BF42: =AZ$25+AZ$26*BE42 -> 0.0010688679 | BG42: =BF42*Es -> 213.77358 | BH42: =+IF(BG42>=0,IF(BF42<=eco,1-(1-BF42/eco)^n,1),0)*0.85*fck -> 19.972831 | BI42: =MAX(MIN(BG42,fy),-fy)-IF(BG42>=0,BH42,0) -> 193.80075 | BJ42: =IF(AND(ISNUMBER(Input!$D20),ISNUMBER(Input!$E20)),BI42*As,0) -> 155863.81 | BK42: =BJ42*BE42 -> -20262296 | BM42: 11 | BN42: =h/2-($BM42-0.5)*BS$24 -> 188.7 | BO42: =BP$25+BP$26*BN42 -> 0.002607 | BP42: =+IF(BO42>=0,IF(BO42<=eco,1-(1-BO42/eco)^n,1),0)*0.85*fck -> 25.5 | BQ42: =+BP42*BS$26 -> 108120 | BR42: =+BQ42*BN42 -> 20402244 | BT42: 11 | BU42: =Input!$E20 -> -130 | BV42: =BP$25+BP$26*BU42 -> 0.00062264151 | BW42: =BV42*Es -> 124.5283 | BX42: =+IF(BW42>=0,IF(BV42<=eco,1-(1-BV42/eco)^n,1),0)*0.85*fck -> 13.405883 | BY42: =MAX(MIN(BW42,fy),-fy)-IF(BW42>=0,BX42,0) -> 111.12242 | BZ42: =IF(AND(ISNUMBER(Input!$D20),ISNUMBER(Input!$E20)),BY42*As,0) -> 89369.952 | CA42: =BZ42*BU42 -> -11618094
A43: 12 | B43: =h/2-($A43-0.5)*G$24 -> 162 | C43: =D$25+D$26*B43 -> 0.0030135849 | D43: =+IF(C43>=0,IF(C43<=eco,1-(1-C43/eco)^n,1),0)*0.85*fck -> 25.5 | E43: =+D43*G$26 -> 122400 | F43: =+E43*B43 -> 19828800 | H43: 12 | I43: =Input!$E21 -> -130 | J43: =D$25+D$26*I43 -> 0.0024075472 | K43: =J43*Es -> 481.50943 | L43: =+IF(K43>=0,IF(J43<=eco,1-(1-J43/eco)^n,1),0)*0.85*fck -> 25.5 | M43: =MAX(MIN(K43,fy),-fy)-IF(K43>=0,L43,0) -> 374.5 | N43: =IF(AND(ISNUMBER(Input!$D21),ISNUMBER(Input!$E21)),M43*As,0) -> 301190.77 | O43: =N43*I43 -> -39154800 | Q43: 12 | R43: =h/2-($Q43-0.5)*W$24 -> 162 | S43: =T$25+T$26*R43 -> 0.0028703774 | T43: =+IF(S43>=0,IF(S43<=eco,1-(1-S43/eco)^n,1),0)*0.85*fck -> 25.5 | U43: =+T43*W$26 -> 122400 | V43: =+U43*R43 -> 19828800 | X43: 12 | Y43: =Input!$E21 -> -130 | Z43: =T$25+T$26*Y43 -> 0.0019613208 | AA43: =Z43*Es -> 392.26415 | AB43: =+IF(AA43>=0,IF(Z43<=eco,1-(1-Z43/eco)^n,1),0)*0.85*fck -> 25.490462 | AC43: =MAX(MIN(AA43,fy),-fy)-IF(AA43>=0,AB43,0) -> 366.77369 | AD43: =IF(AND(ISNUMBER(Input!$D21),ISNUMBER(Input!$E21)),AC43*As,0) -> 294976.9 | AE43: =AD43*Y43 -> -38346997 | AG43: 12 | AH43: =h/2-($AG43-0.5)*AM$24 -> 162 | AI43: =AJ$25+AJ$26*AH43 -> 0.0027271698 | AJ43: =+IF(AI43>=0,IF(AI43<=eco,1-(1-AI43/eco)^n,1),0)*0.85*fck -> 25.5 | AK43: =+AJ43*AM$26 -> 122400 | AL43: =+AK43*AH43 -> 19828800 | AN43: 12 | AO43: =Input!$E21 -> -130 | AP43: =AJ$25+AJ$26*AO43 -> 0.0015150943 | AQ43: =AP43*Es -> 303.01887 | AR43: =+IF(AQ43>=0,IF(AP43<=eco,1-(1-AP43/eco)^n,1),0)*0.85*fck -> 24.001024 | AS43: =MAX(MIN(AQ43,fy),-fy)-IF(AQ43>=0,AR43,0) -> 279.01784 | AT43: =IF(AND(ISNUMBER(Input!$D21),ISNUMBER(Input!$E21)),AS43*As,0) -> 224399.46 | AU43: =AT43*AO43 -> -29171930 | AW43: 12 | AX43: =h/2-($AW43-0.5)*BC$24 -> 162 | AY43: =AZ$25+AZ$26*AX43 -> 0.0025839623 | AZ43: =+IF(AY43>=0,IF(AY43<=eco,1-(1-AY43/eco)^n,1),0)*0.85*fck -> 25.5 | BA43: =+AZ43*BC$26 -> 122400 | BB43: =+BA43*AX43 -> 19828800 | BD43: 12 | BE43: =Input!$E21 -> -130 | BF43: =AZ$25+AZ$26*BE43 -> 0.0010688679 | BG43: =BF43*Es -> 213.77358 | BH43: =+IF(BG43>=0,IF(BF43<=eco,1-(1-BF43/eco)^n,1),0)*0.85*fck -> 19.972831 | BI43: =MAX(MIN(BG43,fy),-fy)-IF(BG43>=0,BH43,0) -> 193.80075 | BJ43: =IF(AND(ISNUMBER(Input!$D21),ISNUMBER(Input!$E21)),BI43*As,0) -> 155863.81 | BK43: =BJ43*BE43 -> -20262296 | BM43: 12 | BN43: =h/2-($BM43-0.5)*BS$24 -> 178.1 | BO43: =BP$25+BP$26*BN43 -> 0.002541 | BP43: =+IF(BO43>=0,IF(BO43<=eco,1-(1-BO43/eco)^n,1),0)*0.85*fck -> 25.5 | BQ43: =+BP43*BS$26 -> 108120 | BR43: =+BQ43*BN43 -> 19256172 | BT43: 12 | BU43: =Input!$E21 -> -130 | BV43: =BP$25+BP$26*BU43 -> 0.00062264151 | BW43: =BV43*Es -> 124.5283 | BX43: =+IF(BW43>=0,IF(BV43<=eco,1-(1-BV43/eco)^n,1),0)*0.85*fck -> 13.405883 | BY43: =MAX(MIN(BW43,fy),-fy)-IF(BW43>=0,BX43,0) -> 111.12242 | BZ43: =IF(AND(ISNUMBER(Input!$D21),ISNUMBER(Input!$E21)),BY43*As,0) -> 89369.952 | CA43: =BZ43*BU43 -> -11618094
A44: 13 | B44: =h/2-($A44-0.5)*G$24 -> 150 | C44: =D$25+D$26*B44 -> 0.0029886792 | D44: =+IF(C44>=0,IF(C44<=eco,1-(1-C44/eco)^n,1),0)*0.85*fck -> 25.5 | E44: =+D44*G$26 -> 122400 | F44: =+E44*B44 -> 18360000 | Q44: 13 | R44: =h/2-($Q44-0.5)*W$24 -> 150 | S44: =T$25+T$26*R44 -> 0.0028330189 | T44: =+IF(S44>=0,IF(S44<=eco,1-(1-S44/eco)^n,1),0)*0.85*fck -> 25.5 | U44: =+T44*W$26 -> 122400 | V44: =+U44*R44 -> 18360000 | AG44: 13 | AH44: =h/2-($AG44-0.5)*AM$24 -> 150 | AI44: =AJ$25+AJ$26*AH44 -> 0.0026773585 | AJ44: =+IF(AI44>=0,IF(AI44<=eco,1-(1-AI44/eco)^n,1),0)*0.85*fck -> 25.5 | AK44: =+AJ44*AM$26 -> 122400 | AL44: =+AK44*AH44 -> 18360000 | AW44: 13 | AX44: =h/2-($AW44-0.5)*BC$24 -> 150 | AY44: =AZ$25+AZ$26*AX44 -> 0.0025216981 | AZ44: =+IF(AY44>=0,IF(AY44<=eco,1-(1-AY44/eco)^n,1),0)*0.85*fck -> 25.5 | BA44: =+AZ44*BC$26 -> 122400 | BB44: =+BA44*AX44 -> 18360000 | BM44: 13 | BN44: =h/2-($BM44-0.5)*BS$24 -> 167.5 | BO44: =BP$25+BP$26*BN44 -> 0.002475 | BP44: =+IF(BO44>=0,IF(BO44<=eco,1-(1-BO44/eco)^n,1),0)*0.85*fck -> 25.5 | BQ44: =+BP44*BS$26 -> 108120 | BR44: =+BQ44*BN44 -> 18110100
A45: 14 | B45: =h/2-($A45-0.5)*G$24 -> 138 | C45: =D$25+D$26*B45 -> 0.0029637736 | D45: =+IF(C45>=0,IF(C45<=eco,1-(1-C45/eco)^n,1),0)*0.85*fck -> 25.5 | E45: =+D45*G$26 -> 122400 | F45: =+E45*B45 -> 16891200 | Q45: 14 | R45: =h/2-($Q45-0.5)*W$24 -> 138 | S45: =T$25+T$26*R45 -> 0.0027956604 | T45: =+IF(S45>=0,IF(S45<=eco,1-(1-S45/eco)^n,1),0)*0.85*fck -> 25.5 | U45: =+T45*W$26 -> 122400 | V45: =+U45*R45 -> 16891200 | AG45: 14 | AH45: =h/2-($AG45-0.5)*AM$24 -> 138 | AI45: =AJ$25+AJ$26*AH45 -> 0.0026275472 | AJ45: =+IF(AI45>=0,IF(AI45<=eco,1-(1-AI45/eco)^n,1),0)*0.85*fck -> 25.5 | AK45: =+AJ45*AM$26 -> 122400 | AL45: =+AK45*AH45 -> 16891200 | AW45: 14 | AX45: =h/2-($AW45-0.5)*BC$24 -> 138 | AY45: =AZ$25+AZ$26*AX45 -> 0.002459434 | AZ45: =+IF(AY45>=0,IF(AY45<=eco,1-(1-AY45/eco)^n,1),0)*0.85*fck -> 25.5 | BA45: =+AZ45*BC$26 -> 122400 | BB45: =+BA45*AX45 -> 16891200 | BM45: 14 | BN45: =h/2-($BM45-0.5)*BS$24 -> 156.9 | BO45: =BP$25+BP$26*BN45 -> 0.002409 | BP45: =+IF(BO45>=0,IF(BO45<=eco,1-(1-BO45/eco)^n,1),0)*0.85*fck -> 25.5 | BQ45: =+BP45*BS$26 -> 108120 | BR45: =+BQ45*BN45 -> 16964028
A46: 15 | B46: =h/2-($A46-0.5)*G$24 -> 126 | C46: =D$25+D$26*B46 -> 0.0029388679 | D46: =+IF(C46>=0,IF(C46<=eco,1-(1-C46/eco)^n,1),0)*0.85*fck -> 25.5 | E46: =+D46*G$26 -> 122400 | F46: =+E46*B46 -> 15422400 | Q46: 15 | R46: =h/2-($Q46-0.5)*W$24 -> 126 | S46: =T$25+T$26*R46 -> 0.0027583019 | T46: =+IF(S46>=0,IF(S46<=eco,1-(1-S46/eco)^n,1),0)*0.85*fck -> 25.5 | U46: =+T46*W$26 -> 122400 | V46: =+U46*R46 -> 15422400 | AG46: 15 | AH46: =h/2-($AG46-0.5)*AM$24 -> 126 | AI46: =AJ$25+AJ$26*AH46 -> 0.0025777358 | AJ46: =+IF(AI46>=0,IF(AI46<=eco,1-(1-AI46/eco)^n,1),0)*0.85*fck -> 25.5 | AK46: =+AJ46*AM$26 -> 122400 | AL46: =+AK46*AH46 -> 15422400 | AW46: 15 | AX46: =h/2-($AW46-0.5)*BC$24 -> 126 | AY46: =AZ$25+AZ$26*AX46 -> 0.0023971698 | AZ46: =+IF(AY46>=0,IF(AY46<=eco,1-(1-AY46/eco)^n,1),0)*0.85*fck -> 25.5 | BA46: =+AZ46*BC$26 -> 122400 | BB46: =+BA46*AX46 -> 15422400 | BM46: 15 | BN46: =h/2-($BM46-0.5)*BS$24 -> 146.3 | BO46: =BP$25+BP$26*BN46 -> 0.002343 | BP46: =+IF(BO46>=0,IF(BO46<=eco,1-(1-BO46/eco)^n,1),0)*0.85*fck -> 25.5 | BQ46: =+BP46*BS$26 -> 108120 | BR46: =+BQ46*BN46 -> 15817956
A47: 16 | B47: =h/2-($A47-0.5)*G$24 -> 114 | C47: =D$25+D$26*B47 -> 0.0029139623 | D47: =+IF(C47>=0,IF(C47<=eco,1-(1-C47/eco)^n,1),0)*0.85*fck -> 25.5 | E47: =+D47*G$26 -> 122400 | F47: =+E47*B47 -> 13953600 | Q47: 16 | R47: =h/2-($Q47-0.5)*W$24 -> 114 | S47: =T$25+T$26*R47 -> 0.0027209434 | T47: =+IF(S47>=0,IF(S47<=eco,1-(1-S47/eco)^n,1),0)*0.85*fck -> 25.5 | U47: =+T47*W$26 -> 122400 | V47: =+U47*R47 -> 13953600 | AG47: 16 | AH47: =h/2-($AG47-0.5)*AM$24 -> 114 | AI47: =AJ$25+AJ$26*AH47 -> 0.0025279245 | AJ47: =+IF(AI47>=0,IF(AI47<=eco,1-(1-AI47/eco)^n,1),0)*0.85*fck -> 25.5 | AK47: =+AJ47*AM$26 -> 122400 | AL47: =+AK47*AH47 -> 13953600 | AW47: 16 | AX47: =h/2-($AW47-0.5)*BC$24 -> 114 | AY47: =AZ$25+AZ$26*AX47 -> 0.0023349057 | AZ47: =+IF(AY47>=0,IF(AY47<=eco,1-(1-AY47/eco)^n,1),0)*0.85*fck -> 25.5 | BA47: =+AZ47*BC$26 -> 122400 | BB47: =+BA47*AX47 -> 13953600 | BM47: 16 | BN47: =h/2-($BM47-0.5)*BS$24 -> 135.7 | BO47: =BP$25+BP$26*BN47 -> 0.002277 | BP47: =+IF(BO47>=0,IF(BO47<=eco,1-(1-BO47/eco)^n,1),0)*0.85*fck -> 25.5 | BQ47: =+BP47*BS$26 -> 108120 | BR47: =+BQ47*BN47 -> 14671884
A48: 17 | B48: =h/2-($A48-0.5)*G$24 -> 102 | C48: =D$25+D$26*B48 -> 0.0028890566 | D48: =+IF(C48>=0,IF(C48<=eco,1-(1-C48/eco)^n,1),0)*0.85*fck -> 25.5 | E48: =+D48*G$26 -> 122400 | F48: =+E48*B48 -> 12484800 | Q48: 17 | R48: =h/2-($Q48-0.5)*W$24 -> 102 | S48: =T$25+T$26*R48 -> 0.0026835849 | T48: =+IF(S48>=0,IF(S48<=eco,1-(1-S48/eco)^n,1),0)*0.85*fck -> 25.5 | U48: =+T48*W$26 -> 122400 | V48: =+U48*R48 -> 12484800 | AG48: 17 | AH48: =h/2-($AG48-0.5)*AM$24 -> 102 | AI48: =AJ$25+AJ$26*AH48 -> 0.0024781132 | AJ48: =+IF(AI48>=0,IF(AI48<=eco,1-(1-AI48/eco)^n,1),0)*0.85*fck -> 25.5 | AK48: =+AJ48*AM$26 -> 122400 | AL48: =+AK48*AH48 -> 12484800 | AW48: 17 | AX48: =h/2-($AW48-0.5)*BC$24 -> 102 | AY48: =AZ$25+AZ$26*AX48 -> 0.0022726415 | AZ48: =+IF(AY48>=0,IF(AY48<=eco,1-(1-AY48/eco)^n,1),0)*0.85*fck -> 25.5 | BA48: =+AZ48*BC$26 -> 122400 | BB48: =+BA48*AX48 -> 12484800 | BM48: 17 | BN48: =h/2-($BM48-0.5)*BS$24 -> 125.1 | BO48: =BP$25+BP$26*BN48 -> 0.002211 | BP48: =+IF(BO48>=0,IF(BO48<=eco,1-(1-BO48/eco)^n,1),0)*0.85*fck -> 25.5 | BQ48: =+BP48*BS$26 -> 108120 | BR48: =+BQ48*BN48 -> 13525812
A49: 18 | B49: =h/2-($A49-0.5)*G$24 -> 90 | C49: =D$25+D$26*B49 -> 0.0028641509 | D49: =+IF(C49>=0,IF(C49<=eco,1-(1-C49/eco)^n,1),0)*0.85*fck -> 25.5 | E49: =+D49*G$26 -> 122400 | F49: =+E49*B49 -> 11016000 | Q49: 18 | R49: =h/2-($Q49-0.5)*W$24 -> 90 | S49: =T$25+T$26*R49 -> 0.0026462264 | T49: =+IF(S49>=0,IF(S49<=eco,1-(1-S49/eco)^n,1),0)*0.85*fck -> 25.5 | U49: =+T49*W$26 -> 122400 | V49: =+U49*R49 -> 11016000 | AG49: 18 | AH49: =h/2-($AG49-0.5)*AM$24 -> 90 | AI49: =AJ$25+AJ$26*AH49 -> 0.0024283019 | AJ49: =+IF(AI49>=0,IF(AI49<=eco,1-(1-AI49/eco)^n,1),0)*0.85*fck -> 25.5 | AK49: =+AJ49*AM$26 -> 122400 | AL49: =+AK49*AH49 -> 11016000 | AW49: 18 | AX49: =h/2-($AW49-0.5)*BC$24 -> 90 | AY49: =AZ$25+AZ$26*AX49 -> 0.0022103774 | AZ49: =+IF(AY49>=0,IF(AY49<=eco,1-(1-AY49/eco)^n,1),0)*0.85*fck -> 25.5 | BA49: =+AZ49*BC$26 -> 122400 | BB49: =+BA49*AX49 -> 11016000 | BM49: 18 | BN49: =h/2-($BM49-0.5)*BS$24 -> 114.5 | BO49: =BP$25+BP$26*BN49 -> 0.002145 | BP49: =+IF(BO49>=0,IF(BO49<=eco,1-(1-BO49/eco)^n,1),0)*0.85*fck -> 25.5 | BQ49: =+BP49*BS$26 -> 108120 | BR49: =+BQ49*BN49 -> 12379740
A50: 19 | B50: =h/2-($A50-0.5)*G$24 -> 78 | C50: =D$25+D$26*B50 -> 0.0028392453 | D50: =+IF(C50>=0,IF(C50<=eco,1-(1-C50/eco)^n,1),0)*0.85*fck -> 25.5 | E50: =+D50*G$26 -> 122400 | F50: =+E50*B50 -> 9547200 | Q50: 19 | R50: =h/2-($Q50-0.5)*W$24 -> 78 | S50: =T$25+T$26*R50 -> 0.0026088679 | T50: =+IF(S50>=0,IF(S50<=eco,1-(1-S50/eco)^n,1),0)*0.85*fck -> 25.5 | U50: =+T50*W$26 -> 122400 | V50: =+U50*R50 -> 9547200 | AG50: 19 | AH50: =h/2-($AG50-0.5)*AM$24 -> 78 | AI50: =AJ$25+AJ$26*AH50 -> 0.0023784906 | AJ50: =+IF(AI50>=0,IF(AI50<=eco,1-(1-AI50/eco)^n,1),0)*0.85*fck -> 25.5 | AK50: =+AJ50*AM$26 -> 122400 | AL50: =+AK50*AH50 -> 9547200 | AW50: 19 | AX50: =h/2-($AW50-0.5)*BC$24 -> 78 | AY50: =AZ$25+AZ$26*AX50 -> 0.0021481132 | AZ50: =+IF(AY50>=0,IF(AY50<=eco,1-(1-AY50/eco)^n,1),0)*0.85*fck -> 25.5 | BA50: =+AZ50*BC$26 -> 122400 | BB50: =+BA50*AX50 -> 9547200 | BM50: 19 | BN50: =h/2-($BM50-0.5)*BS$24 -> 103.9 | BO50: =BP$25+BP$26*BN50 -> 0.002079 | BP50: =+IF(BO50>=0,IF(BO50<=eco,1-(1-BO50/eco)^n,1),0)*0.85*fck -> 25.5 | BQ50: =+BP50*BS$26 -> 108120 | BR50: =+BQ50*BN50 -> 11233668
A51: 20 | B51: =h/2-($A51-0.5)*G$24 -> 66 | C51: =D$25+D$26*B51 -> 0.0028143396 | D51: =+IF(C51>=0,IF(C51<=eco,1-(1-C51/eco)^n,1),0)*0.85*fck -> 25.5 | E51: =+D51*G$26 -> 122400 | F51: =+E51*B51 -> 8078400 | Q51: 20 | R51: =h/2-($Q51-0.5)*W$24 -> 66 | S51: =T$25+T$26*R51 -> 0.0025715094 | T51: =+IF(S51>=0,IF(S51<=eco,1-(1-S51/eco)^n,1),0)*0.85*fck -> 25.5 | U51: =+T51*W$26 -> 122400 | V51: =+U51*R51 -> 8078400 | AG51: 20 | AH51: =h/2-($AG51-0.5)*AM$24 -> 66 | AI51: =AJ$25+AJ$26*AH51 -> 0.0023286792 | AJ51: =+IF(AI51>=0,IF(AI51<=eco,1-(1-AI51/eco)^n,1),0)*0.85*fck -> 25.5 | AK51: =+AJ51*AM$26 -> 122400 | AL51: =+AK51*AH51 -> 8078400 | AW51: 20 | AX51: =h/2-($AW51-0.5)*BC$24 -> 66 | AY51: =AZ$25+AZ$26*AX51 -> 0.0020858491 | AZ51: =+IF(AY51>=0,IF(AY51<=eco,1-(1-AY51/eco)^n,1),0)*0.85*fck -> 25.5 | BA51: =+AZ51*BC$26 -> 122400 | BB51: =+BA51*AX51 -> 8078400 | BM51: 20 | BN51: =h/2-($BM51-0.5)*BS$24 -> 93.3 | BO51: =BP$25+BP$26*BN51 -> 0.002013 | BP51: =+IF(BO51>=0,IF(BO51<=eco,1-(1-BO51/eco)^n,1),0)*0.85*fck -> 25.5 | BQ51: =+BP51*BS$26 -> 108120 | BR51: =+BQ51*BN51 -> 10087596
A52: 21 | B52: =h/2-($A52-0.5)*G$24 -> 54 | C52: =D$25+D$26*B52 -> 0.002789434 | D52: =+IF(C52>=0,IF(C52<=eco,1-(1-C52/eco)^n,1),0)*0.85*fck -> 25.5 | E52: =+D52*G$26 -> 122400 | F52: =+E52*B52 -> 6609600 | Q52: 21 | R52: =h/2-($Q52-0.5)*W$24 -> 54 | S52: =T$25+T$26*R52 -> 0.0025341509 | T52: =+IF(S52>=0,IF(S52<=eco,1-(1-S52/eco)^n,1),0)*0.85*fck -> 25.5 | U52: =+T52*W$26 -> 122400 | V52: =+U52*R52 -> 6609600 | AG52: 21 | AH52: =h/2-($AG52-0.5)*AM$24 -> 54 | AI52: =AJ$25+AJ$26*AH52 -> 0.0022788679 | AJ52: =+IF(AI52>=0,IF(AI52<=eco,1-(1-AI52/eco)^n,1),0)*0.85*fck -> 25.5 | AK52: =+AJ52*AM$26 -> 122400 | AL52: =+AK52*AH52 -> 6609600 | AW52: 21 | AX52: =h/2-($AW52-0.5)*BC$24 -> 54 | AY52: =AZ$25+AZ$26*AX52 -> 0.0020235849 | AZ52: =+IF(AY52>=0,IF(AY52<=eco,1-(1-AY52/eco)^n,1),0)*0.85*fck -> 25.5 | BA52: =+AZ52*BC$26 -> 122400 | BB52: =+BA52*AX52 -> 6609600 | BM52: 21 | BN52: =h/2-($BM52-0.5)*BS$24 -> 82.7 | BO52: =BP$25+BP$26*BN52 -> 0.001947 | BP52: =+IF(BO52>=0,IF(BO52<=eco,1-(1-BO52/eco)^n,1),0)*0.85*fck -> 25.482093 | BQ52: =+BP52*BS$26 -> 108044.07 | BR52: =+BQ52*BN52 -> 8935244.8
A53: 22 | B53: =h/2-($A53-0.5)*G$24 -> 42 | C53: =D$25+D$26*B53 -> 0.0027645283 | D53: =+IF(C53>=0,IF(C53<=eco,1-(1-C53/eco)^n,1),0)*0.85*fck -> 25.5 | E53: =+D53*G$26 -> 122400 | F53: =+E53*B53 -> 5140800 | Q53: 22 | R53: =h/2-($Q53-0.5)*W$24 -> 42 | S53: =T$25+T$26*R53 -> 0.0024967925 | T53: =+IF(S53>=0,IF(S53<=eco,1-(1-S53/eco)^n,1),0)*0.85*fck -> 25.5 | U53: =+T53*W$26 -> 122400 | V53: =+U53*R53 -> 5140800 | AG53: 22 | AH53: =h/2-($AG53-0.5)*AM$24 -> 42 | AI53: =AJ$25+AJ$26*AH53 -> 0.0022290566 | AJ53: =+IF(AI53>=0,IF(AI53<=eco,1-(1-AI53/eco)^n,1),0)*0.85*fck -> 25.5 | AK53: =+AJ53*AM$26 -> 122400 | AL53: =+AK53*AH53 -> 5140800 | AW53: 22 | AX53: =h/2-($AW53-0.5)*BC$24 -> 42 | AY53: =AZ$25+AZ$26*AX53 -> 0.0019613208 | AZ53: =+IF(AY53>=0,IF(AY53<=eco,1-(1-AY53/eco)^n,1),0)*0.85*fck -> 25.490462 | BA53: =+AZ53*BC$26 -> 122354.22 | BB53: =+BA53*AX53 -> 5138877.2 | BM53: 22 | BN53: =h/2-($BM53-0.5)*BS$24 -> 72.1 | BO53: =BP$25+BP$26*BN53 -> 0.001881 | BP53: =+IF(BO53>=0,IF(BO53<=eco,1-(1-BO53/eco)^n,1),0)*0.85*fck -> 25.409724 | BQ53: =+BP53*BS$26 -> 107737.23 | BR53: =+BQ53*BN53 -> 7767854.2
A54: 23 | B54: =h/2-($A54-0.5)*G$24 -> 30 | C54: =D$25+D$26*B54 -> 0.0027396226 | D54: =+IF(C54>=0,IF(C54<=eco,1-(1-C54/eco)^n,1),0)*0.85*fck -> 25.5 | E54: =+D54*G$26 -> 122400 | F54: =+E54*B54 -> 3672000 | Q54: 23 | R54: =h/2-($Q54-0.5)*W$24 -> 30 | S54: =T$25+T$26*R54 -> 0.002459434 | T54: =+IF(S54>=0,IF(S54<=eco,1-(1-S54/eco)^n,1),0)*0.85*fck -> 25.5 | U54: =+T54*W$26 -> 122400 | V54: =+U54*R54 -> 3672000 | AG54: 23 | AH54: =h/2-($AG54-0.5)*AM$24 -> 30 | AI54: =AJ$25+AJ$26*AH54 -> 0.0021792453 | AJ54: =+IF(AI54>=0,IF(AI54<=eco,1-(1-AI54/eco)^n,1),0)*0.85*fck -> 25.5 | AK54: =+AJ54*AM$26 -> 122400 | AL54: =+AK54*AH54 -> 3672000 | AW54: 23 | AX54: =h/2-($AW54-0.5)*BC$24 -> 30 | AY54: =AZ$25+AZ$26*AX54 -> 0.0018990566 | AZ54: =+IF(AY54>=0,IF(AY54<=eco,1-(1-AY54/eco)^n,1),0)*0.85*fck -> 25.435041 | BA54: =+AZ54*BC$26 -> 122088.2 | BB54: =+BA54*AX54 -> 3662646 | BM54: 23 | BN54: =h/2-($BM54-0.5)*BS$24 -> 61.5 | BO54: =BP$25+BP$26*BN54 -> 0.001815 | BP54: =+IF(BO54>=0,IF(BO54<=eco,1-(1-BO54/eco)^n,1),0)*0.85*fck -> 25.281816 | BQ54: =+BP54*BS$26 -> 107194.9 | BR54: =+BQ54*BN54 -> 6592486.2
A55: 24 | B55: =h/2-($A55-0.5)*G$24 -> 18 | C55: =D$25+D$26*B55 -> 0.002714717 | D55: =+IF(C55>=0,IF(C55<=eco,1-(1-C55/eco)^n,1),0)*0.85*fck -> 25.5 | E55: =+D55*G$26 -> 122400 | F55: =+E55*B55 -> 2203200 | Q55: 24 | R55: =h/2-($Q55-0.5)*W$24 -> 18 | S55: =T$25+T$26*R55 -> 0.0024220755 | T55: =+IF(S55>=0,IF(S55<=eco,1-(1-S55/eco)^n,1),0)*0.85*fck -> 25.5 | U55: =+T55*W$26 -> 122400 | V55: =+U55*R55 -> 2203200 | AG55: 24 | AH55: =h/2-($AG55-0.5)*AM$24 -> 18 | AI55: =AJ$25+AJ$26*AH55 -> 0.002129434 | AJ55: =+IF(AI55>=0,IF(AI55<=eco,1-(1-AI55/eco)^n,1),0)*0.85*fck -> 25.5 | AK55: =+AJ55*AM$26 -> 122400 | AL55: =+AK55*AH55 -> 2203200 | AW55: 24 | AX55: =h/2-($AW55-0.5)*BC$24 -> 18 | AY55: =AZ$25+AZ$26*AX55 -> 0.0018367925 | AZ55: =+IF(AY55>=0,IF(AY55<=eco,1-(1-AY55/eco)^n,1),0)*0.85*fck -> 25.330191 | BA55: =+AZ55*BC$26 -> 121584.92 | BB55: =+BA55*AX55 -> 2188528.5 | BM55: 24 | BN55: =h/2-($BM55-0.5)*BS$24 -> 50.9 | BO55: =BP$25+BP$26*BN55 -> 0.001749 | BP55: =+IF(BO55>=0,IF(BO55<=eco,1-(1-BO55/eco)^n,1),0)*0.85*fck -> 25.098369 | BQ55: =+BP55*BS$26 -> 106417.08 | BR55: =+BQ55*BN55 -> 5416629.5
... A81: 50 | B81: =h/2-($A81-0.5)*G$24 -> -294 | C81: =D$25+D$26*B81 -> 0.0020671698 | D81: =+IF(C81>=0,IF(C81<=eco,1-(1-C81/eco)^n,1),0)*0.85*fck -> 25.5 | E81: =+D81*G$26 -> 122400 | F81: =+E81*B81 -> -35985600 | Q81: 50 | R81: =h/2-($Q81-0.5)*W$24 -> -294 | S81: =T$25+T$26*R81 -> 0.0014507547 | T81: =+IF(S81>=0,IF(S81<=eco,1-(1-S81/eco)^n,1),0)*0.85*fck -> 23.576851 | U81: =+T81*W$26 -> 113168.89 | V81: =+U81*R81 -> -33271653 | AG81: 50 | AH81: =h/2-($AG81-0.5)*AM$24 -> -294 | AI81: =AJ$25+AJ$26*AH81 -> 0.00083433962 | AJ81: =+IF(AI81>=0,IF(AI81<=eco,1-(1-AI81/eco)^n,1),0)*0.85*fck -> 16.837879 | AK81: =+AJ81*AM$26 -> 80821.818 | AL81: =+AK81*AH81 -> -23761615 | AW81: 50 | AX81: =h/2-($AW81-0.5)*BC$24 -> -294 | AY81: =AZ$25+AZ$26*AX81 -> 0.00021792453 | AZ81: =+IF(AY81>=0,IF(AY81<=eco,1-(1-AY81/eco)^n,1),0)*0.85*fck -> 5.2543197 | BA81: =+AZ81*BC$26 -> 25220.735 | BB81: =+BA81*AX81 -> -7414896 | BM81: 50 | BN81: =h/2-($BM81-0.5)*BS$24 -> -224.7 | BO81: =BP$25+BP$26*BN81 -> 3.3e-05 | BP81: =+IF(BO81>=0,IF(BO81<=eco,1-(1-BO81/eco)^n,1),0)*0.85*fck -> 0.83455763 | BQ81: =+BP81*BS$26 -> 3538.5243 | BR81: =+BQ81*BN81 -> -795106.42

Sheet P_fy
A1: Select N/A by fs
A2: The stress in the control steel is zero. | H2: N.A Line
H3: 1 | I3: =-b/2 -> -200 | J3: =+h/2-R22 -> -160.26316 | Q3: P (kN) | S3: M (kNm)
H4: 2 | I4: =+b/2 -> 200 | J4: =+J3 -> -160.26316 | N4: fs/fy | O4: ε0 | P4: κ | Q4: Concrete | R4: Steel | S4: Concrete | T4: Steel
N5: =+'P-M chart'!D20 -> 0 | O5: =+D25 -> 0.0014320755 | P5: =+D26 -> 6.2264151e-06 | Q5: =+L23 -> 4314.1742 | R5: =+M23 -> 1684.6938 | S5: =+L24 -> 352.58094 | T5: =+M24 -> 262.89504
N6: =+'P-M chart'!D21 -> 0.25 | O6: =+T25 -> 0.0011490566 | P6: =+T26 -> 7.1698113e-06 | Q6: =+AB23 -> 3746.5197 | R6: =+AC23 -> 1245.6403 | S6: =+AB24 -> 413.78966 | T6: =+AC24 -> 352.1419
N7: =+'P-M chart'!D22 -> 0.5 | O7: =+AJ25 -> 0.00086603774 | P7: =+AJ26 -> 8.1132075e-06 | Q7: =+AR23 -> 3310.8779 | R7: =+AS23 -> 776.429 | S7: =+AR24 -> 438.65002 | T7: =+AS24 -> 438.69781
N8: =+'P-M chart'!D23 -> 0.75 | O8: =+AZ25 -> 0.00058301887 | P8: =+AZ26 -> 9.0566038e-06 | Q8: =+BH23 -> 2965.9948 | R8: =+BI23 -> 273.16048 | S8: =+BH24 -> 444.71159 | T8: =+BI24 -> 523.01472
N9: =+'P-M chart'!D24 -> 1 | O9: =+BP25 -> 0.0003 | P9: =+BP26 -> 1e-05 | Q9: =+BX23 -> 2686.184 | R9: =+BY23 -> -229.58055 | S9: =+BX24 -> 440.78574 | T9: =+BY24 -> 607.40021
A19: Control Rebar Y = | C19: =+MIN(Input!$E$10:$E$23) -> -230
A20: Point P1: fs = 0 (NA Position C = C1) | Q20: Point P2: fs = 0.25fy | AG20: Point P3: fs = 0.50fy | AW20: Point P3: fs = 0.75fy | BM20: Point P3: fs = fy
A21: C1 = | B21: =+h/2-MIN(Input!$E$10:$E$23) -> 530 | C21: mm | F21: Mesh fiber | K21: Summary | Q21: C1 = | R21: =+h/2-MIN(Input!$E$10:$E$23) -> 530 | S21: mm | V21: Mesh fiber | AA21: Summary | AG21: C1 = | AH21: =+h/2-MIN(Input!$E$10:$E$23) -> 530 | AI21: mm | AL21: Mesh fiber | AQ21: Summary | AW21: C1 = | AX21: =+h/2-MIN(Input!$E$10:$E$23) -> 530 | AY21: mm | BB21: Mesh fiber | BG21: Summary | BM21: C1 = | BN21: =+h/2-MIN(Input!$E$10:$E$23) -> 530 | BO21: mm | BR21: Mesh fiber | BW21: Summary
A22: c | B22: =ecu/(ecu+N5*fy/Es)*(h/2-$C$19) -> 530 | C22: mm | F22: Hmesh | G22: =+MIN(B22,h) -> 530 | H22: mm | L22: Concrete | M22: Steel | N22: Nominal | O22: Unit | Q22: c | R22: =ecu/(ecu+N6*fy/Es)*(h/2-$C$19) -> 460.26316 | S22: mm | V22: Hmesh | W22: =+MIN(R22,h) -> 460.26316 | X22: mm | AB22: Concrete | AC22: Steel | AD22: Nominal | AE22: Unit | AG22: c | AH22: =ecu/(ecu+N7*fy/Es)*(h/2-$C$19) -> 406.74419 | AI22: mm | AL22: Hmesh | AM22: =+MIN(AH22,h) -> 406.74419 | AN22: mm | AR22: Concrete | AS22: Steel | AT22: Nominal | AU22: Unit | AW22: c | AX22: =ecu/(ecu+N8*fy/Es)*(h/2-$C$19) -> 364.375 | AY22: mm | BB22: Hmesh | BC22: =+MIN(AX22,h) -> 364.375 | BD22: mm | BH22: Concrete | BI22: Steel | BJ22: Nominal | BK22: Unit | BM22: c | BN22: =ecu/(ecu+N9*fy/Es)*(h/2-$C$19) -> 330 | BO22: mm | BR22: Hmesh | BS22: =+MIN(BN22,h) -> 330 | BT22: mm | BX22: Concrete | BY22: Steel | BZ22: Nominal | CA22: Unit
A23: Equation of Strain | F23: ny | G23: 50 | H23: EA | K23: P | L23: =+E31/10^3 -> 4314.1742 | M23: =+N31/10^3 -> 1684.6938 | N23: =+L23+M23 -> 5998.868 | O23: kN | Q23: Equation of Strain | V23: ny | W23: 50 | X23: EA | AA23: P | AB23: =+U31/10^3 -> 3746.5197 | AC23: =+AD31/10^3 -> 1245.6403 | AD23: =+AB23+AC23 -> 4992.1601 | AE23: kN | AG23: Equation of Strain | AL23: ny | AM23: 50 | AN23: EA | AQ23: P | AR23: =+AK31/10^3 -> 3310.8779 | AS23: =+AT31/10^3 -> 776.429 | AT23: =+AR23+AS23 -> 4087.3069 | AU23: kN | AW23: Equation of Strain | BB23: ny | BC23: 50 | BD23: EA | BG23: P | BH23: =+BA31/10^3 -> 2965.9948 | BI23: =+BJ31/10^3 -> 273.16048 | BJ23: =+BH23+BI23 -> 3239.1553 | BK23: kN | BM23: Equation of Strain | BR23: ny | BS23: 50 | BT23: EA | BW23: P | BX23: =+BQ31/10^3 -> 2686.184 | BY23: =+BZ31/10^3 -> -229.58055 | BZ23: =+BX23+BY23 -> 2456.6034 | CA23: kN
A24: ε(y) = ε0 + κy | F24: h | G24: =G22/G$23 -> 10.6 | H24: mm | K24: M | L24: =+F31/10^6 -> 352.58094 | M24: =+O31/10^6 -> 262.89504 | N24: =+L24+M24 -> 615.47598 | O24: kNm | Q24: ε(y) = ε0 + κy | V24: h | W24: =W22/W$23 -> 9.2052632 | X24: mm | AA24: M | AB24: =+V31/10^6 -> 413.78966 | AC24: =+AE31/10^6 -> 352.1419 | AD24: =+AB24+AC24 -> 765.93156 | AE24: kNm | AG24: ε(y) = ε0 + κy | AL24: h | AM24: =AM22/AM$23 -> 8.1348837 | AN24: mm | AQ24: M | AR24: =+AL31/10^6 -> 438.65002 | AS24: =+AU31/10^6 -> 438.69781 | AT24: =+AR24+AS24 -> 877.34783 | AU24: kNm | AW24: ε(y) = ε0 + κy | BB24: h | BC24: =BC22/BC$23 -> 7.2875 | BD24: mm | BG24: M | BH24: =+BB31/10^6 -> 444.71159 | BI24: =+BK31/10^6 -> 523.01472 | BJ24: =+BH24+BI24 -> 967.72632 | BK24: kNm | BM24: ε(y) = ε0 + κy | BR24: h | BS24: =BS22/BS$23 -> 6.6 | BT24: mm | BW24: M | BX24: =+BR31/10^6 -> 440.78574 | BY24: =+CA31/10^6 -> 607.40021 | BZ24: =+BX24+BY24 -> 1048.1859 | CA24: kNm
A25: ε0 = εcu * (c - h/2)/c | C25: ε0 = | D25: =+ecu*(B22-h/2)/B22 -> 0.0014320755 | F25: b | G25: =+b -> 400 | H25: mm | Q25: ε0 = εcu * (c - h/2)/c | S25: ε0 = | T25: =+ecu*(R22-h/2)/R22 -> 0.0011490566 | V25: b | W25: =+b -> 400 | X25: mm | AG25: ε0 = εcu * (c - h/2)/c | AI25: ε0 = | AJ25: =+ecu*(AH22-h/2)/AH22 -> 0.00086603774 | AL25: b | AM25: =+b -> 400 | AN25: mm | AW25: ε0 = εcu * (c - h/2)/c | AY25: ε0 = | AZ25: =+ecu*(AX22-h/2)/AX22 -> 0.00058301887 | BB25: b | BC25: =+b -> 400 | BD25: mm | BM25: ε0 = εcu * (c - h/2)/c | BO25: ε0 = | BP25: =+ecu*(BN22-h/2)/BN22 -> 0.0003 | BR25: b | BS25: =+b -> 400 | BT25: mm
A26: κ = εcu / c | C26: κ = | D26: =+ecu/B22 -> 6.2264151e-06 | F26: Ac | G26: =+G24*G25 -> 4240 | H26: mm2 | Q26: κ = εcu / c | S26: κ = | T26: =+ecu/R22 -> 7.1698113e-06 | V26: Ac | W26: =+W24*W25 -> 3682.1053 | X26: mm2 | AG26: κ = εcu / c | AI26: κ = | AJ26: =+ecu/AH22 -> 8.1132075e-06 | AL26: Ac | AM26: =+AM24*AM25 -> 3253.9535 | AN26: mm2 | AW26: κ = εcu / c | AY26: κ = | AZ26: =+ecu/AX22 -> 9.0566038e-06 | BB26: Ac | BC26: =+BC24*BC25 -> 2915 | BD26: mm2 | BM26: κ = εcu / c | BO26: κ = | BP26: =+ecu/BN22 -> 1e-05 | BR26: Ac | BS26: =+BS24*BS25 -> 2640 | BT26: mm2
A28: Concrete Force | I28: Steel Force | Q28: Concrete Force | Y28: Steel Force | AG28: Concrete Force | AO28: Steel Force | AW28: Concrete Force | BE28: Steel Force | BM28: Concrete Force | BU28: Steel Force
A29: i | B29: y | C29: εci | D29: fci | E29: Fci | F29: Mci | H29: i | I29: Y | J29: εsi | K29: fsi | L29: fci | M29: fsi_eff | N29: Fsi | O29: Msi | Q29: i | R29: y | S29: εci | T29: fci | U29: Fci | V29: Mci | X29: i | Y29: Y | Z29: εsi | AA29: fsi | AB29: fci | AC29: fsi_eff | AD29: Fsi | AE29: Msi | AG29: i | AH29: y | AI29: εci | AJ29: fci | AK29: Fci | AL29: Mci | AN29: i | AO29: Y | AP29: εsi | AQ29: fsi | AR29: fci | AS29: fsi_eff | AT29: Fsi | AU29: Msi | AW29: i | AX29: y | AY29: εci | AZ29: fci | BA29: Fci | BB29: Mci | BD29: i | BE29: Y | BF29: εsi | BG29: fsi | BH29: fci | BI29: fsi_eff | BJ29: Fsi | BK29: Msi | BM29: i | BN29: y | BO29: εci | BP29: fci | BQ29: Fci | BR29: Mci | BT29: i | BU29: Y | BV29: εsi | BW29: fsi | BX29: fci | BY29: fsi_eff | BZ29: Fsi | CA29: Msi
A30: Unit | B30: mm | D30: Mpa | E30: N | F30: Nmm | H30: Unit | I30: mm | K30: Mpa | L30: Mpa | M30: Mpa | N30: Nmm | O30: Nmm | Q30: Unit | R30: mm | T30: Mpa | U30: N | V30: Nmm | X30: Unit | Y30: mm | AA30: Mpa | AB30: Mpa | AC30: Mpa | AD30: Nmm | AE30: Nmm | AG30: Unit | AH30: mm | AJ30: Mpa | AK30: N | AL30: Nmm | AN30: Unit | AO30: mm | AQ30: Mpa | AR30: Mpa | AS30: Mpa | AT30: Nmm | AU30: Nmm | AW30: Unit | AX30: mm | AZ30: Mpa | BA30: N | BB30: Nmm | BD30: Unit | BE30: mm | BG30: Mpa | BH30: Mpa | BI30: Mpa | BJ30: Nmm | BK30: Nmm | BM30: Unit | BN30: mm | BP30: Mpa | BQ30: N | BR30: Nmm | BT30: Unit | BU30: mm | BW30: Mpa | BX30: Mpa | BY30: Mpa | BZ30: Nmm | CA30: Nmm
A31: SUM | E31: =+SUM(E32:E81) -> 4314174.2 | F31: =+SUM(F32:F81) -> 3.5258094e+08 | H31: SUM | N31: =+SUM(N32:N43) -> 1684693.8 | O31: =+SUM(O32:O43) -> 2.6289504e+08 | Q31: SUM | U31: =+SUM(U32:U81) -> 3746519.7 | V31: =+SUM(V32:V81) -> 4.1378966e+08 | X31: SUM | AD31: =+SUM(AD32:AD43) -> 1245640.3 | AE31: =+SUM(AE32:AE43) -> 3.521419e+08 | AG31: SUM | AK31: =+SUM(AK32:AK81) -> 3310877.9 | AL31: =+SUM(AL32:AL81) -> 4.3865002e+08 | AN31: SUM | AT31: =+SUM(AT32:AT43) -> 776429 | AU31: =+SUM(AU32:AU43) -> 4.3869781e+08 | AW31: SUM | BA31: =+SUM(BA32:BA81) -> 2965994.8 | BB31: =+SUM(BB32:BB81) -> 4.4471159e+08 | BD31: SUM | BJ31: =+SUM(BJ32:BJ43) -> 273160.48 | BK31: =+SUM(BK32:BK43) -> 5.2301472e+08 | BM31: SUM | BQ31: =+SUM(BQ32:BQ81) -> 2686184 | BR31: =+SUM(BR32:BR81) -> 4.4078574e+08 | BT31: SUM | BZ31: =+SUM(BZ32:BZ43) -> -229580.55 | CA31: =+SUM(CA32:CA43) -> 6.0740021e+08
A32: 1 | B32: =h/2-($A32-0.5)*G$24 -> 294.7 | C32: =D$25+D$26*B32 -> 0.003267 | D32: =+IF(C32>=0,IF(C32<=eco,1-(1-C32/eco)^n,1),0)*0.85*fck -> 25.5 | E32: =+D32*G$26 -> 108120 | F32: =+E32*B32 -> 31862964 | H32: 1 | I32: =Input!$E10 -> 230 | J32: =D$25+D$26*I32 -> 0.0028641509 | K32: =J32*Es -> 572.83019 | L32: =+IF(K32>=0,IF(J32<=eco,1-(1-J32/eco)^n,1),0)*0.85*fck -> 25.5 | M32: =MAX(MIN(K32,fy),-fy)-IF(K32>=0,L32,0) -> 374.5 | N32: =IF(AND(ISNUMBER(Input!$D10),ISNUMBER(Input!$E10)),M32*As,0) -> 301190.77 | O32: =N32*I32 -> 69273877 | Q32: 1 | R32: =h/2-($Q32-0.5)*W$24 -> 295.39737 | S32: =T$25+T$26*R32 -> 0.003267 | T32: =+IF(S32>=0,IF(S32<=eco,1-(1-S32/eco)^n,1),0)*0.85*fck -> 25.5 | U32: =+T32*W$26 -> 93893.684 | V32: =+U32*R32 -> 27735947 | X32: 1 | Y32: =Input!$E10 -> 230 | Z32: =T$25+T$26*Y32 -> 0.0027981132 | AA32: =Z32*Es -> 559.62264 | AB32: =+IF(AA32>=0,IF(Z32<=eco,1-(1-Z32/eco)^n,1),0)*0.85*fck -> 25.5 | AC32: =MAX(MIN(AA32,fy),-fy)-IF(AA32>=0,AB32,0) -> 374.5 | AD32: =IF(AND(ISNUMBER(Input!$D10),ISNUMBER(Input!$E10)),AC32*As,0) -> 301190.77 | AE32: =AD32*Y32 -> 69273877 | AG32: 1 | AH32: =h/2-($AG32-0.5)*AM$24 -> 295.93256 | AI32: =AJ$25+AJ$26*AH32 -> 0.003267 | AJ32: =+IF(AI32>=0,IF(AI32<=eco,1-(1-AI32/eco)^n,1),0)*0.85*fck -> 25.5 | AK32: =+AJ32*AM$26 -> 82975.814 | AL32: =+AK32*AH32 -> 24555245 | AN32: 1 | AO32: =Input!$E10 -> 230 | AP32: =AJ$25+AJ$26*AO32 -> 0.0027320755 | AQ32: =AP32*Es -> 546.41509 | AR32: =+IF(AQ32>=0,IF(AP32<=eco,1-(1-AP32/eco)^n,1),0)*0.85*fck -> 25.5 | AS32: =MAX(MIN(AQ32,fy),-fy)-IF(AQ32>=0,AR32,0) -> 374.5 | AT32: =IF(AND(ISNUMBER(Input!$D10),ISNUMBER(Input!$E10)),AS32*As,0) -> 301190.77 | AU32: =AT32*AO32 -> 69273877 | AW32: 1 | AX32: =h/2-($AW32-0.5)*BC$24 -> 296.35625 | AY32: =AZ$25+AZ$26*AX32 -> 0.003267 | AZ32: =+IF(AY32>=0,IF(AY32<=eco,1-(1-AY32/eco)^n,1),0)*0.85*fck -> 25.5 | BA32: =+AZ32*BC$26 -> 74332.5 | BB32: =+BA32*AX32 -> 22028901 | BD32: 1 | BE32: =Input!$E10 -> 230 | BF32: =AZ$25+AZ$26*BE32 -> 0.0026660377 | BG32: =BF32*Es -> 533.20755 | BH32: =+IF(BG32>=0,IF(BF32<=eco,1-(1-BF32/eco)^n,1),0)*0.85*fck -> 25.5 | BI32: =MAX(MIN(BG32,fy),-fy)-IF(BG32>=0,BH32,0) -> 374.5 | BJ32: =IF(AND(ISNUMBER(Input!$D10),ISNUMBER(Input!$E10)),BI32*As,0) -> 301190.77 | BK32: =BJ32*BE32 -> 69273877 | BM32: 1 | BN32: =h/2-($BM32-0.5)*BS$24 -> 296.7 | BO32: =BP$25+BP$26*BN32 -> 0.003267 | BP32: =+IF(BO32>=0,IF(BO32<=eco,1-(1-BO32/eco)^n,1),0)*0.85*fck -> 25.5 | BQ32: =+BP32*BS$26 -> 67320 | BR32: =+BQ32*BN32 -> 19973844 | BT32: 1 | BU32: =Input!$E10 -> 230 | BV32: =BP$25+BP$26*BU32 -> 0.0026 | BW32: =BV32*Es -> 520 | BX32: =+IF(BW32>=0,IF(BV32<=eco,1-(1-BV32/eco)^n,1),0)*0.85*fck -> 25.5 | BY32: =MAX(MIN(BW32,fy),-fy)-IF(BW32>=0,BX32,0) -> 374.5 | BZ32: =IF(AND(ISNUMBER(Input!$D10),ISNUMBER(Input!$E10)),BY32*As,0) -> 301190.77 | CA32: =BZ32*BU32 -> 69273877
A33: 2 | B33: =h/2-($A33-0.5)*G$24 -> 284.1 | C33: =D$25+D$26*B33 -> 0.003201 | D33: =+IF(C33>=0,IF(C33<=eco,1-(1-C33/eco)^n,1),0)*0.85*fck -> 25.5 | E33: =+D33*G$26 -> 108120 | F33: =+E33*B33 -> 30716892 | H33: 2 | I33: =Input!$E11 -> 230 | J33: =D$25+D$26*I33 -> 0.0028641509 | K33: =J33*Es -> 572.83019 | L33: =+IF(K33>=0,IF(J33<=eco,1-(1-J33/eco)^n,1),0)*0.85*fck -> 25.5 | M33: =MAX(MIN(K33,fy),-fy)-IF(K33>=0,L33,0) -> 374.5 | N33: =IF(AND(ISNUMBER(Input!$D11),ISNUMBER(Input!$E11)),M33*As,0) -> 301190.77 | O33: =N33*I33 -> 69273877 | Q33: 2 | R33: =h/2-($Q33-0.5)*W$24 -> 286.19211 | S33: =T$25+T$26*R33 -> 0.003201 | T33: =+IF(S33>=0,IF(S33<=eco,1-(1-S33/eco)^n,1),0)*0.85*fck -> 25.5 | U33: =+T33*W$26 -> 93893.684 | V33: =+U33*R33 -> 26871631 | X33: 2 | Y33: =Input!$E11 -> 230 | Z33: =T$25+T$26*Y33 -> 0.0027981132 | AA33: =Z33*Es -> 559.62264 | AB33: =+IF(AA33>=0,IF(Z33<=eco,1-(1-Z33/eco)^n,1),0)*0.85*fck -> 25.5 | AC33: =MAX(MIN(AA33,fy),-fy)-IF(AA33>=0,AB33,0) -> 374.5 | AD33: =IF(AND(ISNUMBER(Input!$D11),ISNUMBER(Input!$E11)),AC33*As,0) -> 301190.77 | AE33: =AD33*Y33 -> 69273877 | AG33: 2 | AH33: =h/2-($AG33-0.5)*AM$24 -> 287.79767 | AI33: =AJ$25+AJ$26*AH33 -> 0.003201 | AJ33: =+IF(AI33>=0,IF(AI33<=eco,1-(1-AI33/eco)^n,1),0)*0.85*fck -> 25.5 | AK33: =+AJ33*AM$26 -> 82975.814 | AL33: =+AK33*AH33 -> 23880246 | AN33: 2 | AO33: =Input!$E11 -> 230 | AP33: =AJ$25+AJ$26*AO33 -> 0.0027320755 | AQ33: =AP33*Es -> 546.41509 | AR33: =+IF(AQ33>=0,IF(AP33<=eco,1-(1-AP33/eco)^n,1),0)*0.85*fck -> 25.5 | AS33: =MAX(MIN(AQ33,fy),-fy)-IF(AQ33>=0,AR33,0) -> 374.5 | AT33: =IF(AND(ISNUMBER(Input!$D11),ISNUMBER(Input!$E11)),AS33*As,0) -> 301190.77 | AU33: =AT33*AO33 -> 69273877 | AW33: 2 | AX33: =h/2-($AW33-0.5)*BC$24 -> 289.06875 | AY33: =AZ$25+AZ$26*AX33 -> 0.003201 | AZ33: =+IF(AY33>=0,IF(AY33<=eco,1-(1-AY33/eco)^n,1),0)*0.85*fck -> 25.5 | BA33: =+AZ33*BC$26 -> 74332.5 | BB33: =+BA33*AX33 -> 21487203 | BD33: 2 | BE33: =Input!$E11 -> 230 | BF33: =AZ$25+AZ$26*BE33 -> 0.0026660377 | BG33: =BF33*Es -> 533.20755 | BH33: =+IF(BG33>=0,IF(BF33<=eco,1-(1-BF33/eco)^n,1),0)*0.85*fck -> 25.5 | BI33: =MAX(MIN(BG33,fy),-fy)-IF(BG33>=0,BH33,0) -> 374.5 | BJ33: =IF(AND(ISNUMBER(Input!$D11),ISNUMBER(Input!$E11)),BI33*As,0) -> 301190.77 | BK33: =BJ33*BE33 -> 69273877 | BM33: 2 | BN33: =h/2-($BM33-0.5)*BS$24 -> 290.1 | BO33: =BP$25+BP$26*BN33 -> 0.003201 | BP33: =+IF(BO33>=0,IF(BO33<=eco,1-(1-BO33/eco)^n,1),0)*0.85*fck -> 25.5 | BQ33: =+BP33*BS$26 -> 67320 | BR33: =+BQ33*BN33 -> 19529532 | BT33: 2 | BU33: =Input!$E11 -> 230 | BV33: =BP$25+BP$26*BU33 -> 0.0026 | BW33: =BV33*Es -> 520 | BX33: =+IF(BW33>=0,IF(BV33<=eco,1-(1-BV33/eco)^n,1),0)*0.85*fck -> 25.5 | BY33: =MAX(MIN(BW33,fy),-fy)-IF(BW33>=0,BX33,0) -> 374.5 | BZ33: =IF(AND(ISNUMBER(Input!$D11),ISNUMBER(Input!$E11)),BY33*As,0) -> 301190.77 | CA33: =BZ33*BU33 -> 69273877
A34: 3 | B34: =h/2-($A34-0.5)*G$24 -> 273.5 | C34: =D$25+D$26*B34 -> 0.003135 | D34: =+IF(C34>=0,IF(C34<=eco,1-(1-C34/eco)^n,1),0)*0.85*fck -> 25.5 | E34: =+D34*G$26 -> 108120 | F34: =+E34*B34 -> 29570820 | H34: 3 | I34: =Input!$E12 -> 230 | J34: =D$25+D$26*I34 -> 0.0028641509 | K34: =J34*Es -> 572.83019 | L34: =+IF(K34>=0,IF(J34<=eco,1-(1-J34/eco)^n,1),0)*0.85*fck -> 25.5 | M34: =MAX(MIN(K34,fy),-fy)-IF(K34>=0,L34,0) -> 374.5 | N34: =IF(AND(ISNUMBER(Input!$D12),ISNUMBER(Input!$E12)),M34*As,0) -> 301190.77 | O34: =N34*I34 -> 69273877 | Q34: 3 | R34: =h/2-($Q34-0.5)*W$24 -> 276.98684 | S34: =T$25+T$26*R34 -> 0.003135 | T34: =+IF(S34>=0,IF(S34<=eco,1-(1-S34/eco)^n,1),0)*0.85*fck -> 25.5 | U34: =+T34*W$26 -> 93893.684 | V34: =+U34*R34 -> 26007315 | X34: 3 | Y34: =Input!$E12 -> 230 | Z34: =T$25+T$26*Y34 -> 0.0027981132 | AA34: =Z34*Es -> 559.62264 | AB34: =+IF(AA34>=0,IF(Z34<=eco,1-(1-Z34/eco)^n,1),0)*0.85*fck -> 25.5 | AC34: =MAX(MIN(AA34,fy),-fy)-IF(AA34>=0,AB34,0) -> 374.5 | AD34: =IF(AND(ISNUMBER(Input!$D12),ISNUMBER(Input!$E12)),AC34*As,0) -> 301190.77 | AE34: =AD34*Y34 -> 69273877 | AG34: 3 | AH34: =h/2-($AG34-0.5)*AM$24 -> 279.66279 | AI34: =AJ$25+AJ$26*AH34 -> 0.003135 | AJ34: =+IF(AI34>=0,IF(AI34<=eco,1-(1-AI34/eco)^n,1),0)*0.85*fck -> 25.5 | AK34: =+AJ34*AM$26 -> 82975.814 | AL34: =+AK34*AH34 -> 23205248 | AN34: 3 | AO34: =Input!$E12 -> 230 | AP34: =AJ$25+AJ$26*AO34 -> 0.0027320755 | AQ34: =AP34*Es -> 546.41509 | AR34: =+IF(AQ34>=0,IF(AP34<=eco,1-(1-AP34/eco)^n,1),0)*0.85*fck -> 25.5 | AS34: =MAX(MIN(AQ34,fy),-fy)-IF(AQ34>=0,AR34,0) -> 374.5 | AT34: =IF(AND(ISNUMBER(Input!$D12),ISNUMBER(Input!$E12)),AS34*As,0) -> 301190.77 | AU34: =AT34*AO34 -> 69273877 | AW34: 3 | AX34: =h/2-($AW34-0.5)*BC$24 -> 281.78125 | AY34: =AZ$25+AZ$26*AX34 -> 0.003135 | AZ34: =+IF(AY34>=0,IF(AY34<=eco,1-(1-AY34/eco)^n,1),0)*0.85*fck -> 25.5 | BA34: =+AZ34*BC$26 -> 74332.5 | BB34: =+BA34*AX34 -> 20945505 | BD34: 3 | BE34: =Input!$E12 -> 230 | BF34: =AZ$25+AZ$26*BE34 -> 0.0026660377 | BG34: =BF34*Es -> 533.20755 | BH34: =+IF(BG34>=0,IF(BF34<=eco,1-(1-BF34/eco)^n,1),0)*0.85*fck -> 25.5 | BI34: =MAX(MIN(BG34,fy),-fy)-IF(BG34>=0,BH34,0) -> 374.5 | BJ34: =IF(AND(ISNUMBER(Input!$D12),ISNUMBER(Input!$E12)),BI34*As,0) -> 301190.77 | BK34: =BJ34*BE34 -> 69273877 | BM34: 3 | BN34: =h/2-($BM34-0.5)*BS$24 -> 283.5 | BO34: =BP$25+BP$26*BN34 -> 0.003135 | BP34: =+IF(BO34>=0,IF(BO34<=eco,1-(1-BO34/eco)^n,1),0)*0.85*fck -> 25.5 | BQ34: =+BP34*BS$26 -> 67320 | BR34: =+BQ34*BN34 -> 19085220 | BT34: 3 | BU34: =Input!$E12 -> 230 | BV34: =BP$25+BP$26*BU34 -> 0.0026 | BW34: =BV34*Es -> 520 | BX34: =+IF(BW34>=0,IF(BV34<=eco,1-(1-BV34/eco)^n,1),0)*0.85*fck -> 25.5 | BY34: =MAX(MIN(BW34,fy),-fy)-IF(BW34>=0,BX34,0) -> 374.5 | BZ34: =IF(AND(ISNUMBER(Input!$D12),ISNUMBER(Input!$E12)),BY34*As,0) -> 301190.77 | CA34: =BZ34*BU34 -> 69273877
A35: 4 | B35: =h/2-($A35-0.5)*G$24 -> 262.9 | C35: =D$25+D$26*B35 -> 0.003069 | D35: =+IF(C35>=0,IF(C35<=eco,1-(1-C35/eco)^n,1),0)*0.85*fck -> 25.5 | E35: =+D35*G$26 -> 108120 | F35: =+E35*B35 -> 28424748 | H35: 4 | I35: =Input!$E13 -> 0 | J35: =D$25+D$26*I35 -> 0.0014320755 | K35: =J35*Es -> 286.41509 | L35: =+IF(K35>=0,IF(J35<=eco,1-(1-J35/eco)^n,1),0)*0.85*fck -> 23.443819 | M35: =MAX(MIN(K35,fy),-fy)-IF(K35>=0,L35,0) -> 262.97128 | N35: =IF(AND(ISNUMBER(Input!$D13),ISNUMBER(Input!$E13)),M35*As,0) -> 0 | O35: =N35*I35 -> 0 | Q35: 4 | R35: =h/2-($Q35-0.5)*W$24 -> 267.78158 | S35: =T$25+T$26*R35 -> 0.003069 | T35: =+IF(S35>=0,IF(S35<=eco,1-(1-S35/eco)^n,1),0)*0.85*fck -> 25.5 | U35: =+T35*W$26 -> 93893.684 | V35: =+U35*R35 -> 25142999 | X35: 4 | Y35: =Input!$E13 -> 0 | Z35: =T$25+T$26*Y35 -> 0.0011490566 | AA35: =Z35*Es -> 229.81132 | AB35: =+IF(AA35>=0,IF(Z35<=eco,1-(1-Z35/eco)^n,1),0)*0.85*fck -> 20.883833 | AC35: =MAX(MIN(AA35,fy),-fy)-IF(AA35>=0,AB35,0) -> 208.92749 | AD35: =IF(AND(ISNUMBER(Input!$D13),ISNUMBER(Input!$E13)),AC35*As,0) -> 0 | AE35: =AD35*Y35 -> 0 | AG35: 4 | AH35: =h/2-($AG35-0.5)*AM$24 -> 271.52791 | AI35: =AJ$25+AJ$26*AH35 -> 0.003069 | AJ35: =+IF(AI35>=0,IF(AI35<=eco,1-(1-AI35/eco)^n,1),0)*0.85*fck -> 25.5 | AK35: =+AJ35*AM$26 -> 82975.814 | AL35: =+AK35*AH35 -> 22530249 | AN35: 4 | AO35: =Input!$E13 -> 0 | AP35: =AJ$25+AJ$26*AO35 -> 0.00086603774 | AQ35: =AP35*Es -> 173.20755 | AR35: =+IF(AQ35>=0,IF(AP35<=eco,1-(1-AP35/eco)^n,1),0)*0.85*fck -> 17.302576 | AS35: =MAX(MIN(AQ35,fy),-fy)-IF(AQ35>=0,AR35,0) -> 155.90497 | AT35: =IF(AND(ISNUMBER(Input!$D13),ISNUMBER(Input!$E13)),AS35*As,0) -> 0 | AU35: =AT35*AO35 -> 0 | AW35: 4 | AX35: =h/2-($AW35-0.5)*BC$24 -> 274.49375 | AY35: =AZ$25+AZ$26*AX35 -> 0.003069 | AZ35: =+IF(AY35>=0,IF(AY35<=eco,1-(1-AY35/eco)^n,1),0)*0.85*fck -> 25.5 | BA35: =+AZ35*BC$26 -> 74332.5 | BB35: =+BA35*AX35 -> 20403807 | BD35: 4 | BE35: =Input!$E13 -> 0 | BF35: =AZ$25+AZ$26*BE35 -> 0.00058301887 | BG35: =BF35*Es -> 116.60377 | BH35: =+IF(BG35>=0,IF(BF35<=eco,1-(1-BF35/eco)^n,1),0)*0.85*fck -> 12.700049 | BI35: =MAX(MIN(BG35,fy),-fy)-IF(BG35>=0,BH35,0) -> 103.90373 | BJ35: =IF(AND(ISNUMBER(Input!$D13),ISNUMBER(Input!$E13)),BI35*As,0) -> 0 | BK35: =BJ35*BE35 -> 0 | BM35: 4 | BN35: =h/2-($BM35-0.5)*BS$24 -> 276.9 | BO35: =BP$25+BP$26*BN35 -> 0.003069 | BP35: =+IF(BO35>=0,IF(BO35<=eco,1-(1-BO35/eco)^n,1),0)*0.85*fck -> 25.5 | BQ35: =+BP35*BS$26 -> 67320 | BR35: =+BQ35*BN35 -> 18640908 | BT35: 4 | BU35: =Input!$E13 -> 0 | BV35: =BP$25+BP$26*BU35 -> 0.0003 | BW35: =BV35*Es -> 60 | BX35: =+IF(BW35>=0,IF(BV35<=eco,1-(1-BV35/eco)^n,1),0)*0.85*fck -> 7.07625 | BY35: =MAX(MIN(BW35,fy),-fy)-IF(BW35>=0,BX35,0) -> 52.92375 | BZ35: =IF(AND(ISNUMBER(Input!$D13),ISNUMBER(Input!$E13)),BY35*As,0) -> 0 | CA35: =BZ35*BU35 -> 0
A36: 5 | B36: =h/2-($A36-0.5)*G$24 -> 252.3 | C36: =D$25+D$26*B36 -> 0.003003 | D36: =+IF(C36>=0,IF(C36<=eco,1-(1-C36/eco)^n,1),0)*0.85*fck -> 25.5 | E36: =+D36*G$26 -> 108120 | F36: =+E36*B36 -> 27278676 | H36: 5 | I36: =Input!$E14 -> -230 | J36: =D$25+D$26*I36 -> 0 | K36: =J36*Es -> 0 | L36: =+IF(K36>=0,IF(J36<=eco,1-(1-J36/eco)^n,1),0)*0.85*fck -> 0 | M36: =MAX(MIN(K36,fy),-fy)-IF(K36>=0,L36,0) -> 0 | N36: =IF(AND(ISNUMBER(Input!$D14),ISNUMBER(Input!$E14)),M36*As,0) -> 0 | O36: =N36*I36 -> 0 | Q36: 5 | R36: =h/2-($Q36-0.5)*W$24 -> 258.57632 | S36: =T$25+T$26*R36 -> 0.003003 | T36: =+IF(S36>=0,IF(S36<=eco,1-(1-S36/eco)^n,1),0)*0.85*fck -> 25.5 | U36: =+T36*W$26 -> 93893.684 | V36: =+U36*R36 -> 24278683 | X36: 5 | Y36: =Input!$E14 -> -230 | Z36: =T$25+T$26*Y36 -> -0.0005 | AA36: =Z36*Es -> -100 | AB36: =+IF(AA36>=0,IF(Z36<=eco,1-(1-Z36/eco)^n,1),0)*0.85*fck -> 0 | AC36: =MAX(MIN(AA36,fy),-fy)-IF(AA36>=0,AB36,0) -> -100 | AD36: =IF(AND(ISNUMBER(Input!$D14),ISNUMBER(Input!$E14)),AC36*As,0) -> -80424.772 | AE36: =AD36*Y36 -> 18497698 | AG36: 5 | AH36: =h/2-($AG36-0.5)*AM$24 -> 263.39302 | AI36: =AJ$25+AJ$26*AH36 -> 0.003003 | AJ36: =+IF(AI36>=0,IF(AI36<=eco,1-(1-AI36/eco)^n,1),0)*0.85*fck -> 25.5 | AK36: =+AJ36*AM$26 -> 82975.814 | AL36: =+AK36*AH36 -> 21855250 | AN36: 5 | AO36: =Input!$E14 -> -230 | AP36: =AJ$25+AJ$26*AO36 -> -0.001 | AQ36: =AP36*Es -> -200 | AR36: =+IF(AQ36>=0,IF(AP36<=eco,1-(1-AP36/eco)^n,1),0)*0.85*fck -> 0 | AS36: =MAX(MIN(AQ36,fy),-fy)-IF(AQ36>=0,AR36,0) -> -200 | AT36: =IF(AND(ISNUMBER(Input!$D14),ISNUMBER(Input!$E14)),AS36*As,0) -> -160849.54 | AU36: =AT36*AO36 -> 36995395 | AW36: 5 | AX36: =h/2-($AW36-0.5)*BC$24 -> 267.20625 | AY36: =AZ$25+AZ$26*AX36 -> 0.003003 | AZ36: =+IF(AY36>=0,IF(AY36<=eco,1-(1-AY36/eco)^n,1),0)*0.85*fck -> 25.5 | BA36: =+AZ36*BC$26 -> 74332.5 | BB36: =+BA36*AX36 -> 19862109 | BD36: 5 | BE36: =Input!$E14 -> -230 | BF36: =AZ$25+AZ$26*BE36 -> -0.0015 | BG36: =BF36*Es -> -300 | BH36: =+IF(BG36>=0,IF(BF36<=eco,1-(1-BF36/eco)^n,1),0)*0.85*fck -> 0 | BI36: =MAX(MIN(BG36,fy),-fy)-IF(BG36>=0,BH36,0) -> -300 | BJ36: =IF(AND(ISNUMBER(Input!$D14),ISNUMBER(Input!$E14)),BI36*As,0) -> -241274.32 | BK36: =BJ36*BE36 -> 55493093 | BM36: 5 | BN36: =h/2-($BM36-0.5)*BS$24 -> 270.3 | BO36: =BP$25+BP$26*BN36 -> 0.003003 | BP36: =+IF(BO36>=0,IF(BO36<=eco,1-(1-BO36/eco)^n,1),0)*0.85*fck -> 25.5 | BQ36: =+BP36*BS$26 -> 67320 | BR36: =+BQ36*BN36 -> 18196596 | BT36: 5 | BU36: =Input!$E14 -> -230 | BV36: =BP$25+BP$26*BU36 -> -0.002 | BW36: =BV36*Es -> -400 | BX36: =+IF(BW36>=0,IF(BV36<=eco,1-(1-BV36/eco)^n,1),0)*0.85*fck -> 0 | BY36: =MAX(MIN(BW36,fy),-fy)-IF(BW36>=0,BX36,0) -> -400 | BZ36: =IF(AND(ISNUMBER(Input!$D14),ISNUMBER(Input!$E14)),BY36*As,0) -> -321699.09 | CA36: =BZ36*BU36 -> 73990790
A37: 6 | B37: =h/2-($A37-0.5)*G$24 -> 241.7 | C37: =D$25+D$26*B37 -> 0.002937 | D37: =+IF(C37>=0,IF(C37<=eco,1-(1-C37/eco)^n,1),0)*0.85*fck -> 25.5 | E37: =+D37*G$26 -> 108120 | F37: =+E37*B37 -> 26132604 | H37: 6 | I37: =Input!$E15 -> -230 | J37: =D$25+D$26*I37 -> 0 | K37: =J37*Es -> 0 | L37: =+IF(K37>=0,IF(J37<=eco,1-(1-J37/eco)^n,1),0)*0.85*fck -> 0 | M37: =MAX(MIN(K37,fy),-fy)-IF(K37>=0,L37,0) -> 0 | N37: =IF(AND(ISNUMBER(Input!$D15),ISNUMBER(Input!$E15)),M37*As,0) -> 0 | O37: =N37*I37 -> 0 | Q37: 6 | R37: =h/2-($Q37-0.5)*W$24 -> 249.37105 | S37: =T$25+T$26*R37 -> 0.002937 | T37: =+IF(S37>=0,IF(S37<=eco,1-(1-S37/eco)^n,1),0)*0.85*fck -> 25.5 | U37: =+T37*W$26 -> 93893.684 | V37: =+U37*R37 -> 23414367 | X37: 6 | Y37: =Input!$E15 -> -230 | Z37: =T$25+T$26*Y37 -> -0.0005 | AA37: =Z37*Es -> -100 | AB37: =+IF(AA37>=0,IF(Z37<=eco,1-(1-Z37/eco)^n,1),0)*0.85*fck -> 0 | AC37: =MAX(MIN(AA37,fy),-fy)-IF(AA37>=0,AB37,0) -> -100 | AD37: =IF(AND(ISNUMBER(Input!$D15),ISNUMBER(Input!$E15)),AC37*As,0) -> -80424.772 | AE37: =AD37*Y37 -> 18497698 | AG37: 6 | AH37: =h/2-($AG37-0.5)*AM$24 -> 255.25814 | AI37: =AJ$25+AJ$26*AH37 -> 0.002937 | AJ37: =+IF(AI37>=0,IF(AI37<=eco,1-(1-AI37/eco)^n,1),0)*0.85*fck -> 25.5 | AK37: =+AJ37*AM$26 -> 82975.814 | AL37: =+AK37*AH37 -> 21180252 | AN37: 6 | AO37: =Input!$E15 -> -230 | AP37: =AJ$25+AJ$26*AO37 -> -0.001 | AQ37: =AP37*Es -> -200 | AR37: =+IF(AQ37>=0,IF(AP37<=eco,1-(1-AP37/eco)^n,1),0)*0.85*fck -> 0 | AS37: =MAX(MIN(AQ37,fy),-fy)-IF(AQ37>=0,AR37,0) -> -200 | AT37: =IF(AND(ISNUMBER(Input!$D15),ISNUMBER(Input!$E15)),AS37*As,0) -> -160849.54 | AU37: =AT37*AO37 -> 36995395 | AW37: 6 | AX37: =h/2-($AW37-0.5)*BC$24 -> 259.91875 | AY37: =AZ$25+AZ$26*AX37 -> 0.002937 | AZ37: =+IF(AY37>=0,IF(AY37<=eco,1-(1-AY37/eco)^n,1),0)*0.85*fck -> 25.5 | BA37: =+AZ37*BC$26 -> 74332.5 | BB37: =+BA37*AX37 -> 19320410 | BD37: 6 | BE37: =Input!$E15 -> -230 | BF37: =AZ$25+AZ$26*BE37 -> -0.0015 | BG37: =BF37*Es -> -300 | BH37: =+IF(BG37>=0,IF(BF37<=eco,1-(1-BF37/eco)^n,1),0)*0.85*fck -> 0 | BI37: =MAX(MIN(BG37,fy),-fy)-IF(BG37>=0,BH37,0) -> -300 | BJ37: =IF(AND(ISNUMBER(Input!$D15),ISNUMBER(Input!$E15)),BI37*As,0) -> -241274.32 | BK37: =BJ37*BE37 -> 55493093 | BM37: 6 | BN37: =h/2-($BM37-0.5)*BS$24 -> 263.7 | BO37: =BP$25+BP$26*BN37 -> 0.002937 | BP37: =+IF(BO37>=0,IF(BO37<=eco,1-(1-BO37/eco)^n,1),0)*0.85*fck -> 25.5 | BQ37: =+BP37*BS$26 -> 67320 | BR37: =+BQ37*BN37 -> 17752284 | BT37: 6 | BU37: =Input!$E15 -> -230 | BV37: =BP$25+BP$26*BU37 -> -0.002 | BW37: =BV37*Es -> -400 | BX37: =+IF(BW37>=0,IF(BV37<=eco,1-(1-BV37/eco)^n,1),0)*0.85*fck -> 0 | BY37: =MAX(MIN(BW37,fy),-fy)-IF(BW37>=0,BX37,0) -> -400 | BZ37: =IF(AND(ISNUMBER(Input!$D15),ISNUMBER(Input!$E15)),BY37*As,0) -> -321699.09 | CA37: =BZ37*BU37 -> 73990790
A38: 7 | B38: =h/2-($A38-0.5)*G$24 -> 231.1 | C38: =D$25+D$26*B38 -> 0.002871 | D38: =+IF(C38>=0,IF(C38<=eco,1-(1-C38/eco)^n,1),0)*0.85*fck -> 25.5 | E38: =+D38*G$26 -> 108120 | F38: =+E38*B38 -> 24986532 | H38: 7 | I38: =Input!$E16 -> -230 | J38: =D$25+D$26*I38 -> 0 | K38: =J38*Es -> 0 | L38: =+IF(K38>=0,IF(J38<=eco,1-(1-J38/eco)^n,1),0)*0.85*fck -> 0 | M38: =MAX(MIN(K38,fy),-fy)-IF(K38>=0,L38,0) -> 0 | N38: =IF(AND(ISNUMBER(Input!$D16),ISNUMBER(Input!$E16)),M38*As,0) -> 0 | O38: =N38*I38 -> 0 | Q38: 7 | R38: =h/2-($Q38-0.5)*W$24 -> 240.16579 | S38: =T$25+T$26*R38 -> 0.002871 | T38: =+IF(S38>=0,IF(S38<=eco,1-(1-S38/eco)^n,1),0)*0.85*fck -> 25.5 | U38: =+T38*W$26 -> 93893.684 | V38: =+U38*R38 -> 22550051 | X38: 7 | Y38: =Input!$E16 -> -230 | Z38: =T$25+T$26*Y38 -> -0.0005 | AA38: =Z38*Es -> -100 | AB38: =+IF(AA38>=0,IF(Z38<=eco,1-(1-Z38/eco)^n,1),0)*0.85*fck -> 0 | AC38: =MAX(MIN(AA38,fy),-fy)-IF(AA38>=0,AB38,0) -> -100 | AD38: =IF(AND(ISNUMBER(Input!$D16),ISNUMBER(Input!$E16)),AC38*As,0) -> -80424.772 | AE38: =AD38*Y38 -> 18497698 | AG38: 7 | AH38: =h/2-($AG38-0.5)*AM$24 -> 247.12326 | AI38: =AJ$25+AJ$26*AH38 -> 0.002871 | AJ38: =+IF(AI38>=0,IF(AI38<=eco,1-(1-AI38/eco)^n,1),0)*0.85*fck -> 25.5 | AK38: =+AJ38*AM$26 -> 82975.814 | AL38: =+AK38*AH38 -> 20505253 | AN38: 7 | AO38: =Input!$E16 -> -230 | AP38: =AJ$25+AJ$26*AO38 -> -0.001 | AQ38: =AP38*Es -> -200 | AR38: =+IF(AQ38>=0,IF(AP38<=eco,1-(1-AP38/eco)^n,1),0)*0.85*fck -> 0 | AS38: =MAX(MIN(AQ38,fy),-fy)-IF(AQ38>=0,AR38,0) -> -200 | AT38: =IF(AND(ISNUMBER(Input!$D16),ISNUMBER(Input!$E16)),AS38*As,0) -> -160849.54 | AU38: =AT38*AO38 -> 36995395 | AW38: 7 | AX38: =h/2-($AW38-0.5)*BC$24 -> 252.63125 | AY38: =AZ$25+AZ$26*AX38 -> 0.002871 | AZ38: =+IF(AY38>=0,IF(AY38<=eco,1-(1-AY38/eco)^n,1),0)*0.85*fck -> 25.5 | BA38: =+AZ38*BC$26 -> 74332.5 | BB38: =+BA38*AX38 -> 18778712 | BD38: 7 | BE38: =Input!$E16 -> -230 | BF38: =AZ$25+AZ$26*BE38 -> -0.0015 | BG38: =BF38*Es -> -300 | BH38: =+IF(BG38>=0,IF(BF38<=eco,1-(1-BF38/eco)^n,1),0)*0.85*fck -> 0 | BI38: =MAX(MIN(BG38,fy),-fy)-IF(BG38>=0,BH38,0) -> -300 | BJ38: =IF(AND(ISNUMBER(Input!$D16),ISNUMBER(Input!$E16)),BI38*As,0) -> -241274.32 | BK38: =BJ38*BE38 -> 55493093 | BM38: 7 | BN38: =h/2-($BM38-0.5)*BS$24 -> 257.1 | BO38: =BP$25+BP$26*BN38 -> 0.002871 | BP38: =+IF(BO38>=0,IF(BO38<=eco,1-(1-BO38/eco)^n,1),0)*0.85*fck -> 25.5 | BQ38: =+BP38*BS$26 -> 67320 | BR38: =+BQ38*BN38 -> 17307972 | BT38: 7 | BU38: =Input!$E16 -> -230 | BV38: =BP$25+BP$26*BU38 -> -0.002 | BW38: =BV38*Es -> -400 | BX38: =+IF(BW38>=0,IF(BV38<=eco,1-(1-BV38/eco)^n,1),0)*0.85*fck -> 0 | BY38: =MAX(MIN(BW38,fy),-fy)-IF(BW38>=0,BX38,0) -> -400 | BZ38: =IF(AND(ISNUMBER(Input!$D16),ISNUMBER(Input!$E16)),BY38*As,0) -> -321699.09 | CA38: =BZ38*BU38 -> 73990790
A39: 8 | B39: =h/2-($A39-0.5)*G$24 -> 220.5 | C39: =D$25+D$26*B39 -> 0.002805 | D39: =+IF(C39>=0,IF(C39<=eco,1-(1-C39/eco)^n,1),0)*0.85*fck -> 25.5 | E39: =+D39*G$26 -> 108120 | F39: =+E39*B39 -> 23840460 | H39: 8 | I39: =Input!$E17 -> -230 | J39: =D$25+D$26*I39 -> 0 | K39: =J39*Es -> 0 | L39: =+IF(K39>=0,IF(J39<=eco,1-(1-J39/eco)^n,1),0)*0.85*fck -> 0 | M39: =MAX(MIN(K39,fy),-fy)-IF(K39>=0,L39,0) -> 0 | N39: =IF(AND(ISNUMBER(Input!$D17),ISNUMBER(Input!$E17)),M39*As,0) -> 0 | O39: =N39*I39 -> 0 | Q39: 8 | R39: =h/2-($Q39-0.5)*W$24 -> 230.96053 | S39: =T$25+T$26*R39 -> 0.002805 | T39: =+IF(S39>=0,IF(S39<=eco,1-(1-S39/eco)^n,1),0)*0.85*fck -> 25.5 | U39: =+T39*W$26 -> 93893.684 | V39: =+U39*R39 -> 21685735 | X39: 8 | Y39: =Input!$E17 -> -230 | Z39: =T$25+T$26*Y39 -> -0.0005 | AA39: =Z39*Es -> -100 | AB39: =+IF(AA39>=0,IF(Z39<=eco,1-(1-Z39/eco)^n,1),0)*0.85*fck -> 0 | AC39: =MAX(MIN(AA39,fy),-fy)-IF(AA39>=0,AB39,0) -> -100 | AD39: =IF(AND(ISNUMBER(Input!$D17),ISNUMBER(Input!$E17)),AC39*As,0) -> -80424.772 | AE39: =AD39*Y39 -> 18497698 | AG39: 8 | AH39: =h/2-($AG39-0.5)*AM$24 -> 238.98837 | AI39: =AJ$25+AJ$26*AH39 -> 0.002805 | AJ39: =+IF(AI39>=0,IF(AI39<=eco,1-(1-AI39/eco)^n,1),0)*0.85*fck -> 25.5 | AK39: =+AJ39*AM$26 -> 82975.814 | AL39: =+AK39*AH39 -> 19830255 | AN39: 8 | AO39: =Input!$E17 -> -230 | AP39: =AJ$25+AJ$26*AO39 -> -0.001 | AQ39: =AP39*Es -> -200 | AR39: =+IF(AQ39>=0,IF(AP39<=eco,1-(1-AP39/eco)^n,1),0)*0.85*fck -> 0 | AS39: =MAX(MIN(AQ39,fy),-fy)-IF(AQ39>=0,AR39,0) -> -200 | AT39: =IF(AND(ISNUMBER(Input!$D17),ISNUMBER(Input!$E17)),AS39*As,0) -> -160849.54 | AU39: =AT39*AO39 -> 36995395 | AW39: 8 | AX39: =h/2-($AW39-0.5)*BC$24 -> 245.34375 | AY39: =AZ$25+AZ$26*AX39 -> 0.002805 | AZ39: =+IF(AY39>=0,IF(AY39<=eco,1-(1-AY39/eco)^n,1),0)*0.85*fck -> 25.5 | BA39: =+AZ39*BC$26 -> 74332.5 | BB39: =+BA39*AX39 -> 18237014 | BD39: 8 | BE39: =Input!$E17 -> -230 | BF39: =AZ$25+AZ$26*BE39 -> -0.0015 | BG39: =BF39*Es -> -300 | BH39: =+IF(BG39>=0,IF(BF39<=eco,1-(1-BF39/eco)^n,1),0)*0.85*fck -> 0 | BI39: =MAX(MIN(BG39,fy),-fy)-IF(BG39>=0,BH39,0) -> -300 | BJ39: =IF(AND(ISNUMBER(Input!$D17),ISNUMBER(Input!$E17)),BI39*As,0) -> -241274.32 | BK39: =BJ39*BE39 -> 55493093 | BM39: 8 | BN39: =h/2-($BM39-0.5)*BS$24 -> 250.5 | BO39: =BP$25+BP$26*BN39 -> 0.002805 | BP39: =+IF(BO39>=0,IF(BO39<=eco,1-(1-BO39/eco)^n,1),0)*0.85*fck -> 25.5 | BQ39: =+BP39*BS$26 -> 67320 | BR39: =+BQ39*BN39 -> 16863660 | BT39: 8 | BU39: =Input!$E17 -> -230 | BV39: =BP$25+BP$26*BU39 -> -0.002 | BW39: =BV39*Es -> -400 | BX39: =+IF(BW39>=0,IF(BV39<=eco,1-(1-BV39/eco)^n,1),0)*0.85*fck -> 0 | BY39: =MAX(MIN(BW39,fy),-fy)-IF(BW39>=0,BX39,0) -> -400 | BZ39: =IF(AND(ISNUMBER(Input!$D17),ISNUMBER(Input!$E17)),BY39*As,0) -> -321699.09 | CA39: =BZ39*BU39 -> 73990790
A40: 9 | B40: =h/2-($A40-0.5)*G$24 -> 209.9 | C40: =D$25+D$26*B40 -> 0.002739 | D40: =+IF(C40>=0,IF(C40<=eco,1-(1-C40/eco)^n,1),0)*0.85*fck -> 25.5 | E40: =+D40*G$26 -> 108120 | F40: =+E40*B40 -> 22694388 | H40: 9 | I40: =Input!$E18 -> 130 | J40: =D$25+D$26*I40 -> 0.0022415094 | K40: =J40*Es -> 448.30189 | L40: =+IF(K40>=0,IF(J40<=eco,1-(1-J40/eco)^n,1),0)*0.85*fck -> 25.5 | M40: =MAX(MIN(K40,fy),-fy)-IF(K40>=0,L40,0) -> 374.5 | N40: =IF(AND(ISNUMBER(Input!$D18),ISNUMBER(Input!$E18)),M40*As,0) -> 301190.77 | O40: =N40*I40 -> 39154800 | Q40: 9 | R40: =h/2-($Q40-0.5)*W$24 -> 221.75526 | S40: =T$25+T$26*R40 -> 0.002739 | T40: =+IF(S40>=0,IF(S40<=eco,1-(1-S40/eco)^n,1),0)*0.85*fck -> 25.5 | U40: =+T40*W$26 -> 93893.684 | V40: =+U40*R40 -> 20821419 | X40: 9 | Y40: =Input!$E18 -> 130 | Z40: =T$25+T$26*Y40 -> 0.0020811321 | AA40: =Z40*Es -> 416.22642 | AB40: =+IF(AA40>=0,IF(Z40<=eco,1-(1-Z40/eco)^n,1),0)*0.85*fck -> 25.5 | AC40: =MAX(MIN(AA40,fy),-fy)-IF(AA40>=0,AB40,0) -> 374.5 | AD40: =IF(AND(ISNUMBER(Input!$D18),ISNUMBER(Input!$E18)),AC40*As,0) -> 301190.77 | AE40: =AD40*Y40 -> 39154800 | AG40: 9 | AH40: =h/2-($AG40-0.5)*AM$24 -> 230.85349 | AI40: =AJ$25+AJ$26*AH40 -> 0.002739 | AJ40: =+IF(AI40>=0,IF(AI40<=eco,1-(1-AI40/eco)^n,1),0)*0.85*fck -> 25.5 | AK40: =+AJ40*AM$26 -> 82975.814 | AL40: =+AK40*AH40 -> 19155256 | AN40: 9 | AO40: =Input!$E18 -> 130 | AP40: =AJ$25+AJ$26*AO40 -> 0.0019207547 | AQ40: =AP40*Es -> 384.15094 | AR40: =+IF(AQ40>=0,IF(AP40<=eco,1-(1-AP40/eco)^n,1),0)*0.85*fck -> 25.459966 | AS40: =MAX(MIN(AQ40,fy),-fy)-IF(AQ40>=0,AR40,0) -> 358.69098 | AT40: =IF(AND(ISNUMBER(Input!$D18),ISNUMBER(Input!$E18)),AS40*As,0) -> 288476.4 | AU40: =AT40*AO40 -> 37501932 | AW40: 9 | AX40: =h/2-($AW40-0.5)*BC$24 -> 238.05625 | AY40: =AZ$25+AZ$26*AX40 -> 0.002739 | AZ40: =+IF(AY40>=0,IF(AY40<=eco,1-(1-AY40/eco)^n,1),0)*0.85*fck -> 25.5 | BA40: =+AZ40*BC$26 -> 74332.5 | BB40: =+BA40*AX40 -> 17695316 | BD40: 9 | BE40: =Input!$E18 -> 130 | BF40: =AZ$25+AZ$26*BE40 -> 0.0017603774 | BG40: =BF40*Es -> 352.07547 | BH40: =+IF(BG40>=0,IF(BF40<=eco,1-(1-BF40/eco)^n,1),0)*0.85*fck -> 25.133954 | BI40: =MAX(MIN(BG40,fy),-fy)-IF(BG40>=0,BH40,0) -> 326.94152 | BJ40: =IF(AND(ISNUMBER(Input!$D18),ISNUMBER(Input!$E18)),BI40*As,0) -> 262941.97 | BK40: =BJ40*BE40 -> 34182456 | BM40: 9 | BN40: =h/2-($BM40-0.5)*BS$24 -> 243.9 | BO40: =BP$25+BP$26*BN40 -> 0.002739 | BP40: =+IF(BO40>=0,IF(BO40<=eco,1-(1-BO40/eco)^n,1),0)*0.85*fck -> 25.5 | BQ40: =+BP40*BS$26 -> 67320 | BR40: =+BQ40*BN40 -> 16419348 | BT40: 9 | BU40: =Input!$E18 -> 130 | BV40: =BP$25+BP$26*BU40 -> 0.0016 | BW40: =BV40*Es -> 320 | BX40: =+IF(BW40>=0,IF(BV40<=eco,1-(1-BV40/eco)^n,1),0)*0.85*fck -> 24.48 | BY40: =MAX(MIN(BW40,fy),-fy)-IF(BW40>=0,BX40,0) -> 295.52 | BZ40: =IF(AND(ISNUMBER(Input!$D18),ISNUMBER(Input!$E18)),BY40*As,0) -> 237671.29 | CA40: =BZ40*BU40 -> 30897267
A41: 10 | B41: =h/2-($A41-0.5)*G$24 -> 199.3 | C41: =D$25+D$26*B41 -> 0.002673 | D41: =+IF(C41>=0,IF(C41<=eco,1-(1-C41/eco)^n,1),0)*0.85*fck -> 25.5 | E41: =+D41*G$26 -> 108120 | F41: =+E41*B41 -> 21548316 | H41: 10 | I41: =Input!$E19 -> 130 | J41: =D$25+D$26*I41 -> 0.0022415094 | K41: =J41*Es -> 448.30189 | L41: =+IF(K41>=0,IF(J41<=eco,1-(1-J41/eco)^n,1),0)*0.85*fck -> 25.5 | M41: =MAX(MIN(K41,fy),-fy)-IF(K41>=0,L41,0) -> 374.5 | N41: =IF(AND(ISNUMBER(Input!$D19),ISNUMBER(Input!$E19)),M41*As,0) -> 301190.77 | O41: =N41*I41 -> 39154800 | Q41: 10 | R41: =h/2-($Q41-0.5)*W$24 -> 212.55 | S41: =T$25+T$26*R41 -> 0.002673 | T41: =+IF(S41>=0,IF(S41<=eco,1-(1-S41/eco)^n,1),0)*0.85*fck -> 25.5 | U41: =+T41*W$26 -> 93893.684 | V41: =+U41*R41 -> 19957103 | X41: 10 | Y41: =Input!$E19 -> 130 | Z41: =T$25+T$26*Y41 -> 0.0020811321 | AA41: =Z41*Es -> 416.22642 | AB41: =+IF(AA41>=0,IF(Z41<=eco,1-(1-Z41/eco)^n,1),0)*0.85*fck -> 25.5 | AC41: =MAX(MIN(AA41,fy),-fy)-IF(AA41>=0,AB41,0) -> 374.5 | AD41: =IF(AND(ISNUMBER(Input!$D19),ISNUMBER(Input!$E19)),AC41*As,0) -> 301190.77 | AE41: =AD41*Y41 -> 39154800 | AG41: 10 | AH41: =h/2-($AG41-0.5)*AM$24 -> 222.7186 | AI41: =AJ$25+AJ$26*AH41 -> 0.002673 | AJ41: =+IF(AI41>=0,IF(AI41<=eco,1-(1-AI41/eco)^n,1),0)*0.85*fck -> 25.5 | AK41: =+AJ41*AM$26 -> 82975.814 | AL41: =+AK41*AH41 -> 18480258 | AN41: 10 | AO41: =Input!$E19 -> 130 | AP41: =AJ$25+AJ$26*AO41 -> 0.0019207547 | AQ41: =AP41*Es -> 384.15094 | AR41: =+IF(AQ41>=0,IF(AP41<=eco,1-(1-AP41/eco)^n,1),0)*0.85*fck -> 25.459966 | AS41: =MAX(MIN(AQ41,fy),-fy)-IF(AQ41>=0,AR41,0) -> 358.69098 | AT41: =IF(AND(ISNUMBER(Input!$D19),ISNUMBER(Input!$E19)),AS41*As,0) -> 288476.4 | AU41: =AT41*AO41 -> 37501932 | AW41: 10 | AX41: =h/2-($AW41-0.5)*BC$24 -> 230.76875 | AY41: =AZ$25+AZ$26*AX41 -> 0.002673 | AZ41: =+IF(AY41>=0,IF(AY41<=eco,1-(1-AY41/eco)^n,1),0)*0.85*fck -> 25.5 | BA41: =+AZ41*BC$26 -> 74332.5 | BB41: =+BA41*AX41 -> 17153618 | BD41: 10 | BE41: =Input!$E19 -> 130 | BF41: =AZ$25+AZ$26*BE41 -> 0.0017603774 | BG41: =BF41*Es -> 352.07547 | BH41: =+IF(BG41>=0,IF(BF41<=eco,1-(1-BF41/eco)^n,1),0)*0.85*fck -> 25.133954 | BI41: =MAX(MIN(BG41,fy),-fy)-IF(BG41>=0,BH41,0) -> 326.94152 | BJ41: =IF(AND(ISNUMBER(Input!$D19),ISNUMBER(Input!$E19)),BI41*As,0) -> 262941.97 | BK41: =BJ41*BE41 -> 34182456 | BM41: 10 | BN41: =h/2-($BM41-0.5)*BS$24 -> 237.3 | BO41: =BP$25+BP$26*BN41 -> 0.002673 | BP41: =+IF(BO41>=0,IF(BO41<=eco,1-(1-BO41/eco)^n,1),0)*0.85*fck -> 25.5 | BQ41: =+BP41*BS$26 -> 67320 | BR41: =+BQ41*BN41 -> 15975036 | BT41: 10 | BU41: =Input!$E19 -> 130 | BV41: =BP$25+BP$26*BU41 -> 0.0016 | BW41: =BV41*Es -> 320 | BX41: =+IF(BW41>=0,IF(BV41<=eco,1-(1-BV41/eco)^n,1),0)*0.85*fck -> 24.48 | BY41: =MAX(MIN(BW41,fy),-fy)-IF(BW41>=0,BX41,0) -> 295.52 | BZ41: =IF(AND(ISNUMBER(Input!$D19),ISNUMBER(Input!$E19)),BY41*As,0) -> 237671.29 | CA41: =BZ41*BU41 -> 30897267
A42: 11 | B42: =h/2-($A42-0.5)*G$24 -> 188.7 | C42: =D$25+D$26*B42 -> 0.002607 | D42: =+IF(C42>=0,IF(C42<=eco,1-(1-C42/eco)^n,1),0)*0.85*fck -> 25.5 | E42: =+D42*G$26 -> 108120 | F42: =+E42*B42 -> 20402244 | H42: 11 | I42: =Input!$E20 -> -130 | J42: =D$25+D$26*I42 -> 0.00062264151 | K42: =J42*Es -> 124.5283 | L42: =+IF(K42>=0,IF(J42<=eco,1-(1-J42/eco)^n,1),0)*0.85*fck -> 13.405883 | M42: =MAX(MIN(K42,fy),-fy)-IF(K42>=0,L42,0) -> 111.12242 | N42: =IF(AND(ISNUMBER(Input!$D20),ISNUMBER(Input!$E20)),M42*As,0) -> 89369.952 | O42: =N42*I42 -> -11618094 | Q42: 11 | R42: =h/2-($Q42-0.5)*W$24 -> 203.34474 | S42: =T$25+T$26*R42 -> 0.002607 | T42: =+IF(S42>=0,IF(S42<=eco,1-(1-S42/eco)^n,1),0)*0.85*fck -> 25.5 | U42: =+T42*W$26 -> 93893.684 | V42: =+U42*R42 -> 19092787 | X42: 11 | Y42: =Input!$E20 -> -130 | Z42: =T$25+T$26*Y42 -> 0.00021698113 | AA42: =Z42*Es -> 43.396226 | AB42: =+IF(AA42>=0,IF(Z42<=eco,1-(1-Z42/eco)^n,1),0)*0.85*fck -> 5.2328787 | AC42: =MAX(MIN(AA42,fy),-fy)-IF(AA42>=0,AB42,0) -> 38.163348 | AD42: =IF(AND(ISNUMBER(Input!$D20),ISNUMBER(Input!$E20)),AC42*As,0) -> 30692.785 | AE42: =AD42*Y42 -> -3990062.1 | AG42: 11 | AH42: =h/2-($AG42-0.5)*AM$24 -> 214.58372 | AI42: =AJ$25+AJ$26*AH42 -> 0.002607 | AJ42: =+IF(AI42>=0,IF(AI42<=eco,1-(1-AI42/eco)^n,1),0)*0.85*fck -> 25.5 | AK42: =+AJ42*AM$26 -> 82975.814 | AL42: =+AK42*AH42 -> 17805259 | AN42: 11 | AO42: =Input!$E20 -> -130 | AP42: =AJ$25+AJ$26*AO42 -> -0.00018867925 | AQ42: =AP42*Es -> -37.735849 | AR42: =+IF(AQ42>=0,IF(AP42<=eco,1-(1-AP42/eco)^n,1),0)*0.85*fck -> 0 | AS42: =MAX(MIN(AQ42,fy),-fy)-IF(AQ42>=0,AR42,0) -> -37.735849 | AT42: =IF(AND(ISNUMBER(Input!$D20),ISNUMBER(Input!$E20)),AS42*As,0) -> -30348.971 | AU42: =AT42*AO42 -> 3945366.2 | AW42: 11 | AX42: =h/2-($AW42-0.5)*BC$24 -> 223.48125 | AY42: =AZ$25+AZ$26*AX42 -> 0.002607 | AZ42: =+IF(AY42>=0,IF(AY42<=eco,1-(1-AY42/eco)^n,1),0)*0.85*fck -> 25.5 | BA42: =+AZ42*BC$26 -> 74332.5 | BB42: =+BA42*AX42 -> 16611920 | BD42: 11 | BE42: =Input!$E20 -> -130 | BF42: =AZ$25+AZ$26*BE42 -> -0.00059433962 | BG42: =BF42*Es -> -118.86792 | BH42: =+IF(BG42>=0,IF(BF42<=eco,1-(1-BF42/eco)^n,1),0)*0.85*fck -> 0 | BI42: =MAX(MIN(BG42,fy),-fy)-IF(BG42>=0,BH42,0) -> -118.86792 | BJ42: =IF(AND(ISNUMBER(Input!$D20),ISNUMBER(Input!$E20)),BI42*As,0) -> -95599.257 | BK42: =BJ42*BE42 -> 12427903 | BM42: 11 | BN42: =h/2-($BM42-0.5)*BS$24 -> 230.7 | BO42: =BP$25+BP$26*BN42 -> 0.002607 | BP42: =+IF(BO42>=0,IF(BO42<=eco,1-(1-BO42/eco)^n,1),0)*0.85*fck -> 25.5 | BQ42: =+BP42*BS$26 -> 67320 | BR42: =+BQ42*BN42 -> 15530724 | BT42: 11 | BU42: =Input!$E20 -> -130 | BV42: =BP$25+BP$26*BU42 -> -0.001 | BW42: =BV42*Es -> -200 | BX42: =+IF(BW42>=0,IF(BV42<=eco,1-(1-BV42/eco)^n,1),0)*0.85*fck -> 0 | BY42: =MAX(MIN(BW42,fy),-fy)-IF(BW42>=0,BX42,0) -> -200 | BZ42: =IF(AND(ISNUMBER(Input!$D20),ISNUMBER(Input!$E20)),BY42*As,0) -> -160849.54 | CA42: =BZ42*BU42 -> 20910441
A43: 12 | B43: =h/2-($A43-0.5)*G$24 -> 178.1 | C43: =D$25+D$26*B43 -> 0.002541 | D43: =+IF(C43>=0,IF(C43<=eco,1-(1-C43/eco)^n,1),0)*0.85*fck -> 25.5 | E43: =+D43*G$26 -> 108120 | F43: =+E43*B43 -> 19256172 | H43: 12 | I43: =Input!$E21 -> -130 | J43: =D$25+D$26*I43 -> 0.00062264151 | K43: =J43*Es -> 124.5283 | L43: =+IF(K43>=0,IF(J43<=eco,1-(1-J43/eco)^n,1),0)*0.85*fck -> 13.405883 | M43: =MAX(MIN(K43,fy),-fy)-IF(K43>=0,L43,0) -> 111.12242 | N43: =IF(AND(ISNUMBER(Input!$D21),ISNUMBER(Input!$E21)),M43*As,0) -> 89369.952 | O43: =N43*I43 -> -11618094 | Q43: 12 | R43: =h/2-($Q43-0.5)*W$24 -> 194.13947 | S43: =T$25+T$26*R43 -> 0.002541 | T43: =+IF(S43>=0,IF(S43<=eco,1-(1-S43/eco)^n,1),0)*0.85*fck -> 25.5 | U43: =+T43*W$26 -> 93893.684 | V43: =+U43*R43 -> 18228470 | X43: 12 | Y43: =Input!$E21 -> -130 | Z43: =T$25+T$26*Y43 -> 0.00021698113 | AA43: =Z43*Es -> 43.396226 | AB43: =+IF(AA43>=0,IF(Z43<=eco,1-(1-Z43/eco)^n,1),0)*0.85*fck -> 5.2328787 | AC43: =MAX(MIN(AA43,fy),-fy)-IF(AA43>=0,AB43,0) -> 38.163348 | AD43: =IF(AND(ISNUMBER(Input!$D21),ISNUMBER(Input!$E21)),AC43*As,0) -> 30692.785 | AE43: =AD43*Y43 -> -3990062.1 | AG43: 12 | AH43: =h/2-($AG43-0.5)*AM$24 -> 206.44884 | AI43: =AJ$25+AJ$26*AH43 -> 0.002541 | AJ43: =+IF(AI43>=0,IF(AI43<=eco,1-(1-AI43/eco)^n,1),0)*0.85*fck -> 25.5 | AK43: =+AJ43*AM$26 -> 82975.814 | AL43: =+AK43*AH43 -> 17130260 | AN43: 12 | AO43: =Input!$E21 -> -130 | AP43: =AJ$25+AJ$26*AO43 -> -0.00018867925 | AQ43: =AP43*Es -> -37.735849 | AR43: =+IF(AQ43>=0,IF(AP43<=eco,1-(1-AP43/eco)^n,1),0)*0.85*fck -> 0 | AS43: =MAX(MIN(AQ43,fy),-fy)-IF(AQ43>=0,AR43,0) -> -37.735849 | AT43: =IF(AND(ISNUMBER(Input!$D21),ISNUMBER(Input!$E21)),AS43*As,0) -> -30348.971 | AU43: =AT43*AO43 -> 3945366.2 | AW43: 12 | AX43: =h/2-($AW43-0.5)*BC$24 -> 216.19375 | AY43: =AZ$25+AZ$26*AX43 -> 0.002541 | AZ43: =+IF(AY43>=0,IF(AY43<=eco,1-(1-AY43/eco)^n,1),0)*0.85*fck -> 25.5 | BA43: =+AZ43*BC$26 -> 74332.5 | BB43: =+BA43*AX43 -> 16070222 | BD43: 12 | BE43: =Input!$E21 -> -130 | BF43: =AZ$25+AZ$26*BE43 -> -0.00059433962 | BG43: =BF43*Es -> -118.86792 | BH43: =+IF(BG43>=0,IF(BF43<=eco,1-(1-BF43/eco)^n,1),0)*0.85*fck -> 0 | BI43: =MAX(MIN(BG43,fy),-fy)-IF(BG43>=0,BH43,0) -> -118.86792 | BJ43: =IF(AND(ISNUMBER(Input!$D21),ISNUMBER(Input!$E21)),BI43*As,0) -> -95599.257 | BK43: =BJ43*BE43 -> 12427903 | BM43: 12 | BN43: =h/2-($BM43-0.5)*BS$24 -> 224.1 | BO43: =BP$25+BP$26*BN43 -> 0.002541 | BP43: =+IF(BO43>=0,IF(BO43<=eco,1-(1-BO43/eco)^n,1),0)*0.85*fck -> 25.5 | BQ43: =+BP43*BS$26 -> 67320 | BR43: =+BQ43*BN43 -> 15086412 | BT43: 12 | BU43: =Input!$E21 -> -130 | BV43: =BP$25+BP$26*BU43 -> -0.001 | BW43: =BV43*Es -> -200 | BX43: =+IF(BW43>=0,IF(BV43<=eco,1-(1-BV43/eco)^n,1),0)*0.85*fck -> 0 | BY43: =MAX(MIN(BW43,fy),-fy)-IF(BW43>=0,BX43,0) -> -200 | BZ43: =IF(AND(ISNUMBER(Input!$D21),ISNUMBER(Input!$E21)),BY43*As,0) -> -160849.54 | CA43: =BZ43*BU43 -> 20910441
A44: 13 | B44: =h/2-($A44-0.5)*G$24 -> 167.5 | C44: =D$25+D$26*B44 -> 0.002475 | D44: =+IF(C44>=0,IF(C44<=eco,1-(1-C44/eco)^n,1),0)*0.85*fck -> 25.5 | E44: =+D44*G$26 -> 108120 | F44: =+E44*B44 -> 18110100 | Q44: 13 | R44: =h/2-($Q44-0.5)*W$24 -> 184.93421 | S44: =T$25+T$26*R44 -> 0.002475 | T44: =+IF(S44>=0,IF(S44<=eco,1-(1-S44/eco)^n,1),0)*0.85*fck -> 25.5 | U44: =+T44*W$26 -> 93893.684 | V44: =+U44*R44 -> 17364154 | AG44: 13 | AH44: =h/2-($AG44-0.5)*AM$24 -> 198.31395 | AI44: =AJ$25+AJ$26*AH44 -> 0.002475 | AJ44: =+IF(AI44>=0,IF(AI44<=eco,1-(1-AI44/eco)^n,1),0)*0.85*fck -> 25.5 | AK44: =+AJ44*AM$26 -> 82975.814 | AL44: =+AK44*AH44 -> 16455262 | AW44: 13 | AX44: =h/2-($AW44-0.5)*BC$24 -> 208.90625 | AY44: =AZ$25+AZ$26*AX44 -> 0.002475 | AZ44: =+IF(AY44>=0,IF(AY44<=eco,1-(1-AY44/eco)^n,1),0)*0.85*fck -> 25.5 | BA44: =+AZ44*BC$26 -> 74332.5 | BB44: =+BA44*AX44 -> 15528524 | BM44: 13 | BN44: =h/2-($BM44-0.5)*BS$24 -> 217.5 | BO44: =BP$25+BP$26*BN44 -> 0.002475 | BP44: =+IF(BO44>=0,IF(BO44<=eco,1-(1-BO44/eco)^n,1),0)*0.85*fck -> 25.5 | BQ44: =+BP44*BS$26 -> 67320 | BR44: =+BQ44*BN44 -> 14642100
A45: 14 | B45: =h/2-($A45-0.5)*G$24 -> 156.9 | C45: =D$25+D$26*B45 -> 0.002409 | D45: =+IF(C45>=0,IF(C45<=eco,1-(1-C45/eco)^n,1),0)*0.85*fck -> 25.5 | E45: =+D45*G$26 -> 108120 | F45: =+E45*B45 -> 16964028 | Q45: 14 | R45: =h/2-($Q45-0.5)*W$24 -> 175.72895 | S45: =T$25+T$26*R45 -> 0.002409 | T45: =+IF(S45>=0,IF(S45<=eco,1-(1-S45/eco)^n,1),0)*0.85*fck -> 25.5 | U45: =+T45*W$26 -> 93893.684 | V45: =+U45*R45 -> 16499838 | AG45: 14 | AH45: =h/2-($AG45-0.5)*AM$24 -> 190.17907 | AI45: =AJ$25+AJ$26*AH45 -> 0.002409 | AJ45: =+IF(AI45>=0,IF(AI45<=eco,1-(1-AI45/eco)^n,1),0)*0.85*fck -> 25.5 | AK45: =+AJ45*AM$26 -> 82975.814 | AL45: =+AK45*AH45 -> 15780263 | AW45: 14 | AX45: =h/2-($AW45-0.5)*BC$24 -> 201.61875 | AY45: =AZ$25+AZ$26*AX45 -> 0.002409 | AZ45: =+IF(AY45>=0,IF(AY45<=eco,1-(1-AY45/eco)^n,1),0)*0.85*fck -> 25.5 | BA45: =+AZ45*BC$26 -> 74332.5 | BB45: =+BA45*AX45 -> 14986826 | BM45: 14 | BN45: =h/2-($BM45-0.5)*BS$24 -> 210.9 | BO45: =BP$25+BP$26*BN45 -> 0.002409 | BP45: =+IF(BO45>=0,IF(BO45<=eco,1-(1-BO45/eco)^n,1),0)*0.85*fck -> 25.5 | BQ45: =+BP45*BS$26 -> 67320 | BR45: =+BQ45*BN45 -> 14197788
A46: 15 | B46: =h/2-($A46-0.5)*G$24 -> 146.3 | C46: =D$25+D$26*B46 -> 0.002343 | D46: =+IF(C46>=0,IF(C46<=eco,1-(1-C46/eco)^n,1),0)*0.85*fck -> 25.5 | E46: =+D46*G$26 -> 108120 | F46: =+E46*B46 -> 15817956 | Q46: 15 | R46: =h/2-($Q46-0.5)*W$24 -> 166.52368 | S46: =T$25+T$26*R46 -> 0.002343 | T46: =+IF(S46>=0,IF(S46<=eco,1-(1-S46/eco)^n,1),0)*0.85*fck -> 25.5 | U46: =+T46*W$26 -> 93893.684 | V46: =+U46*R46 -> 15635522 | AG46: 15 | AH46: =h/2-($AG46-0.5)*AM$24 -> 182.04419 | AI46: =AJ$25+AJ$26*AH46 -> 0.002343 | AJ46: =+IF(AI46>=0,IF(AI46<=eco,1-(1-AI46/eco)^n,1),0)*0.85*fck -> 25.5 | AK46: =+AJ46*AM$26 -> 82975.814 | AL46: =+AK46*AH46 -> 15105265 | AW46: 15 | AX46: =h/2-($AW46-0.5)*BC$24 -> 194.33125 | AY46: =AZ$25+AZ$26*AX46 -> 0.002343 | AZ46: =+IF(AY46>=0,IF(AY46<=eco,1-(1-AY46/eco)^n,1),0)*0.85*fck -> 25.5 | BA46: =+AZ46*BC$26 -> 74332.5 | BB46: =+BA46*AX46 -> 14445128 | BM46: 15 | BN46: =h/2-($BM46-0.5)*BS$24 -> 204.3 | BO46: =BP$25+BP$26*BN46 -> 0.002343 | BP46: =+IF(BO46>=0,IF(BO46<=eco,1-(1-BO46/eco)^n,1),0)*0.85*fck -> 25.5 | BQ46: =+BP46*BS$26 -> 67320 | BR46: =+BQ46*BN46 -> 13753476
A47: 16 | B47: =h/2-($A47-0.5)*G$24 -> 135.7 | C47: =D$25+D$26*B47 -> 0.002277 | D47: =+IF(C47>=0,IF(C47<=eco,1-(1-C47/eco)^n,1),0)*0.85*fck -> 25.5 | E47: =+D47*G$26 -> 108120 | F47: =+E47*B47 -> 14671884 | Q47: 16 | R47: =h/2-($Q47-0.5)*W$24 -> 157.31842 | S47: =T$25+T$26*R47 -> 0.002277 | T47: =+IF(S47>=0,IF(S47<=eco,1-(1-S47/eco)^n,1),0)*0.85*fck -> 25.5 | U47: =+T47*W$26 -> 93893.684 | V47: =+U47*R47 -> 14771206 | AG47: 16 | AH47: =h/2-($AG47-0.5)*AM$24 -> 173.9093 | AI47: =AJ$25+AJ$26*AH47 -> 0.002277 | AJ47: =+IF(AI47>=0,IF(AI47<=eco,1-(1-AI47/eco)^n,1),0)*0.85*fck -> 25.5 | AK47: =+AJ47*AM$26 -> 82975.814 | AL47: =+AK47*AH47 -> 14430266 | AW47: 16 | AX47: =h/2-($AW47-0.5)*BC$24 -> 187.04375 | AY47: =AZ$25+AZ$26*AX47 -> 0.002277 | AZ47: =+IF(AY47>=0,IF(AY47<=eco,1-(1-AY47/eco)^n,1),0)*0.85*fck -> 25.5 | BA47: =+AZ47*BC$26 -> 74332.5 | BB47: =+BA47*AX47 -> 13903430 | BM47: 16 | BN47: =h/2-($BM47-0.5)*BS$24 -> 197.7 | BO47: =BP$25+BP$26*BN47 -> 0.002277 | BP47: =+IF(BO47>=0,IF(BO47<=eco,1-(1-BO47/eco)^n,1),0)*0.85*fck -> 25.5 | BQ47: =+BP47*BS$26 -> 67320 | BR47: =+BQ47*BN47 -> 13309164
A48: 17 | B48: =h/2-($A48-0.5)*G$24 -> 125.1 | C48: =D$25+D$26*B48 -> 0.002211 | D48: =+IF(C48>=0,IF(C48<=eco,1-(1-C48/eco)^n,1),0)*0.85*fck -> 25.5 | E48: =+D48*G$26 -> 108120 | F48: =+E48*B48 -> 13525812 | Q48: 17 | R48: =h/2-($Q48-0.5)*W$24 -> 148.11316 | S48: =T$25+T$26*R48 -> 0.002211 | T48: =+IF(S48>=0,IF(S48<=eco,1-(1-S48/eco)^n,1),0)*0.85*fck -> 25.5 | U48: =+T48*W$26 -> 93893.684 | V48: =+U48*R48 -> 13906890 | AG48: 17 | AH48: =h/2-($AG48-0.5)*AM$24 -> 165.77442 | AI48: =AJ$25+AJ$26*AH48 -> 0.002211 | AJ48: =+IF(AI48>=0,IF(AI48<=eco,1-(1-AI48/eco)^n,1),0)*0.85*fck -> 25.5 | AK48: =+AJ48*AM$26 -> 82975.814 | AL48: =+AK48*AH48 -> 13755267 | AW48: 17 | AX48: =h/2-($AW48-0.5)*BC$24 -> 179.75625 | AY48: =AZ$25+AZ$26*AX48 -> 0.002211 | AZ48: =+IF(AY48>=0,IF(AY48<=eco,1-(1-AY48/eco)^n,1),0)*0.85*fck -> 25.5 | BA48: =+AZ48*BC$26 -> 74332.5 | BB48: =+BA48*AX48 -> 13361731 | BM48: 17 | BN48: =h/2-($BM48-0.5)*BS$24 -> 191.1 | BO48: =BP$25+BP$26*BN48 -> 0.002211 | BP48: =+IF(BO48>=0,IF(BO48<=eco,1-(1-BO48/eco)^n,1),0)*0.85*fck -> 25.5 | BQ48: =+BP48*BS$26 -> 67320 | BR48: =+BQ48*BN48 -> 12864852
A49: 18 | B49: =h/2-($A49-0.5)*G$24 -> 114.5 | C49: =D$25+D$26*B49 -> 0.002145 | D49: =+IF(C49>=0,IF(C49<=eco,1-(1-C49/eco)^n,1),0)*0.85*fck -> 25.5 | E49: =+D49*G$26 -> 108120 | F49: =+E49*B49 -> 12379740 | Q49: 18 | R49: =h/2-($Q49-0.5)*W$24 -> 138.90789 | S49: =T$25+T$26*R49 -> 0.002145 | T49: =+IF(S49>=0,IF(S49<=eco,1-(1-S49/eco)^n,1),0)*0.85*fck -> 25.5 | U49: =+T49*W$26 -> 93893.684 | V49: =+U49*R49 -> 13042574 | AG49: 18 | AH49: =h/2-($AG49-0.5)*AM$24 -> 157.63953 | AI49: =AJ$25+AJ$26*AH49 -> 0.002145 | AJ49: =+IF(AI49>=0,IF(AI49<=eco,1-(1-AI49/eco)^n,1),0)*0.85*fck -> 25.5 | AK49: =+AJ49*AM$26 -> 82975.814 | AL49: =+AK49*AH49 -> 13080269 | AW49: 18 | AX49: =h/2-($AW49-0.5)*BC$24 -> 172.46875 | AY49: =AZ$25+AZ$26*AX49 -> 0.002145 | AZ49: =+IF(AY49>=0,IF(AY49<=eco,1-(1-AY49/eco)^n,1),0)*0.85*fck -> 25.5 | BA49: =+AZ49*BC$26 -> 74332.5 | BB49: =+BA49*AX49 -> 12820033 | BM49: 18 | BN49: =h/2-($BM49-0.5)*BS$24 -> 184.5 | BO49: =BP$25+BP$26*BN49 -> 0.002145 | BP49: =+IF(BO49>=0,IF(BO49<=eco,1-(1-BO49/eco)^n,1),0)*0.85*fck -> 25.5 | BQ49: =+BP49*BS$26 -> 67320 | BR49: =+BQ49*BN49 -> 12420540
A50: 19 | B50: =h/2-($A50-0.5)*G$24 -> 103.9 | C50: =D$25+D$26*B50 -> 0.002079 | D50: =+IF(C50>=0,IF(C50<=eco,1-(1-C50/eco)^n,1),0)*0.85*fck -> 25.5 | E50: =+D50*G$26 -> 108120 | F50: =+E50*B50 -> 11233668 | Q50: 19 | R50: =h/2-($Q50-0.5)*W$24 -> 129.70263 | S50: =T$25+T$26*R50 -> 0.002079 | T50: =+IF(S50>=0,IF(S50<=eco,1-(1-S50/eco)^n,1),0)*0.85*fck -> 25.5 | U50: =+T50*W$26 -> 93893.684 | V50: =+U50*R50 -> 12178258 | AG50: 19 | AH50: =h/2-($AG50-0.5)*AM$24 -> 149.50465 | AI50: =AJ$25+AJ$26*AH50 -> 0.002079 | AJ50: =+IF(AI50>=0,IF(AI50<=eco,1-(1-AI50/eco)^n,1),0)*0.85*fck -> 25.5 | AK50: =+AJ50*AM$26 -> 82975.814 | AL50: =+AK50*AH50 -> 12405270 | AW50: 19 | AX50: =h/2-($AW50-0.5)*BC$24 -> 165.18125 | AY50: =AZ$25+AZ$26*AX50 -> 0.002079 | AZ50: =+IF(AY50>=0,IF(AY50<=eco,1-(1-AY50/eco)^n,1),0)*0.85*fck -> 25.5 | BA50: =+AZ50*BC$26 -> 74332.5 | BB50: =+BA50*AX50 -> 12278335 | BM50: 19 | BN50: =h/2-($BM50-0.5)*BS$24 -> 177.9 | BO50: =BP$25+BP$26*BN50 -> 0.002079 | BP50: =+IF(BO50>=0,IF(BO50<=eco,1-(1-BO50/eco)^n,1),0)*0.85*fck -> 25.5 | BQ50: =+BP50*BS$26 -> 67320 | BR50: =+BQ50*BN50 -> 11976228
A51: 20 | B51: =h/2-($A51-0.5)*G$24 -> 93.3 | C51: =D$25+D$26*B51 -> 0.002013 | D51: =+IF(C51>=0,IF(C51<=eco,1-(1-C51/eco)^n,1),0)*0.85*fck -> 25.5 | E51: =+D51*G$26 -> 108120 | F51: =+E51*B51 -> 10087596 | Q51: 20 | R51: =h/2-($Q51-0.5)*W$24 -> 120.49737 | S51: =T$25+T$26*R51 -> 0.002013 | T51: =+IF(S51>=0,IF(S51<=eco,1-(1-S51/eco)^n,1),0)*0.85*fck -> 25.5 | U51: =+T51*W$26 -> 93893.684 | V51: =+U51*R51 -> 11313942 | AG51: 20 | AH51: =h/2-($AG51-0.5)*AM$24 -> 141.36977 | AI51: =AJ$25+AJ$26*AH51 -> 0.002013 | AJ51: =+IF(AI51>=0,IF(AI51<=eco,1-(1-AI51/eco)^n,1),0)*0.85*fck -> 25.5 | AK51: =+AJ51*AM$26 -> 82975.814 | AL51: =+AK51*AH51 -> 11730272 | AW51: 20 | AX51: =h/2-($AW51-0.5)*BC$24 -> 157.89375 | AY51: =AZ$25+AZ$26*AX51 -> 0.002013 | AZ51: =+IF(AY51>=0,IF(AY51<=eco,1-(1-AY51/eco)^n,1),0)*0.85*fck -> 25.5 | BA51: =+AZ51*BC$26 -> 74332.5 | BB51: =+BA51*AX51 -> 11736637 | BM51: 20 | BN51: =h/2-($BM51-0.5)*BS$24 -> 171.3 | BO51: =BP$25+BP$26*BN51 -> 0.002013 | BP51: =+IF(BO51>=0,IF(BO51<=eco,1-(1-BO51/eco)^n,1),0)*0.85*fck -> 25.5 | BQ51: =+BP51*BS$26 -> 67320 | BR51: =+BQ51*BN51 -> 11531916
A52: 21 | B52: =h/2-($A52-0.5)*G$24 -> 82.7 | C52: =D$25+D$26*B52 -> 0.001947 | D52: =+IF(C52>=0,IF(C52<=eco,1-(1-C52/eco)^n,1),0)*0.85*fck -> 25.482093 | E52: =+D52*G$26 -> 108044.07 | F52: =+E52*B52 -> 8935244.8 | Q52: 21 | R52: =h/2-($Q52-0.5)*W$24 -> 111.29211 | S52: =T$25+T$26*R52 -> 0.001947 | T52: =+IF(S52>=0,IF(S52<=eco,1-(1-S52/eco)^n,1),0)*0.85*fck -> 25.482093 | U52: =+T52*W$26 -> 93827.747 | V52: =+U52*R52 -> 10442288 | AG52: 21 | AH52: =h/2-($AG52-0.5)*AM$24 -> 133.23488 | AI52: =AJ$25+AJ$26*AH52 -> 0.001947 | AJ52: =+IF(AI52>=0,IF(AI52<=eco,1-(1-AI52/eco)^n,1),0)*0.85*fck -> 25.482093 | AK52: =+AJ52*AM$26 -> 82917.544 | AL52: =+AK52*AH52 -> 11047509 | AW52: 21 | AX52: =h/2-($AW52-0.5)*BC$24 -> 150.60625 | AY52: =AZ$25+AZ$26*AX52 -> 0.001947 | AZ52: =+IF(AY52>=0,IF(AY52<=eco,1-(1-AY52/eco)^n,1),0)*0.85*fck -> 25.482093 | BA52: =+AZ52*BC$26 -> 74280.3 | BB52: =+BA52*AX52 -> 11187077 | BM52: 21 | BN52: =h/2-($BM52-0.5)*BS$24 -> 164.7 | BO52: =BP$25+BP$26*BN52 -> 0.001947 | BP52: =+IF(BO52>=0,IF(BO52<=eco,1-(1-BO52/eco)^n,1),0)*0.85*fck -> 25.482093 | BQ52: =+BP52*BS$26 -> 67272.725 | BR52: =+BQ52*BN52 -> 11079818
A53: 22 | B53: =h/2-($A53-0.5)*G$24 -> 72.1 | C53: =D$25+D$26*B53 -> 0.001881 | D53: =+IF(C53>=0,IF(C53<=eco,1-(1-C53/eco)^n,1),0)*0.85*fck -> 25.409724 | E53: =+D53*G$26 -> 107737.23 | F53: =+E53*B53 -> 7767854.2 | Q53: 22 | R53: =h/2-($Q53-0.5)*W$24 -> 102.08684 | S53: =T$25+T$26*R53 -> 0.001881 | T53: =+IF(S53>=0,IF(S53<=eco,1-(1-S53/eco)^n,1),0)*0.85*fck -> 25.409724 | U53: =+T53*W$26 -> 93561.277 | V53: =+U53*R53 -> 9551375.3 | AG53: 22 | AH53: =h/2-($AG53-0.5)*AM$24 -> 125.1 | AI53: =AJ$25+AJ$26*AH53 -> 0.001881 | AJ53: =+IF(AI53>=0,IF(AI53<=eco,1-(1-AI53/eco)^n,1),0)*0.85*fck -> 25.409724 | AK53: =+AJ53*AM$26 -> 82682.059 | AL53: =+AK53*AH53 -> 10343526 | AW53: 22 | AX53: =h/2-($AW53-0.5)*BC$24 -> 143.31875 | AY53: =AZ$25+AZ$26*AX53 -> 0.001881 | AZ53: =+IF(AY53>=0,IF(AY53<=eco,1-(1-AY53/eco)^n,1),0)*0.85*fck -> 25.409724 | BA53: =+AZ53*BC$26 -> 74069.344 | BB53: =+BA53*AX53 -> 10615526 | BM53: 22 | BN53: =h/2-($BM53-0.5)*BS$24 -> 158.1 | BO53: =BP$25+BP$26*BN53 -> 0.001881 | BP53: =+IF(BO53>=0,IF(BO53<=eco,1-(1-BO53/eco)^n,1),0)*0.85*fck -> 25.409724 | BQ53: =+BP53*BS$26 -> 67081.67 | BR53: =+BQ53*BN53 -> 10605612
A54: 23 | B54: =h/2-($A54-0.5)*G$24 -> 61.5 | C54: =D$25+D$26*B54 -> 0.001815 | D54: =+IF(C54>=0,IF(C54<=eco,1-(1-C54/eco)^n,1),0)*0.85*fck -> 25.281816 | E54: =+D54*G$26 -> 107194.9 | F54: =+E54*B54 -> 6592486.2 | Q54: 23 | R54: =h/2-($Q54-0.5)*W$24 -> 92.881579 | S54: =T$25+T$26*R54 -> 0.001815 | T54: =+IF(S54>=0,IF(S54<=eco,1-(1-S54/eco)^n,1),0)*0.85*fck -> 25.281816 | U54: =+T54*W$26 -> 93090.306 | V54: =+U54*R54 -> 8646374.6 | AG54: 23 | AH54: =h/2-($AG54-0.5)*AM$24 -> 116.96512 | AI54: =AJ$25+AJ$26*AH54 -> 0.001815 | AJ54: =+IF(AI54>=0,IF(AI54<=eco,1-(1-AI54/eco)^n,1),0)*0.85*fck -> 25.281816 | AK54: =+AJ54*AM$26 -> 82265.852 | AL54: =+AK54*AH54 -> 9622235 | AW54: 23 | AX54: =h/2-($AW54-0.5)*BC$24 -> 136.03125 | AY54: =AZ$25+AZ$26*AX54 -> 0.001815 | AZ54: =+IF(AY54>=0,IF(AY54<=eco,1-(1-AY54/eco)^n,1),0)*0.85*fck -> 25.281816 | BA54: =+AZ54*BC$26 -> 73696.493 | BB54: =+BA54*AX54 -> 10025026 | BM54: 23 | BN54: =h/2-($BM54-0.5)*BS$24 -> 151.5 | BO54: =BP$25+BP$26*BN54 -> 0.001815 | BP54: =+IF(BO54>=0,IF(BO54<=eco,1-(1-BO54/eco)^n,1),0)*0.85*fck -> 25.281816 | BQ54: =+BP54*BS$26 -> 66743.993 | BR54: =+BQ54*BN54 -> 10111715
A55: 24 | B55: =h/2-($A55-0.5)*G$24 -> 50.9 | C55: =D$25+D$26*B55 -> 0.001749 | D55: =+IF(C55>=0,IF(C55<=eco,1-(1-C55/eco)^n,1),0)*0.85*fck -> 25.098369 | E55: =+D55*G$26 -> 106417.08 | F55: =+E55*B55 -> 5416629.5 | Q55: 24 | R55: =h/2-($Q55-0.5)*W$24 -> 83.676316 | S55: =T$25+T$26*R55 -> 0.001749 | T55: =+IF(S55>=0,IF(S55<=eco,1-(1-S55/eco)^n,1),0)*0.85*fck -> 25.098369 | U55: =+T55*W$26 -> 92414.835 | V55: =+U55*R55 -> 7732932.9 | AG55: 24 | AH55: =h/2-($AG55-0.5)*AM$24 -> 108.83023 | AI55: =AJ$25+AJ$26*AH55 -> 0.001749 | AJ55: =+IF(AI55>=0,IF(AI55<=eco,1-(1-AI55/eco)^n,1),0)*0.85*fck -> 25.098369 | AK55: =+AJ55*AM$26 -> 81668.924 | AL55: =+AK55*AH55 -> 8888048 | AW55: 24 | AX55: =h/2-($AW55-0.5)*BC$24 -> 128.74375 | AY55: =AZ$25+AZ$26*AX55 -> 0.001749 | AZ55: =+IF(AY55>=0,IF(AY55<=eco,1-(1-AY55/eco)^n,1),0)*0.85*fck -> 25.098369 | BA55: =+AZ55*BC$26 -> 73161.745 | BB55: =+BA55*AX55 -> 9419117.3 | BM55: 24 | BN55: =h/2-($BM55-0.5)*BS$24 -> 144.9 | BO55: =BP$25+BP$26*BN55 -> 0.001749 | BP55: =+IF(BO55>=0,IF(BO55<=eco,1-(1-BO55/eco)^n,1),0)*0.85*fck -> 25.098369 | BQ55: =+BP55*BS$26 -> 66259.693 | BR55: =+BQ55*BN55 -> 9601029.5
... A81: 50 | B81: =h/2-($A81-0.5)*G$24 -> -224.7 | C81: =D$25+D$26*B81 -> 3.3e-05 | D81: =+IF(C81>=0,IF(C81<=eco,1-(1-C81/eco)^n,1),0)*0.85*fck -> 0.83455763 | E81: =+D81*G$26 -> 3538.5243 | F81: =+E81*B81 -> -795106.42 | Q81: 50 | R81: =h/2-($Q81-0.5)*W$24 -> -155.66053 | S81: =T$25+T$26*R81 -> 3.3e-05 | T81: =+IF(S81>=0,IF(S81<=eco,1-(1-S81/eco)^n,1),0)*0.85*fck -> 0.83455762 | U81: =+T81*W$26 -> 3072.929 | V81: =+U81*R81 -> -478333.75 | AG81: 50 | AH81: =h/2-($AG81-0.5)*AM$24 -> -102.67674 | AI81: =AJ$25+AJ$26*AH81 -> 3.3e-05 | AJ81: =+IF(AI81>=0,IF(AI81<=eco,1-(1-AI81/eco)^n,1),0)*0.85*fck -> 0.83455762 | AK81: =+AJ81*AM$26 -> 2715.6117 | AL81: =+AK81*AH81 -> -278830.17 | AW81: 50 | AX81: =h/2-($AW81-0.5)*BC$24 -> -60.73125 | AY81: =AZ$25+AZ$26*AX81 -> 3.3e-05 | AZ81: =+IF(AY81>=0,IF(AY81<=eco,1-(1-AY81/eco)^n,1),0)*0.85*fck -> 0.83455763 | BA81: =+AZ81*BC$26 -> 2432.7355 | BB81: =+BA81*AX81 -> -147743.07 | BM81: 50 | BN81: =h/2-($BM81-0.5)*BS$24 -> -26.7 | BO81: =BP$25+BP$26*BN81 -> 3.3e-05 | BP81: =+IF(BO81>=0,IF(BO81<=eco,1-(1-BO81/eco)^n,1),0)*0.85*fck -> 0.83455763 | BQ81: =+BP81*BS$26 -> 2203.2321 | BR81: =+BQ81*BN81 -> -58826.298

Sheet P_es
A1: Select N/A by fs
A2: The stress in the control steel is zero. | H2: N.A Line
H3: 1 | I3: =-b/2 -> -200 | J3: =+h/2-R22 -> 22.380952 | Q3: P (kN) | S3: M (kNm)
H4: 2 | I4: =+b/2 -> 200 | J4: =+J3 -> 22.380952 | N4: εs | O4: ε0 | P4: κ | Q4: Concrete | R4: Steel | S4: Concrete | T4: Steel
N5: 0.002 | O5: =+D25 -> 0.0003 | P5: =+D26 -> 1e-05 | Q5: =+L23 -> 2686.184 | R5: =+M23 -> -229.58055 | S5: =+L24 -> 440.78574 | T5: =+M24 -> 607.40021
N6: =+'P-M chart'!E25 -> 0.003 | O6: =+T25 -> -0.00026603774 | P6: =+T26 -> 1.1886792e-05 | Q6: =+AB23 -> 2259.8056 | R6: =+AC23 -> -590.08196 | S6: =+AB24 -> 419.56926 | T6: =+AC24 -> 628.39532
N7: =+'P-M chart'!E26 -> 0.005 | O7: =+AJ25 -> -0.0013981132 | P7: =+AJ26 -> 1.5660377e-05 | Q7: =+AR23 -> 1715.2741 | R7: =+AS23 -> -843.45051 | S7: =+AR24 -> 365.72462 | T7: =+AS24 -> 611.23888
N8: =+'P-M chart'!E27 -> 0.0075 | O8: =+AZ25 -> -0.0028132075 | P8: =+AZ26 -> 2.0377358e-05 | Q8: =+BH23 -> 1318.2199 | R8: =+BI23 -> -1140.185 | S8: =+BH24 -> 307.54758 | T8: =+BI24 -> 566.58782
N9: =+'P-M chart'!E28 -> 0.01 | O9: =+BP25 -> -0.0042283019 | P9: =+BP26 -> 2.509434e-05 | Q9: =+BX23 -> 1070.4342 | R9: =+BY23 -> -1554.5224 | S9: =+BX24 -> 263.15751 | T9: =+BY24 -> 497.08686
N10: =+'P-M chart'!E29 -> 0.015 | O10: =+CF25 -> -0.0070584906 | P10: =+CF26 -> 3.4528302e-05 | Q10: =+CN23 -> 777.96585 | R10: =+CO23 -> -2189.8278 | S10: =+CN24 -> 202.76835 | T10: =+CO24 -> 384.2291
N11: =+'P-M chart'!E30 -> 0.025 | O11: =+CV25 -> -0.012718868 | P11: =+CV26 -> 5.3396226e-05 | Q11: =+DD23 -> 503.06625 | R11: =+DE23 -> -2784.8215 | S11: =+DD24 -> 138.11562 | T11: =+DE24 -> 247.38053
N12: =+'P-M chart'!E31 -> 0.03 | O12: =+DL25 -> -0.015549057 | P12: =+DL26 -> 6.2830189e-05 | Q12: =+DT23 -> 427.53078 | R12: =+DU23 -> -3103.4857 | S12: =+DT24 -> 119.01143 | T12: =+DU24 -> 174.08776
N13: =+'P-M chart'!E32 -> 0.05 | O13: =+EB25 -> -0.026869811 | P13: =+EB26 -> 0.00010056604 | Q13: =+EJ23 -> 267.10647 | R13: =+EK23 -> -3538.69 | S13: =+EJ24 -> 76.522228 | T13: =+EK24 -> 73.99079
A19: Control Rebar Y = | C19: =+MIN(Input!$E$10:$E$23) -> -230
A20: Point P1: es = 0.002 | Q20: Point P2: es = 0.003 | AG20: Point es = 0.005 | AW20: Point es = 0.0075 | BM20: Point es = 0.01 | CC20: Point es = 0.015 | CS20: Point es = 0.02 | DI20: Point es = 0.03 | DY20: Point es = 0.05
A21: C1 = | B21: =+h/2-MIN(Input!$E$10:$E$23) -> 530 | C21: mm | F21: Mesh fiber | K21: Summary | Q21: C1 = | R21: =+h/2-MIN(Input!$E$10:$E$23) -> 530 | S21: mm | V21: Mesh fiber | AA21: Summary | AG21: C1 = | AH21: =+h/2-MIN(Input!$E$10:$E$23) -> 530 | AI21: mm | AL21: Mesh fiber | AQ21: Summary | AW21: C1 = | AX21: =+h/2-MIN(Input!$E$10:$E$23) -> 530 | AY21: mm | BB21: Mesh fiber | BG21: Summary | BM21: C1 = | BN21: =+h/2-MIN(Input!$E$10:$E$23) -> 530 | BO21: mm | BR21: Mesh fiber | BW21: Summary | CC21: C1 = | CD21: =+h/2-MIN(Input!$E$10:$E$23) -> 530 | CE21: mm | CH21: Mesh fiber | CM21: Summary | CS21: C1 = | CT21: =+h/2-MIN(Input!$E$10:$E$23) -> 530 | CU21: mm | CX21: Mesh fiber | DC21: Summary | DI21: C1 = | DJ21: =+h/2-MIN(Input!$E$10:$E$23) -> 530 | DK21: mm | DN21: Mesh fiber | DS21: Summary | DY21: C1 = | DZ21: =+h/2-MIN(Input!$E$10:$E$23) -> 530 | EA21: mm | ED21: Mesh fiber | EI21: Summary
A22: c | B22: =ecu/(ecu+N5)*(h/2-$C$19) -> 330 | C22: mm | F22: Hmesh | G22: =+MIN(B22,h) -> 330 | H22: mm | L22: Concrete | M22: Steel | N22: Nominal | O22: Unit | Q22: c | R22: =ecu/(ecu+N6)*(h/2-$C$19) -> 277.61905 | S22: mm | V22: Hmesh | W22: =+MIN(R22,h) -> 277.61905 | X22: mm | AB22: Concrete | AC22: Steel | AD22: Nominal | AE22: Unit | AG22: c | AH22: =ecu/(ecu+N7)*(h/2-$C$19) -> 210.72289 | AI22: mm | AL22: Hmesh | AM22: =+MIN(AH22,h) -> 210.72289 | AN22: mm | AR22: Concrete | AS22: Steel | AT22: Nominal | AU22: Unit | AW22: c | AX22: =ecu/(ecu+N8)*(h/2-$C$19) -> 161.94444 | AY22: mm | BB22: Hmesh | BC22: =+MIN(AX22,h) -> 161.94444 | BD22: mm | BH22: Concrete | BI22: Steel | BJ22: Nominal | BK22: Unit | BM22: c | BN22: =ecu/(ecu+N9)*(h/2-$C$19) -> 131.50376 | BO22: mm | BR22: Hmesh | BS22: =+MIN(BN22,h) -> 131.50376 | BT22: mm | BX22: Concrete | BY22: Steel | BZ22: Nominal | CA22: Unit | CC22: c | CD22: =ecu/(ecu+N10)*(h/2-$C$19) -> 95.57377 | CE22: mm | CH22: Hmesh | CI22: =+MIN(CD22,h) -> 95.57377 | CJ22: mm | CN22: Concrete | CO22: Steel | CP22: Nominal | CQ22: Unit | CS22: c | CT22: =ecu/(ecu+N11)*(h/2-$C$19) -> 61.80212 | CU22: mm | CX22: Hmesh | CY22: =+MIN(CT22,h) -> 61.80212 | CZ22: mm | DD22: Concrete | DE22: Steel | DF22: Nominal | DG22: Unit | DI22: c | DJ22: =ecu/(ecu+N12)*(h/2-$C$19) -> 52.522523 | DK22: mm | DN22: Hmesh | DO22: =+MIN(DJ22,h) -> 52.522523 | DP22: mm | DT22: Concrete | DU22: Steel | DV22: Nominal | DW22: Unit | DY22: c | DZ22: =ecu/(ecu+N13)*(h/2-$C$19) -> 32.814259 | EA22: mm | ED22: Hmesh | EE22: =+MIN(DZ22,h) -> 32.814259 | EF22: mm | EJ22: Concrete | EK22: Steel | EL22: Nominal | EM22: Unit
A23: Equation of Strain | F23: ny | G23: 50 | H23: EA | K23: P | L23: =+E31/10^3 -> 2686.184 | M23: =+N31/10^3 -> -229.58055 | N23: =+L23+M23 -> 2456.6034 | O23: kN | Q23: Equation of Strain | V23: ny | W23: 50 | X23: EA | AA23: P | AB23: =+U31/10^3 -> 2259.8056 | AC23: =+AD31/10^3 -> -590.08196 | AD23: =+AB23+AC23 -> 1669.7236 | AE23: kN | AG23: Equation of Strain | AL23: ny | AM23: 50 | AN23: EA | AQ23: P | AR23: =+AK31/10^3 -> 1715.2741 | AS23: =+AT31/10^3 -> -843.45051 | AT23: =+AR23+AS23 -> 871.82358 | AU23: kN | AW23: Equation of Strain | BB23: ny | BC23: 50 | BD23: EA | BG23: P | BH23: =+BA31/10^3 -> 1318.2199 | BI23: =+BJ31/10^3 -> -1140.185 | BJ23: =+BH23+BI23 -> 178.03486 | BK23: kN | BM23: Equation of Strain | BR23: ny | BS23: 50 | BT23: EA | BW23: P | BX23: =+BQ31/10^3 -> 1070.4342 | BY23: =+BZ31/10^3 -> -1554.5224 | BZ23: =+BX23+BY23 -> -484.0882 | CA23: kN | CC23: Equation of Strain | CH23: ny | CI23: 50 | CJ23: EA | CM23: P | CN23: =+CG31/10^3 -> 777.96585 | CO23: =+CP31/10^3 -> -2189.8278 | CP23: =+CN23+CO23 -> -1411.8619 | CQ23: kN | CS23: Equation of Strain | CX23: ny | CY23: 50 | CZ23: EA | DC23: P | DD23: =+CW31/10^3 -> 503.06625 | DE23: =+DF31/10^3 -> -2784.8215 | DF23: =+DD23+DE23 -> -2281.7553 | DG23: kN | DI23: Equation of Strain | DN23: ny | DO23: 50 | DP23: EA | DS23: P | DT23: =+DM31/10^3 -> 427.53078 | DU23: =+DV31/10^3 -> -3103.4857 | DV23: =+DT23+DU23 -> -2675.9549 | DW23: kN | DY23: Equation of Strain | ED23: ny | EE23: 50 | EF23: EA | EI23: P | EJ23: =+EC31/10^3 -> 267.10647 | EK23: =+EL31/10^3 -> -3538.69 | EL23: =+EJ23+EK23 -> -3271.5835 | EM23: kN
A24: ε(y) = ε0 + κy | F24: h | G24: =G22/G$23 -> 6.6 | H24: mm | K24: M | L24: =+F31/10^6 -> 440.78574 | M24: =+O31/10^6 -> 607.40021 | N24: =+L24+M24 -> 1048.1859 | O24: kNm | Q24: ε(y) = ε0 + κy | V24: h | W24: =W22/W$23 -> 5.552381 | X24: mm | AA24: M | AB24: =+V31/10^6 -> 419.56926 | AC24: =+AE31/10^6 -> 628.39532 | AD24: =+AB24+AC24 -> 1047.9646 | AE24: kNm | AG24: ε(y) = ε0 + κy | AL24: h | AM24: =AM22/AM$23 -> 4.2144578 | AN24: mm | AQ24: M | AR24: =+AL31/10^6 -> 365.72462 | AS24: =+AU31/10^6 -> 611.23888 | AT24: =+AR24+AS24 -> 976.96349 | AU24: kNm | AW24: ε(y) = ε0 + κy | BB24: h | BC24: =BC22/BC$23 -> 3.2388889 | BD24: mm | BG24: M | BH24: =+BB31/10^6 -> 307.54758 | BI24: =+BK31/10^6 -> 566.58782 | BJ24: =+BH24+BI24 -> 874.13541 | BK24: kNm | BM24: ε(y) = ε0 + κy | BR24: h | BS24: =BS22/BS$23 -> 2.6300752 | BT24: mm | BW24: M | BX24: =+BR31/10^6 -> 263.15751 | BY24: =+CA31/10^6 -> 497.08686 | BZ24: =+BX24+BY24 -> 760.24436 | CA24: kNm | CC24: ε(y) = ε0 + κy | CH24: h | CI24: =CI22/CI$23 -> 1.9114754 | CJ24: mm | CM24: M | CN24: =+CH31/10^6 -> 202.76835 | CO24: =+CQ31/10^6 -> 384.2291 | CP24: =+CN24+CO24 -> 586.99745 | CQ24: kNm | CS24: ε(y) = ε0 + κy | CX24: h | CY24: =CY22/CY$23 -> 1.2360424 | CZ24: mm | DC24: M | DD24: =+CX31/10^6 -> 138.11562 | DE24: =+DG31/10^6 -> 247.38053 | DF24: =+DD24+DE24 -> 385.49615 | DG24: kNm | DI24: ε(y) = ε0 + κy | DN24: h | DO24: =DO22/DO$23 -> 1.0504505 | DP24: mm | DS24: M | DT24: =+DN31/10^6 -> 119.01143 | DU24: =+DW31/10^6 -> 174.08776 | DV24: =+DT24+DU24 -> 293.09919 | DW24: kNm | DY24: ε(y) = ε0 + κy | ED24: h | EE24: =EE22/EE$23 -> 0.65628518 | EF24: mm | EI24: M | EJ24: =+ED31/10^6 -> 76.522228 | EK24: =+EM31/10^6 -> 73.99079 | EL24: =+EJ24+EK24 -> 150.51302 | EM24: kNm
A25: ε0 = εcu * (c - h/2)/c | C25: ε0 = | D25: =+ecu*(B22-h/2)/B22 -> 0.0003 | F25: b | G25: =+b -> 400 | H25: mm | Q25: ε0 = εcu * (c - h/2)/c | S25: ε0 = | T25: =+ecu*(R22-h/2)/R22 -> -0.00026603774 | V25: b | W25: =+b -> 400 | X25: mm | AG25: ε0 = εcu * (c - h/2)/c | AI25: ε0 = | AJ25: =+ecu*(AH22-h/2)/AH22 -> -0.0013981132 | AL25: b | AM25: =+b -> 400 | AN25: mm | AW25: ε0 = εcu * (c - h/2)/c | AY25: ε0 = | AZ25: =+ecu*(AX22-h/2)/AX22 -> -0.0028132075 | BB25: b | BC25: =+b -> 400 | BD25: mm | BM25: ε0 = εcu * (c - h/2)/c | BO25: ε0 = | BP25: =+ecu*(BN22-h/2)/BN22 -> -0.0042283019 | BR25: b | BS25: =+b -> 400 | BT25: mm | CC25: ε0 = εcu * (c - h/2)/c | CE25: ε0 = | CF25: =+ecu*(CD22-h/2)/CD22 -> -0.0070584906 | CH25: b | CI25: =+b -> 400 | CJ25: mm | CS25: ε0 = εcu * (c - h/2)/c | CU25: ε0 = | CV25: =+ecu*(CT22-h/2)/CT22 -> -0.012718868 | CX25: b | CY25: =+b -> 400 | CZ25: mm | DI25: ε0 = εcu * (c - h/2)/c | DK25: ε0 = | DL25: =+ecu*(DJ22-h/2)/DJ22 -> -0.015549057 | DN25: b | DO25: =+b -> 400 | DP25: mm | DY25: ε0 = εcu * (c - h/2)/c | EA25: ε0 = | EB25: =+ecu*(DZ22-h/2)/DZ22 -> -0.026869811 | ED25: b | EE25: =+b -> 400 | EF25: mm
A26: κ = εcu / c | C26: κ = | D26: =+ecu/B22 -> 1e-05 | F26: Ac | G26: =+G24*G25 -> 2640 | H26: mm2 | Q26: κ = εcu / c | S26: κ = | T26: =+ecu/R22 -> 1.1886792e-05 | V26: Ac | W26: =+W24*W25 -> 2220.9524 | X26: mm2 | AG26: κ = εcu / c | AI26: κ = | AJ26: =+ecu/AH22 -> 1.5660377e-05 | AL26: Ac | AM26: =+AM24*AM25 -> 1685.7831 | AN26: mm2 | AW26: κ = εcu / c | AY26: κ = | AZ26: =+ecu/AX22 -> 2.0377358e-05 | BB26: Ac | BC26: =+BC24*BC25 -> 1295.5556 | BD26: mm2 | BM26: κ = εcu / c | BO26: κ = | BP26: =+ecu/BN22 -> 2.509434e-05 | BR26: Ac | BS26: =+BS24*BS25 -> 1052.0301 | BT26: mm2 | CC26: κ = εcu / c | CE26: κ = | CF26: =+ecu/CD22 -> 3.4528302e-05 | CH26: Ac | CI26: =+CI24*CI25 -> 764.59016 | CJ26: mm2 | CS26: κ = εcu / c | CU26: κ = | CV26: =+ecu/CT22 -> 5.3396226e-05 | CX26: Ac | CY26: =+CY24*CY25 -> 494.41696 | CZ26: mm2 | DI26: κ = εcu / c | DK26: κ = | DL26: =+ecu/DJ22 -> 6.2830189e-05 | DN26: Ac | DO26: =+DO24*DO25 -> 420.18018 | DP26: mm2 | DY26: κ = εcu / c | EA26: κ = | EB26: =+ecu/DZ22 -> 0.00010056604 | ED26: Ac | EE26: =+EE24*EE25 -> 262.51407 | EF26: mm2
A28: Concrete Force | I28: Steel Force | Q28: Concrete Force | Y28: Steel Force | AG28: Concrete Force | AO28: Steel Force | AW28: Concrete Force | BE28: Steel Force | BM28: Concrete Force | BU28: Steel Force | CC28: Concrete Force | CK28: Steel Force | CS28: Concrete Force | DA28: Steel Force | DI28: Concrete Force | DQ28: Steel Force | DY28: Concrete Force | EG28: Steel Force
A29: i | B29: y | C29: εci | D29: fci | E29: Fci | F29: Mci | H29: i | I29: Y | J29: εsi | K29: fsi | L29: fci | M29: fsi_eff | N29: Fsi | O29: Msi | Q29: i | R29: y | S29: εci | T29: fci | U29: Fci | V29: Mci | X29: i | Y29: Y | Z29: εsi | AA29: fsi | AB29: fci | AC29: fsi_eff | AD29: Fsi | AE29: Msi | AG29: i | AH29: y | AI29: εci | AJ29: fci | AK29: Fci | AL29: Mci | AN29: i | AO29: Y | AP29: εsi | AQ29: fsi | AR29: fci | AS29: fsi_eff | AT29: Fsi | AU29: Msi | AW29: i | AX29: y | AY29: εci | AZ29: fci | BA29: Fci | BB29: Mci | BD29: i | BE29: Y | BF29: εsi | BG29: fsi | BH29: fci | BI29: fsi_eff | BJ29: Fsi | BK29: Msi | BM29: i | BN29: y | BO29: εci | BP29: fci | BQ29: Fci | BR29: Mci | BT29: i | BU29: Y | BV29: εsi | BW29: fsi | BX29: fci | BY29: fsi_eff | BZ29: Fsi | CA29: Msi | CC29: i | CD29: y | CE29: εci | CF29: fci | CG29: Fci | CH29: Mci | CJ29: i | CK29: Y | CL29: εsi | CM29: fsi | CN29: fci | CO29: fsi_eff | CP29: Fsi | CQ29: Msi | CS29: i | CT29: y | CU29: εci | CV29: fci | CW29: Fci | CX29: Mci | CZ29: i | DA29: Y | DB29: εsi | DC29: fsi | DD29: fci | DE29: fsi_eff | DF29: Fsi | DG29: Msi | DI29: i | DJ29: y | DK29: εci | DL29: fci | DM29: Fci | DN29: Mci | DP29: i | DQ29: Y | DR29: εsi | DS29: fsi | DT29: fci | DU29: fsi_eff | DV29: Fsi | DW29: Msi | DY29: i | DZ29: y | EA29: εci | EB29: fci | EC29: Fci | ED29: Mci | EF29: i | EG29: Y | EH29: εsi | EI29: fsi | EJ29: fci | EK29: fsi_eff | EL29: Fsi | EM29: Msi
A30: Unit | B30: mm | D30: Mpa | E30: N | F30: Nmm | H30: Unit | I30: mm | K30: Mpa | L30: Mpa | M30: Mpa | N30: Nmm | O30: Nmm | Q30: Unit | R30: mm | T30: Mpa | U30: N | V30: Nmm | X30: Unit | Y30: mm | AA30: Mpa | AB30: Mpa | AC30: Mpa | AD30: Nmm | AE30: Nmm | AG30: Unit | AH30: mm | AJ30: Mpa | AK30: N | AL30: Nmm | AN30: Unit | AO30: mm | AQ30: Mpa | AR30: Mpa | AS30: Mpa | AT30: Nmm | AU30: Nmm | AW30: Unit | AX30: mm | AZ30: Mpa | BA30: N | BB30: Nmm | BD30: Unit | BE30: mm | BG30: Mpa | BH30: Mpa | BI30: Mpa | BJ30: Nmm | BK30: Nmm | BM30: Unit | BN30: mm | BP30: Mpa | BQ30: N | BR30: Nmm | BT30: Unit | BU30: mm | BW30: Mpa | BX30: Mpa | BY30: Mpa | BZ30: Nmm | CA30: Nmm | CC30: Unit | CD30: mm | CF30: Mpa | CG30: N | CH30: Nmm | CJ30: Unit | CK30: mm | CM30: Mpa | CN30: Mpa | CO30: Mpa | CP30: Nmm | CQ30: Nmm | CS30: Unit | CT30: mm | CV30: Mpa | CW30: N | CX30: Nmm | CZ30: Unit | DA30: mm | DC30: Mpa | DD30: Mpa | DE30: Mpa | DF30: Nmm | DG30: Nmm | DI30: Unit | DJ30: mm | DL30: Mpa | DM30: N | DN30: Nmm | DP30: Unit | DQ30: mm | DS30: Mpa | DT30: Mpa | DU30: Mpa | DV30: Nmm | DW30: Nmm | DY30: Unit | DZ30: mm | EB30: Mpa | EC30: N | ED30: Nmm | EF30: Unit | EG30: mm | EI30: Mpa | EJ30: Mpa | EK30: Mpa | EL30: Nmm | EM30: Nmm
A31: SUM | E31: =+SUM(E32:E81) -> 2686184 | F31: =+SUM(F32:F81) -> 4.4078574e+08 | H31: SUM | N31: =+SUM(N32:N43) -> -229580.55 | O31: =+SUM(O32:O43) -> 6.0740021e+08 | Q31: SUM | U31: =+SUM(U32:U81) -> 2259805.6 | V31: =+SUM(V32:V81) -> 4.1956926e+08 | X31: SUM | AD31: =+SUM(AD32:AD43) -> -590081.96 | AE31: =+SUM(AE32:AE43) -> 6.2839532e+08 | AG31: SUM | AK31: =+SUM(AK32:AK81) -> 1715274.1 | AL31: =+SUM(AL32:AL81) -> 3.6572462e+08 | AN31: SUM | AT31: =+SUM(AT32:AT43) -> -843450.51 | AU31: =+SUM(AU32:AU43) -> 6.1123888e+08 | AW31: SUM | BA31: =+SUM(BA32:BA81) -> 1318219.9 | BB31: =+SUM(BB32:BB81) -> 3.0754758e+08 | BD31: SUM | BJ31: =+SUM(BJ32:BJ43) -> -1140185 | BK31: =+SUM(BK32:BK43) -> 5.6658782e+08 | BM31: SUM | BQ31: =+SUM(BQ32:BQ81) -> 1070434.2 | BR31: =+SUM(BR32:BR81) -> 2.6315751e+08 | BT31: SUM | BZ31: =+SUM(BZ32:BZ43) -> -1554522.4 | CA31: =+SUM(CA32:CA43) -> 4.9708686e+08 | CC31: SUM | CG31: =+SUM(CG32:CG81) -> 777965.85 | CH31: =+SUM(CH32:CH81) -> 2.0276835e+08 | CJ31: SUM | CP31: =+SUM(CP32:CP43) -> -2189827.8 | CQ31: =+SUM(CQ32:CQ43) -> 3.842291e+08 | CS31: SUM | CW31: =+SUM(CW32:CW81) -> 503066.25 | CX31: =+SUM(CX32:CX81) -> 1.3811562e+08 | CZ31: SUM | DF31: =+SUM(DF32:DF43) -> -2784821.5 | DG31: =+SUM(DG32:DG43) -> 2.4738053e+08 | DI31: SUM | DM31: =+SUM(DM32:DM81) -> 427530.78 | DN31: =+SUM(DN32:DN81) -> 1.1901143e+08 | DP31: SUM | DV31: =+SUM(DV32:DV43) -> -3103485.7 | DW31: =+SUM(DW32:DW43) -> 1.7408776e+08 | DY31: SUM | EC31: =+SUM(EC32:EC81) -> 267106.47 | ED31: =+SUM(ED32:ED81) -> 76522228 | EF31: SUM | EL31: =+SUM(EL32:EL43) -> -3538690 | EM31: =+SUM(EM32:EM43) -> 73990790
A32: 1 | B32: =h/2-($A32-0.5)*G$24 -> 296.7 | C32: =D$25+D$26*B32 -> 0.003267 | D32: =+IF(C32>=0,IF(C32<=eco,1-(1-C32/eco)^n,1),0)*0.85*fck -> 25.5 | E32: =+D32*G$26 -> 67320 | F32: =+E32*B32 -> 19973844 | H32: 1 | I32: =Input!$E10 -> 230 | J32: =D$25+D$26*I32 -> 0.0026 | K32: =J32*Es -> 520 | L32: =+IF(K32>=0,IF(J32<=eco,1-(1-J32/eco)^n,1),0)*0.85*fck -> 25.5 | M32: =MAX(MIN(K32,fy),-fy)-IF(K32>=0,L32,0) -> 374.5 | N32: =IF(AND(ISNUMBER(Input!$D10),ISNUMBER(Input!$E10)),M32*As,0) -> 301190.77 | O32: =N32*I32 -> 69273877 | Q32: 1 | R32: =h/2-($Q32-0.5)*W$24 -> 297.22381 | S32: =T$25+T$26*R32 -> 0.003267 | T32: =+IF(S32>=0,IF(S32<=eco,1-(1-S32/eco)^n,1),0)*0.85*fck -> 25.5 | U32: =+T32*W$26 -> 56634.286 | V32: =+U32*R32 -> 16833058 | X32: 1 | Y32: =Input!$E10 -> 230 | Z32: =T$25+T$26*Y32 -> 0.0024679245 | AA32: =Z32*Es -> 493.58491 | AB32: =+IF(AA32>=0,IF(Z32<=eco,1-(1-Z32/eco)^n,1),0)*0.85*fck -> 25.5 | AC32: =MAX(MIN(AA32,fy),-fy)-IF(AA32>=0,AB32,0) -> 374.5 | AD32: =IF(AND(ISNUMBER(Input!$D10),ISNUMBER(Input!$E10)),AC32*As,0) -> 301190.77 | AE32: =AD32*Y32 -> 69273877 | AG32: 1 | AH32: =h/2-($AG32-0.5)*AM$24 -> 297.89277 | AI32: =AJ$25+AJ$26*AH32 -> 0.003267 | AJ32: =+IF(AI32>=0,IF(AI32<=eco,1-(1-AI32/eco)^n,1),0)*0.85*fck -> 25.5 | AK32: =+AJ32*AM$26 -> 42987.47 | AL32: =+AK32*AH32 -> 12805657 | AN32: 1 | AO32: =Input!$E10 -> 230 | AP32: =AJ$25+AJ$26*AO32 -> 0.0022037736 | AQ32: =AP32*Es -> 440.75472 | AR32: =+IF(AQ32>=0,IF(AP32<=eco,1-(1-AP32/eco)^n,1),0)*0.85*fck -> 25.5 | AS32: =MAX(MIN(AQ32,fy),-fy)-IF(AQ32>=0,AR32,0) -> 374.5 | AT32: =IF(AND(ISNUMBER(Input!$D10),ISNUMBER(Input!$E10)),AS32*As,0) -> 301190.77 | AU32: =AT32*AO32 -> 69273877 | AW32: 1 | AX32: =h/2-($AW32-0.5)*BC$24 -> 298.38056 | AY32: =AZ$25+AZ$26*AX32 -> 0.003267 | AZ32: =+IF(AY32>=0,IF(AY32<=eco,1-(1-AY32/eco)^n,1),0)*0.85*fck -> 25.5 | BA32: =+AZ32*BC$26 -> 33036.667 | BB32: =+BA32*AX32 -> 9857499 | BD32: 1 | BE32: =Input!$E10 -> 230 | BF32: =AZ$25+AZ$26*BE32 -> 0.0018735849 | BG32: =BF32*Es -> 374.71698 | BH32: =+IF(BG32>=0,IF(BF32<=eco,1-(1-BF32/eco)^n,1),0)*0.85*fck -> 25.398123 | BI32: =MAX(MIN(BG32,fy),-fy)-IF(BG32>=0,BH32,0) -> 349.31886 | BJ32: =IF(AND(ISNUMBER(Input!$D10),ISNUMBER(Input!$E10)),BI32*As,0) -> 280938.9 | BK32: =BJ32*BE32 -> 64615946 | BM32: 1 | BN32: =h/2-($AW32-0.5)*BS$24 -> 298.68496 | BO32: =BP$25+BP$26*BN32 -> 0.003267 | BP32: =+IF(BO32>=0,IF(BO32<=eco,1-(1-BO32/eco)^n,1),0)*0.85*fck -> 25.5 | BQ32: =+BP32*BS$26 -> 26826.767 | BR32: =+BQ32*BN32 -> 8012751.9 | BT32: 1 | BU32: =Input!$E10 -> 230 | BV32: =BP$25+BP$26*BU32 -> 0.0015433962 | BW32: =BV32*Es -> 308.67925 | BX32: =+IF(BW32>=0,IF(BV32<=eco,1-(1-BV32/eco)^n,1),0)*0.85*fck -> 24.170895 | BY32: =MAX(MIN(BW32,fy),-fy)-IF(BW32>=0,BX32,0) -> 284.50835 | BZ32: =IF(AND(ISNUMBER(Input!$D10),ISNUMBER(Input!$E10)),BY32*As,0) -> 228815.19 | CA32: =BZ32*BU32 -> 52627494 | CC32: 1 | CD32: =h/2-($CC32-0.5)*CI$24 -> 299.04426 | CE32: =CF$25+CF$26*CD32 -> 0.003267 | CF32: =+IF(CE32>=0,IF(CE32<=eco,1-(1-CE32/eco)^n,1),0)*0.85*fck -> 25.5 | CG32: =+CF32*CI$26 -> 19497.049 | CH32: =+CG32*CD32 -> 5830480.7 | CJ32: 1 | CK32: =Input!$E10 -> 230 | CL32: =CF$25+CF$26*CK32 -> 0.00088301887 | CM32: =CL32*Es -> 176.60377 | CN32: =+IF(CM32>=0,IF(CL32<=eco,1-(1-CL32/eco)^n,1),0)*0.85*fck -> 17.546251 | CO32: =MAX(MIN(CM32,fy),-fy)-IF(CM32>=0,CN32,0) -> 159.05752 | CP32: =IF(AND(ISNUMBER(Input!$D10),ISNUMBER(Input!$E10)),CO32*As,0) -> 127921.65 | CQ32: =CP32*CK32 -> 29421979 | CS32: 1 | CT32: =h/2-($CC32-0.5)*CY$24 -> 299.38198 | CU32: =CV$25+CV$26*CT32 -> 0.003267 | CV32: =+IF(CU32>=0,IF(CU32<=eco,1-(1-CU32/eco)^n,1),0)*0.85*fck -> 25.5 | CW32: =+CV32*CY$26 -> 12607.633 | CX32: =+CW32*CT32 -> 3774498 | CZ32: 1 | DA32: =Input!$E10 -> 230 | DB32: =CV$25+CV$26*DA32 -> -0.00043773585 | DC32: =DB32*Es -> -87.54717 | DD32: =+IF(DC32>=0,IF(DB32<=eco,1-(1-DB32/eco)^n,1),0)*0.85*fck -> 0 | DE32: =MAX(MIN(DC32,fy),-fy)-IF(DC32>=0,DD32,0) -> -87.54717 | DF32: =IF(AND(ISNUMBER(Input!$D10),ISNUMBER(Input!$E10)),DE32*As,0) -> -70409.612 | DG32: =DF32*DA32 -> -16194211 | DI32: 1 | DJ32: =h/2-($CC32-0.5)*DO$24 -> 299.47477 | DK32: =DL$25+DL$26*DJ32 -> 0.003267 | DL32: =+IF(DK32>=0,IF(DK32<=eco,1-(1-DK32/eco)^n,1),0)*0.85*fck -> 25.5 | DM32: =+DL32*DO$26 -> 10714.595 | DN32: =+DM32*DJ32 -> 3208750.8 | DP32: 1 | DQ32: =Input!$E10 -> 230 | DR32: =DL$25+DL$26*DQ32 -> -0.0010981132 | DS32: =DR32*Es -> -219.62264 | DT32: =+IF(DS32>=0,IF(DR32<=eco,1-(1-DR32/eco)^n,1),0)*0.85*fck -> 0 | DU32: =MAX(MIN(DS32,fy),-fy)-IF(DS32>=0,DT32,0) -> -219.62264 | DV32: =IF(AND(ISNUMBER(Input!$D10),ISNUMBER(Input!$E10)),DU32*As,0) -> -176631.01 | DW32: =DV32*DQ32 -> -40625132 | DY32: 1 | DZ32: =h/2-($CC32-0.5)*EE$24 -> 299.67186 | EA32: =EB$25+EB$26*DZ32 -> 0.003267 | EB32: =+IF(EA32>=0,IF(EA32<=eco,1-(1-EA32/eco)^n,1),0)*0.85*fck -> 25.5 | EC32: =+EB32*EE$26 -> 6694.1088 | ED32: =+EC32*DZ32 -> 2006036 | EF32: 1 | EG32: =Input!$E10 -> 230 | EH32: =EB$25+EB$26*EG32 -> -0.0037396226 | EI32: =EH32*Es -> -747.92453 | EJ32: =+IF(EI32>=0,IF(EH32<=eco,1-(1-EH32/eco)^n,1),0)*0.85*fck -> 0 | EK32: =MAX(MIN(EI32,fy),-fy)-IF(EI32>=0,EJ32,0) -> -400 | EL32: =IF(AND(ISNUMBER(Input!$D10),ISNUMBER(Input!$E10)),EK32*As,0) -> -321699.09 | EM32: =EL32*EG32 -> -73990790
A33: 2 | B33: =h/2-($A33-0.5)*G$24 -> 290.1 | C33: =D$25+D$26*B33 -> 0.003201 | D33: =+IF(C33>=0,IF(C33<=eco,1-(1-C33/eco)^n,1),0)*0.85*fck -> 25.5 | E33: =+D33*G$26 -> 67320 | F33: =+E33*B33 -> 19529532 | H33: 2 | I33: =Input!$E11 -> 230 | J33: =D$25+D$26*I33 -> 0.0026 | K33: =J33*Es -> 520 | L33: =+IF(K33>=0,IF(J33<=eco,1-(1-J33/eco)^n,1),0)*0.85*fck -> 25.5 | M33: =MAX(MIN(K33,fy),-fy)-IF(K33>=0,L33,0) -> 374.5 | N33: =IF(AND(ISNUMBER(Input!$D11),ISNUMBER(Input!$E11)),M33*As,0) -> 301190.77 | O33: =N33*I33 -> 69273877 | Q33: 2 | R33: =h/2-($Q33-0.5)*W$24 -> 291.67143 | S33: =T$25+T$26*R33 -> 0.003201 | T33: =+IF(S33>=0,IF(S33<=eco,1-(1-S33/eco)^n,1),0)*0.85*fck -> 25.5 | U33: =+T33*W$26 -> 56634.286 | V33: =+U33*R33 -> 16518603 | X33: 2 | Y33: =Input!$E11 -> 230 | Z33: =T$25+T$26*Y33 -> 0.0024679245 | AA33: =Z33*Es -> 493.58491 | AB33: =+IF(AA33>=0,IF(Z33<=eco,1-(1-Z33/eco)^n,1),0)*0.85*fck -> 25.5 | AC33: =MAX(MIN(AA33,fy),-fy)-IF(AA33>=0,AB33,0) -> 374.5 | AD33: =IF(AND(ISNUMBER(Input!$D11),ISNUMBER(Input!$E11)),AC33*As,0) -> 301190.77 | AE33: =AD33*Y33 -> 69273877 | AG33: 2 | AH33: =h/2-($AG33-0.5)*AM$24 -> 293.67831 | AI33: =AJ$25+AJ$26*AH33 -> 0.003201 | AJ33: =+IF(AI33>=0,IF(AI33<=eco,1-(1-AI33/eco)^n,1),0)*0.85*fck -> 25.5 | AK33: =+AJ33*AM$26 -> 42987.47 | AL33: =+AK33*AH33 -> 12624488 | AN33: 2 | AO33: =Input!$E11 -> 230 | AP33: =AJ$25+AJ$26*AO33 -> 0.0022037736 | AQ33: =AP33*Es -> 440.75472 | AR33: =+IF(AQ33>=0,IF(AP33<=eco,1-(1-AP33/eco)^n,1),0)*0.85*fck -> 25.5 | AS33: =MAX(MIN(AQ33,fy),-fy)-IF(AQ33>=0,AR33,0) -> 374.5 | AT33: =IF(AND(ISNUMBER(Input!$D11),ISNUMBER(Input!$E11)),AS33*As,0) -> 301190.77 | AU33: =AT33*AO33 -> 69273877 | AW33: 2 | AX33: =h/2-($AW33-0.5)*BC$24 -> 295.14167 | AY33: =AZ$25+AZ$26*AX33 -> 0.003201 | AZ33: =+IF(AY33>=0,IF(AY33<=eco,1-(1-AY33/eco)^n,1),0)*0.85*fck -> 25.5 | BA33: =+AZ33*BC$26 -> 33036.667 | BB33: =+BA33*AX33 -> 9750496.9 | BD33: 2 | BE33: =Input!$E11 -> 230 | BF33: =AZ$25+AZ$26*BE33 -> 0.0018735849 | BG33: =BF33*Es -> 374.71698 | BH33: =+IF(BG33>=0,IF(BF33<=eco,1-(1-BF33/eco)^n,1),0)*0.85*fck -> 25.398123 | BI33: =MAX(MIN(BG33,fy),-fy)-IF(BG33>=0,BH33,0) -> 349.31886 | BJ33: =IF(AND(ISNUMBER(Input!$D11),ISNUMBER(Input!$E11)),BI33*As,0) -> 280938.9 | BK33: =BJ33*BE33 -> 64615946 | BM33: 2 | BN33: =h/2-($AW33-0.5)*BS$24 -> 296.05489 | BO33: =BP$25+BP$26*BN33 -> 0.003201 | BP33: =+IF(BO33>=0,IF(BO33<=eco,1-(1-BO33/eco)^n,1),0)*0.85*fck -> 25.5 | BQ33: =+BP33*BS$26 -> 26826.767 | BR33: =+BQ33*BN33 -> 7942195.5 | BT33: 2 | BU33: =Input!$E11 -> 230 | BV33: =BP$25+BP$26*BU33 -> 0.0015433962 | BW33: =BV33*Es -> 308.67925 | BX33: =+IF(BW33>=0,IF(BV33<=eco,1-(1-BV33/eco)^n,1),0)*0.85*fck -> 24.170895 | BY33: =MAX(MIN(BW33,fy),-fy)-IF(BW33>=0,BX33,0) -> 284.50835 | BZ33: =IF(AND(ISNUMBER(Input!$D11),ISNUMBER(Input!$E11)),BY33*As,0) -> 228815.19 | CA33: =BZ33*BU33 -> 52627494 | CC33: 2 | CD33: =h/2-($CC33-0.5)*CI$24 -> 297.13279 | CE33: =CF$25+CF$26*CD33 -> 0.003201 | CF33: =+IF(CE33>=0,IF(CE33<=eco,1-(1-CE33/eco)^n,1),0)*0.85*fck -> 25.5 | CG33: =+CF33*CI$26 -> 19497.049 | CH33: =+CG33*CD33 -> 5793212.6 | CJ33: 2 | CK33: =Input!$E11 -> 230 | CL33: =CF$25+CF$26*CK33 -> 0.00088301887 | CM33: =CL33*Es -> 176.60377 | CN33: =+IF(CM33>=0,IF(CL33<=eco,1-(1-CL33/eco)^n,1),0)*0.85*fck -> 17.546251 | CO33: =MAX(MIN(CM33,fy),-fy)-IF(CM33>=0,CN33,0) -> 159.05752 | CP33: =IF(AND(ISNUMBER(Input!$D11),ISNUMBER(Input!$E11)),CO33*As,0) -> 127921.65 | CQ33: =CP33*CK33 -> 29421979 | CS33: 2 | CT33: =h/2-($CC33-0.5)*CY$24 -> 298.14594 | CU33: =CV$25+CV$26*CT33 -> 0.003201 | CV33: =+IF(CU33>=0,IF(CU33<=eco,1-(1-CU33/eco)^n,1),0)*0.85*fck -> 25.5 | CW33: =+CV33*CY$26 -> 12607.633 | CX33: =+CW33*CT33 -> 3758914.4 | CZ33: 2 | DA33: =Input!$E11 -> 230 | DB33: =CV$25+CV$26*DA33 -> -0.00043773585 | DC33: =DB33*Es -> -87.54717 | DD33: =+IF(DC33>=0,IF(DB33<=eco,1-(1-DB33/eco)^n,1),0)*0.85*fck -> 0 | DE33: =MAX(MIN(DC33,fy),-fy)-IF(DC33>=0,DD33,0) -> -87.54717 | DF33: =IF(AND(ISNUMBER(Input!$D11),ISNUMBER(Input!$E11)),DE33*As,0) -> -70409.612 | DG33: =DF33*DA33 -> -16194211 | DI33: 2 | DJ33: =h/2-($CC33-0.5)*DO$24 -> 298.42432 | DK33: =DL$25+DL$26*DJ33 -> 0.003201 | DL33: =+IF(DK33>=0,IF(DK33<=eco,1-(1-DK33/eco)^n,1),0)*0.85*fck -> 25.5 | DM33: =+DL33*DO$26 -> 10714.595 | DN33: =+DM33*DJ33 -> 3197495.7 | DP33: 2 | DQ33: =Input!$E11 -> 230 | DR33: =DL$25+DL$26*DQ33 -> -0.0010981132 | DS33: =DR33*Es -> -219.62264 | DT33: =+IF(DS33>=0,IF(DR33<=eco,1-(1-DR33/eco)^n,1),0)*0.85*fck -> 0 | DU33: =MAX(MIN(DS33,fy),-fy)-IF(DS33>=0,DT33,0) -> -219.62264 | DV33: =IF(AND(ISNUMBER(Input!$D11),ISNUMBER(Input!$E11)),DU33*As,0) -> -176631.01 | DW33: =DV33*DQ33 -> -40625132 | DY33: 2 | DZ33: =h/2-($CC33-0.5)*EE$24 -> 299.01557 | EA33: =EB$25+EB$26*DZ33 -> 0.003201 | EB33: =+IF(EA33>=0,IF(EA33<=eco,1-(1-EA33/eco)^n,1),0)*0.85*fck -> 25.5 | EC33: =+EB33*EE$26 -> 6694.1088 | ED33: =+EC33*DZ33 -> 2001642.8 | EF33: 2 | EG33: =Input!$E11 -> 230 | EH33: =EB$25+EB$26*EG33 -> -0.0037396226 | EI33: =EH33*Es -> -747.92453 | EJ33: =+IF(EI33>=0,IF(EH33<=eco,1-(1-EH33/eco)^n,1),0)*0.85*fck -> 0 | EK33: =MAX(MIN(EI33,fy),-fy)-IF(EI33>=0,EJ33,0) -> -400 | EL33: =IF(AND(ISNUMBER(Input!$D11),ISNUMBER(Input!$E11)),EK33*As,0) -> -321699.09 | EM33: =EL33*EG33 -> -73990790
A34: 3 | B34: =h/2-($A34-0.5)*G$24 -> 283.5 | C34: =D$25+D$26*B34 -> 0.003135 | D34: =+IF(C34>=0,IF(C34<=eco,1-(1-C34/eco)^n,1),0)*0.85*fck -> 25.5 | E34: =+D34*G$26 -> 67320 | F34: =+E34*B34 -> 19085220 | H34: 3 | I34: =Input!$E12 -> 230 | J34: =D$25+D$26*I34 -> 0.0026 | K34: =J34*Es -> 520 | L34: =+IF(K34>=0,IF(J34<=eco,1-(1-J34/eco)^n,1),0)*0.85*fck -> 25.5 | M34: =MAX(MIN(K34,fy),-fy)-IF(K34>=0,L34,0) -> 374.5 | N34: =IF(AND(ISNUMBER(Input!$D12),ISNUMBER(Input!$E12)),M34*As,0) -> 301190.77 | O34: =N34*I34 -> 69273877 | Q34: 3 | R34: =h/2-($Q34-0.5)*W$24 -> 286.11905 | S34: =T$25+T$26*R34 -> 0.003135 | T34: =+IF(S34>=0,IF(S34<=eco,1-(1-S34/eco)^n,1),0)*0.85*fck -> 25.5 | U34: =+T34*W$26 -> 56634.286 | V34: =+U34*R34 -> 16204148 | X34: 3 | Y34: =Input!$E12 -> 230 | Z34: =T$25+T$26*Y34 -> 0.0024679245 | AA34: =Z34*Es -> 493.58491 | AB34: =+IF(AA34>=0,IF(Z34<=eco,1-(1-Z34/eco)^n,1),0)*0.85*fck -> 25.5 | AC34: =MAX(MIN(AA34,fy),-fy)-IF(AA34>=0,AB34,0) -> 374.5 | AD34: =IF(AND(ISNUMBER(Input!$D12),ISNUMBER(Input!$E12)),AC34*As,0) -> 301190.77 | AE34: =AD34*Y34 -> 69273877 | AG34: 3 | AH34: =h/2-($AG34-0.5)*AM$24 -> 289.46386 | AI34: =AJ$25+AJ$26*AH34 -> 0.003135 | AJ34: =+IF(AI34>=0,IF(AI34<=eco,1-(1-AI34/eco)^n,1),0)*0.85*fck -> 25.5 | AK34: =+AJ34*AM$26 -> 42987.47 | AL34: =+AK34*AH34 -> 12443319 | AN34: 3 | AO34: =Input!$E12 -> 230 | AP34: =AJ$25+AJ$26*AO34 -> 0.0022037736 | AQ34: =AP34*Es -> 440.75472 | AR34: =+IF(AQ34>=0,IF(AP34<=eco,1-(1-AP34/eco)^n,1),0)*0.85*fck -> 25.5 | AS34: =MAX(MIN(AQ34,fy),-fy)-IF(AQ34>=0,AR34,0) -> 374.5 | AT34: =IF(AND(ISNUMBER(Input!$D12),ISNUMBER(Input!$E12)),AS34*As,0) -> 301190.77 | AU34: =AT34*AO34 -> 69273877 | AW34: 3 | AX34: =h/2-($AW34-0.5)*BC$24 -> 291.90278 | AY34: =AZ$25+AZ$26*AX34 -> 0.003135 | AZ34: =+IF(AY34>=0,IF(AY34<=eco,1-(1-AY34/eco)^n,1),0)*0.85*fck -> 25.5 | BA34: =+AZ34*BC$26 -> 33036.667 | BB34: =+BA34*AX34 -> 9643494.8 | BD34: 3 | BE34: =Input!$E12 -> 230 | BF34: =AZ$25+AZ$26*BE34 -> 0.0018735849 | BG34: =BF34*Es -> 374.71698 | BH34: =+IF(BG34>=0,IF(BF34<=eco,1-(1-BF34/eco)^n,1),0)*0.85*fck -> 25.398123 | BI34: =MAX(MIN(BG34,fy),-fy)-IF(BG34>=0,BH34,0) -> 349.31886 | BJ34: =IF(AND(ISNUMBER(Input!$D12),ISNUMBER(Input!$E12)),BI34*As,0) -> 280938.9 | BK34: =BJ34*BE34 -> 64615946 | BM34: 3 | BN34: =h/2-($AW34-0.5)*BS$24 -> 293.42481 | BO34: =BP$25+BP$26*BN34 -> 0.003135 | BP34: =+IF(BO34>=0,IF(BO34<=eco,1-(1-BO34/eco)^n,1),0)*0.85*fck -> 25.5 | BQ34: =+BP34*BS$26 -> 26826.767 | BR34: =+BQ34*BN34 -> 7871639 | BT34: 3 | BU34: =Input!$E12 -> 230 | BV34: =BP$25+BP$26*BU34 -> 0.0015433962 | BW34: =BV34*Es -> 308.67925 | BX34: =+IF(BW34>=0,IF(BV34<=eco,1-(1-BV34/eco)^n,1),0)*0.85*fck -> 24.170895 | BY34: =MAX(MIN(BW34,fy),-fy)-IF(BW34>=0,BX34,0) -> 284.50835 | BZ34: =IF(AND(ISNUMBER(Input!$D12),ISNUMBER(Input!$E12)),BY34*As,0) -> 228815.19 | CA34: =BZ34*BU34 -> 52627494 | CC34: 3 | CD34: =h/2-($CC34-0.5)*CI$24 -> 295.22131 | CE34: =CF$25+CF$26*CD34 -> 0.003135 | CF34: =+IF(CE34>=0,IF(CE34<=eco,1-(1-CE34/eco)^n,1),0)*0.85*fck -> 25.5 | CG34: =+CF34*CI$26 -> 19497.049 | CH34: =+CG34*CD34 -> 5755944.4 | CJ34: 3 | CK34: =Input!$E12 -> 230 | CL34: =CF$25+CF$26*CK34 -> 0.00088301887 | CM34: =CL34*Es -> 176.60377 | CN34: =+IF(CM34>=0,IF(CL34<=eco,1-(1-CL34/eco)^n,1),0)*0.85*fck -> 17.546251 | CO34: =MAX(MIN(CM34,fy),-fy)-IF(CM34>=0,CN34,0) -> 159.05752 | CP34: =IF(AND(ISNUMBER(Input!$D12),ISNUMBER(Input!$E12)),CO34*As,0) -> 127921.65 | CQ34: =CP34*CK34 -> 29421979 | CS34: 3 | CT34: =h/2-($CC34-0.5)*CY$24 -> 296.90989 | CU34: =CV$25+CV$26*CT34 -> 0.003135 | CV34: =+IF(CU34>=0,IF(CU34<=eco,1-(1-CU34/eco)^n,1),0)*0.85*fck -> 25.5 | CW34: =+CV34*CY$26 -> 12607.633 | CX34: =+CW34*CT34 -> 3743330.8 | CZ34: 3 | DA34: =Input!$E12 -> 230 | DB34: =CV$25+CV$26*DA34 -> -0.00043773585 | DC34: =DB34*Es -> -87.54717 | DD34: =+IF(DC34>=0,IF(DB34<=eco,1-(1-DB34/eco)^n,1),0)*0.85*fck -> 0 | DE34: =MAX(MIN(DC34,fy),-fy)-IF(DC34>=0,DD34,0) -> -87.54717 | DF34: =IF(AND(ISNUMBER(Input!$D12),ISNUMBER(Input!$E12)),DE34*As,0) -> -70409.612 | DG34: =DF34*DA34 -> -16194211 | DI34: 3 | DJ34: =h/2-($CC34-0.5)*DO$24 -> 297.37387 | DK34: =DL$25+DL$26*DJ34 -> 0.003135 | DL34: =+IF(DK34>=0,IF(DK34<=eco,1-(1-DK34/eco)^n,1),0)*0.85*fck -> 25.5 | DM34: =+DL34*DO$26 -> 10714.595 | DN34: =+DM34*DJ34 -> 3186240.5 | DP34: 3 | DQ34: =Input!$E12 -> 230 | DR34: =DL$25+DL$26*DQ34 -> -0.0010981132 | DS34: =DR34*Es -> -219.62264 | DT34: =+IF(DS34>=0,IF(DR34<=eco,1-(1-DR34/eco)^n,1),0)*0.85*fck -> 0 | DU34: =MAX(MIN(DS34,fy),-fy)-IF(DS34>=0,DT34,0) -> -219.62264 | DV34: =IF(AND(ISNUMBER(Input!$D12),ISNUMBER(Input!$E12)),DU34*As,0) -> -176631.01 | DW34: =DV34*DQ34 -> -40625132 | DY34: 3 | DZ34: =h/2-($CC34-0.5)*EE$24 -> 298.35929 | EA34: =EB$25+EB$26*DZ34 -> 0.003135 | EB34: =+IF(EA34>=0,IF(EA34<=eco,1-(1-EA34/eco)^n,1),0)*0.85*fck -> 25.5 | EC34: =+EB34*EE$26 -> 6694.1088 | ED34: =+EC34*DZ34 -> 1997249.5 | EF34: 3 | EG34: =Input!$E12 -> 230 | EH34: =EB$25+EB$26*EG34 -> -0.0037396226 | EI34: =EH34*Es -> -747.92453 | EJ34: =+IF(EI34>=0,IF(EH34<=eco,1-(1-EH34/eco)^n,1),0)*0.85*fck -> 0 | EK34: =MAX(MIN(EI34,fy),-fy)-IF(EI34>=0,EJ34,0) -> -400 | EL34: =IF(AND(ISNUMBER(Input!$D12),ISNUMBER(Input!$E12)),EK34*As,0) -> -321699.09 | EM34: =EL34*EG34 -> -73990790
A35: 4 | B35: =h/2-($A35-0.5)*G$24 -> 276.9 | C35: =D$25+D$26*B35 -> 0.003069 | D35: =+IF(C35>=0,IF(C35<=eco,1-(1-C35/eco)^n,1),0)*0.85*fck -> 25.5 | E35: =+D35*G$26 -> 67320 | F35: =+E35*B35 -> 18640908 | H35: 4 | I35: =Input!$E13 -> 0 | J35: =D$25+D$26*I35 -> 0.0003 | K35: =J35*Es -> 60 | L35: =+IF(K35>=0,IF(J35<=eco,1-(1-J35/eco)^n,1),0)*0.85*fck -> 7.07625 | M35: =MAX(MIN(K35,fy),-fy)-IF(K35>=0,L35,0) -> 52.92375 | N35: =IF(AND(ISNUMBER(Input!$D13),ISNUMBER(Input!$E13)),M35*As,0) -> 0 | O35: =N35*I35 -> 0 | Q35: 4 | R35: =h/2-($Q35-0.5)*W$24 -> 280.56667 | S35: =T$25+T$26*R35 -> 0.003069 | T35: =+IF(S35>=0,IF(S35<=eco,1-(1-S35/eco)^n,1),0)*0.85*fck -> 25.5 | U35: =+T35*W$26 -> 56634.286 | V35: =+U35*R35 -> 15889693 | X35: 4 | Y35: =Input!$E13 -> 0 | Z35: =T$25+T$26*Y35 -> -0.00026603774 | AA35: =Z35*Es -> -53.207547 | AB35: =+IF(AA35>=0,IF(Z35<=eco,1-(1-Z35/eco)^n,1),0)*0.85*fck -> 0 | AC35: =MAX(MIN(AA35,fy),-fy)-IF(AA35>=0,AB35,0) -> -53.207547 | AD35: =IF(AND(ISNUMBER(Input!$D13),ISNUMBER(Input!$E13)),AC35*As,0) -> 0 | AE35: =AD35*Y35 -> 0 | AG35: 4 | AH35: =h/2-($AG35-0.5)*AM$24 -> 285.2494 | AI35: =AJ$25+AJ$26*AH35 -> 0.003069 | AJ35: =+IF(AI35>=0,IF(AI35<=eco,1-(1-AI35/eco)^n,1),0)*0.85*fck -> 25.5 | AK35: =+AJ35*AM$26 -> 42987.47 | AL35: =+AK35*AH35 -> 12262150 | AN35: 4 | AO35: =Input!$E13 -> 0 | AP35: =AJ$25+AJ$26*AO35 -> -0.0013981132 | AQ35: =AP35*Es -> -279.62264 | AR35: =+IF(AQ35>=0,IF(AP35<=eco,1-(1-AP35/eco)^n,1),0)*0.85*fck -> 0 | AS35: =MAX(MIN(AQ35,fy),-fy)-IF(AQ35>=0,AR35,0) -> -279.62264 | AT35: =IF(AND(ISNUMBER(Input!$D13),ISNUMBER(Input!$E13)),AS35*As,0) -> 0 | AU35: =AT35*AO35 -> 0 | AW35: 4 | AX35: =h/2-($AW35-0.5)*BC$24 -> 288.66389 | AY35: =AZ$25+AZ$26*AX35 -> 0.003069 | AZ35: =+IF(AY35>=0,IF(AY35<=eco,1-(1-AY35/eco)^n,1),0)*0.85*fck -> 25.5 | BA35: =+AZ35*BC$26 -> 33036.667 | BB35: =+BA35*AX35 -> 9536492.7 | BD35: 4 | BE35: =Input!$E13 -> 0 | BF35: =AZ$25+AZ$26*BE35 -> -0.0028132075 | BG35: =BF35*Es -> -562.64151 | BH35: =+IF(BG35>=0,IF(BF35<=eco,1-(1-BF35/eco)^n,1),0)*0.85*fck -> 0 | BI35: =MAX(MIN(BG35,fy),-fy)-IF(BG35>=0,BH35,0) -> -400 | BJ35: =IF(AND(ISNUMBER(Input!$D13),ISNUMBER(Input!$E13)),BI35*As,0) -> 0 | BK35: =BJ35*BE35 -> 0 | BM35: 4 | BN35: =h/2-($AW35-0.5)*BS$24 -> 290.79474 | BO35: =BP$25+BP$26*BN35 -> 0.003069 | BP35: =+IF(BO35>=0,IF(BO35<=eco,1-(1-BO35/eco)^n,1),0)*0.85*fck -> 25.5 | BQ35: =+BP35*BS$26 -> 26826.767 | BR35: =+BQ35*BN35 -> 7801082.6 | BT35: 4 | BU35: =Input!$E13 -> 0 | BV35: =BP$25+BP$26*BU35 -> -0.0042283019 | BW35: =BV35*Es -> -845.66038 | BX35: =+IF(BW35>=0,IF(BV35<=eco,1-(1-BV35/eco)^n,1),0)*0.85*fck -> 0 | BY35: =MAX(MIN(BW35,fy),-fy)-IF(BW35>=0,BX35,0) -> -400 | BZ35: =IF(AND(ISNUMBER(Input!$D13),ISNUMBER(Input!$E13)),BY35*As,0) -> 0 | CA35: =BZ35*BU35 -> 0 | CC35: 4 | CD35: =h/2-($CC35-0.5)*CI$24 -> 293.30984 | CE35: =CF$25+CF$26*CD35 -> 0.003069 | CF35: =+IF(CE35>=0,IF(CE35<=eco,1-(1-CE35/eco)^n,1),0)*0.85*fck -> 25.5 | CG35: =+CF35*CI$26 -> 19497.049 | CH35: =+CG35*CD35 -> 5718676.3 | CJ35: 4 | CK35: =Input!$E13 -> 0 | CL35: =CF$25+CF$26*CK35 -> -0.0070584906 | CM35: =CL35*Es -> -1411.6981 | CN35: =+IF(CM35>=0,IF(CL35<=eco,1-(1-CL35/eco)^n,1),0)*0.85*fck -> 0 | CO35: =MAX(MIN(CM35,fy),-fy)-IF(CM35>=0,CN35,0) -> -400 | CP35: =IF(AND(ISNUMBER(Input!$D13),ISNUMBER(Input!$E13)),CO35*As,0) -> 0 | CQ35: =CP35*CK35 -> 0 | CS35: 4 | CT35: =h/2-($CC35-0.5)*CY$24 -> 295.67385 | CU35: =CV$25+CV$26*CT35 -> 0.003069 | CV35: =+IF(CU35>=0,IF(CU35<=eco,1-(1-CU35/eco)^n,1),0)*0.85*fck -> 25.5 | CW35: =+CV35*CY$26 -> 12607.633 | CX35: =+CW35*CT35 -> 3727747.3 | CZ35: 4 | DA35: =Input!$E13 -> 0 | DB35: =CV$25+CV$26*DA35 -> -0.012718868 | DC35: =DB35*Es -> -2543.7736 | DD35: =+IF(DC35>=0,IF(DB35<=eco,1-(1-DB35/eco)^n,1),0)*0.85*fck -> 0 | DE35: =MAX(MIN(DC35,fy),-fy)-IF(DC35>=0,DD35,0) -> -400 | DF35: =IF(AND(ISNUMBER(Input!$D13),ISNUMBER(Input!$E13)),DE35*As,0) -> 0 | DG35: =DF35*DA35 -> 0 | DI35: 4 | DJ35: =h/2-($CC35-0.5)*DO$24 -> 296.32342 | DK35: =DL$25+DL$26*DJ35 -> 0.003069 | DL35: =+IF(DK35>=0,IF(DK35<=eco,1-(1-DK35/eco)^n,1),0)*0.85*fck -> 25.5 | DM35: =+DL35*DO$26 -> 10714.595 | DN35: =+DM35*DJ35 -> 3174985.4 | DP35: 4 | DQ35: =Input!$E13 -> 0 | DR35: =DL$25+DL$26*DQ35 -> -0.015549057 | DS35: =DR35*Es -> -3109.8113 | DT35: =+IF(DS35>=0,IF(DR35<=eco,1-(1-DR35/eco)^n,1),0)*0.85*fck -> 0 | DU35: =MAX(MIN(DS35,fy),-fy)-IF(DS35>=0,DT35,0) -> -400 | DV35: =IF(AND(ISNUMBER(Input!$D13),ISNUMBER(Input!$E13)),DU35*As,0) -> 0 | DW35: =DV35*DQ35 -> 0 | DY35: 4 | DZ35: =h/2-($CC35-0.5)*EE$24 -> 297.703 | EA35: =EB$25+EB$26*DZ35 -> 0.003069 | EB35: =+IF(EA35>=0,IF(EA35<=eco,1-(1-EA35/eco)^n,1),0)*0.85*fck -> 25.5 | EC35: =+EB35*EE$26 -> 6694.1088 | ED35: =+EC35*DZ35 -> 1992856.3 | EF35: 4 | EG35: =Input!$E13 -> 0 | EH35: =EB$25+EB$26*EG35 -> -0.026869811 | EI35: =EH35*Es -> -5373.9623 | EJ35: =+IF(EI35>=0,IF(EH35<=eco,1-(1-EH35/eco)^n,1),0)*0.85*fck -> 0 | EK35: =MAX(MIN(EI35,fy),-fy)-IF(EI35>=0,EJ35,0) -> -400 | EL35: =IF(AND(ISNUMBER(Input!$D13),ISNUMBER(Input!$E13)),EK35*As,0) -> 0 | EM35: =EL35*EG35 -> 0
A36: 5 | B36: =h/2-($A36-0.5)*G$24 -> 270.3 | C36: =D$25+D$26*B36 -> 0.003003 | D36: =+IF(C36>=0,IF(C36<=eco,1-(1-C36/eco)^n,1),0)*0.85*fck -> 25.5 | E36: =+D36*G$26 -> 67320 | F36: =+E36*B36 -> 18196596 | H36: 5 | I36: =Input!$E14 -> -230 | J36: =D$25+D$26*I36 -> -0.002 | K36: =J36*Es -> -400 | L36: =+IF(K36>=0,IF(J36<=eco,1-(1-J36/eco)^n,1),0)*0.85*fck -> 0 | M36: =MAX(MIN(K36,fy),-fy)-IF(K36>=0,L36,0) -> -400 | N36: =IF(AND(ISNUMBER(Input!$D14),ISNUMBER(Input!$E14)),M36*As,0) -> -321699.09 | O36: =N36*I36 -> 73990790 | Q36: 5 | R36: =h/2-($Q36-0.5)*W$24 -> 275.01429 | S36: =T$25+T$26*R36 -> 0.003003 | T36: =+IF(S36>=0,IF(S36<=eco,1-(1-S36/eco)^n,1),0)*0.85*fck -> 25.5 | U36: =+T36*W$26 -> 56634.286 | V36: =+U36*R36 -> 15575238 | X36: 5 | Y36: =Input!$E14 -> -230 | Z36: =T$25+T$26*Y36 -> -0.003 | AA36: =Z36*Es -> -600 | AB36: =+IF(AA36>=0,IF(Z36<=eco,1-(1-Z36/eco)^n,1),0)*0.85*fck -> 0 | AC36: =MAX(MIN(AA36,fy),-fy)-IF(AA36>=0,AB36,0) -> -400 | AD36: =IF(AND(ISNUMBER(Input!$D14),ISNUMBER(Input!$E14)),AC36*As,0) -> -321699.09 | AE36: =AD36*Y36 -> 73990790 | AG36: 5 | AH36: =h/2-($AG36-0.5)*AM$24 -> 281.03494 | AI36: =AJ$25+AJ$26*AH36 -> 0.003003 | AJ36: =+IF(AI36>=0,IF(AI36<=eco,1-(1-AI36/eco)^n,1),0)*0.85*fck -> 25.5 | AK36: =+AJ36*AM$26 -> 42987.47 | AL36: =+AK36*AH36 -> 12080981 | AN36: 5 | AO36: =Input!$E14 -> -230 | AP36: =AJ$25+AJ$26*AO36 -> -0.005 | AQ36: =AP36*Es -> -1000 | AR36: =+IF(AQ36>=0,IF(AP36<=eco,1-(1-AP36/eco)^n,1),0)*0.85*fck -> 0 | AS36: =MAX(MIN(AQ36,fy),-fy)-IF(AQ36>=0,AR36,0) -> -400 | AT36: =IF(AND(ISNUMBER(Input!$D14),ISNUMBER(Input!$E14)),AS36*As,0) -> -321699.09 | AU36: =AT36*AO36 -> 73990790 | AW36: 5 | AX36: =h/2-($AW36-0.5)*BC$24 -> 285.425 | AY36: =AZ$25+AZ$26*AX36 -> 0.003003 | AZ36: =+IF(AY36>=0,IF(AY36<=eco,1-(1-AY36/eco)^n,1),0)*0.85*fck -> 25.5 | BA36: =+AZ36*BC$26 -> 33036.667 | BB36: =+BA36*AX36 -> 9429490.6 | BD36: 5 | BE36: =Input!$E14 -> -230 | BF36: =AZ$25+AZ$26*BE36 -> -0.0075 | BG36: =BF36*Es -> -1500 | BH36: =+IF(BG36>=0,IF(BF36<=eco,1-(1-BF36/eco)^n,1),0)*0.85*fck -> 0 | BI36: =MAX(MIN(BG36,fy),-fy)-IF(BG36>=0,BH36,0) -> -400 | BJ36: =IF(AND(ISNUMBER(Input!$D14),ISNUMBER(Input!$E14)),BI36*As,0) -> -321699.09 | BK36: =BJ36*BE36 -> 73990790 | BM36: 5 | BN36: =h/2-($AW36-0.5)*BS$24 -> 288.16466 | BO36: =BP$25+BP$26*BN36 -> 0.003003 | BP36: =+IF(BO36>=0,IF(BO36<=eco,1-(1-BO36/eco)^n,1),0)*0.85*fck -> 25.5 | BQ36: =+BP36*BS$26 -> 26826.767 | BR36: =+BQ36*BN36 -> 7730526.2 | BT36: 5 | BU36: =Input!$E14 -> -230 | BV36: =BP$25+BP$26*BU36 -> -0.01 | BW36: =BV36*Es -> -2000 | BX36: =+IF(BW36>=0,IF(BV36<=eco,1-(1-BV36/eco)^n,1),0)*0.85*fck -> 0 | BY36: =MAX(MIN(BW36,fy),-fy)-IF(BW36>=0,BX36,0) -> -400 | BZ36: =IF(AND(ISNUMBER(Input!$D14),ISNUMBER(Input!$E14)),BY36*As,0) -> -321699.09 | CA36: =BZ36*BU36 -> 73990790 | CC36: 5 | CD36: =h/2-($CC36-0.5)*CI$24 -> 291.39836 | CE36: =CF$25+CF$26*CD36 -> 0.003003 | CF36: =+IF(CE36>=0,IF(CE36<=eco,1-(1-CE36/eco)^n,1),0)*0.85*fck -> 25.5 | CG36: =+CF36*CI$26 -> 19497.049 | CH36: =+CG36*CD36 -> 5681408.2 | CJ36: 5 | CK36: =Input!$E14 -> -230 | CL36: =CF$25+CF$26*CK36 -> -0.015 | CM36: =CL36*Es -> -3000 | CN36: =+IF(CM36>=0,IF(CL36<=eco,1-(1-CL36/eco)^n,1),0)*0.85*fck -> 0 | CO36: =MAX(MIN(CM36,fy),-fy)-IF(CM36>=0,CN36,0) -> -400 | CP36: =IF(AND(ISNUMBER(Input!$D14),ISNUMBER(Input!$E14)),CO36*As,0) -> -321699.09 | CQ36: =CP36*CK36 -> 73990790 | CS36: 5 | CT36: =h/2-($CC36-0.5)*CY$24 -> 294.43781 | CU36: =CV$25+CV$26*CT36 -> 0.003003 | CV36: =+IF(CU36>=0,IF(CU36<=eco,1-(1-CU36/eco)^n,1),0)*0.85*fck -> 25.5 | CW36: =+CV36*CY$26 -> 12607.633 | CX36: =+CW36*CT36 -> 3712163.7 | CZ36: 5 | DA36: =Input!$E14 -> -230 | DB36: =CV$25+CV$26*DA36 -> -0.025 | DC36: =DB36*Es -> -5000 | DD36: =+IF(DC36>=0,IF(DB36<=eco,1-(1-DB36/eco)^n,1),0)*0.85*fck -> 0 | DE36: =MAX(MIN(DC36,fy),-fy)-IF(DC36>=0,DD36,0) -> -400 | DF36: =IF(AND(ISNUMBER(Input!$D14),ISNUMBER(Input!$E14)),DE36*As,0) -> -321699.09 | DG36: =DF36*DA36 -> 73990790 | DI36: 5 | DJ36: =h/2-($CC36-0.5)*DO$24 -> 295.27297 | DK36: =DL$25+DL$26*DJ36 -> 0.003003 | DL36: =+IF(DK36>=0,IF(DK36<=eco,1-(1-DK36/eco)^n,1),0)*0.85*fck -> 25.5 | DM36: =+DL36*DO$26 -> 10714.595 | DN36: =+DM36*DJ36 -> 3163730.2 | DP36: 5 | DQ36: =Input!$E14 -> -230 | DR36: =DL$25+DL$26*DQ36 -> -0.03 | DS36: =DR36*Es -> -6000 | DT36: =+IF(DS36>=0,IF(DR36<=eco,1-(1-DR36/eco)^n,1),0)*0.85*fck -> 0 | DU36: =MAX(MIN(DS36,fy),-fy)-IF(DS36>=0,DT36,0) -> -400 | DV36: =IF(AND(ISNUMBER(Input!$D14),ISNUMBER(Input!$E14)),DU36*As,0) -> -321699.09 | DW36: =DV36*DQ36 -> 73990790 | DY36: 5 | DZ36: =h/2-($CC36-0.5)*EE$24 -> 297.04672 | EA36: =EB$25+EB$26*DZ36 -> 0.003003 | EB36: =+IF(EA36>=0,IF(EA36<=eco,1-(1-EA36/eco)^n,1),0)*0.85*fck -> 25.5 | EC36: =+EB36*EE$26 -> 6694.1088 | ED36: =+EC36*DZ36 -> 1988463 | EF36: 5 | EG36: =Input!$E14 -> -230 | EH36: =EB$25+EB$26*EG36 -> -0.05 | EI36: =EH36*Es -> -10000 | EJ36: =+IF(EI36>=0,IF(EH36<=eco,1-(1-EH36/eco)^n,1),0)*0.85*fck -> 0 | EK36: =MAX(MIN(EI36,fy),-fy)-IF(EI36>=0,EJ36,0) -> -400 | EL36: =IF(AND(ISNUMBER(Input!$D14),ISNUMBER(Input!$E14)),EK36*As,0) -> -321699.09 | EM36: =EL36*EG36 -> 73990790
A37: 6 | B37: =h/2-($A37-0.5)*G$24 -> 263.7 | C37: =D$25+D$26*B37 -> 0.002937 | D37: =+IF(C37>=0,IF(C37<=eco,1-(1-C37/eco)^n,1),0)*0.85*fck -> 25.5 | E37: =+D37*G$26 -> 67320 | F37: =+E37*B37 -> 17752284 | H37: 6 | I37: =Input!$E15 -> -230 | J37: =D$25+D$26*I37 -> -0.002 | K37: =J37*Es -> -400 | L37: =+IF(K37>=0,IF(J37<=eco,1-(1-J37/eco)^n,1),0)*0.85*fck -> 0 | M37: =MAX(MIN(K37,fy),-fy)-IF(K37>=0,L37,0) -> -400 | N37: =IF(AND(ISNUMBER(Input!$D15),ISNUMBER(Input!$E15)),M37*As,0) -> -321699.09 | O37: =N37*I37 -> 73990790 | Q37: 6 | R37: =h/2-($Q37-0.5)*W$24 -> 269.4619 | S37: =T$25+T$26*R37 -> 0.002937 | T37: =+IF(S37>=0,IF(S37<=eco,1-(1-S37/eco)^n,1),0)*0.85*fck -> 25.5 | U37: =+T37*W$26 -> 56634.286 | V37: =+U37*R37 -> 15260783 | X37: 6 | Y37: =Input!$E15 -> -230 | Z37: =T$25+T$26*Y37 -> -0.003 | AA37: =Z37*Es -> -600 | AB37: =+IF(AA37>=0,IF(Z37<=eco,1-(1-Z37/eco)^n,1),0)*0.85*fck -> 0 | AC37: =MAX(MIN(AA37,fy),-fy)-IF(AA37>=0,AB37,0) -> -400 | AD37: =IF(AND(ISNUMBER(Input!$D15),ISNUMBER(Input!$E15)),AC37*As,0) -> -321699.09 | AE37: =AD37*Y37 -> 73990790 | AG37: 6 | AH37: =h/2-($AG37-0.5)*AM$24 -> 276.82048 | AI37: =AJ$25+AJ$26*AH37 -> 0.002937 | AJ37: =+IF(AI37>=0,IF(AI37<=eco,1-(1-AI37/eco)^n,1),0)*0.85*fck -> 25.5 | AK37: =+AJ37*AM$26 -> 42987.47 | AL37: =+AK37*AH37 -> 11899812 | AN37: 6 | AO37: =Input!$E15 -> -230 | AP37: =AJ$25+AJ$26*AO37 -> -0.005 | AQ37: =AP37*Es -> -1000 | AR37: =+IF(AQ37>=0,IF(AP37<=eco,1-(1-AP37/eco)^n,1),0)*0.85*fck -> 0 | AS37: =MAX(MIN(AQ37,fy),-fy)-IF(AQ37>=0,AR37,0) -> -400 | AT37: =IF(AND(ISNUMBER(Input!$D15),ISNUMBER(Input!$E15)),AS37*As,0) -> -321699.09 | AU37: =AT37*AO37 -> 73990790 | AW37: 6 | AX37: =h/2-($AW37-0.5)*BC$24 -> 282.18611 | AY37: =AZ$25+AZ$26*AX37 -> 0.002937 | AZ37: =+IF(AY37>=0,IF(AY37<=eco,1-(1-AY37/eco)^n,1),0)*0.85*fck -> 25.5 | BA37: =+AZ37*BC$26 -> 33036.667 | BB37: =+BA37*AX37 -> 9322488.5 | BD37: 6 | BE37: =Input!$E15 -> -230 | BF37: =AZ$25+AZ$26*BE37 -> -0.0075 | BG37: =BF37*Es -> -1500 | BH37: =+IF(BG37>=0,IF(BF37<=eco,1-(1-BF37/eco)^n,1),0)*0.85*fck -> 0 | BI37: =MAX(MIN(BG37,fy),-fy)-IF(BG37>=0,BH37,0) -> -400 | BJ37: =IF(AND(ISNUMBER(Input!$D15),ISNUMBER(Input!$E15)),BI37*As,0) -> -321699.09 | BK37: =BJ37*BE37 -> 73990790 | BM37: 6 | BN37: =h/2-($AW37-0.5)*BS$24 -> 285.53459 | BO37: =BP$25+BP$26*BN37 -> 0.002937 | BP37: =+IF(BO37>=0,IF(BO37<=eco,1-(1-BO37/eco)^n,1),0)*0.85*fck -> 25.5 | BQ37: =+BP37*BS$26 -> 26826.767 | BR37: =+BQ37*BN37 -> 7659969.8 | BT37: 6 | BU37: =Input!$E15 -> -230 | BV37: =BP$25+BP$26*BU37 -> -0.01 | BW37: =BV37*Es -> -2000 | BX37: =+IF(BW37>=0,IF(BV37<=eco,1-(1-BV37/eco)^n,1),0)*0.85*fck -> 0 | BY37: =MAX(MIN(BW37,fy),-fy)-IF(BW37>=0,BX37,0) -> -400 | BZ37: =IF(AND(ISNUMBER(Input!$D15),ISNUMBER(Input!$E15)),BY37*As,0) -> -321699.09 | CA37: =BZ37*BU37 -> 73990790 | CC37: 6 | CD37: =h/2-($CC37-0.5)*CI$24 -> 289.48689 | CE37: =CF$25+CF$26*CD37 -> 0.002937 | CF37: =+IF(CE37>=0,IF(CE37<=eco,1-(1-CE37/eco)^n,1),0)*0.85*fck -> 25.5 | CG37: =+CF37*CI$26 -> 19497.049 | CH37: =+CG37*CD37 -> 5644140 | CJ37: 6 | CK37: =Input!$E15 -> -230 | CL37: =CF$25+CF$26*CK37 -> -0.015 | CM37: =CL37*Es -> -3000 | CN37: =+IF(CM37>=0,IF(CL37<=eco,1-(1-CL37/eco)^n,1),0)*0.85*fck -> 0 | CO37: =MAX(MIN(CM37,fy),-fy)-IF(CM37>=0,CN37,0) -> -400 | CP37: =IF(AND(ISNUMBER(Input!$D15),ISNUMBER(Input!$E15)),CO37*As,0) -> -321699.09 | CQ37: =CP37*CK37 -> 73990790 | CS37: 6 | CT37: =h/2-($CC37-0.5)*CY$24 -> 293.20177 | CU37: =CV$25+CV$26*CT37 -> 0.002937 | CV37: =+IF(CU37>=0,IF(CU37<=eco,1-(1-CU37/eco)^n,1),0)*0.85*fck -> 25.5 | CW37: =+CV37*CY$26 -> 12607.633 | CX37: =+CW37*CT37 -> 3696580.1 | CZ37: 6 | DA37: =Input!$E15 -> -230 | DB37: =CV$25+CV$26*DA37 -> -0.025 | DC37: =DB37*Es -> -5000 | DD37: =+IF(DC37>=0,IF(DB37<=eco,1-(1-DB37/eco)^n,1),0)*0.85*fck -> 0 | DE37: =MAX(MIN(DC37,fy),-fy)-IF(DC37>=0,DD37,0) -> -400 | DF37: =IF(AND(ISNUMBER(Input!$D15),ISNUMBER(Input!$E15)),DE37*As,0) -> -321699.09 | DG37: =DF37*DA37 -> 73990790 | DI37: 6 | DJ37: =h/2-($CC37-0.5)*DO$24 -> 294.22252 | DK37: =DL$25+DL$26*DJ37 -> 0.002937 | DL37: =+IF(DK37>=0,IF(DK37<=eco,1-(1-DK37/eco)^n,1),0)*0.85*fck -> 25.5 | DM37: =+DL37*DO$26 -> 10714.595 | DN37: =+DM37*DJ37 -> 3152475 | DP37: 6 | DQ37: =Input!$E15 -> -230 | DR37: =DL$25+DL$26*DQ37 -> -0.03 | DS37: =DR37*Es -> -6000 | DT37: =+IF(DS37>=0,IF(DR37<=eco,1-(1-DR37/eco)^n,1),0)*0.85*fck -> 0 | DU37: =MAX(MIN(DS37,fy),-fy)-IF(DS37>=0,DT37,0) -> -400 | DV37: =IF(AND(ISNUMBER(Input!$D15),ISNUMBER(Input!$E15)),DU37*As,0) -> -321699.09 | DW37: =DV37*DQ37 -> 73990790 | DY37: 6 | DZ37: =h/2-($CC37-0.5)*EE$24 -> 296.39043 | EA37: =EB$25+EB$26*DZ37 -> 0.002937 | EB37: =+IF(EA37>=0,IF(EA37<=eco,1-(1-EA37/eco)^n,1),0)*0.85*fck -> 25.5 | EC37: =+EB37*EE$26 -> 6694.1088 | ED37: =+EC37*DZ37 -> 1984069.8 | EF37: 6 | EG37: =Input!$E15 -> -230 | EH37: =EB$25+EB$26*EG37 -> -0.05 | EI37: =EH37*Es -> -10000 | EJ37: =+IF(EI37>=0,IF(EH37<=eco,1-(1-EH37/eco)^n,1),0)*0.85*fck -> 0 | EK37: =MAX(MIN(EI37,fy),-fy)-IF(EI37>=0,EJ37,0) -> -400 | EL37: =IF(AND(ISNUMBER(Input!$D15),ISNUMBER(Input!$E15)),EK37*As,0) -> -321699.09 | EM37: =EL37*EG37 -> 73990790
A38: 7 | B38: =h/2-($A38-0.5)*G$24 -> 257.1 | C38: =D$25+D$26*B38 -> 0.002871 | D38: =+IF(C38>=0,IF(C38<=eco,1-(1-C38/eco)^n,1),0)*0.85*fck -> 25.5 | E38: =+D38*G$26 -> 67320 | F38: =+E38*B38 -> 17307972 | H38: 7 | I38: =Input!$E16 -> -230 | J38: =D$25+D$26*I38 -> -0.002 | K38: =J38*Es -> -400 | L38: =+IF(K38>=0,IF(J38<=eco,1-(1-J38/eco)^n,1),0)*0.85*fck -> 0 | M38: =MAX(MIN(K38,fy),-fy)-IF(K38>=0,L38,0) -> -400 | N38: =IF(AND(ISNUMBER(Input!$D16),ISNUMBER(Input!$E16)),M38*As,0) -> -321699.09 | O38: =N38*I38 -> 73990790 | Q38: 7 | R38: =h/2-($Q38-0.5)*W$24 -> 263.90952 | S38: =T$25+T$26*R38 -> 0.002871 | T38: =+IF(S38>=0,IF(S38<=eco,1-(1-S38/eco)^n,1),0)*0.85*fck -> 25.5 | U38: =+T38*W$26 -> 56634.286 | V38: =+U38*R38 -> 14946327 | X38: 7 | Y38: =Input!$E16 -> -230 | Z38: =T$25+T$26*Y38 -> -0.003 | AA38: =Z38*Es -> -600 | AB38: =+IF(AA38>=0,IF(Z38<=eco,1-(1-Z38/eco)^n,1),0)*0.85*fck -> 0 | AC38: =MAX(MIN(AA38,fy),-fy)-IF(AA38>=0,AB38,0) -> -400 | AD38: =IF(AND(ISNUMBER(Input!$D16),ISNUMBER(Input!$E16)),AC38*As,0) -> -321699.09 | AE38: =AD38*Y38 -> 73990790 | AG38: 7 | AH38: =h/2-($AG38-0.5)*AM$24 -> 272.60602 | AI38: =AJ$25+AJ$26*AH38 -> 0.002871 | AJ38: =+IF(AI38>=0,IF(AI38<=eco,1-(1-AI38/eco)^n,1),0)*0.85*fck -> 25.5 | AK38: =+AJ38*AM$26 -> 42987.47 | AL38: =+AK38*AH38 -> 11718643 | AN38: 7 | AO38: =Input!$E16 -> -230 | AP38: =AJ$25+AJ$26*AO38 -> -0.005 | AQ38: =AP38*Es -> -1000 | AR38: =+IF(AQ38>=0,IF(AP38<=eco,1-(1-AP38/eco)^n,1),0)*0.85*fck -> 0 | AS38: =MAX(MIN(AQ38,fy),-fy)-IF(AQ38>=0,AR38,0) -> -400 | AT38: =IF(AND(ISNUMBER(Input!$D16),ISNUMBER(Input!$E16)),AS38*As,0) -> -321699.09 | AU38: =AT38*AO38 -> 73990790 | AW38: 7 | AX38: =h/2-($AW38-0.5)*BC$24 -> 278.94722 | AY38: =AZ$25+AZ$26*AX38 -> 0.002871 | AZ38: =+IF(AY38>=0,IF(AY38<=eco,1-(1-AY38/eco)^n,1),0)*0.85*fck -> 25.5 | BA38: =+AZ38*BC$26 -> 33036.667 | BB38: =+BA38*AX38 -> 9215486.4 | BD38: 7 | BE38: =Input!$E16 -> -230 | BF38: =AZ$25+AZ$26*BE38 -> -0.0075 | BG38: =BF38*Es -> -1500 | BH38: =+IF(BG38>=0,IF(BF38<=eco,1-(1-BF38/eco)^n,1),0)*0.85*fck -> 0 | BI38: =MAX(MIN(BG38,fy),-fy)-IF(BG38>=0,BH38,0) -> -400 | BJ38: =IF(AND(ISNUMBER(Input!$D16),ISNUMBER(Input!$E16)),BI38*As,0) -> -321699.09 | BK38: =BJ38*BE38 -> 73990790 | BM38: 7 | BN38: =h/2-($AW38-0.5)*BS$24 -> 282.90451 | BO38: =BP$25+BP$26*BN38 -> 0.002871 | BP38: =+IF(BO38>=0,IF(BO38<=eco,1-(1-BO38/eco)^n,1),0)*0.85*fck -> 25.5 | BQ38: =+BP38*BS$26 -> 26826.767 | BR38: =+BQ38*BN38 -> 7589413.4 | BT38: 7 | BU38: =Input!$E16 -> -230 | BV38: =BP$25+BP$26*BU38 -> -0.01 | BW38: =BV38*Es -> -2000 | BX38: =+IF(BW38>=0,IF(BV38<=eco,1-(1-BV38/eco)^n,1),0)*0.85*fck -> 0 | BY38: =MAX(MIN(BW38,fy),-fy)-IF(BW38>=0,BX38,0) -> -400 | BZ38: =IF(AND(ISNUMBER(Input!$D16),ISNUMBER(Input!$E16)),BY38*As,0) -> -321699.09 | CA38: =BZ38*BU38 -> 73990790 | CC38: 7 | CD38: =h/2-($CC38-0.5)*CI$24 -> 287.57541 | CE38: =CF$25+CF$26*CD38 -> 0.002871 | CF38: =+IF(CE38>=0,IF(CE38<=eco,1-(1-CE38/eco)^n,1),0)*0.85*fck -> 25.5 | CG38: =+CF38*CI$26 -> 19497.049 | CH38: =+CG38*CD38 -> 5606871.9 | CJ38: 7 | CK38: =Input!$E16 -> -230 | CL38: =CF$25+CF$26*CK38 -> -0.015 | CM38: =CL38*Es -> -3000 | CN38: =+IF(CM38>=0,IF(CL38<=eco,1-(1-CL38/eco)^n,1),0)*0.85*fck -> 0 | CO38: =MAX(MIN(CM38,fy),-fy)-IF(CM38>=0,CN38,0) -> -400 | CP38: =IF(AND(ISNUMBER(Input!$D16),ISNUMBER(Input!$E16)),CO38*As,0) -> -321699.09 | CQ38: =CP38*CK38 -> 73990790 | CS38: 7 | CT38: =h/2-($CC38-0.5)*CY$24 -> 291.96572 | CU38: =CV$25+CV$26*CT38 -> 0.002871 | CV38: =+IF(CU38>=0,IF(CU38<=eco,1-(1-CU38/eco)^n,1),0)*0.85*fck -> 25.5 | CW38: =+CV38*CY$26 -> 12607.633 | CX38: =+CW38*CT38 -> 3680996.6 | CZ38: 7 | DA38: =Input!$E16 -> -230 | DB38: =CV$25+CV$26*DA38 -> -0.025 | DC38: =DB38*Es -> -5000 | DD38: =+IF(DC38>=0,IF(DB38<=eco,1-(1-DB38/eco)^n,1),0)*0.85*fck -> 0 | DE38: =MAX(MIN(DC38,fy),-fy)-IF(DC38>=0,DD38,0) -> -400 | DF38: =IF(AND(ISNUMBER(Input!$D16),ISNUMBER(Input!$E16)),DE38*As,0) -> -321699.09 | DG38: =DF38*DA38 -> 73990790 | DI38: 7 | DJ38: =h/2-($CC38-0.5)*DO$24 -> 293.17207 | DK38: =DL$25+DL$26*DJ38 -> 0.002871 | DL38: =+IF(DK38>=0,IF(DK38<=eco,1-(1-DK38/eco)^n,1),0)*0.85*fck -> 25.5 | DM38: =+DL38*DO$26 -> 10714.595 | DN38: =+DM38*DJ38 -> 3141219.9 | DP38: 7 | DQ38: =Input!$E16 -> -230 | DR38: =DL$25+DL$26*DQ38 -> -0.03 | DS38: =DR38*Es -> -6000 | DT38: =+IF(DS38>=0,IF(DR38<=eco,1-(1-DR38/eco)^n,1),0)*0.85*fck -> 0 | DU38: =MAX(MIN(DS38,fy),-fy)-IF(DS38>=0,DT38,0) -> -400 | DV38: =IF(AND(ISNUMBER(Input!$D16),ISNUMBER(Input!$E16)),DU38*As,0) -> -321699.09 | DW38: =DV38*DQ38 -> 73990790 | DY38: 7 | DZ38: =h/2-($CC38-0.5)*EE$24 -> 295.73415 | EA38: =EB$25+EB$26*DZ38 -> 0.002871 | EB38: =+IF(EA38>=0,IF(EA38<=eco,1-(1-EA38/eco)^n,1),0)*0.85*fck -> 25.5 | EC38: =+EB38*EE$26 -> 6694.1088 | ED38: =+EC38*DZ38 -> 1979676.6 | EF38: 7 | EG38: =Input!$E16 -> -230 | EH38: =EB$25+EB$26*EG38 -> -0.05 | EI38: =EH38*Es -> -10000 | EJ38: =+IF(EI38>=0,IF(EH38<=eco,1-(1-EH38/eco)^n,1),0)*0.85*fck -> 0 | EK38: =MAX(MIN(EI38,fy),-fy)-IF(EI38>=0,EJ38,0) -> -400 | EL38: =IF(AND(ISNUMBER(Input!$D16),ISNUMBER(Input!$E16)),EK38*As,0) -> -321699.09 | EM38: =EL38*EG38 -> 73990790
A39: 8 | B39: =h/2-($A39-0.5)*G$24 -> 250.5 | C39: =D$25+D$26*B39 -> 0.002805 | D39: =+IF(C39>=0,IF(C39<=eco,1-(1-C39/eco)^n,1),0)*0.85*fck -> 25.5 | E39: =+D39*G$26 -> 67320 | F39: =+E39*B39 -> 16863660 | H39: 8 | I39: =Input!$E17 -> -230 | J39: =D$25+D$26*I39 -> -0.002 | K39: =J39*Es -> -400 | L39: =+IF(K39>=0,IF(J39<=eco,1-(1-J39/eco)^n,1),0)*0.85*fck -> 0 | M39: =MAX(MIN(K39,fy),-fy)-IF(K39>=0,L39,0) -> -400 | N39: =IF(AND(ISNUMBER(Input!$D17),ISNUMBER(Input!$E17)),M39*As,0) -> -321699.09 | O39: =N39*I39 -> 73990790 | Q39: 8 | R39: =h/2-($Q39-0.5)*W$24 -> 258.35714 | S39: =T$25+T$26*R39 -> 0.002805 | T39: =+IF(S39>=0,IF(S39<=eco,1-(1-S39/eco)^n,1),0)*0.85*fck -> 25.5 | U39: =+T39*W$26 -> 56634.286 | V39: =+U39*R39 -> 14631872 | X39: 8 | Y39: =Input!$E17 -> -230 | Z39: =T$25+T$26*Y39 -> -0.003 | AA39: =Z39*Es -> -600 | AB39: =+IF(AA39>=0,IF(Z39<=eco,1-(1-Z39/eco)^n,1),0)*0.85*fck -> 0 | AC39: =MAX(MIN(AA39,fy),-fy)-IF(AA39>=0,AB39,0) -> -400 | AD39: =IF(AND(ISNUMBER(Input!$D17),ISNUMBER(Input!$E17)),AC39*As,0) -> -321699.09 | AE39: =AD39*Y39 -> 73990790 | AG39: 8 | AH39: =h/2-($AG39-0.5)*AM$24 -> 268.39157 | AI39: =AJ$25+AJ$26*AH39 -> 0.002805 | AJ39: =+IF(AI39>=0,IF(AI39<=eco,1-(1-AI39/eco)^n,1),0)*0.85*fck -> 25.5 | AK39: =+AJ39*AM$26 -> 42987.47 | AL39: =+AK39*AH39 -> 11537474 | AN39: 8 | AO39: =Input!$E17 -> -230 | AP39: =AJ$25+AJ$26*AO39 -> -0.005 | AQ39: =AP39*Es -> -1000 | AR39: =+IF(AQ39>=0,IF(AP39<=eco,1-(1-AP39/eco)^n,1),0)*0.85*fck -> 0 | AS39: =MAX(MIN(AQ39,fy),-fy)-IF(AQ39>=0,AR39,0) -> -400 | AT39: =IF(AND(ISNUMBER(Input!$D17),ISNUMBER(Input!$E17)),AS39*As,0) -> -321699.09 | AU39: =AT39*AO39 -> 73990790 | AW39: 8 | AX39: =h/2-($AW39-0.5)*BC$24 -> 275.70833 | AY39: =AZ$25+AZ$26*AX39 -> 0.002805 | AZ39: =+IF(AY39>=0,IF(AY39<=eco,1-(1-AY39/eco)^n,1),0)*0.85*fck -> 25.5 | BA39: =+AZ39*BC$26 -> 33036.667 | BB39: =+BA39*AX39 -> 9108484.3 | BD39: 8 | BE39: =Input!$E17 -> -230 | BF39: =AZ$25+AZ$26*BE39 -> -0.0075 | BG39: =BF39*Es -> -1500 | BH39: =+IF(BG39>=0,IF(BF39<=eco,1-(1-BF39/eco)^n,1),0)*0.85*fck -> 0 | BI39: =MAX(MIN(BG39,fy),-fy)-IF(BG39>=0,BH39,0) -> -400 | BJ39: =IF(AND(ISNUMBER(Input!$D17),ISNUMBER(Input!$E17)),BI39*As,0) -> -321699.09 | BK39: =BJ39*BE39 -> 73990790 | BM39: 8 | BN39: =h/2-($AW39-0.5)*BS$24 -> 280.27444 | BO39: =BP$25+BP$26*BN39 -> 0.002805 | BP39: =+IF(BO39>=0,IF(BO39<=eco,1-(1-BO39/eco)^n,1),0)*0.85*fck -> 25.5 | BQ39: =+BP39*BS$26 -> 26826.767 | BR39: =+BQ39*BN39 -> 7518857 | BT39: 8 | BU39: =Input!$E17 -> -230 | BV39: =BP$25+BP$26*BU39 -> -0.01 | BW39: =BV39*Es -> -2000 | BX39: =+IF(BW39>=0,IF(BV39<=eco,1-(1-BV39/eco)^n,1),0)*0.85*fck -> 0 | BY39: =MAX(MIN(BW39,fy),-fy)-IF(BW39>=0,BX39,0) -> -400 | BZ39: =IF(AND(ISNUMBER(Input!$D17),ISNUMBER(Input!$E17)),BY39*As,0) -> -321699.09 | CA39: =BZ39*BU39 -> 73990790 | CC39: 8 | CD39: =h/2-($CC39-0.5)*CI$24 -> 285.66393 | CE39: =CF$25+CF$26*CD39 -> 0.002805 | CF39: =+IF(CE39>=0,IF(CE39<=eco,1-(1-CE39/eco)^n,1),0)*0.85*fck -> 25.5 | CG39: =+CF39*CI$26 -> 19497.049 | CH39: =+CG39*CD39 -> 5569603.8 | CJ39: 8 | CK39: =Input!$E17 -> -230 | CL39: =CF$25+CF$26*CK39 -> -0.015 | CM39: =CL39*Es -> -3000 | CN39: =+IF(CM39>=0,IF(CL39<=eco,1-(1-CL39/eco)^n,1),0)*0.85*fck -> 0 | CO39: =MAX(MIN(CM39,fy),-fy)-IF(CM39>=0,CN39,0) -> -400 | CP39: =IF(AND(ISNUMBER(Input!$D17),ISNUMBER(Input!$E17)),CO39*As,0) -> -321699.09 | CQ39: =CP39*CK39 -> 73990790 | CS39: 8 | CT39: =h/2-($CC39-0.5)*CY$24 -> 290.72968 | CU39: =CV$25+CV$26*CT39 -> 0.002805 | CV39: =+IF(CU39>=0,IF(CU39<=eco,1-(1-CU39/eco)^n,1),0)*0.85*fck -> 25.5 | CW39: =+CV39*CY$26 -> 12607.633 | CX39: =+CW39*CT39 -> 3665413 | CZ39: 8 | DA39: =Input!$E17 -> -230 | DB39: =CV$25+CV$26*DA39 -> -0.025 | DC39: =DB39*Es -> -5000 | DD39: =+IF(DC39>=0,IF(DB39<=eco,1-(1-DB39/eco)^n,1),0)*0.85*fck -> 0 | DE39: =MAX(MIN(DC39,fy),-fy)-IF(DC39>=0,DD39,0) -> -400 | DF39: =IF(AND(ISNUMBER(Input!$D17),ISNUMBER(Input!$E17)),DE39*As,0) -> -321699.09 | DG39: =DF39*DA39 -> 73990790 | DI39: 8 | DJ39: =h/2-($CC39-0.5)*DO$24 -> 292.12162 | DK39: =DL$25+DL$26*DJ39 -> 0.002805 | DL39: =+IF(DK39>=0,IF(DK39<=eco,1-(1-DK39/eco)^n,1),0)*0.85*fck -> 25.5 | DM39: =+DL39*DO$26 -> 10714.595 | DN39: =+DM39*DJ39 -> 3129964.7 | DP39: 8 | DQ39: =Input!$E17 -> -230 | DR39: =DL$25+DL$26*DQ39 -> -0.03 | DS39: =DR39*Es -> -6000 | DT39: =+IF(DS39>=0,IF(DR39<=eco,1-(1-DR39/eco)^n,1),0)*0.85*fck -> 0 | DU39: =MAX(MIN(DS39,fy),-fy)-IF(DS39>=0,DT39,0) -> -400 | DV39: =IF(AND(ISNUMBER(Input!$D17),ISNUMBER(Input!$E17)),DU39*As,0) -> -321699.09 | DW39: =DV39*DQ39 -> 73990790 | DY39: 8 | DZ39: =h/2-($CC39-0.5)*EE$24 -> 295.07786 | EA39: =EB$25+EB$26*DZ39 -> 0.002805 | EB39: =+IF(EA39>=0,IF(EA39<=eco,1-(1-EA39/eco)^n,1),0)*0.85*fck -> 25.5 | EC39: =+EB39*EE$26 -> 6694.1088 | ED39: =+EC39*DZ39 -> 1975283.3 | EF39: 8 | EG39: =Input!$E17 -> -230 | EH39: =EB$25+EB$26*EG39 -> -0.05 | EI39: =EH39*Es -> -10000 | EJ39: =+IF(EI39>=0,IF(EH39<=eco,1-(1-EH39/eco)^n,1),0)*0.85*fck -> 0 | EK39: =MAX(MIN(EI39,fy),-fy)-IF(EI39>=0,EJ39,0) -> -400 | EL39: =IF(AND(ISNUMBER(Input!$D17),ISNUMBER(Input!$E17)),EK39*As,0) -> -321699.09 | EM39: =EL39*EG39 -> 73990790
A40: 9 | B40: =h/2-($A40-0.5)*G$24 -> 243.9 | C40: =D$25+D$26*B40 -> 0.002739 | D40: =+IF(C40>=0,IF(C40<=eco,1-(1-C40/eco)^n,1),0)*0.85*fck -> 25.5 | E40: =+D40*G$26 -> 67320 | F40: =+E40*B40 -> 16419348 | H40: 9 | I40: =Input!$E18 -> 130 | J40: =D$25+D$26*I40 -> 0.0016 | K40: =J40*Es -> 320 | L40: =+IF(K40>=0,IF(J40<=eco,1-(1-J40/eco)^n,1),0)*0.85*fck -> 24.48 | M40: =MAX(MIN(K40,fy),-fy)-IF(K40>=0,L40,0) -> 295.52 | N40: =IF(AND(ISNUMBER(Input!$D18),ISNUMBER(Input!$E18)),M40*As,0) -> 237671.29 | O40: =N40*I40 -> 30897267 | Q40: 9 | R40: =h/2-($Q40-0.5)*W$24 -> 252.80476 | S40: =T$25+T$26*R40 -> 0.002739 | T40: =+IF(S40>=0,IF(S40<=eco,1-(1-S40/eco)^n,1),0)*0.85*fck -> 25.5 | U40: =+T40*W$26 -> 56634.286 | V40: =+U40*R40 -> 14317417 | X40: 9 | Y40: =Input!$E18 -> 130 | Z40: =T$25+T$26*Y40 -> 0.0012792453 | AA40: =Z40*Es -> 255.84906 | AB40: =+IF(AA40>=0,IF(Z40<=eco,1-(1-Z40/eco)^n,1),0)*0.85*fck -> 22.188268 | AC40: =MAX(MIN(AA40,fy),-fy)-IF(AA40>=0,AB40,0) -> 233.66079 | AD40: =IF(AND(ISNUMBER(Input!$D18),ISNUMBER(Input!$E18)),AC40*As,0) -> 187921.16 | AE40: =AD40*Y40 -> 24429750 | AG40: 9 | AH40: =h/2-($AG40-0.5)*AM$24 -> 264.17711 | AI40: =AJ$25+AJ$26*AH40 -> 0.002739 | AJ40: =+IF(AI40>=0,IF(AI40<=eco,1-(1-AI40/eco)^n,1),0)*0.85*fck -> 25.5 | AK40: =+AJ40*AM$26 -> 42987.47 | AL40: =+AK40*AH40 -> 11356305 | AN40: 9 | AO40: =Input!$E18 -> 130 | AP40: =AJ$25+AJ$26*AO40 -> 0.00063773585 | AQ40: =AP40*Es -> 127.54717 | AR40: =+IF(AQ40>=0,IF(AP40<=eco,1-(1-AP40/eco)^n,1),0)*0.85*fck -> 13.669507 | AS40: =MAX(MIN(AQ40,fy),-fy)-IF(AQ40>=0,AR40,0) -> 113.87766 | AT40: =IF(AND(ISNUMBER(Input!$D18),ISNUMBER(Input!$E18)),AS40*As,0) -> 91585.851 | AU40: =AT40*AO40 -> 11906161 | AW40: 9 | AX40: =h/2-($AW40-0.5)*BC$24 -> 272.46944 | AY40: =AZ$25+AZ$26*AX40 -> 0.002739 | AZ40: =+IF(AY40>=0,IF(AY40<=eco,1-(1-AY40/eco)^n,1),0)*0.85*fck -> 25.5 | BA40: =+AZ40*BC$26 -> 33036.667 | BB40: =+BA40*AX40 -> 9001482.2 | BD40: 9 | BE40: =Input!$E18 -> 130 | BF40: =AZ$25+AZ$26*BE40 -> -0.00016415094 | BG40: =BF40*Es -> -32.830189 | BH40: =+IF(BG40>=0,IF(BF40<=eco,1-(1-BF40/eco)^n,1),0)*0.85*fck -> 0 | BI40: =MAX(MIN(BG40,fy),-fy)-IF(BG40>=0,BH40,0) -> -32.830189 | BJ40: =IF(AND(ISNUMBER(Input!$D18),ISNUMBER(Input!$E18)),BI40*As,0) -> -26403.604 | BK40: =BJ40*BE40 -> -3432468.6 | BM40: 9 | BN40: =h/2-($AW40-0.5)*BS$24 -> 277.64436 | BO40: =BP$25+BP$26*BN40 -> 0.002739 | BP40: =+IF(BO40>=0,IF(BO40<=eco,1-(1-BO40/eco)^n,1),0)*0.85*fck -> 25.5 | BQ40: =+BP40*BS$26 -> 26826.767 | BR40: =+BQ40*BN40 -> 7448300.6 | BT40: 9 | BU40: =Input!$E18 -> 130 | BV40: =BP$25+BP$26*BU40 -> -0.00096603774 | BW40: =BV40*Es -> -193.20755 | BX40: =+IF(BW40>=0,IF(BV40<=eco,1-(1-BV40/eco)^n,1),0)*0.85*fck -> 0 | BY40: =MAX(MIN(BW40,fy),-fy)-IF(BW40>=0,BX40,0) -> -193.20755 | BZ40: =IF(AND(ISNUMBER(Input!$D18),ISNUMBER(Input!$E18)),BY40*As,0) -> -155386.73 | CA40: =BZ40*BU40 -> -20200275 | CC40: 9 | CD40: =h/2-($CC40-0.5)*CI$24 -> 283.75246 | CE40: =CF$25+CF$26*CD40 -> 0.002739 | CF40: =+IF(CE40>=0,IF(CE40<=eco,1-(1-CE40/eco)^n,1),0)*0.85*fck -> 25.5 | CG40: =+CF40*CI$26 -> 19497.049 | CH40: =+CG40*CD40 -> 5532335.6 | CJ40: 9 | CK40: =Input!$E18 -> 130 | CL40: =CF$25+CF$26*CK40 -> -0.0025698113 | CM40: =CL40*Es -> -513.96226 | CN40: =+IF(CM40>=0,IF(CL40<=eco,1-(1-CL40/eco)^n,1),0)*0.85*fck -> 0 | CO40: =MAX(MIN(CM40,fy),-fy)-IF(CM40>=0,CN40,0) -> -400 | CP40: =IF(AND(ISNUMBER(Input!$D18),ISNUMBER(Input!$E18)),CO40*As,0) -> -321699.09 | CQ40: =CP40*CK40 -> -41820881 | CS40: 9 | CT40: =h/2-($CC40-0.5)*CY$24 -> 289.49364 | CU40: =CV$25+CV$26*CT40 -> 0.002739 | CV40: =+IF(CU40>=0,IF(CU40<=eco,1-(1-CU40/eco)^n,1),0)*0.85*fck -> 25.5 | CW40: =+CV40*CY$26 -> 12607.633 | CX40: =+CW40*CT40 -> 3649829.4 | CZ40: 9 | DA40: =Input!$E18 -> 130 | DB40: =CV$25+CV$26*DA40 -> -0.0057773585 | DC40: =DB40*Es -> -1155.4717 | DD40: =+IF(DC40>=0,IF(DB40<=eco,1-(1-DB40/eco)^n,1),0)*0.85*fck -> 0 | DE40: =MAX(MIN(DC40,fy),-fy)-IF(DC40>=0,DD40,0) -> -400 | DF40: =IF(AND(ISNUMBER(Input!$D18),ISNUMBER(Input!$E18)),DE40*As,0) -> -321699.09 | DG40: =DF40*DA40 -> -41820881 | DI40: 9 | DJ40: =h/2-($CC40-0.5)*DO$24 -> 291.07117 | DK40: =DL$25+DL$26*DJ40 -> 0.002739 | DL40: =+IF(DK40>=0,IF(DK40<=eco,1-(1-DK40/eco)^n,1),0)*0.85*fck -> 25.5 | DM40: =+DL40*DO$26 -> 10714.595 | DN40: =+DM40*DJ40 -> 3118709.6 | DP40: 9 | DQ40: =Input!$E18 -> 130 | DR40: =DL$25+DL$26*DQ40 -> -0.0073811321 | DS40: =DR40*Es -> -1476.2264 | DT40: =+IF(DS40>=0,IF(DR40<=eco,1-(1-DR40/eco)^n,1),0)*0.85*fck -> 0 | DU40: =MAX(MIN(DS40,fy),-fy)-IF(DS40>=0,DT40,0) -> -400 | DV40: =IF(AND(ISNUMBER(Input!$D18),ISNUMBER(Input!$E18)),DU40*As,0) -> -321699.09 | DW40: =DV40*DQ40 -> -41820881 | DY40: 9 | DZ40: =h/2-($CC40-0.5)*EE$24 -> 294.42158 | EA40: =EB$25+EB$26*DZ40 -> 0.002739 | EB40: =+IF(EA40>=0,IF(EA40<=eco,1-(1-EA40/eco)^n,1),0)*0.85*fck -> 25.5 | EC40: =+EB40*EE$26 -> 6694.1088 | ED40: =+EC40*DZ40 -> 1970890.1 | EF40: 9 | EG40: =Input!$E18 -> 130 | EH40: =EB$25+EB$26*EG40 -> -0.013796226 | EI40: =EH40*Es -> -2759.2453 | EJ40: =+IF(EI40>=0,IF(EH40<=eco,1-(1-EH40/eco)^n,1),0)*0.85*fck -> 0 | EK40: =MAX(MIN(EI40,fy),-fy)-IF(EI40>=0,EJ40,0) -> -400 | EL40: =IF(AND(ISNUMBER(Input!$D18),ISNUMBER(Input!$E18)),EK40*As,0) -> -321699.09 | EM40: =EL40*EG40 -> -41820881
