Workbook
Name eco: Input!$E$13
Name ecu: Input!$G$5
Name Es: Input!$E$24
Name fck: Input!$G$4
Name fy: Input!$E$25
Name n: Input!$E$12
Name p: '2D (15deg)'!$F$52
Name p: Summary!$F$58
Name pc: Input!$E$27
Name ps: Input!$E$26
Name xc: '2D (15deg)'!$H$47
Name yc: '2D (15deg)'!$H$48

Sheet Input
B3: Material
B4: ● | C4: Concrete | E4: fck | F4: = | G4: 30 | H4: Mpa
E5: εcu | F5: = | G5: =MIN(0.0033-(fck-40)/100000,0.0033) -> 0.0033
C7: Strain - Stress Relationship : Parabolic | M7: [KDS 24 14 21 3.1.2.5 (2)]
C9: 0 ≤ εc ≤ εco | E9: fc = (0.85fck) [ 1 - (1 - εc/εco)n] | P9: ε | Q9: fc
C10: else | E10: fc = 0.85fck | O10: 1 | P10: 0 | Q10: =+IF(P10>=0,IF(P10<=eco,1-(1-P10/eco)^$E$12,1),0)*0.85*fck -> 0
O11: 2 | P11: =+ecu/10*(O11-1) -> 0.00033 | Q11: =+IF(P11>=0,IF(P11<=eco,1-(1-P11/eco)^$E$12,1),0)*0.85*fck -> 7.7207625
C12: n | D12: = | E12: =MIN(1.2+1.5*((100-fck)/60)^4,2) -> 2 | O12: 3 | P12: =+ecu/10*(O12-1) -> 0.00066 | Q12: =+IF(P12>=0,IF(P12<=eco,1-(1-P12/eco)^$E$12,1),0)*0.85*fck -> 14.05305
C13: εco | D13: = | E13: =MAX(0.002+(fck-40)/100000,0.002) -> 0.002 | O13: 4 | P13: =+ecu/10*(O13-1) -> 0.00099 | Q13: =+IF(P13>=0,IF(P13<=eco,1-(1-P13/eco)^$E$12,1),0)*0.85*fck -> 18.996862
O14: 5 | P14: =+ecu/10*(O14-1) -> 0.00132 | Q14: =+IF(P14>=0,IF(P14<=eco,1-(1-P14/eco)^$E$12,1),0)*0.85*fck -> 22.5522
O15: 6 | P15: =+ecu/10*(O15-1) -> 0.00165 | Q15: =+IF(P15>=0,IF(P15<=eco,1-(1-P15/eco)^$E$12,1),0)*0.85*fck -> 24.719062
O16: 7 | P16: =+ecu/10*(O16-1) -> 0.00198 | Q16: =+IF(P16>=0,IF(P16<=eco,1-(1-P16/eco)^$E$12,1),0)*0.85*fck -> 25.49745
O17: 8 | P17: =+ecu/10*(O17-1) -> 0.00231 | Q17: =+IF(P17>=0,IF(P17<=eco,1-(1-P17/eco)^$E$12,1),0)*0.85*fck -> 25.5
O18: 9 | P18: =+ecu/10*(O18-1) -> 0.00264 | Q18: =+IF(P18>=0,IF(P18<=eco,1-(1-P18/eco)^$E$12,1),0)*0.85*fck -> 25.5
O19: 10 | P19: =+ecu/10*(O19-1) -> 0.00297 | Q19: =+IF(P19>=0,IF(P19<=eco,1-(1-P19/eco)^$E$12,1),0)*0.85*fck -> 25.5
B23: ● | C23: Steel
C24: Es | D24: = | E24: 200000 | F24: Mpa
C25: fy | D25: = | E25: 400 | F25: Mpa
C26: φs | D26: = | E26: 0.9
C27: φc | D27: = | E27: 0.65

Sheet Strain Equation
B2: Equation of strain
I4: Equation of Strain
J5: ε(x, y) = ε0 + κx*y + κy*x
I7: ε0 = | J7: strain at the reference axis
I8: κx, κy = | J8: curvature along x and y
I9: x, y = | J9: coordinate from reference axis

Sheet 2D (15deg)
B3: ● | C3: Original Geometry
C4: Boundary
C5: No. | D5: 1 | E5: 2 | F5: 3 | G5: 4 | H5: 5 | I5: 6 | J5: 7 | K5: 8 | L5: 9 | M5: 10 | N5: 11 | O5: 12 | P5: 13 | Q5: 14 | R5: 15 | S5: 16 | T5: 17 | U5: 18
C6: X | D6: -550 | E6: 550 | F6: 750 | G6: 750 | H6: 550 | I6: -550 | J6: -750 | K6: -750 | L6: =+D6 -> -550
C7: Y | D7: 600 | E7: 600 | F7: 400 | G7: -400 | H7: -600 | I7: -600 | J7: -400 | K7: 400 | L7: =+D7 -> 600
C9: Hole1
C10: No. | D10: 1 | E10: 2 | F10: 3 | G10: 4 | H10: 5 | I10: 6 | J10: 7 | K10: 8 | L10: 9 | M10: 10 | N10: 11 | O10: 12 | P10: 13 | Q10: 14 | R10: 15 | S10: 16 | T10: 17 | U10: 18
C11: X | D11: -450 | E11: -250 | F11: -150 | G11: -150 | H11: -250 | I11: -450 | J11: -550 | K11: -550 | L11: =+D11 -> -450
C12: Y | D12: 400 | E12: 400 | F12: 300 | G12: -300 | H12: -400 | I12: -400 | J12: -300 | K12: 300 | L12: =+D12 -> 400
C14: Hole2
C15: No. | D15: 1 | E15: 2 | F15: 3 | G15: 4 | H15: 5 | I15: 6 | J15: 7 | K15: 8 | L15: 9 | M15: 10 | N15: 11 | O15: 12 | P15: 13 | Q15: 14 | R15: 15 | S15: 16 | T15: 17 | U15: 18
C16: X | D16: 250 | E16: 450 | F16: 550 | G16: 550 | H16: 450 | I16: 250 | J16: 150 | K16: 150 | L16: =+D16 -> 250
C17: Y | D17: 400 | E17: 400 | F17: 300 | G17: -300 | H17: -400 | I17: -400 | J17: -300 | K17: 300 | L17: =+D17 -> 400
C19: Rebar
C20: No. | D20: 1 | E20: 2 | F20: 3 | G20: 4 | H20: 5 | I20: 6 | J20: 7 | K20: 8 | L20: 9 | M20: 10 | N20: 11 | O20: 12 | P20: 13 | Q20: 14 | R20: 15 | S20: 16 | T20: 17 | U20: 18
C21: X | D21: -400 | E21: -200 | F21: 0 | G21: 200 | H21: 400 | I21: -400 | J21: -200 | K21: 0 | L21: 200 | M21: 400 | N21: -680 | O21: -680 | P21: -680 | Q21: -680 | R21: 680 | S21: 680 | T21: 680 | U21: 680
C22: Y | D22: 530 | E22: 530 | F22: 530 | G22: 530 | H22: 530 | I22: -530 | J22: -530 | K22: -530 | L22: -530 | M22: -530 | N22: 300 | O22: 100 | P22: -100 | Q22: -300 | R22: 300 | S22: 100 | T22: -100 | U22: -300
C23: Dia | D23: 32 | E23: 32 | F23: 32 | G23: 32 | H23: 32 | I23: 32 | J23: 32 | K23: 32 | L23: 32 | M23: 32 | N23: 32 | O23: 32 | P23: 32 | Q23: 32 | R23: 32 | S23: 32 | T23: 32 | U23: 32
C26: Boundary
C27: No. | D27: 1 | E27: 2 | F27: 3 | G27: 4 | H27: 5 | I27: 6 | J27: 7 | K27: 8 | L27: 9 | M27: 10 | N27: 11 | O27: 12 | P27: 13 | Q27: 14 | R27: 15 | S27: 16 | T27: 17 | U27: 18
C28: X | D28: -550 | E28: 550 | F28: 750 | G28: 750 | H28: 550 | I28: -550 | J28: -750 | K28: -750 | L28: =+D28 -> -550
C29: Y | D29: 600 | E29: 600 | F29: 400 | G29: -400 | H29: -600 | I29: -600 | J29: -400 | K29: 400 | L29: =+D29 -> 600
C30: Hole1
C31: No. | D31: 1 | E31: 2 | F31: 3 | G31: 4 | H31: 5 | I31: 6 | J31: 7 | K31: 8 | L31: 9 | M31: 10 | N31: 11 | O31: 12 | P31: 13 | Q31: 14 | R31: 15 | S31: 16 | T31: 17 | U31: 18
C32: X | D32: -450 | E32: -250 | F32: -150 | G32: -150 | H32: -250 | I32: -450 | J32: -550 | K32: -550 | L32: =+D32 -> -450
C33: Y | D33: 400 | E33: 400 | F33: 300 | G33: -300 | H33: -400 | I33: -400 | J33: -300 | K33: 300 | L33: =+D33 -> 400
C34: Hole2
C35: No. | D35: 1 | E35: 2 | F35: 3 | G35: 4 | H35: 5 | I35: 6 | J35: 7 | K35: 8 | L35: 9 | M35: 10 | N35: 11 | O35: 12 | P35: 13 | Q35: 14 | R35: 15 | S35: 16 | T35: 17 | U35: 18
C36: X | D36: 250 | E36: 450 | F36: 550 | G36: 550 | H36: 450 | I36: 250 | J36: 150 | K36: 150 | L36: =+D36 -> 250
C37: Y | D37: 400 | E37: 400 | F37: 300 | G37: -300 | H37: -400 | I37: -400 | J37: -300 | K37: 300 | L37: =+D37 -> 400
C38: Rebar
C39: No. | D39: 1 | E39: 2 | F39: 3 | G39: 4 | H39: 5 | I39: 6 | J39: 7 | K39: 8 | L39: 9 | M39: 10 | N39: 11 | O39: 12 | P39: 13 | Q39: 14 | R39: 15 | S39: 16 | T39: 17 | U39: 18
C40: X | D40: -400 | E40: -200 | F40: 0 | G40: 200 | H40: 400 | I40: -400 | J40: -200 | K40: 0 | L40: 200 | M40: 400 | N40: -680 | O40: -680 | P40: -680 | Q40: -680 | R40: 680 | S40: 680 | T40: 680 | U40: 680
C41: Y | D41: 530 | E41: 530 | F41: 530 | G41: 530 | H41: 530 | I41: -530 | J41: -530 | K41: -530 | L41: -530 | M41: -530 | N41: 300 | O41: 100 | P41: -100 | Q41: -300 | R41: 300 | S41: 100 | T41: -100 | U41: -300
C42: Dia | D42: 32 | E42: 32 | F42: 32 | G42: 32 | H42: 32 | I42: 32 | J42: 32 | K42: 32 | L42: 32 | M42: 32 | N42: 32 | O42: 32 | P42: 32 | Q42: 32 | R42: 32 | S42: 32 | T42: 32 | U42: 32
D44: Area and Centroid
E45: Boundary | F45: Hole1 | G45: Hole2 | H45: SUM | J45: with i = 1 to n, and point n+1 = point 1
D46: Area | E46: =0.5*ABS(SUMPRODUCT(D6:K6,E7:L7)-SUMPRODUCT(D7:K7,E6:L6)) -> 1720000 | F46: =-0.5*ABS(SUMPRODUCT(D11:K11,E12:L12)-SUMPRODUCT(D12:K12,E11:L11)) -> -300000 | G46: =-0.5*ABS(SUMPRODUCT(D16:K16,E17:L17)-SUMPRODUCT(D17:K17,E16:L16)) -> -300000 | H46: =+E46+F46+G46 -> 1120000 | J46: D_i = x_i*y_(i+1) - x_(i+1)*y_i
D47: X | E47: {=SUMPRODUCT((D6:K6+E6:L6),(D6:K6*E7:L7-E6:L6*D7:K7))/(3*(SUMPRODUCT(D6:K6,E7:L7)-SUMPRODUCT(E6:L6,D7:K7)))} -> 0 | F47: {=SUMPRODUCT((D11:K11+E11:L11),(D11:K11*E12:L12-E11:L11*D12:K12))/(3*(SUMPRODUCT(D11:K11,E12:L12)-SUMPRODUCT(E11:L11,D12:K12)))} -> -350 | G47: {=SUMPRODUCT((D16:K16+E16:L16),(D16:K16*E17:L17-E16:L16*D17:K17))/(3*(SUMPRODUCT(D16:K16,E17:L17)-SUMPRODUCT(E16:L16,D17:K17)))} -> 350 | H47: =IFERROR(SUMPRODUCT(E46:G46,E47:G47)/H46,E47) -> 0 | J47: A = 1/2 * |Σ(D_i)|
D48: Y | E48: {=SUMPRODUCT((D7:K7+E7:L7),(D6:K6*E7:L7-E6:L6*D7:K7))/(3*(SUMPRODUCT(D6:K6,E7:L7)-SUMPRODUCT(E6:L6,D7:K7)))} -> 0 | F48: {=SUMPRODUCT((D12:K12+E12:L12),(D11:K11*E12:L12-E11:L11*D12:K12))/(3*(SUMPRODUCT(D11:K11,E12:L12)-SUMPRODUCT(E11:L11,D12:K12)))} -> 0 | G48: {=SUMPRODUCT((D17:K17+E17:L17),(D16:K16*E17:L17-E16:L16*D17:K17))/(3*(SUMPRODUCT(D16:K16,E17:L17)-SUMPRODUCT(E16:L16,D17:K17)))} -> 0 | H48: =IFERROR(SUMPRODUCT(E46:G46,E48:G48)/H46,E48) -> 0 | J48: Xc = Σ[(x_i + x_(i+1))*D_i] / [3*Σ(D_i)]
J49: Yc = Σ[(y_i + y_(i+1))*D_i] / [3*Σ(D_i)]
B52: ● | C52: After Rotation | F52: 15 | G52: degree | J52: x' = xc + (x - xc)*cos(a) - (y - yc)*sin(a)
J53: y' = yc + (x - xc)*sin(a) + (y - yc)*cos(a)
C55: Boundary
C56: No. | D56: 1 | E56: 2 | F56: 3 | G56: 4 | H56: 5 | I56: 6 | J56: 7 | K56: 8 | L56: 9 | M56: 10 | N56: 11 | O56: 12 | P56: 13 | Q56: 14 | R56: 15 | S56: 16 | T56: 17 | U56: 18
C57: X | D57: =xc+(D6-xc)*COS(RADIANS(p))-(D7-yc)*SIN(RADIANS(p)) -> -686.55063 | E57: =xc+(E6-xc)*COS(RADIANS(p))-(E7-yc)*SIN(RADIANS(p)) -> 375.96778 | F57: =xc+(F6-xc)*COS(RADIANS(p))-(F7-yc)*SIN(RADIANS(p)) -> 620.91675 | G57: =xc+(G6-xc)*COS(RADIANS(p))-(G7-yc)*SIN(RADIANS(p)) -> 827.97199 | H57: =xc+(H6-xc)*COS(RADIANS(p))-(H7-yc)*SIN(RADIANS(p)) -> 686.55063 | I57: =xc+(I6-xc)*COS(RADIANS(p))-(I7-yc)*SIN(RADIANS(p)) -> -375.96778 | J57: =xc+(J6-xc)*COS(RADIANS(p))-(J7-yc)*SIN(RADIANS(p)) -> -620.91675 | K57: =xc+(K6-xc)*COS(RADIANS(p))-(K7-yc)*SIN(RADIANS(p)) -> -827.97199 | L57: =xc+(L6-xc)*COS(RADIANS(p))-(L7-yc)*SIN(RADIANS(p)) -> -686.55063
C58: Y | D58: =yc+(D6-xc)*SIN(RADIANS(p))+(D7-yc)*COS(RADIANS(p)) -> 437.20502 | E58: =yc+(E6-xc)*SIN(RADIANS(p))+(E7-yc)*COS(RADIANS(p)) -> 721.90597 | F58: =yc+(F6-xc)*SIN(RADIANS(p))+(F7-yc)*COS(RADIANS(p)) -> 580.48461 | G58: =yc+(G6-xc)*SIN(RADIANS(p))+(G7-yc)*COS(RADIANS(p)) -> -192.25605 | H58: =yc+(H6-xc)*SIN(RADIANS(p))+(H7-yc)*COS(RADIANS(p)) -> -437.20502 | I58: =yc+(I6-xc)*SIN(RADIANS(p))+(I7-yc)*COS(RADIANS(p)) -> -721.90597 | J58: =yc+(J6-xc)*SIN(RADIANS(p))+(J7-yc)*COS(RADIANS(p)) -> -580.48461 | K58: =yc+(K6-xc)*SIN(RADIANS(p))+(K7-yc)*COS(RADIANS(p)) -> 192.25605 | L58: =yc+(L6-xc)*SIN(RADIANS(p))+(L7-yc)*COS(RADIANS(p)) -> 437.20502
C60: Hole1
C61: No. | D61: 1 | E61: 2 | F61: 3 | G61: 4 | H61: 5 | I61: 6 | J61: 7 | K61: 8 | L61: 9 | M61: 10 | N61: 11 | O61: 12 | P61: 13 | Q61: 14 | R61: 15 | S61: 16 | T61: 17 | U61: 18
C62: X | D62: =xc+(D11-xc)*COS(RADIANS(p))-(D12-yc)*SIN(RADIANS(p)) -> -538.19424 | E62: =xc+(E11-xc)*COS(RADIANS(p))-(E12-yc)*SIN(RADIANS(p)) -> -345.00907 | F62: =xc+(F11-xc)*COS(RADIANS(p))-(F12-yc)*SIN(RADIANS(p)) -> -222.53459 | G62: =xc+(G11-xc)*COS(RADIANS(p))-(G12-yc)*SIN(RADIANS(p)) -> -67.24316 | H62: =xc+(H11-xc)*COS(RADIANS(p))-(H12-yc)*SIN(RADIANS(p)) -> -137.95384 | I62: =xc+(I11-xc)*COS(RADIANS(p))-(I12-yc)*SIN(RADIANS(p)) -> -331.139 | J62: =xc+(J11-xc)*COS(RADIANS(p))-(J12-yc)*SIN(RADIANS(p)) -> -453.61349 | K62: =xc+(K11-xc)*COS(RADIANS(p))-(K12-yc)*SIN(RADIANS(p)) -> -608.90492 | L62: =xc+(L11-xc)*COS(RADIANS(p))-(L12-yc)*SIN(RADIANS(p)) -> -538.19424
C63: Y | D63: =yc+(D11-xc)*SIN(RADIANS(p))+(D12-yc)*COS(RADIANS(p)) -> 269.90176 | E63: =yc+(E11-xc)*SIN(RADIANS(p))+(E12-yc)*COS(RADIANS(p)) -> 321.66557 | F63: =yc+(F11-xc)*SIN(RADIANS(p))+(F12-yc)*COS(RADIANS(p)) -> 250.95489 | G63: =yc+(G11-xc)*SIN(RADIANS(p))+(G12-yc)*COS(RADIANS(p)) -> -328.6006 | H63: =yc+(H11-xc)*SIN(RADIANS(p))+(H12-yc)*COS(RADIANS(p)) -> -451.07509 | I63: =yc+(I11-xc)*SIN(RADIANS(p))+(I12-yc)*COS(RADIANS(p)) -> -502.8389 | J63: =yc+(J11-xc)*SIN(RADIANS(p))+(J12-yc)*COS(RADIANS(p)) -> -432.12822 | K63: =yc+(K11-xc)*SIN(RADIANS(p))+(K12-yc)*COS(RADIANS(p)) -> 147.42727 | L63: =yc+(L11-xc)*SIN(RADIANS(p))+(L12-yc)*COS(RADIANS(p)) -> 269.90176
C65: Hole2
C66: No. | D66: 1 | E66: 2 | F66: 3 | G66: 4 | H66: 5 | I66: 6 | J66: 7 | K66: 8 | L66: 9 | M66: 10 | N66: 11 | O66: 12 | P66: 13 | Q66: 14 | R66: 15 | S66: 16 | T66: 17 | U66: 18
C67: X | D67: =xc+(D16-xc)*COS(RADIANS(p))-(D17-yc)*SIN(RADIANS(p)) -> 137.95384 | E67: =xc+(E16-xc)*COS(RADIANS(p))-(E17-yc)*SIN(RADIANS(p)) -> 331.139 | F67: =xc+(F16-xc)*COS(RADIANS(p))-(F17-yc)*SIN(RADIANS(p)) -> 453.61349 | G67: =xc+(G16-xc)*COS(RADIANS(p))-(G17-yc)*SIN(RADIANS(p)) -> 608.90492 | H67: =xc+(H16-xc)*COS(RADIANS(p))-(H17-yc)*SIN(RADIANS(p)) -> 538.19424 | I67: =xc+(I16-xc)*COS(RADIANS(p))-(I17-yc)*SIN(RADIANS(p)) -> 345.00907 | J67: =xc+(J16-xc)*COS(RADIANS(p))-(J17-yc)*SIN(RADIANS(p)) -> 222.53459 | K67: =xc+(K16-xc)*COS(RADIANS(p))-(K17-yc)*SIN(RADIANS(p)) -> 67.24316 | L67: =xc+(L16-xc)*COS(RADIANS(p))-(L17-yc)*SIN(RADIANS(p)) -> 137.95384
C68: Y | D68: =yc+(D16-xc)*SIN(RADIANS(p))+(D17-yc)*COS(RADIANS(p)) -> 451.07509 | E68: =yc+(E16-xc)*SIN(RADIANS(p))+(E17-yc)*COS(RADIANS(p)) -> 502.8389 | F68: =yc+(F16-xc)*SIN(RADIANS(p))+(F17-yc)*COS(RADIANS(p)) -> 432.12822 | G68: =yc+(G16-xc)*SIN(RADIANS(p))+(G17-yc)*COS(RADIANS(p)) -> -147.42727 | H68: =yc+(H16-xc)*SIN(RADIANS(p))+(H17-yc)*COS(RADIANS(p)) -> -269.90176 | I68: =yc+(I16-xc)*SIN(RADIANS(p))+(I17-yc)*COS(RADIANS(p)) -> -321.66557 | J68: =yc+(J16-xc)*SIN(RADIANS(p))+(J17-yc)*COS(RADIANS(p)) -> -250.95489 | K68: =yc+(K16-xc)*SIN(RADIANS(p))+(K17-yc)*COS(RADIANS(p)) -> 328.6006 | L68: =yc+(L16-xc)*SIN(RADIANS(p))+(L17-yc)*COS(RADIANS(p)) -> 451.07509
C70: Rebar
C71: No. | D71: 1 | E71: 2 | F71: 3 | G71: 4 | H71: 5 | I71: 6 | J71: 7 | K71: 8 | L71: 9 | M71: 10 | N71: 11 | O71: 12 | P71: 13 | Q71: 14 | R71: 15 | S71: 16 | T71: 17 | U71: 18
C72: X | D72: =xc+(D21-xc)*COS(RADIANS(p))-(D22-yc)*SIN(RADIANS(p)) -> -523.54442 | E72: =xc+(E21-xc)*COS(RADIANS(p))-(E22-yc)*SIN(RADIANS(p)) -> -330.35926 | F72: =xc+(F21-xc)*COS(RADIANS(p))-(F22-yc)*SIN(RADIANS(p)) -> -137.17409 | G72: =xc+(G21-xc)*COS(RADIANS(p))-(G22-yc)*SIN(RADIANS(p)) -> 56.011071 | H72: =xc+(H21-xc)*COS(RADIANS(p))-(H22-yc)*SIN(RADIANS(p)) -> 249.19624 | I72: =xc+(I21-xc)*COS(RADIANS(p))-(I22-yc)*SIN(RADIANS(p)) -> -249.19624 | J72: =xc+(J21-xc)*COS(RADIANS(p))-(J22-yc)*SIN(RADIANS(p)) -> -56.011071 | K72: =xc+(K21-xc)*COS(RADIANS(p))-(K22-yc)*SIN(RADIANS(p)) -> 137.17409 | ... U72: =xc+(U21-xc)*COS(RADIANS(p))-(U22-yc)*SIN(RADIANS(p)) -> 734.47528
C73: Y | D73: =yc+(D21-xc)*SIN(RADIANS(p))+(D22-yc)*COS(RADIANS(p)) -> 408.41307 | E73: =yc+(E21-xc)*SIN(RADIANS(p))+(E22-yc)*COS(RADIANS(p)) -> 460.17688 | F73: =yc+(F21-xc)*SIN(RADIANS(p))+(F22-yc)*COS(RADIANS(p)) -> 511.94069 | G73: =yc+(G21-xc)*SIN(RADIANS(p))+(G22-yc)*COS(RADIANS(p)) -> 563.7045 | H73: =yc+(H21-xc)*SIN(RADIANS(p))+(H22-yc)*COS(RADIANS(p)) -> 615.46831 | I73: =yc+(I21-xc)*SIN(RADIANS(p))+(I22-yc)*COS(RADIANS(p)) -> -615.46831 | J73: =yc+(J21-xc)*SIN(RADIANS(p))+(J22-yc)*COS(RADIANS(p)) -> -563.7045 | K73: =yc+(K21-xc)*SIN(RADIANS(p))+(K22-yc)*COS(RADIANS(p)) -> -511.94069 | ... U73: =yc+(U21-xc)*SIN(RADIANS(p))+(U22-yc)*COS(RADIANS(p)) -> -113.7808
D75: Max | E75: Min | G75: Boundary | K75: Area and Centroid
C76: X | D76: =MAX(D57:U57) -> 827.97199 | E76: =MIN(D57:U57) -> -827.97199 | G76: Depth | H76: Width | L76: Boundary | M76: Hole1 | N76: Hole2 | O76: SUM
C77: Y | D77: =MAX(D58:U58) -> 721.90597 | E77: =MIN(D58:U58) -> -721.90597 | G77: =+D77-E77 -> 1443.8119 | H77: =+D76-E76 -> 1655.944 | K77: Area | L77: =0.5*ABS(SUMPRODUCT(D57:K57,E58:L58)-SUMPRODUCT(D58:K58,E57:L57)) -> 1720000 | M77: =-0.5*ABS(SUMPRODUCT(D62:K62,E63:L63)-SUMPRODUCT(D63:K63,E62:L62)) -> -300000 | N77: =-0.5*ABS(SUMPRODUCT(D67:K67,E68:L68)-SUMPRODUCT(D68:K68,E67:L67)) -> -300000 | O77: =+L77+M77+N77 -> 1120000
K78: X | L78: {=SUMPRODUCT((D57:K57+E57:L57),(D57:K57*E58:L58-E57:L57*D58:K58))/(3*(SUMPRODUCT(D57:K57,E58:L58)-SUMPRODUCT(E57:L57,D58:K58)))} -> 0 | M78: {=SUMPRODUCT((D62:K62+E62:L62),(D62:K62*E63:L63-E62:L62*D63:K63))/(3*(SUMPRODUCT(D62:K62,E63:L63)-SUMPRODUCT(E62:L62,D63:K63)))} -> -338.07404 | N78: {=SUMPRODUCT((D67:K67+E67:L67),(D67:K67*E68:L68-E67:L67*D68:K68))/(3*(SUMPRODUCT(D67:K67,E68:L68)-SUMPRODUCT(E67:L67,D68:K68)))} -> 338.07404 | O78: =IFERROR(SUMPRODUCT(L77:N77,L78:N78)/O77,L78) -> 2.6609216e-14
K79: Y | L79: {=SUMPRODUCT((D58:K58+E58:L58),(D57:K57*E58:L58-E57:L57*D58:K58))/(3*(SUMPRODUCT(D57:K57,E58:L58)-SUMPRODUCT(E57:L57,D58:K58)))} -> 0 | M79: {=SUMPRODUCT((D63:K63+E63:L63),(D62:K62*E63:L63-E62:L62*D63:K63))/(3*(SUMPRODUCT(D62:K62,E63:L63)-SUMPRODUCT(E62:L62,D63:K63)))} -> -90.586666 | N79: {=SUMPRODUCT((D68:K68+E68:L68),(D67:K67*E68:L68-E67:L67*D68:K68))/(3*(SUMPRODUCT(D67:K67,E68:L68)-SUMPRODUCT(E67:L67,D68:K68)))} -> 90.586666 | O79: =IFERROR(SUMPRODUCT(L77:N77,L79:N79)/O77,L79) -> 3.3261521e-15
I82: ε(x, y) = ε0 + κx*y + κy*x
C83: Summary table | I83: κx = κ * cos(a)
C84: Rotation | E84: =+p -> 15 | F84: degree | I84: κy = κ * sin(a)
C85: Point | D85: C/C1 | E85: fs/fy | F85: εs | G85: ε0 | H85: κ | I85: κx | J85: κy | K85: P | M85: Mx | O85: My | Q85: Normial | T85: Factored
H86: 1/mm | I86: 1/mm | J86: 1/mm | K86: Concrete | L86: Steel | M86: Concrete | N86: Steel | O86: Concrete | P86: Steel | Q86: SumP | R86: SumMx | S86: SumMy | T86: SumP | U86: SumMx | V86: SumMy
C87: P0 | D87: Pure Compression | G87: =+ecu -> 0.0033 | H87: 0 | I87: =+H87*COS(RADIANS(p)) -> 0 | J87: =H87*SIN(RADIANS(p)) -> 0 | K87: =+D103 -> 28560 | L87: =+E103 -> 5421.4339 | M87: =+D104 -> 0 | N87: =+E104 -> 0 | O87: =+D105 -> 0 | P87: =+E105 -> 0 | Q87: =+K87+L87 -> 33981.434 | R87: =M87+N87 -> 0 | S87: =O87+P87 -> 0 | T87: =0.65*K87+0.9*L87 -> 23443.29 | U87: =0.65*M87+0.9*N87 -> 0 | V87: =0.65*O87+0.9*P87 -> 0
C88: P1 | D88: 1 | E88: 0 | G88: =+L132 -> 0.0015186814 | H88: =+L133 -> 2.4675217e-06 | I88: =+H88*COS(RADIANS(p)) -> 2.3834429e-06 | J88: =H88*SIN(RADIANS(p)) -> 6.386416e-07 | K88: =+T133 -> 21576.84 | L88: =+U133 -> 3366.0818 | M88: =+T135 -> 2899.7169 | N88: =+U135 -> 814.44907 | O88: =+T136 -> 1122.59 | P88: =+U136 -> 309.19069 | Q88: =+K88+L88 -> 24942.922 | R88: =M88+N88 -> 3714.1659 | S88: =O88+P88 -> 1431.7807 | T88: =0.65*K88+0.9*L88 -> 17054.42 | U88: =0.65*M88+0.9*N88 -> 2617.8201 | V88: =0.65*O88+0.9*P88 -> 1007.9551
C89: P2 | E89: 0.5
C90: P3 | E90: 1
C91: P4 | F91: 0.05
C92: P5 | D92: Pure Tension | G92: -0.05 | H92: 0 | I92: =+H92*COS(RADIANS(p)) -> 0 | J92: =H92*SIN(RADIANS(p)) -> 0 | K92: =+I103 -> 0 | L92: =+J103 -> -5790.5836 | M92: =+I104 -> 0 | N92: =+J104 -> 0 | O92: =+I105 -> 0 | P92: =+J105 -> 0 | Q92: =+K92+L92 -> -5790.5836 | R92: =M92+N92 -> 0 | S92: =O92+P92 -> 0 | T92: =0.65*K92+0.9*L92 -> -5211.5252 | U92: =0.65*M92+0.9*N92 -> 0 | V92: =0.65*O92+0.9*P92 -> 0
C100: Pure Compression and Tension
C101: P0 - Pure Compression | H101: P5 - Pure Tension
D102: Con'c | E102: Steel | F102: Sum | I102: Con'c | J102: Steel | K102: Sum
C103: P | D103: =+H46*0.85*fck/1000 -> 28560 | E103: =+I110/1000 -> 5421.4339 | F103: =+D103+E103 -> 33981.434 | H103: P | I103: 0 | J103: =+L110/10^3 -> -5790.5836 | K103: =+I103+J103 -> -5790.5836
C104: Mx | D104: 0 | E104: =+J110/10^6 -> 0 | F104: =+D104+E104 -> 0 | H104: Mx | I104: 0 | J104: =+M110/10^6 -> 0 | K104: =+I104+J104 -> 0
C105: My | D105: 0 | E105: =+R110/10^6 -> 0 | F105: =+D105+E105 -> 0 | H105: My | I105: 0 | J105: =+U110/10^6 -> 0 | K105: =+I105+J105 -> 0
C107: Tension Forces
F108: X-Direction | H108: Compression | K108: Tension | N108: Y-Direction | P108: Compression | S108: Tension
C109: i | D109: Dia | E109: Area | F109: Y | G109: di | H109: fsi | I109: Fsi | J109: Msi | K109: fsi | L109: Fsi | M109: Msi | N109: X | O109: di | P109: fsi | Q109: Fsi | R109: Msi | S109: fsi | T109: Fsi | U109: Msi
I110: =+SUM(I111:I128) -> 5421433.9 | J110: =+SUM(J111:J128) -> 0 | L110: =+SUM(L111:L128) -> -5790583.6 | M110: =+SUM(M111:M128) -> 0 | Q110: =+SUM(Q111:Q128) -> 5421433.9 | R110: =+SUM(R111:R128) -> 0 | T110: =+SUM(T111:T128) -> -5790583.6 | U110: =+SUM(U111:U128) -> 0
C111: {=+TRANSPOSE(D20:U20)} -> 1 | D111: {=+TRANSPOSE(D23:U23)} -> 32 | E111: =0.25*PI()*D111^2 -> 804.24772 | F111: {=+TRANSPOSE(D22:U22)} -> 530 | G111: =+F111-yc -> 530 | H111: =+fy-0.85*fck -> 374.5 | I111: =+E111*H111 -> 301190.77 | J111: =+I111*G111 -> 1.5963111e+08 | K111: =-fy -> -400 | L111: =+E111*K111 -> -321699.09 | M111: =+L111*G111 -> -1.7050052e+08 | N111: {=+TRANSPOSE(D21:U21)} -> -400 | O111: =+N111-xc -> -400 | P111: =+fy-0.85*fck -> 374.5 | Q111: =+E111*P111 -> 301190.77 | R111: =+Q111*O111 -> -1.2047631e+08 | S111: =-fy -> -400 | T111: =+E111*S111 -> -321699.09 | U111: =+T111*O111 -> 1.2867964e+08
C112: 2 | D112: 32 | E112: =0.25*PI()*D112^2 -> 804.24772 | F112: 530 | G112: =+F112-yc -> 530 | H112: =+fy-0.85*fck -> 374.5 | I112: =+E112*H112 -> 301190.77 | J112: =+I112*G112 -> 1.5963111e+08 | K112: =-fy -> -400 | L112: =+E112*K112 -> -321699.09 | M112: =+L112*G112 -> -1.7050052e+08 | N112: -200 | O112: =+N112-xc -> -200 | P112: =+fy-0.85*fck -> 374.5 | Q112: =+E112*P112 -> 301190.77 | R112: =+Q112*O112 -> -60238154 | S112: =-fy -> -400 | T112: =+E112*S112 -> -321699.09 | U112: =+T112*O112 -> 64339818
C113: 3 | D113: 32 | E113: =0.25*PI()*D113^2 -> 804.24772 | F113: 530 | G113: =+F113-yc -> 530 | H113: =+fy-0.85*fck -> 374.5 | I113: =+E113*H113 -> 301190.77 | J113: =+I113*G113 -> 1.5963111e+08 | K113: =-fy -> -400 | L113: =+E113*K113 -> -321699.09 | M113: =+L113*G113 -> -1.7050052e+08 | N113: 0 | O113: =+N113-xc -> 0 | P113: =+fy-0.85*fck -> 374.5 | Q113: =+E113*P113 -> 301190.77 | R113: =+Q113*O113 -> 0 | S113: =-fy -> -400 | T113: =+E113*S113 -> -321699.09 | U113: =+T113*O113 -> 0
C114: 4 | D114: 32 | E114: =0.25*PI()*D114^2 -> 804.24772 | F114: 530 | G114: =+F114-yc -> 530 | H114: =+fy-0.85*fck -> 374.5 | I114: =+E114*H114 -> 301190.77 | J114: =+I114*G114 -> 1.5963111e+08 | K114: =-fy -> -400 | L114: =+E114*K114 -> -321699.09 | M114: =+L114*G114 -> -1.7050052e+08 | N114: 200 | O114: =+N114-xc -> 200 | P114: =+fy-0.85*fck -> 374.5 | Q114: =+E114*P114 -> 301190.77 | R114: =+Q114*O114 -> 60238154 | S114: =-fy -> -400 | T114: =+E114*S114 -> -321699.09 | U114: =+T114*O114 -> -64339818
C115: 5 | D115: 32 | E115: =0.25*PI()*D115^2 -> 804.24772 | F115: 530 | G115: =+F115-yc -> 530 | H115: =+fy-0.85*fck -> 374.5 | I115: =+E115*H115 -> 301190.77 | J115: =+I115*G115 -> 1.5963111e+08 | K115: =-fy -> -400 | L115: =+E115*K115 -> -321699.09 | M115: =+L115*G115 -> -1.7050052e+08 | N115: 400 | O115: =+N115-xc -> 400 | P115: =+fy-0.85*fck -> 374.5 | Q115: =+E115*P115 -> 301190.77 | R115: =+Q115*O115 -> 1.2047631e+08 | S115: =-fy -> -400 | T115: =+E115*S115 -> -321699.09 | U115: =+T115*O115 -> -1.2867964e+08
C116: 6 | D116: 32 | E116: =0.25*PI()*D116^2 -> 804.24772 | F116: -530 | G116: =+F116-yc -> -530 | H116: =+fy-0.85*fck -> 374.5 | I116: =+E116*H116 -> 301190.77 | J116: =+I116*G116 -> -1.5963111e+08 | K116: =-fy -> -400 | L116: =+E116*K116 -> -321699.09 | M116: =+L116*G116 -> 1.7050052e+08 | N116: -400 | O116: =+N116-xc -> -400 | P116: =+fy-0.85*fck -> 374.5 | Q116: =+E116*P116 -> 301190.77 | R116: =+Q116*O116 -> -1.2047631e+08 | S116: =-fy -> -400 | T116: =+E116*S116 -> -321699.09 | U116: =+T116*O116 -> 1.2867964e+08
C117: 7 | D117: 32 | E117: =0.25*PI()*D117^2 -> 804.24772 | F117: -530 | G117: =+F117-yc -> -530 | H117: =+fy-0.85*fck -> 374.5 | I117: =+E117*H117 -> 301190.77 | J117: =+I117*G117 -> -1.5963111e+08 | K117: =-fy -> -400 | L117: =+E117*K117 -> -321699.09 | M117: =+L117*G117 -> 1.7050052e+08 | N117: -200 | O117: =+N117-xc -> -200 | P117: =+fy-0.85*fck -> 374.5 | Q117: =+E117*P117 -> 301190.77 | R117: =+Q117*O117 -> -60238154 | S117: =-fy -> -400 | T117: =+E117*S117 -> -321699.09 | U117: =+T117*O117 -> 64339818
C118: 8 | D118: 32 | E118: =0.25*PI()*D118^2 -> 804.24772 | F118: -530 | G118: =+F118-yc -> -530 | H118: =+fy-0.85*fck -> 374.5 | I118: =+E118*H118 -> 301190.77 | J118: =+I118*G118 -> -1.5963111e+08 | K118: =-fy -> -400 | L118: =+E118*K118 -> -321699.09 | M118: =+L118*G118 -> 1.7050052e+08 | N118: 0 | O118: =+N118-xc -> 0 | P118: =+fy-0.85*fck -> 374.5 | Q118: =+E118*P118 -> 301190.77 | R118: =+Q118*O118 -> 0 | S118: =-fy -> -400 | T118: =+E118*S118 -> -321699.09 | U118: =+T118*O118 -> 0
C119: 9 | D119: 32 | E119: =0.25*PI()*D119^2 -> 804.24772 | F119: -530 | G119: =+F119-yc -> -530 | H119: =+fy-0.85*fck -> 374.5 | I119: =+E119*H119 -> 301190.77 | J119: =+I119*G119 -> -1.5963111e+08 | K119: =-fy -> -400 | L119: =+E119*K119 -> -321699.09 | M119: =+L119*G119 -> 1.7050052e+08 | N119: 200 | O119: =+N119-xc -> 200 | P119: =+fy-0.85*fck -> 374.5 | Q119: =+E119*P119 -> 301190.77 | R119: =+Q119*O119 -> 60238154 | S119: =-fy -> -400 | T119: =+E119*S119 -> -321699.09 | U119: =+T119*O119 -> -64339818
C120: 10 | D120: 32 | E120: =0.25*PI()*D120^2 -> 804.24772 | F120: -530 | G120: =+F120-yc -> -530 | H120: =+fy-0.85*fck -> 374.5 | I120: =+E120*H120 -> 301190.77 | J120: =+I120*G120 -> -1.5963111e+08 | K120: =-fy -> -400 | L120: =+E120*K120 -> -321699.09 | M120: =+L120*G120 -> 1.7050052e+08 | N120: 400 | O120: =+N120-xc -> 400 | P120: =+fy-0.85*fck -> 374.5 | Q120: =+E120*P120 -> 301190.77 | R120: =+Q120*O120 -> 1.2047631e+08 | S120: =-fy -> -400 | T120: =+E120*S120 -> -321699.09 | U120: =+T120*O120 -> -1.2867964e+08
C121: 11 | D121: 32 | E121: =0.25*PI()*D121^2 -> 804.24772 | F121: 300 | G121: =+F121-yc -> 300 | H121: =+fy-0.85*fck -> 374.5 | I121: =+E121*H121 -> 301190.77 | J121: =+I121*G121 -> 90357231 | K121: =-fy -> -400 | L121: =+E121*K121 -> -321699.09 | M121: =+L121*G121 -> -96509726 | N121: -680 | O121: =+N121-xc -> -680 | P121: =+fy-0.85*fck -> 374.5 | Q121: =+E121*P121 -> 301190.77 | R121: =+Q121*O121 -> -2.0480972e+08 | S121: =-fy -> -400 | T121: =+E121*S121 -> -321699.09 | U121: =+T121*O121 -> 2.1875538e+08
C122: 12 | D122: 32 | E122: =0.25*PI()*D122^2 -> 804.24772 | F122: 100 | G122: =+F122-yc -> 100 | H122: =+fy-0.85*fck -> 374.5 | I122: =+E122*H122 -> 301190.77 | J122: =+I122*G122 -> 30119077 | K122: =-fy -> -400 | L122: =+E122*K122 -> -321699.09 | M122: =+L122*G122 -> -32169909 | N122: -680 | O122: =+N122-xc -> -680 | P122: =+fy-0.85*fck -> 374.5 | Q122: =+E122*P122 -> 301190.77 | R122: =+Q122*O122 -> -2.0480972e+08 | S122: =-fy -> -400 | T122: =+E122*S122 -> -321699.09 | U122: =+T122*O122 -> 2.1875538e+08
C123: 13 | D123: 32 | E123: =0.25*PI()*D123^2 -> 804.24772 | F123: -100 | G123: =+F123-yc -> -100 | H123: =+fy-0.85*fck -> 374.5 | I123: =+E123*H123 -> 301190.77 | J123: =+I123*G123 -> -30119077 | K123: =-fy -> -400 | L123: =+E123*K123 -> -321699.09 | M123: =+L123*G123 -> 32169909 | N123: -680 | O123: =+N123-xc -> -680 | P123: =+fy-0.85*fck -> 374.5 | Q123: =+E123*P123 -> 301190.77 | R123: =+Q123*O123 -> -2.0480972e+08 | S123: =-fy -> -400 | T123: =+E123*S123 -> -321699.09 | U123: =+T123*O123 -> 2.1875538e+08
... C128: 18 | D128: 32 | E128: =0.25*PI()*D128^2 -> 804.24772 | F128: -300 | G128: =+F128-yc -> -300 | H128: =+fy-0.85*fck -> 374.5 | I128: =+E128*H128 -> 301190.77 | J128: =+I128*G128 -> -90357231 | K128: =-fy -> -400 | L128: =+E128*K128 -> -321699.09 | M128: =+L128*G128 -> 96509726 | N128: 680 | O128: =+N128-xc -> 680 | P128: =+fy-0.85*fck -> 374.5 | Q128: =+E128*P128 -> 301190.77 | R128: =+Q128*O128 -> 2.0480972e+08 | S128: =-fy -> -400 | T128: =+E128*S128 -> -321699.09 | U128: =+T128*O128 -> -2.1875538e+08
C131: P1 - Control Steel Stress = 0 | S131: P1 - Control Steel Stress = 0
...

Sheet Newton
A1: NEWTON - RAPHSON INVERSE - Given (Pu, Mu) → strain state (ε0, κ), curvature, neutral axis
A3: 1) Demand Input | G3: 2) Initial Guess
A4: Pu (Axial) | C4: = | D4: 24942.922 | E4: kN | G4: ε0 | H4: = | I4: 0.001
A5: Mux (Moment) | C5: = | D5: 3714.1659 | E5: kNm | G5: κ x | H5: = | I5: 1.5e-07 | J5: 1/mm
A6: Muy (Moment) | C6: = | D6: 1431.7807 | E6: kNm | G6: κ y | H6: = | I6: 5e-08 | J6: 1/mm
A8: 3) Equilibrium result
B9: Newton-Raphson estimates the local sensitivity J, then computes how ε0 and κ should be corrected so that the calculated section response moves toward the target Pu and Mu.
B10: 뉴턴-랩슨 방법은 국부 민감도 J를 추정한 뒤, 계산된 단면 응답이 목표 Pu와 Mu에 가까워지도록 ε0와 κ의 수정량을 계산한다.
B12: Unknown vector: | D12: x = [ε0 ; κx ; κy]
B13: Residual vector: | D13: R(x) = [ P(ε0,κx,κy) − Pu ; Mx(ε0,κx,κy) − Mux ; My(ε0,κx,κy) − Muy ]
B14: Jacobian matrix: | D14: J =[ ∂P/∂ε0 ∂P/∂κx ∂P/∂κy ; ∂Mx/∂ε0 ∂Mx/∂κx ∂Mx/∂κy ; ∂My/∂ε0 ∂My/∂κx ∂My/∂κy ]
D15: J = [a b c ; b d e ; c e f]
D16: a = ∂P/∂ε0 = ∫T·dA ; b = ∂P/∂κx = ∂Mx/∂ε0 = ∫T·y·dA ; c = ∂P/∂κy = ∂My/∂ε0 = ∫T·x·dA
D17: d = ∂Mx/∂κx = ∫T·y²·dA ; e = ∂Mx/∂κy = ∂My/∂κx = ∫T·xy·dA ; f = ∂My/∂κy = ∫T·x²·dA
B18: Newton equation: | D18: Δx = [Δε0 ; Δκx ; Δκy] = −J⁻¹·R
B19: Update equation: | D19: x_new = x + Δx
D20: ε0,new = ε0 + Δε0
D21: κx,new = κx + Δκx | F21: κy,new = κy + Δκy
A24: ITERATION TABLE | E24: P(ε0,κx,κy) | F24: Mx(ε0,κx,κy) | G24: My(ε0,κx,κy) | H24: Residual Force & Moment | K24: Jacobian Matrix | T24: Δx = [Δε0 ; Δκx ; Δκy] = −J⁻¹·R
A25: No. | B25: e0 | C25: κ x | D25: κ y | E25: P | F25: Mx | G25: My | H25: rP | I25: rMx | J25: rMy | K25: J11 = a | L25: J12 = b | M25: J13 = c | N25: J22 = d | O25: J23 = e | P25: J33 = f | Q25: DET | R25: Δe0 | S25: Δκx | T25: Δκy | U25: rel
A26: 1 | B26: =+I4 -> 0.001 | C26: =+I5 -> 1.5e-07 | D26: =+I6 -> 5e-08 | E26: =+G54+Y54 -> 24011831 | F26: =+H54+Z54 -> 3.8633565e+08 | G26: =+I54+AA54 -> 1.7338596e+08 | H26: =+E26-$D$4*1000 -> -931090.93 | I26: =+F26-$D$5*10^6 -> -3.3278303e+09 | J26: =+G26-$D$6*10^6 -> -1.2583948e+09 | K26: =+K54+AC54 -> 1.6990717e+10 | L26: =L54+AD54 -> -3.0891073e+11 | M26: =+M54+AE54 -> -1.3720125e+11 | N26: =+N54+AF54 -> 2.575571e+15 | O26: =+O54+AG54 -> 0.024414062 | P26: =+P54+AH54 -> 3.4677193e+15 | Q26: =(K26*(N26*P26-O26*O26)-L26*(L26*P26-O26*M26)+M26*(L26*O26-N26*M26)) -> 1.5137077e+41 | R26: =((-H26)*(N26*P26-O26*O26)-L26*((-I26)*P26-O26*(-J26))+M26*((-I26)*O26-N26*(-J26)))/Q26 -> 8.1425302e-05 | S26: =(K26*((-I26)*P26-O26*(-J26))-(-H26)*(L26*P26-O26*M26)+M26*(L26*(-J26)-(-I26)*M26))/Q26 -> 1.3018408e-06 | T26: =(K26*(N26*(-J26)-O26*(-I26))-L26*(L26*(-J26)-(-I26)*M26)+(-H26)*(L26*O26-N26*M26))/Q26 -> 3.6610992e-07 | U26: =SQRT(H26^2+I26^2+J26^2)/MAX(SQRT(($D$4*1000)^2+($D$5*10^6)^2+($D$6*10^6)^2),1) -> 0.89377412
A27: 2 | B27: =+B26+R26 -> 0.0010814253 | C27: =+C26+S26 -> 1.4518408e-06 | D27: =+D26+T26 -> 4.1610992e-07 | E27: =+AP54+BH54 -> 22965602 | F27: =AQ54+BI54 -> 3.495071e+09 | G27: =AR54+BJ54 -> 1.3494764e+09 | H27: =+E27-$D$4*1000 -> -1977320.5 | I27: =+F27-$D$5*10^6 -> -2.1909493e+08 | J27: =+G27-$D$6*10^6 -> -82304318 | K27: =+AT54+BL54 -> 1.5710218e+10 | L27: =+AU54+BM54 -> -3.0596521e+12 | M27: =+AV54+BN54 -> -1.1924644e+12 | N27: =+AW54+BO54 -> 2.3713146e+15 | O27: =+AX54+BP54 -> -2.6581198e+13 | P27: =+AY54+BQ54 -> 3.2254854e+15 | Q27: =(K27*(N27*P27-O27*O27)-L27*(L27*P27-O27*M27)+M27*(L27*O27-N27*M27)) -> 8.6389517e+40 | R27: =((-H27)*(N27*P27-O27*O27)-L27*((-I27)*P27-O27*(-J27))+M27*((-I27)*O27-N27*(-J27)))/Q27 -> 0.00020292978 | S27: =(K27*((-I27)*P27-O27*(-J27))-(-H27)*(L27*P27-O27*M27)+M27*(L27*(-J27)-(-I27)*M27))/Q27 -> 3.5538928e-07 | T27: =(K27*(N27*(-J27)-O27*(-I27))-L27*(L27*(-J27)-(-I27)*M27)+(-H27)*(L27*O27-N27*M27))/Q27 -> 1.0346893e-07 | U27: =SQRT(H27^2+I27^2+J27^2)/MAX(SQRT(($D$4*1000)^2+($D$5*10^6)^2+($D$6*10^6)^2),1) -> 0.058797385
A28: 3 | B28: =+B27+R27 -> 0.0012843551 | C28: =+C27+S27 -> 1.8072301e-06 | D28: =+D27+T27 -> 5.1957885e-07 | E28: =+BY54+CQ54 -> 24479866 | F28: =+BZ54+CR54 -> 3.550761e+09 | G28: =+CA54+CS54 -> 1.3933131e+09 | H28: =+E28-$D$4*1000 -> -463056.34 | I28: =+F28-$D$5*10^6 -> -1.6340498e+08 | J28: =+G28-$D$6*10^6 -> -38467618 | K28: =+CC54+CU54 -> 1.263354e+10 | L28: =+CD54+CV54 -> -3.7218554e+12 | M28: =+CE54+CW54 -> -1.1957809e+12 | N28: =+CF54+CX54 -> 1.8896131e+15 | O28: =+CG54+CY54 -> 3.725874e+13 | P28: =+CH54+CZ54 -> 2.650214e+15 | Q28: =(K28*(N28*P28-O28*O28)-L28*(L28*P28-O28*M28)+M28*(L28*O28-N28*M28)) -> 2.4168089e+40 | R28: =((-H28)*(N28*P28-O28*O28)-L28*((-I28)*P28-O28*(-J28))+M28*((-I28)*O28-N28*(-J28)))/Q28 -> 0.00016568842 | S28: =(K28*((-I28)*P28-O28*(-J28))-(-H28)*(L28*P28-O28*M28)+M28*(L28*(-J28)-(-I28)*M28))/Q28 -> 4.1117542e-07 | T28: =(K28*(N28*(-J28)-O28*(-I28))-L28*(L28*(-J28)-(-I28)*M28)+(-H28)*(L28*O28-N28*M28))/Q28 -> 8.3493183e-08 | U28: =SQRT(H28^2+I28^2+J28^2)/MAX(SQRT(($D$4*1000)^2+($D$5*10^6)^2+($D$6*10^6)^2),1) -> 0.042172023
A29: 4 | B29: =+B28+R28 -> 0.0014500435 | C29: =+C28+S28 -> 2.2184055e-06 | D29: =+D28+T28 -> 6.0307203e-07 | E29: =+DH54+DZ54 -> 24829120 | F29: =+DI54+EA54 -> 3.6824704e+09 | G29: =+DJ54+EB54 -> 1.4257057e+09 | H29: =+E29-$D$4*1000 -> -113802.41 | I29: =+F29-$D$5*10^6 -> -31695496 | J29: =+G29-$D$6*10^6 -> -6075071.5 | K29: =+DL54+ED54 -> 1.1182905e+10 | L29: =+DM54+EE54 -> -3.6778321e+12 | M29: =+DN54+EF54 -> -1.0857347e+12 | N29: =+DO54+EG54 -> 1.7365542e+15 | O29: =+DP54+EH54 -> 3.0506174e+12 | P29: =+DQ54+EI54 -> 2.2703292e+15 | Q29: =(K29*(N29*P29-O29*O29)-L29*(L29*P29-O29*M29)+M29*(L29*O29-N29*M29)) -> 1.1356842e+40 | R29: =((-H29)*(N29*P29-O29*O29)-L29*((-I29)*P29-O29*(-J29))+M29*((-I29)*O29-N29*(-J29)))/Q29 -> 6.3803434e-05 | S29: =(K29*((-I29)*P29-O29*(-J29))-(-H29)*(L29*P29-O29*M29)+M29*(L29*(-J29)-(-I29)*M29))/Q29 -> 1.5332271e-07 | T29: =(K29*(N29*(-J29)-O29*(-I29))-L29*(L29*(-J29)-(-I29)*M29)+(-H29)*(L29*O29-N29*M29))/Q29 -> 3.2982416e-08 | U29: =SQRT(H29^2+I29^2+J29^2)/MAX(SQRT(($D$4*1000)^2+($D$5*10^6)^2+($D$6*10^6)^2),1) -> 0.0081073633 | W29: Original | X29: =+SQRT(D4^2+D5^2+D6^2) -> 25258.551
A30: 5 | B30: =+B29+R29 -> 0.0015138469 | C30: =+C29+S29 -> 2.3717282e-06 | D30: =+D29+T29 -> 6.3605445e-07 | E30: =+EQ54+FI54 -> 24935735 | F30: =+ER54+FJ54 -> 3.7119683e+09 | G30: =+ES54+FK54 -> 1.4312683e+09 | H30: =+E30-$D$4*1000 -> -7186.7435 | I30: =+F30-$D$5*10^6 -> -2197632.7 | J30: =+G30-$D$6*10^6 -> -512427.55 | K30: =+EU54+FM54 -> 1.071051e+10 | L30: =+EV54+FN54 -> -3.586447e+12 | M30: =+EW54+FO54 -> -9.7752768e+11 | N30: =+EX54+FP54 -> 1.6740543e+15 | O30: =+EY54+FQ54 -> -2.8227001e+13 | P30: =+EZ54+FR54 -> 2.1511954e+15 | Q30: =(K30*(N30*P30-O30*O30)-L30*(L30*P30-O30*M30)+M30*(L30*O30-N30*M30)) -> 9.0947949e+39 | R30: =((-H30)*(N30*P30-O30*O30)-L30*((-I30)*P30-O30*(-J30))+M30*((-I30)*O30-N30*(-J30)))/Q30 -> 4.8139e-06 | S30: =(K30*((-I30)*P30-O30*(-J30))-(-H30)*(L30*P30-O30*M30)+M30*(L30*(-J30)-(-I30)*M30))/Q30 -> 1.1669408e-08 | T30: =(K30*(N30*(-J30)-O30*(-I30))-L30*(L30*(-J30)-(-I30)*M30)+(-H30)*(L30*O30-N30*M30))/Q30 -> 2.5788176e-09 | U30: =SQRT(H30^2+I30^2+J30^2)/MAX(SQRT(($D$4*1000)^2+($D$5*10^6)^2+($D$6*10^6)^2),1) -> 0.0005668899 | W30: Target | X30: =+SQRT((E35/1000)^2+(G35/10^6)^2+(F35/10^6)^2) -> 25258.551
A31: 6 | B31: =+B30+R30 -> 0.0015186608 | C31: =+C30+S30 -> 2.3833976e-06 | D31: =+D30+T30 -> 6.3863326e-07 | E31: =+FZ54+GR54 -> 24942873 | F31: =+GA54+GS54 -> 3.7141641e+09 | G31: =+GB54+GT54 -> 1.4317841e+09 | H31: =+E31-$D$4*1000 -> -49.021026 | I31: =+F31-$D$5*10^6 -> -1889.7842 | J31: =+G31-$D$6*10^6 -> 3390.6575 | K31: =+GD54+GV54 -> 1.0693532e+10 | L31: =+GE54+GW54 -> -3.5878601e+12 | M31: =+GF54+GX54 -> -9.7743999e+11 | N31: =+GG54+GY54 -> 1.6739802e+15 | O31: =+GH54+GZ54 -> -2.6715331e+13 | P31: =+GI54+HA54 -> 2.1468194e+15 | Q31: =(K31*(N31*P31-O31*O31)-L31*(L31*P31-O31*M31)+M31*(L31*O31-N31*M31)) -> 8.9999409e+39 | R31: =((-H31)*(N31*P31-O31*O31)-L31*((-I31)*P31-O31*(-J31))+M31*((-I31)*O31-N31*(-J31)))/Q31 -> 2.0540807e-08 | S31: =(K31*((-I31)*P31-O31*(-J31))-(-H31)*(L31*P31-O31*M31)+M31*(L31*(-J31)-(-I31)*M31))/Q31 -> 4.5287294e-11 | T31: =(K31*(N31*(-J31)-O31*(-I31))-L31*(L31*(-J31)-(-I31)*M31)+(-H31)*(L31*O31-N31*M31))/Q31 -> 8.3363386e-12 | U31: =SQRT(H31^2+I31^2+J31^2)/MAX(SQRT(($D$4*1000)^2+($D$5*10^6)^2+($D$6*10^6)^2),1) -> 9.7522579e-07 | W31: Diff | X31: =(X30-X29)/X29 -> 8.6417756e-16
A32: 7 | B32: =+B31+R31 -> 0.0015186814 | C32: =+C31+S31 -> 2.3834429e-06 | D32: =+D31+T31 -> 6.386416e-07 | E32: =+HI54+IA54 -> 24942922 | F32: =+HJ54+IB54 -> 3.7141659e+09 | G32: =+HK54+IC54 -> 1.4317807e+09 | H32: =+E32-$D$4*1000 -> -0.0008787401 | I32: =+F32-$D$5*10^6 -> -0.045227051 | J32: =+G32-$D$6*10^6 -> 0.086322069 | K32: =+HM54+IE54 -> 1.0693449e+10 | L32: =+HN54+IF54 -> -3.5878623e+12 | M32: =+HO54+IG54 -> -9.7743605e+11 | N32: =+HP54+IH54 -> 1.6739782e+15 | O32: =+HQ54+II54 -> -2.6709532e+13 | P32: =+HR54+IJ54 -> 2.1467989e+15 | Q32: =(K32*(N32*P32-O32*O32)-L32*(L32*P32-O32*M32)+M32*(L32*O32-N32*M32)) -> 8.9995203e+39 | R32: =((-H32)*(N32*P32-O32*O32)-L32*((-I32)*P32-O32*(-J32))+M32*((-I32)*O32-N32*(-J32)))/Q32 -> 3.7305567e-13 | S32: =(K32*((-I32)*P32-O32*(-J32))-(-H32)*(L32*P32-O32*M32)+M32*(L32*(-J32)-(-I32)*M32))/Q32 -> 8.2882655e-16 | T32: =(K32*(N32*(-J32)-O32*(-I32))-L32*(L32*(-J32)-(-I32)*M32)+(-H32)*(L32*O32-N32*M32))/Q32 -> 1.3995422e-16 | U32: =SQRT(H32^2+I32^2+J32^2)/MAX(SQRT(($D$4*1000)^2+($D$5*10^6)^2+($D$6*10^6)^2),1) -> 2.4482489e-11
A33: 8 | B33: =+B32+R32 -> 0.0015186814 | C33: =+C32+S32 -> 2.3834429e-06 | D33: =+D32+T32 -> 6.386416e-07 | E33: =+IR54+JJ54 -> 24942922 | F33: =+IS54+JK54 -> 3.7141659e+09 | G33: =+IT54+JL54 -> 1.4317807e+09 | H33: =+E33-$D$4*1000 -> 0 | I33: =+F33-$D$5*10^6 -> 0 | J33: =+G33-$D$6*10^6 -> -4.7683716e-06 | K33: =+IV54+JN54 -> 1.0713958e+10 | L33: =+IW54+JO54 -> -3.5987317e+12 | M33: =+IX54+JP54 -> -9.8563938e+11 | N33: =+IY54+JQ54 -> 1.679739e+15 | O33: =+IZ54+JR54 -> -2.2361769e+13 | P33: =+JA54+JS54 -> 2.1500803e+15 | Q33: =(K33*(N33*P33-O33*O33)-L33*(L33*P33-O33*M33)+M33*(L33*O33-N33*M33)) -> 9.0530012e+39 | R33: =((-H33)*(N33*P33-O33*O33)-L33*((-I33)*P33-O33*(-J33))+M33*((-I33)*O33-N33*(-J33)))/Q33 -> 9.1442895e-19 | S33: =(K33*((-I33)*P33-O33*(-J33))-(-H33)*(L33*P33-O33*M33)+M33*(L33*(-J33)-(-I33)*M33))/Q33 -> 1.9944857e-21 | T33: =(K33*(N33*(-J33)-O33*(-I33))-L33*(L33*(-J33)-(-I33)*M33)+(-H33)*(L33*O33-N33*M33))/Q33 -> 2.6577003e-21 | U33: =SQRT(H33^2+I33^2+J33^2)/MAX(SQRT(($D$4*1000)^2+($D$5*10^6)^2+($D$6*10^6)^2),1) -> 1.1978849e-15 | W33: Converged Criteria | Y33: Diff % <= 10^-4 (0.01%)
A34: 9 | B34: =+B33+R33 -> 0.0015186814 | C34: =+C33+S33 -> 2.3834429e-06 | D34: =+D33+T33 -> 6.386416e-07 | E34: =+KA54+KS54 -> 24942922 | F34: =+KB54+KT54 -> 3.7141659e+09 | G34: =+KC54+KU54 -> 1.4317807e+09 | H34: =+E34-$D$4*1000 -> 0 | I34: =+F34-$D$5*10^6 -> 0 | J34: =+G34-$D$6*10^6 -> 0 | K34: =+KE54+KW54 -> 1.0713958e+10 | L34: =+KF54+KX54 -> -3.5987317e+12 | M34: =+KG54+KY54 -> -9.8563938e+11 | N34: =+KH54+KZ54 -> 1.679739e+15 | O34: =+KI54+LA54 -> -2.2361769e+13 | P34: =+KJ54+LB54 -> 2.1500803e+15 | Q34: =(K34*(N34*P34-O34*O34)-L34*(L34*P34-O34*M34)+M34*(L34*O34-N34*M34)) -> 9.0530012e+39 | R34: =((-H34)*(N34*P34-O34*O34)-L34*((-I34)*P34-O34*(-J34))+M34*((-I34)*O34-N34*(-J34)))/Q34 -> 0 | S34: =(K34*((-I34)*P34-O34*(-J34))-(-H34)*(L34*P34-O34*M34)+M34*(L34*(-J34)-(-I34)*M34))/Q34 -> 0 | T34: =(K34*(N34*(-J34)-O34*(-I34))-L34*(L34*(-J34)-(-I34)*M34)+(-H34)*(L34*O34-N34*M34))/Q34 -> 0 | U34: =SQRT(H34^2+I34^2+J34^2)/MAX(SQRT(($D$4*1000)^2+($D$5*10^6)^2+($D$6*10^6)^2),1) -> 0
A35: 10 | B35: =+B34+R34 -> 0.0015186814 | C35: =+C34+S34 -> 2.3834429e-06 | D35: =+D34+T34 -> 6.386416e-07 | E35: =+LJ54+MB54 -> 24942922 | F35: =+LK54+MC54 -> 3.7141659e+09 | G35: =+LL54+MD54 -> 1.4317807e+09 | H35: =+E35-$D$4*1000 -> 0 | I35: =+F35-$D$5*10^6 -> 0 | J35: =+G35-$D$6*10^6 -> 0 | K35: =+LN54+MF54 -> 1.0713958e+10 | L35: =+LO54+MG54 -> -3.5987317e+12 | M35: =+LP54+MH54 -> -9.8563938e+11 | N35: =+LQ54+MI54 -> 1.679739e+15 | O35: =+LR54+MJ54 -> -2.2361769e+13 | P35: =+LS54+MK54 -> 2.1500803e+15 | Q35: =(K35*(N35*P35-O35*O35)-L35*(L35*P35-O35*M35)+M35*(L35*O35-N35*M35)) -> 9.0530012e+39 | R35: =((-H35)*(N35*P35-O35*O35)-L35*((-I35)*P35-O35*(-J35))+M35*((-I35)*O35-N35*(-J35)))/Q35 -> 0 | S35: =(K35*((-I35)*P35-O35*(-J35))-(-H35)*(L35*P35-O35*M35)+M35*(L35*(-J35)-(-I35)*M35))/Q35 -> 0 | T35: =(K35*(N35*(-J35)-O35*(-I35))-L35*(L35*(-J35)-(-I35)*M35)+(-H35)*(L35*O35-N35*M35))/Q35 -> 0 | U35: =SQRT(H35^2+I35^2+J35^2)/MAX(SQRT(($D$4*1000)^2+($D$5*10^6)^2+($D$6*10^6)^2),1) -> 0
A38: Max 20 | W38: =(B35-'2D (15deg)'!L132)/B35 -> 3.2839871e-15
W39: =(C35-'2D (15deg)'!L134)/C35 -> 4.0868942e-15
A40: 4) SECTION RESPONSE (from converged ε0, κx, κy) | W40: =(D35-'2D (15deg)'!L135)/D35 -> 4.3104882e-15
A41: Curvature κ | D41: κx | E41: =+C35 -> 2.3834429e-06 | F41: 1/mm
D42: κy | E42: =+D35 -> 6.386416e-07 | F42: 1/mm
A43: ε0 (strain at centroid) | E43: =+B35 -> 0.0015186814
A46: ITERATION #1 | AJ46: ITERATION #2 | BS46: ITERATION #3 | DB46: ITERATION #4 | EK46: ITERATION #5 | FT46: ITERATION #6 | HC46: ITERATION #7 | IL46: ITERATION #8 | JU46: ITERATION #9 | LD46: ITERATION #10
A47: ε0 = | B47: =+B26 -> 0.001 | AJ47: ε0 = | AK47: =+B27 -> 0.0010814253 | BS47: ε0 = | BT47: =+B28 -> 0.0012843551 | DB47: ε0 = | DC47: =+B29 -> 0.0014500435 | EK47: ε0 = | EL47: =+B30 -> 0.0015138469 | FT47: ε0 = | FU47: =+B31 -> 0.0015186608 | HC47: ε0 = | HD47: =+B32 -> 0.0015186814 | IL47: ε0 = | IM47: =+B33 -> 0.0015186814 | JU47: ε0 = | JV47: =+B34 -> 0.0015186814 | LD47: ε0 = | LE47: =+B35 -> 0.0015186814
A48: κx = | B48: =+C26 -> 1.5e-07 | AJ48: κx = | AK48: =+C27 -> 1.4518408e-06 | BS48: κx = | BT48: =+C28 -> 1.8072301e-06 | DB48: κx = | DC48: =+C29 -> 2.2184055e-06 | EK48: κx = | EL48: =+C30 -> 2.3717282e-06 | FT48: κx = | FU48: =+C31 -> 2.3833976e-06 | HC48: κx = | HD48: =+C32 -> 2.3834429e-06 | IL48: κx = | IM48: =+C33 -> 2.3834429e-06 | JU48: κx = | JV48: =+C34 -> 2.3834429e-06 | LD48: κx = | LE48: =+C35 -> 2.3834429e-06
A49: κy = | B49: =+D26 -> 5e-08 | AJ49: κy = | AK49: =+D27 -> 4.1610992e-07 | BS49: κy = | BT49: =+D28 -> 5.1957885e-07 | DB49: κy = | DC49: =+D29 -> 6.0307203e-07 | EK49: κy = | EL49: =+D30 -> 6.3605445e-07 | FT49: κy = | FU49: =+D31 -> 6.3863326e-07 | HC49: κy = | HD49: =+D32 -> 6.386416e-07 | IL49: κy = | IM49: =+D33 -> 6.386416e-07 | JU49: κy = | JV49: =+D34 -> 6.386416e-07 | LD49: κy = | LE49: =+D35 -> 6.386416e-07
F50: if (0 < εci < εco) = 0 | AO50: if (0 < εci < εco) = 0 | BX50: if (0 < εci < εco) = 0 | DG50: if (0 < εci < εco) = 0 | EP50: if (0 < εci < εco) = 0 | FY50: if (0 < εci < εco) = 0 | HH50: if (0 < εci < εco) = 0 | IQ50: if (0 < εci < εco) = 0 | JZ50: if (0 < εci < εco) = 0 | LI50: if (0 < εci < εco) = 0
A51: Concrete Force | F51: else = (0.85*fck)*n/eco* (1 - ε/εco)n-1 | Q51: Steel Force | AJ51: Concrete Force | AO51: else = (0.85*fck)*n/eco* (1 - ε/εco)n-1 | AZ51: Steel Force | BS51: Concrete Force | BX51: else = (0.85*fck)*n/eco* (1 - ε/εco)n-1 | CI51: Steel Force | DB51: Concrete Force | DG51: else = (0.85*fck)*n/eco* (1 - ε/εco)n-1 | DR51: Steel Force | EK51: Concrete Force | EP51: else = (0.85*fck)*n/eco* (1 - ε/εco)n-1 | FA51: Steel Force | FT51: Concrete Force | FY51: else = (0.85*fck)*n/eco* (1 - ε/εco)n-1 | GJ51: Steel Force | HC51: Concrete Force | HH51: else = (0.85*fck)*n/eco* (1 - ε/εco)n-1 | HS51: Steel Force | IL51: Concrete Force | IQ51: else = (0.85*fck)*n/eco* (1 - ε/εco)n-1 | JB51: Steel Force | JU51: Concrete Force | JZ51: else = (0.85*fck)*n/eco* (1 - ε/εco)n-1 | KK51: Steel Force | LD51: Concrete Force | LI51: else = (0.85*fck)*n/eco* (1 - ε/εco)n-1 | LT51: Steel Force
A52: i | B52: X | C52: Y | D52: A | E52: εci | F52: fc = f(ε) | G52: Pc = fc*Ac | H52: Mx = Pc*Y | I52: My = Pc*X | J52: T = ∂fc/∂ε | K52: a = ∂P/∂ε0 | L52: b = ∂P/∂κx | M52: c = ∂P/∂κy | N52: d = ∂Mx/∂κx | O52: e = ∂Mx/∂κy | P52: f = ∂My/∂κy | Q52: i | R52: X | S52: Y | T52: A | U52: εsi | V52: fs | W52: fc = f(ε) | X52: fs | Y52: Ps=fs*As | Z52: Mx=P*Y | AA52: My=P*X | AB52: T = ∂fs/∂ε | AC52: a = ∂P/∂ε0 | AD52: b = ∂P/∂κx | AE52: c = ∂P/∂κy | AF52: d = ∂Mx/∂κx | AG52: e = ∂Mx/∂κy | AH52: f = ∂My/∂κy | AJ52: i | AK52: X | AL52: Y | AM52: A | AN52: εci | AO52: fc = f(ε) | AP52: Pc = fc*Ac | AQ52: Mx = Pc*Y | AR52: My = Pc*X | AS52: T = ∂fc/∂ε | AT52: a = ∂P/∂ε0 | AU52: b = ∂P/∂κx | AV52: c = ∂P/∂κy | AW52: d = ∂Mx/∂κx | AX52: e = ∂Mx/∂κy | AY52: f = ∂My/∂κy | AZ52: i | BA52: X | BB52: Y | BC52: A | BD52: εsi | BE52: fs | BF52: fc = f(ε) | BG52: fs | BH52: Ps=fs*As | BI52: Mx=P*Y | BJ52: My=P*X | BK52: T = ∂fs/∂ε | BL52: a = ∂P/∂ε0 | BM52: b = ∂P/∂κx | BN52: c = ∂P/∂κy | BO52: d = ∂Mx/∂κx | BP52: e = ∂Mx/∂κy | BQ52: f = ∂My/∂κy | BS52: i | BT52: X | BU52: Y | BV52: A | BW52: εci | BX52: fc = f(ε) | BY52: Pc = fc*Ac | BZ52: Mx = Pc*Y | CA52: My = Pc*X | CB52: T = ∂fc/∂ε | CC52: a = ∂P/∂ε0 | CD52: b = ∂P/∂κx | CE52: c = ∂P/∂κy | CF52: d = ∂Mx/∂κx | CG52: e = ∂Mx/∂κy | CH52: f = ∂My/∂κy | CI52: i | CJ52: X | CK52: Y | CL52: A | CM52: εsi | CN52: fs | CO52: fc = f(ε) | CP52: fs | CQ52: Ps=fs*As | CR52: Mx=P*Y | CS52: My=P*X | CT52: T = ∂fs/∂ε | CU52: a = ∂P/∂ε0 | CV52: b = ∂P/∂κx | CW52: c = ∂P/∂κy | CX52: d = ∂Mx/∂κx | CY52: e = ∂Mx/∂κy | CZ52: f = ∂My/∂κy | DB52: i | DC52: X | DD52: Y | DE52: A | DF52: εci | DG52: fc = f(ε) | DH52: Pc = fc*Ac | DI52: Mx = Pc*Y | DJ52: My = Pc*X | DK52: T = ∂fc/∂ε | DL52: a = ∂P/∂ε0 | DM52: b = ∂P/∂κx | DN52: c = ∂P/∂κy | DO52: d = ∂Mx/∂κx | DP52: e = ∂Mx/∂κy | DQ52: f = ∂My/∂κy | DR52: i | DS52: X | DT52: Y | DU52: A | DV52: εsi | DW52: fs | DX52: fc = f(ε) | DY52: fs | DZ52: Ps=fs*As | EA52: Mx=P*Y | EB52: My=P*X | EC52: T = ∂fs/∂ε | ED52: a = ∂P/∂ε0 | EE52: b = ∂P/∂κx | EF52: c = ∂P/∂κy | EG52: d = ∂Mx/∂κx | EH52: e = ∂Mx/∂κy | EI52: f = ∂My/∂κy | EK52: i | EL52: X | EM52: Y | EN52: A | EO52: εci | EP52: fc = f(ε) | EQ52: Pc = fc*Ac | ER52: Mx = Pc*Y | ES52: My = Pc*X | ET52: T = ∂fc/∂ε | EU52: a = ∂P/∂ε0 | EV52: b = ∂P/∂κx | EW52: c = ∂P/∂κy | EX52: d = ∂Mx/∂κx | EY52: e = ∂Mx/∂κy | EZ52: f = ∂My/∂κy | FA52: i | FB52: X | FC52: Y | FD52: A | FE52: εsi | FF52: fs | FG52: fc = f(ε) | FH52: fs | FI52: Ps=fs*As | FJ52: Mx=P*Y | FK52: My=P*X | FL52: T = ∂fs/∂ε | FM52: a = ∂P/∂ε0 | FN52: b = ∂P/∂κx | FO52: c = ∂P/∂κy | FP52: d = ∂Mx/∂κx | FQ52: e = ∂Mx/∂κy | FR52: f = ∂My/∂κy | FT52: i | FU52: X | FV52: Y | FW52: A | FX52: εci | FY52: fc = f(ε) | FZ52: Pc = fc*Ac | GA52: Mx = Pc*Y | GB52: My = Pc*X | GC52: T = ∂fc/∂ε | GD52: a = ∂P/∂ε0 | GE52: b = ∂P/∂κx | GF52: c = ∂P/∂κy | GG52: d = ∂Mx/∂κx | GH52: e = ∂Mx/∂κy | GI52: f = ∂My/∂κy | GJ52: i | GK52: X | GL52: Y | GM52: A | GN52: εsi | GO52: fs | GP52: fc = f(ε) | GQ52: fs | GR52: Ps=fs*As | GS52: Mx=P*Y | GT52: My=P*X | GU52: T = ∂fs/∂ε | GV52: a = ∂P/∂ε0 | GW52: b = ∂P/∂κx | GX52: c = ∂P/∂κy | GY52: d = ∂Mx/∂κx | GZ52: e = ∂Mx/∂κy | HA52: f = ∂My/∂κy | HC52: i | HD52: X | HE52: Y | HF52: A | HG52: εci | HH52: fc = f(ε) | HI52: Pc = fc*Ac | HJ52: Mx = Pc*Y | HK52: My = Pc*X | HL52: T = ∂fc/∂ε | HM52: a = ∂P/∂ε0 | HN52: b = ∂P/∂κx | HO52: c = ∂P/∂κy | HP52: d = ∂Mx/∂κx | HQ52: e = ∂Mx/∂κy | HR52: f = ∂My/∂κy | HS52: i | HT52: X | HU52: Y | HV52: A | HW52: εsi | HX52: fs | HY52: fc = f(ε) | HZ52: fs | IA52: Ps=fs*As | IB52: Mx=P*Y | IC52: My=P*X | ID52: T = ∂fs/∂ε | IE52: a = ∂P/∂ε0 | IF52: b = ∂P/∂κx | IG52: c = ∂P/∂κy | IH52: d = ∂Mx/∂κx | II52: e = ∂Mx/∂κy | IJ52: f = ∂My/∂κy | IL52: i | IM52: X | IN52: Y | IO52: A | IP52: εci | IQ52: fc = f(ε) | IR52: Pc = fc*Ac | IS52: Mx = Pc*Y | IT52: My = Pc*X | IU52: T = ∂fc/∂ε | IV52: a = ∂P/∂ε0 | IW52: b = ∂P/∂κx | IX52: c = ∂P/∂κy | IY52: d = ∂Mx/∂κx | IZ52: e = ∂Mx/∂κy | JA52: f = ∂My/∂κy | JB52: i | JC52: X | JD52: Y | JE52: A | JF52: εsi | JG52: fs | JH52: fc = f(ε) | JI52: fs | JJ52: Ps=fs*As | JK52: Mx=P*Y | JL52: My=P*X | JM52: T = ∂fs/∂ε | JN52: a = ∂P/∂ε0 | JO52: b = ∂P/∂κx | JP52: c = ∂P/∂κy | JQ52: d = ∂Mx/∂κx | JR52: e = ∂Mx/∂κy | JS52: f = ∂My/∂κy | JU52: i | JV52: X | JW52: Y | JX52: A | JY52: εci | JZ52: fc = f(ε) | KA52: Pc = fc*Ac | KB52: Mx = Pc*Y | KC52: My = Pc*X | KD52: T = ∂fc/∂ε | KE52: a = ∂P/∂ε0 | KF52: b = ∂P/∂κx | KG52: c = ∂P/∂κy | KH52: d = ∂Mx/∂κx | KI52: e = ∂Mx/∂κy | KJ52: f = ∂My/∂κy | KK52: i | KL52: X | KM52: Y | KN52: A | KO52: εsi | KP52: fs | KQ52: fc = f(ε) | KR52: fs | KS52: Ps=fs*As | KT52: Mx=P*Y | KU52: My=P*X | KV52: T = ∂fs/∂ε | KW52: a = ∂P/∂ε0 | KX52: b = ∂P/∂κx | KY52: c = ∂P/∂κy | KZ52: d = ∂Mx/∂κx | LA52: e = ∂Mx/∂κy | LB52: f = ∂My/∂κy | LD52: i | LE52: X | LF52: Y | LG52: A | LH52: εci | LI52: fc = f(ε) | LJ52: Pc = fc*Ac | LK52: Mx = Pc*Y | LL52: My = Pc*X | LM52: T = ∂fc/∂ε | LN52: a = ∂P/∂ε0 | LO52: b = ∂P/∂κx | LP52: c = ∂P/∂κy | LQ52: d = ∂Mx/∂κx | LR52: e = ∂Mx/∂κy | LS52: f = ∂My/∂κy | LT52: i | LU52: X | LV52: Y | LW52: A | LX52: εsi | LY52: fs | LZ52: fc = f(ε) | MA52: fs | MB52: Ps=fs*As | MC52: Mx=P*Y | MD52: My=P*X | ME52: T = ∂fs/∂ε | MF52: a = ∂P/∂ε0 | MG52: b = ∂P/∂κx | MH52: c = ∂P/∂κy | MI52: d = ∂Mx/∂κx | MJ52: e = ∂Mx/∂κy | MK52: f = ∂My/∂κy
A53: Unit | B53: mm | C53: mm | D53: mm2 | G53: N | H53: Nmm | I53: Nmm | K53: = ∫T·dA | L53: = ∫T·y·dA | M53: = ∫T·x·dA | N53: = ∫T·y²·dA | O53: = ∫T·xy·dA | P53: = ∫T·x²·dA | Q53: Unit | R53: mm | S53: mm | T53: mm2 | V53: Mpa | W53: Mpa | X53: Mpa | Y53: Mpa | Z53: Nmm | AA53: Nmm | AC53: = ∫T·dA | AD53: = ∫T·y·dA | AE53: = ∫T·x·dA | AF53: = ∫T·y²·dA | AG53: = ∫T·xy·dA | AH53: = ∫T·x²·dA | AJ53: Unit | AK53: mm | AL53: mm | AM53: mm2 | AP53: N | AQ53: Nmm | AR53: Nmm | AT53: = ∫T·dA | AU53: = ∫T·y·dA | AV53: = ∫T·x·dA | AW53: = ∫T·y²·dA | AX53: = ∫T·xy·dA | AY53: = ∫T·x²·dA | AZ53: Unit | BA53: mm | BB53: mm | BC53: mm2 | BE53: Mpa | BF53: Mpa | BG53: Mpa | BH53: Mpa | BI53: Nmm | BJ53: Nmm | BL53: = ∫T·dA | BM53: = ∫T·y·dA | BN53: = ∫T·x·dA | BO53: = ∫T·y²·dA | BP53: = ∫T·xy·dA | BQ53: = ∫T·x²·dA | BS53: Unit | BT53: mm | BU53: mm | BV53: mm2 | BY53: N | BZ53: Nmm | CA53: Nmm | CC53: = ∫T·dA | CD53: = ∫T·y·dA | CE53: = ∫T·x·dA | CF53: = ∫T·y²·dA | CG53: = ∫T·xy·dA | CH53: = ∫T·x²·dA | CI53: Unit | CJ53: mm | CK53: mm | CL53: mm2 | CN53: Mpa | CO53: Mpa | CP53: Mpa | CQ53: Mpa | CR53: Nmm | CS53: Nmm | CU53: = ∫T·dA | CV53: = ∫T·y·dA | CW53: = ∫T·x·dA | CX53: = ∫T·y²·dA | CY53: = ∫T·xy·dA | CZ53: = ∫T·x²·dA | DB53: Unit | DC53: mm | DD53: mm | DE53: mm2 | DH53: N | DI53: Nmm | DJ53: Nmm | DL53: = ∫T·dA | DM53: = ∫T·y·dA | DN53: = ∫T·x·dA | DO53: = ∫T·y²·dA | DP53: = ∫T·xy·dA | DQ53: = ∫T·x²·dA | DR53: Unit | DS53: mm | DT53: mm | DU53: mm2 | DW53: Mpa | DX53: Mpa | DY53: Mpa | DZ53: Mpa | EA53: Nmm | EB53: Nmm | ED53: = ∫T·dA | EE53: = ∫T·y·dA | EF53: = ∫T·x·dA | EG53: = ∫T·y²·dA | EH53: = ∫T·xy·dA | EI53: = ∫T·x²·dA | EK53: Unit | EL53: mm | EM53: mm | EN53: mm2 | EQ53: N | ER53: Nmm | ES53: Nmm | EU53: = ∫T·dA | EV53: = ∫T·y·dA | EW53: = ∫T·x·dA | EX53: = ∫T·y²·dA | EY53: = ∫T·xy·dA | EZ53: = ∫T·x²·dA | FA53: Unit | FB53: mm | FC53: mm | FD53: mm2 | FF53: Mpa | FG53: Mpa | FH53: Mpa | FI53: Mpa | FJ53: Nmm | FK53: Nmm | FM53: = ∫T·dA | FN53: = ∫T·y·dA | FO53: = ∫T·x·dA | FP53: = ∫T·y²·dA | FQ53: = ∫T·xy·dA | FR53: = ∫T·x²·dA | FT53: Unit | FU53: mm | FV53: mm | FW53: mm2 | FZ53: N | GA53: Nmm | GB53: Nmm | GD53: = ∫T·dA | GE53: = ∫T·y·dA | GF53: = ∫T·x·dA | GG53: = ∫T·y²·dA | GH53: = ∫T·xy·dA | GI53: = ∫T·x²·dA | GJ53: Unit | GK53: mm | GL53: mm | GM53: mm2 | GO53: Mpa | GP53: Mpa | GQ53: Mpa | GR53: Mpa | GS53: Nmm | GT53: Nmm | GV53: = ∫T·dA | GW53: = ∫T·y·dA | GX53: = ∫T·x·dA | GY53: = ∫T·y²·dA | GZ53: = ∫T·xy·dA | HA53: = ∫T·x²·dA | HC53: Unit | HD53: mm | HE53: mm | HF53: mm2 | HI53: N | HJ53: Nmm | HK53: Nmm | HM53: = ∫T·dA | HN53: = ∫T·y·dA | HO53: = ∫T·x·dA | HP53: = ∫T·y²·dA | HQ53: = ∫T·xy·dA | HR53: = ∫T·x²·dA | HS53: Unit | HT53: mm | HU53: mm | HV53: mm2 | HX53: Mpa | HY53: Mpa | HZ53: Mpa | IA53: Mpa | IB53: Nmm | IC53: Nmm | IE53: = ∫T·dA | IF53: = ∫T·y·dA | IG53: = ∫T·x·dA | IH53: = ∫T·y²·dA | II53: = ∫T·xy·dA | IJ53: = ∫T·x²·dA | IL53: Unit | IM53: mm | IN53: mm | IO53: mm2 | IR53: N | IS53: Nmm | IT53: Nmm | IV53: = ∫T·dA | IW53: = ∫T·y·dA | IX53: = ∫T·x·dA | IY53: = ∫T·y²·dA | IZ53: = ∫T·xy·dA | JA53: = ∫T·x²·dA | JB53: Unit | JC53: mm | JD53: mm | JE53: mm2 | JG53: Mpa | JH53: Mpa | JI53: Mpa | JJ53: Mpa | JK53: Nmm | JL53: Nmm | JN53: = ∫T·dA | JO53: = ∫T·y·dA | JP53: = ∫T·x·dA | JQ53: = ∫T·y²·dA | JR53: = ∫T·xy·dA | JS53: = ∫T·x²·dA | JU53: Unit | JV53: mm | JW53: mm | JX53: mm2 | KA53: N | KB53: Nmm | KC53: Nmm | KE53: = ∫T·dA | KF53: = ∫T·y·dA | KG53: = ∫T·x·dA | KH53: = ∫T·y²·dA | KI53: = ∫T·xy·dA | KJ53: = ∫T·x²·dA | KK53: Unit | KL53: mm | KM53: mm | KN53: mm2 | KP53: Mpa | KQ53: Mpa | KR53: Mpa | KS53: Mpa | KT53: Nmm | KU53: Nmm | KW53: = ∫T·dA | KX53: = ∫T·y·dA | KY53: = ∫T·x·dA | KZ53: = ∫T·y²·dA | LA53: = ∫T·xy·dA | LB53: = ∫T·x²·dA | LD53: Unit | LE53: mm | LF53: mm | LG53: mm2 | LJ53: N | LK53: Nmm | LL53: Nmm | LN53: = ∫T·dA | LO53: = ∫T·y·dA | LP53: = ∫T·x·dA | LQ53: = ∫T·y²·dA | LR53: = ∫T·xy·dA | LS53: = ∫T·x²·dA | LT53: Unit | LU53: mm | LV53: mm | LW53: mm2 | LY53: Mpa | LZ53: Mpa | MA53: Mpa | MB53: Mpa | MC53: Nmm | MD53: Nmm | MF53: = ∫T·dA | MG53: = ∫T·y·dA | MH53: = ∫T·x·dA | MI53: = ∫T·y²·dA | MJ53: = ∫T·xy·dA | MK53: = ∫T·x²·dA
A54: SUM | D54: =+SUM(D55:D518) -> 1120000 | E54: {=+MAX(ABS(E55:E518))} -> 0.0011133334 | F54: {=+MAX(ABS(F55:F518))} -> 20.488117 | G54: =+SUM(G55:G518) -> 21392974 | H54: =+SUM(H55:H518) -> 3.1384657e+08 | I54: =+SUM(I55:I518) -> 1.3950802e+08 | K54: =+SUM(K55:K518) -> 14280000000 | L54: =+SUM(L55:L518) -> -3.1384657e+11 | M54: =+SUM(M55:M518) -> -1.3950802e+11 | N54: =+SUM(N55:N518) -> 2.0923104e+15 | O54: =+SUM(O55:O518) -> 0.024414062 | P54: =+SUM(P55:P518) -> 2.7901605e+15 | Q54: SUM | Y54: =+SUM(Y55:Y72) -> 2618857.4 | Z54: =+SUM(Z55:Z72) -> 72489089 | AA54: =+SUM(AA55:AA72) -> 33877938 | AC54: =+SUM(AC55:AC72) -> 2.7107169e+09 | AD54: =+SUM(AD55:AD72) -> 4.9358392e+09 | AE54: =+SUM(AE55:AE72) -> 2.3067755e+09 | AF54: =+SUM(AF55:AF72) -> 4.8326059e+14 | AG54: =+SUM(AG55:AG72) -> 0 | AH54: =+SUM(AH55:AH72) -> 6.7755876e+14 | AJ54: SUM | AM54: =+SUM(AM55:AM518) -> 1120000 | AN54: {=+MAX(ABS(AN55:AN518))} -> 0.0021399313 | AO54: {=+MAX(ABS(AO55:AO518))} -> 25.5 | AP54: =+SUM(AP55:AP518) -> 20089957 | AQ54: =+SUM(AQ55:AQ518) -> 2.7910431e+09 | AR54: =+SUM(AR55:AR518) -> 1.0670909e+09 | AT54: =+SUM(AT55:AT518) -> 1.3145499e+10 | AU54: =+SUM(AU55:AU518) -> -3.0220813e+12 | AV54: =+SUM(AV55:AV518) -> -1.1472509e+12 | AW54: =+SUM(AW55:AW518) -> 1.9306072e+15 | AX54: =+SUM(AX55:AX518) -> 7.5566114e+12 | AY54: =+SUM(AY55:AY518) -> 2.5699345e+15 | AZ54: SUM | BH54: =+SUM(BH55:BH72) -> 2875644.9 | BI54: =+SUM(BI55:BI72) -> 7.0402795e+08 | BJ54: =+SUM(BJ55:BJ72) -> 2.8238549e+08 | BL54: =+SUM(BL55:BL72) -> 2.5647186e+09 | BM54: =+SUM(BM55:BM72) -> -3.7570838e+10 | BN54: =+SUM(BN55:BN72) -> -4.5213517e+10 | BO54: =+SUM(BO55:BO72) -> 4.4070734e+14 | BP54: =+SUM(BP55:BP72) -> -3.4137809e+13 | BQ54: =+SUM(BQ55:BQ72) -> 6.5555097e+14 | BS54: SUM | BV54: =+SUM(BV55:BV518) -> 1120000 | BW54: {=+MAX(ABS(BW55:BW518))} -> 0.0026028809 | BX54: {=+MAX(ABS(BX55:BX518))} -> 25.5 | BY54: =+SUM(BY55:BY518) -> 21249133 | BZ54: =+SUM(BZ55:BZ518) -> 2.7735385e+09 | CA54: =+SUM(CA55:CA518) -> 1.0881804e+09 | CC54: =+SUM(CC55:CC518) -> 1.0849697e+10 | CD54: =+SUM(CD55:CD518) -> -3.2996829e+12 | CE54: =+SUM(CE55:CE518) -> -1.1069892e+12 | CF54: =+SUM(CF55:CF518) -> 1.6410393e+15 | CG54: =+SUM(CG55:CG518) -> 7.1577743e+13 | CH54: =+SUM(CH55:CH518) -> 2.1000991e+15 | CI54: SUM | CQ54: =+SUM(CQ55:CQ72) -> 3230733.1 | CR54: =+SUM(CR55:CR72) -> 7.7722242e+08 | CS54: =+SUM(CS55:CS72) -> 3.0513275e+08 | CU54: =+SUM(CU55:CU72) -> 1.7838433e+09 | CV54: =+SUM(CV55:CV72) -> -4.2217247e+11 | CW54: =+SUM(CW55:CW72) -> -8.879177e+10 | CX54: =+SUM(CX55:CX72) -> 2.4857388e+14 | CY54: =+SUM(CY55:CY72) -> -3.4319003e+13 | CZ54: =+SUM(CZ55:CZ72) -> 5.501149e+14 | DB54: SUM | DE54: =+SUM(DE55:DE518) -> 1120000 | DF54: {=+MAX(ABS(DF55:DF518))} -> 0.0030488817 | DG54: {=+MAX(ABS(DG55:DG518))} -> 25.5 | DH54: =+SUM(DH55:DH518) -> 21495969 | DI54: =+SUM(DI55:DI518) -> 2.8771262e+09 | DJ54: =+SUM(DJ55:DJ518) -> 1.1123645e+09 | DL54: =+SUM(DL55:DL518) -> 9.5533841e+09 | DM54: =+SUM(DM55:DM518) -> -3.2415327e+12 | DN54: =+SUM(DN55:DN518) -> -8.8809183e+11 | DO54: =+SUM(DO55:DO518) -> 1.489989e+15 | DP54: =+SUM(DP55:DP518) -> 4.9269448e+13 | DQ54: =+SUM(DQ55:DQ518) -> 1.7905489e+15 | DR54: SUM | DZ54: =+SUM(DZ55:DZ72) -> 3333151.1 | EA54: =+SUM(EA55:EA72) -> 8.0534426e+08 | EB54: =+SUM(EB55:EB72) -> 3.1334117e+08 | ED54: =+SUM(ED55:ED72) -> 1.629521e+09 | EE54: =+SUM(EE55:EE72) -> -4.362994e+11 | EF54: =+SUM(EF55:EF72) -> -1.9764282e+11 | EG54: =+SUM(EG55:EG72) -> 2.4656516e+14 | EH54: =+SUM(EH55:EH72) -> -4.621883e+13 | EI54: =+SUM(EI55:EI72) -> 4.7978038e+14 | EK54: SUM | EN54: =+SUM(EN55:EN518) -> 1120000 | EO54: {=+MAX(ABS(EO55:EO518))} -> 0.0032182581 | EP54: {=+MAX(ABS(EP55:EP518))} -> 25.5 | EQ54: =+SUM(EQ55:EQ518) -> 21571925 | ER54: =+SUM(ER55:ER518) -> 2.8981792e+09 | ES54: =+SUM(ES55:ES518) -> 1.121819e+09 | EU54: =+SUM(EU55:EU518) -> 9.0790469e+09 | EV54: =+SUM(EV55:EV518) -> -3.15074e+12 | EW54: =+SUM(EW55:EW518) -> -7.7964104e+11 | EX54: =+SUM(EX55:EX518) -> 1.4276113e+15 | EY54: =+SUM(EY55:EY518) -> 1.8410949e+13 | EZ54: =+SUM(EZ55:EZ518) -> 1.6701749e+15 | FA54: SUM | FI54: =+SUM(FI55:FI72) -> 3363810.1 | FJ54: =+SUM(FJ55:FJ72) -> 8.1378911e+08 | FK54: =+SUM(FK55:FK72) -> 3.0944934e+08 | FM54: =+SUM(FM55:FM72) -> 1.6314626e+09 | FN54: =+SUM(FN55:FN72) -> -4.3570705e+11 | FO54: =+SUM(FO55:FO72) -> -1.9788664e+11 | FP54: =+SUM(FP55:FP72) -> 2.4644299e+14 | FQ54: =+SUM(FQ55:FQ72) -> -4.663795e+13 | FR54: =+SUM(FR55:FR72) -> 481020444307629 | FT54: SUM | FW54: =+SUM(FW55:FW518) -> 1120000 | FX54: {=+MAX(ABS(FX55:FX518))} -> 0.003231146 | FY54: {=+MAX(ABS(FY55:FY518))} -> 25.5 | FZ54: =+SUM(FZ55:FZ518) -> 21576803 | GA54: =+SUM(GA55:GA518) -> 2.8997168e+09 | GB54: =+SUM(GB55:GB518) -> 1.1225913e+09 | GD54: =+SUM(GD55:GD518) -> 9.061927e+09 | GE54: =+SUM(GE55:GE518) -> -3.1521992e+12 | GF54: =+SUM(GF55:GF518) -> -7.7953762e+11 | GG54: =+SUM(GG55:GG518) -> 1.4275473e+15 | GH54: =+SUM(GH55:GH518) -> 1.995468e+13 | GI54: =+SUM(GI55:GI518) -> 1.6657064e+15 | GJ54: SUM | GR54: =+SUM(GR55:GR72) -> 3366069.7 | GS54: =+SUM(GS55:GS72) -> 8.1444725e+08 | GT54: =+SUM(GT55:GT72) -> 3.0919286e+08 | GV54: =+SUM(GV55:GV72) -> 1.6316046e+09 | GW54: =+SUM(GW55:GW72) -> -4.3566084e+11 | GX54: =+SUM(GX55:GX72) -> -1.9790237e+11 | GY54: =+SUM(GY55:GY72) -> 2.4643291e+14 | GZ54: =+SUM(GZ55:GZ72) -> -4.6670011e+13 | HA54: =+SUM(HA55:HA72) -> 4.8111301e+14 | HC54: SUM | HF54: =+SUM(HF55:HF518) -> 1120000 | HG54: {=+MAX(ABS(HG55:HG518))} -> 0.0032311969 | HH54: {=+MAX(ABS(HH55:HH518))} -> 25.5 | HI54: =+SUM(HI55:HI518) -> 21576840 | HJ54: =+SUM(HJ55:HJ518) -> 2.8997169e+09 | HK54: =+SUM(HK55:HK518) -> 1.12259e+09 | HM54: =+SUM(HM55:HM518) -> 9.061844e+09 | HN54: =+SUM(HN55:HN518) -> -3.1522016e+12 | HO54: =+SUM(HO55:HO518) -> -7.7953353e+11 | HP54: =+SUM(HP55:HP518) -> 1.4275453e+15 | HQ54: =+SUM(HQ55:HQ518) -> 1.9960601e+13 | HR54: =+SUM(HR55:HR518) -> 1.6656855e+15 | HS54: SUM | IA54: =+SUM(IA55:IA72) -> 3366081.8 | IB54: =+SUM(IB55:IB72) -> 8.1444907e+08 | IC54: =+SUM(IC55:IC72) -> 3.0919069e+08 | IE54: =+SUM(IE55:IE72) -> 1.6316054e+09 | IF54: =+SUM(IF55:IF72) -> -4.3566071e+11 | IG54: =+SUM(IG55:IG72) -> -1.9790252e+11 | IH54: =+SUM(IH55:IH72) -> 2.464329e+14 | II54: =+SUM(II55:II72) -> -4.6670134e+13 | IJ54: =+SUM(IJ55:IJ72) -> 4.8111344e+14 | IL54: SUM | IO54: =+SUM(IO55:IO518) -> 1120000 | IP54: {=+MAX(ABS(IP55:IP518))} -> 0.0032311969 | IQ54: {=+MAX(ABS(IQ55:IQ518))} -> 25.5 | IR54: =+SUM(IR55:IR518) -> 21576840 | IS54: =+SUM(IS55:IS518) -> 2.8997169e+09 | IT54: =+SUM(IT55:IT518) -> 1.12259e+09 | IV54: =+SUM(IV55:IV518) -> 9.061844e+09 | IW54: =+SUM(IW55:IW518) -> -3.1522016e+12 | IX54: =+SUM(IX55:IX518) -> -7.7953353e+11 | IY54: =+SUM(IY55:IY518) -> 1.4275453e+15 | IZ54: =+SUM(IZ55:IZ518) -> 1.9960602e+13 | JA54: =+SUM(JA55:JA518) -> 1.6656855e+15 | JB54: SUM | JJ54: =+SUM(JJ55:JJ72) -> 3366081.8 | JK54: =+SUM(JK55:JK72) -> 8.1444907e+08 | JL54: =+SUM(JL55:JL72) -> 3.0919069e+08 | JN54: =+SUM(JN55:JN72) -> 1.6521137e+09 | JO54: =+SUM(JO55:JO72) -> -4.4653012e+11 | JP54: =+SUM(JP55:JP72) -> -2.0610584e+11 | JQ54: =+SUM(JQ55:JQ72) -> 2.5219369e+14 | JR54: =+SUM(JR55:JR72) -> -4.232237e+13 | JS54: =+SUM(JS55:JS72) -> 4.8439477e+14 | JU54: SUM | JX54: =+SUM(JX55:JX518) -> 1120000 | JY54: {=+MAX(ABS(JY55:JY518))} -> 0.0032311969 | JZ54: {=+MAX(ABS(JZ55:JZ518))} -> 25.5 | KA54: =+SUM(KA55:KA518) -> 21576840 | KB54: =+SUM(KB55:KB518) -> 2.8997169e+09 | KC54: =+SUM(KC55:KC518) -> 1.12259e+09 | KE54: =+SUM(KE55:KE518) -> 9.061844e+09 | KF54: =+SUM(KF55:KF518) -> -3.1522016e+12 | KG54: =+SUM(KG55:KG518) -> -7.7953353e+11 | KH54: =+SUM(KH55:KH518) -> 1.4275453e+15 | KI54: =+SUM(KI55:KI518) -> 1.9960602e+13 | KJ54: =+SUM(KJ55:KJ518) -> 1.6656855e+15 | KK54: SUM | KS54: =+SUM(KS55:KS72) -> 3366081.8 | KT54: =+SUM(KT55:KT72) -> 8.1444907e+08 | KU54: =+SUM(KU55:KU72) -> 3.0919069e+08 | KW54: =+SUM(KW55:KW72) -> 1.6521137e+09 | KX54: =+SUM(KX55:KX72) -> -4.4653012e+11 | KY54: =+SUM(KY55:KY72) -> -2.0610584e+11 | KZ54: =+SUM(KZ55:KZ72) -> 2.5219369e+14 | LA54: =+SUM(LA55:LA72) -> -4.232237e+13 | LB54: =+SUM(LB55:LB72) -> 4.8439477e+14 | LD54: SUM | LG54: =+SUM(LG55:LG518) -> 1120000 | LH54: {=+MAX(ABS(LH55:LH518))} -> 0.0032311969 | LI54: {=+MAX(ABS(LI55:LI518))} -> 25.5 | LJ54: =+SUM(LJ55:LJ518) -> 21576840 | LK54: =+SUM(LK55:LK518) -> 2.8997169e+09 | LL54: =+SUM(LL55:LL518) -> 1.12259e+09 | LN54: =+SUM(LN55:LN518) -> 9.061844e+09 | LO54: =+SUM(LO55:LO518) -> -3.1522016e+12 | LP54: =+SUM(LP55:LP518) -> -7.7953353e+11 | LQ54: =+SUM(LQ55:LQ518) -> 1.4275453e+15 | LR54: =+SUM(LR55:LR518) -> 1.9960602e+13 | LS54: =+SUM(LS55:LS518) -> 1.6656855e+15 | LT54: SUM | MB54: =+SUM(MB55:MB72) -> 3366081.8 | MC54: =+SUM(MC55:MC72) -> 8.1444907e+08 | MD54: =+SUM(MD55:MD72) -> 3.0919069e+08 | MF54: =+SUM(MF55:MF72) -> 1.6521137e+09 | MG54: =+SUM(MG55:MG72) -> -4.4653012e+11 | MH54: =+SUM(MH55:MH72) -> -2.0610584e+11 | MI54: =+SUM(MI55:MI72) -> 2.5219369e+14 | MJ54: =+SUM(MJ55:MJ72) -> -4.232237e+13 | MK54: =+SUM(MK55:MK72) -> 4.8439477e+14
A55: 1 | B55: -716.667 | C55: -416.667 | D55: 1250 | E55: =B$47+B$48*C55+B$49*B55 -> 0.0009016666 | F55: =+IF(E55>=0,IF(E55<=eco,1-(1-E55/eco)^n,1),0)*0.85*fck -> 17.809606 | G55: =+F55*D55 -> 22262.008 | H55: =+G55*C55 -> -9275844.1 | I55: =+G55*B55 -> -15954446 | J55: =IF(AND(E55>0,E55<eco),0.85*fck*n/eco*(1-E55/eco)^(n-1),0) -> 14003.751 | K55: =+J55*D55 -> 17504689 | L55: =+K55*C55 -> -7.2936261e+09 | M55: =+K55*B55 -> -1.2545033e+10 | N55: =+K55*C55*C55 -> 3.0390133e+12 | O55: =+K55*B55*C55 -> 5.2271011e+12 | P55: =+K55*B55^2 -> 8.9906109e+12 | Q55: 1 | R55: {=+TRANSPOSE('2D (15deg)'!$D$21:$U$21)} -> -400 | S55: {=+TRANSPOSE('2D (15deg)'!$D$22:$U$22)} -> 530 | T55: {=+TRANSPOSE('2D (15deg)'!$D$23:$U$23)^2*0.25*PI()} -> 804.24772 | U55: =B$47+B$48*S55+B$49*R55 -> 0.0010595 | V55: =U55*Es -> 211.9 | W55: =+IF(V55>=0,IF(U55<=eco,1-(1-U55/eco)^n,1),0)*0.85*fck -> 19.861056 | X55: =MAX(MIN(V55,fy),-fy)-IF(V55>=0,W55,0) -> 192.03894 | Y55: =+X55*T55 -> 154446.88 | Z55: =+Y55*S55 -> 81856848 | AA55: =+Y55*R55 -> -61778753 | AB55: =IF(ABS(U55*Es)<fy,Es,0)-IF(AND(U55>0,U55<eco),0.85*fck*n/eco*(1-U55/eco)^(n-1),0) -> 188008.62 | AC55: =+AB55*T55 -> 1.5120551e+08 | AD55: =+AC55*S55 -> 8.0138919e+10 | AE55: =+AC55*R55 -> -6.0482203e+10 | AF55: =+AC55*S55*S55 -> 4.2473627e+13 | AG55: =+AC55*R55*S55 -> -3.2055568e+13 | AH55: =+AC55*R55^2 -> 2.4192881e+13 | AJ55: 1 | AK55: -716.667 | AL55: -416.667 | AM55: 1250 | AN55: =AK$47+AK$48*AL55+AK$49*AK55 -> 0.00017827891 | AO55: =+IF(AN55>=0,IF(AN55<=eco,1-(1-AN55/eco)^n,1),0)*0.85*fck -> 4.3434931 | AP55: =+AO55*AM55 -> 5429.3664 | AQ55: =+AP55*AL55 -> -2262237.8 | AR55: =+AP55*AK55 -> -3891047.7 | AS55: =IF(AND(AN55>0,AN55<eco),0.85*fck*n/eco*(1-AN55/eco)^(n-1),0) -> 23226.944 | AT55: =+AS55*AM55 -> 29033680 | AU55: =+AT55*AL55 -> -1.2097376e+10 | AV55: =+AT55*AK55 -> -2.080748e+10 | AW55: =+AT55*AL55*AL55 -> 5.0405775e+12 | AX55: =+AT55*AK55*AL55 -> 8.6697904e+12 | AY55: =+AT55*AK55^2 -> 1.4912034e+13 | AZ55: 1 | BA55: {=+TRANSPOSE('2D (15deg)'!$D$21:$U$21)} -> -400 | BB55: {=+TRANSPOSE('2D (15deg)'!$D$22:$U$22)} -> 530 | BC55: {=+TRANSPOSE('2D (15deg)'!$D$23:$U$23)^2*0.25*PI()} -> 804.24772 | BD55: =AK$47+AK$48*BB55+AK$49*BA55 -> 0.001684457 | BE55: =BD55*Es -> 336.89139 | BF55: =+IF(BE55>=0,IF(BD55<=eco,1-(1-BD55/eco)^n,1),0)*0.85*fck -> 24.865258 | BG55: =MAX(MIN(BE55,fy),-fy)-IF(BE55>=0,BF55,0) -> 312.02613 | BH55: =+BG55*BC55 -> 250946.31 | BI55: =+BH55*BB55 -> 1.3300154e+08 | BJ55: =+BH55*BA55 -> -1.0037852e+08 | BK55: =IF(ABS(BD55*Es)<fy,Es,0)-IF(AND(BD55>0,BD55<eco),0.85*fck*n/eco*(1-BD55/eco)^(n-1),0) -> 195976.83 | BL55: =+BK55*BC55 -> 1.5761392e+08 | BM55: =+BL55*BB55 -> 8.3535375e+10 | BN55: =+BL55*BA55 -> -6.3045566e+10 | BO55: =+BL55*BB55*BB55 -> 4.4273749e+13 | BP55: =+BL55*BA55*BB55 -> -3.341415e+13 | BQ55: =+BL55*BA55^2 -> 2.5218226e+13 | BS55: 1 | BT55: -716.667 | BU55: -416.667 | BV55: 1250 | BW55: =BT$47+BT$48*BU55+BT$49*BT55 -> 0.00015897693 | BX55: =+IF(BW55>=0,IF(BW55<=eco,1-(1-BW55/eco)^n,1),0)*0.85*fck -> 3.8927921 | BY55: =+BX55*BV55 -> 4865.9901 | BZ55: =+BY55*BU55 -> -2027497.5 | CA55: =+BY55*BT55 -> -3487294.6 | CB55: =IF(AND(BW55>0,BW55<eco),0.85*fck*n/eco*(1-BW55/eco)^(n-1),0) -> 23473.044 | CC55: =+CB55*BV55 -> 29341305 | CD55: =+CC55*BU55 -> -1.2225554e+10 | CE55: =+CC55*BT55 -> -2.1027945e+10 | CF55: =+CC55*BU55*BU55 -> 5.0939847e+12 | CG55: =+CC55*BT55*BU55 -> 8.7616508e+12 | CH55: =+CC55*BT55^2 -> 1.5070034e+13 | CI55: 1 | CJ55: {=+TRANSPOSE('2D (15deg)'!$D$21:$U$21)} -> -400 | CK55: {=+TRANSPOSE('2D (15deg)'!$D$22:$U$22)} -> 530 | CL55: {=+TRANSPOSE('2D (15deg)'!$D$23:$U$23)^2*0.25*PI()} -> 804.24772 | CM55: =BT$47+BT$48*CK55+BT$49*CJ55 -> 0.0020343555 | CN55: =CM55*Es -> 406.8711 | CO55: =+IF(CN55>=0,IF(CM55<=eco,1-(1-CM55/eco)^n,1),0)*0.85*fck -> 25.5 | CP55: =MAX(MIN(CN55,fy),-fy)-IF(CN55>=0,CO55,0) -> 374.5 | CQ55: =+CP55*CL55 -> 301190.77 | CR55: =+CQ55*CK55 -> 1.5963111e+08 | CS55: =+CQ55*CJ55 -> -1.2047631e+08 | CT55: =IF(ABS(CM55*Es)<fy,Es,0)-IF(AND(CM55>0,CM55<eco),0.85*fck*n/eco*(1-CM55/eco)^(n-1),0) -> 0 | CU55: =+CT55*CL55 -> 0 | CV55: =+CU55*CK55 -> 0 | CW55: =+CU55*CJ55 -> 0 | CX55: =+CU55*CK55*CK55 -> 0 | CY55: =+CU55*CJ55*CK55 -> 0 | CZ55: =+CU55*CJ55^2 -> 0 | DB55: 1 | DC55: -716.667 | DD55: -416.667 | DE55: 1250 | DF55: =DC$47+DC$48*DD55+DC$49*DC55 -> 9.3505317e-05 | DG55: =+IF(DF55>=0,IF(DF55<=eco,1-(1-DF55/eco)^n,1),0)*0.85*fck -> 2.3286474 | DH55: =+DG55*DE55 -> 2910.8093 | DI55: =+DH55*DD55 -> -1212838.2 | DJ55: =+DH55*DC55 -> -2086080.9 | DK55: =IF(AND(DF55>0,DF55<eco),0.85*fck*n/eco*(1-DF55/eco)^(n-1),0) -> 24307.807 | DL55: =+DK55*DE55 -> 30384759 | DM55: =+DL55*DD55 -> -1.2660326e+10 | DN55: =+DL55*DC55 -> -2.1775754e+10 | DO55: =+DL55*DD55*DD55 -> 5.2751402e+12 | DP55: =+DL55*DC55*DD55 -> 9.0732381e+12 | DQ55: =+DL55*DC55^2 -> 1.5605964e+13 | DR55: 1 | DS55: {=+TRANSPOSE('2D (15deg)'!$D$21:$U$21)} -> -400 | DT55: {=+TRANSPOSE('2D (15deg)'!$D$22:$U$22)} -> 530 | DU55: {=+TRANSPOSE('2D (15deg)'!$D$23:$U$23)^2*0.25*PI()} -> 804.24772 | DV55: =DC$47+DC$48*DT55+DC$49*DS55 -> 0.0023845696 | DW55: =DV55*Es -> 476.91392 | DX55: =+IF(DW55>=0,IF(DV55<=eco,1-(1-DV55/eco)^n,1),0)*0.85*fck -> 25.5 | DY55: =MAX(MIN(DW55,fy),-fy)-IF(DW55>=0,DX55,0) -> 374.5 | DZ55: =+DY55*DU55 -> 301190.77 | EA55: =+DZ55*DT55 -> 1.5963111e+08 | EB55: =+DZ55*DS55 -> -1.2047631e+08 | EC55: =IF(ABS(DV55*Es)<fy,Es,0)-IF(AND(DV55>0,DV55<eco),0.85*fck*n/eco*(1-DV55/eco)^(n-1),0) -> 0 | ED55: =+EC55*DU55 -> 0 | EE55: =+ED55*DT55 -> 0 | EF55: =+ED55*DS55 -> 0 | EG55: =+ED55*DT55*DT55 -> 0 | EH55: =+ED55*DS55*DT55 -> 0 | EI55: =+ED55*DS55^2 -> 0 | EK55: 1 | EL55: -716.667 | EM55: -416.667 | EN55: 1250 | EO55: =EL$47+EL$48*EM55+EL$49*EL55 -> 6.9786829e-05 | EP55: =+IF(EO55>=0,IF(EO55<=eco,1-(1-EO55/eco)^n,1),0)*0.85*fck -> 1.7485166 | EQ55: =+EP55*EN55 -> 2185.6457 | ER55: =+EQ55*EM55 -> -910686.45 | ES55: =+EQ55*EL55 -> -1566380.2 | ET55: =IF(AND(EO55>0,EO55<eco),0.85*fck*n/eco*(1-EO55/eco)^(n-1),0) -> 24610.218 | EU55: =+ET55*EN55 -> 30762772 | EV55: =+EU55*EM55 -> -1.2817832e+10 | EW55: =+EU55*EL55 -> -2.2046664e+10 | EX55: =+EU55*EM55*EM55 -> 5.3407676e+12 | EY55: =+EU55*EL55*EM55 -> 9.1861173e+12 | EZ55: =+EU55*EL55^2 -> 1.5800116e+13 | FA55: 1 | FB55: {=+TRANSPOSE('2D (15deg)'!$D$21:$U$21)} -> -400 | FC55: {=+TRANSPOSE('2D (15deg)'!$D$22:$U$22)} -> 530 | FD55: {=+TRANSPOSE('2D (15deg)'!$D$23:$U$23)^2*0.25*PI()} -> 804.24772 | FE55: =EL$47+EL$48*FC55+EL$49*FB55 -> 0.0025164411 | FF55: =FE55*Es -> 503.28822 | FG55: =+IF(FF55>=0,IF(FE55<=eco,1-(1-FE55/eco)^n,1),0)*0.85*fck -> 25.5 | FH55: =MAX(MIN(FF55,fy),-fy)-IF(FF55>=0,FG55,0) -> 374.5 | FI55: =+FH55*FD55 -> 301190.77 | FJ55: =+FI55*FC55 -> 1.5963111e+08 | FK55: =+FI55*FB55 -> -1.2047631e+08 | FL55: =IF(ABS(FE55*Es)<fy,Es,0)-IF(AND(FE55>0,FE55<eco),0.85*fck*n/eco*(1-FE55/eco)^(n-1),0) -> 0 | FM55: =+FL55*FD55 -> 0 | FN55: =+FM55*FC55 -> 0 | FO55: =+FM55*FB55 -> 0 | FP55: =+FM55*FC55*FC55 -> 0 | FQ55: =+FM55*FB55*FC55 -> 0 | FR55: =+FM55*FB55^2 -> 0 | FT55: 1 | FU55: -716.667 | FV55: -416.667 | FW55: 1250 | FX55: =FU$47+FU$48*FV55+FU$49*FU55 -> 6.7890318e-05 | FY55: =+IF(FX55>=0,IF(FX55<=eco,1-(1-FX55/eco)^n,1),0)*0.85*fck -> 1.7018201 | FZ55: =+FY55*FW55 -> 2127.2752 | GA55: =+FZ55*FV55 -> -886365.36 | GB55: =+FZ55*FU55 -> -1524547.9 | GC55: =IF(AND(FX55>0,FX55<eco),0.85*fck*n/eco*(1-FX55/eco)^(n-1),0) -> 24634.398 | GD55: =+GC55*FW55 -> 30792998 | GE55: =+GD55*FV55 -> -1.2830426e+10 | GF55: =+GD55*FU55 -> -2.2068326e+10 | GG55: =+GD55*FV55*FV55 -> 5.3460152e+12 | GH55: =+GD55*FU55*FV55 -> 9.195143e+12 | GI55: =+GD55*FU55^2 -> 1.5815641e+13 | GJ55: 1 | GK55: {=+TRANSPOSE('2D (15deg)'!$D$21:$U$21)} -> -400 | GL55: {=+TRANSPOSE('2D (15deg)'!$D$22:$U$22)} -> 530 | GM55: {=+TRANSPOSE('2D (15deg)'!$D$23:$U$23)^2*0.25*PI()} -> 804.24772 | GN55: =FU$47+FU$48*GL55+FU$49*GK55 -> 0.0025264083 | GO55: =GN55*Es -> 505.28165 | GP55: =+IF(GO55>=0,IF(GN55<=eco,1-(1-GN55/eco)^n,1),0)*0.85*fck -> 25.5 | GQ55: =MAX(MIN(GO55,fy),-fy)-IF(GO55>=0,GP55,0) -> 374.5 | GR55: =+GQ55*GM55 -> 301190.77 | GS55: =+GR55*GL55 -> 1.5963111e+08 | GT55: =+GR55*GK55 -> -1.2047631e+08 | GU55: =IF(ABS(GN55*Es)<fy,Es,0)-IF(AND(GN55>0,GN55<eco),0.85*fck*n/eco*(1-GN55/eco)^(n-1),0) -> 0 | GV55: =+GU55*GM55 -> 0 | GW55: =+GV55*GL55 -> 0 | GX55: =+GV55*GK55 -> 0 | GY55: =+GV55*GL55*GL55 -> 0 | GZ55: =+GV55*GK55*GL55 -> 0 | HA55: =+GV55*GK55^2 -> 0 | HC55: 1 | HD55: -716.667 | HE55: -416.667 | HF55: 1250 | HG55: =HD$47+HD$48*HE55+HD$49*HD55 -> 6.7886015e-05 | HH55: =+IF(HG55>=0,IF(HG55<=eco,1-(1-HG55/eco)^n,1),0)*0.85*fck -> 1.7017141 | HI55: =+HH55*HF55 -> 2127.1426 | HJ55: =+HI55*HE55 -> -886310.14 | HK55: =+HI55*HD55 -> -1524452.9 | HL55: =IF(AND(HG55>0,HG55<eco),0.85*fck*n/eco*(1-HG55/eco)^(n-1),0) -> 24634.453 | HM55: =+HL55*HF55 -> 30793067 | HN55: =+HM55*HE55 -> -1.2830455e+10 | HO55: =+HM55*HD55 -> -2.2068375e+10 | HP55: =+HM55*HE55*HE55 -> 5.3460271e+12 | HQ55: =+HM55*HD55*HE55 -> 9.1951635e+12 | HR55: =+HM55*HD55^2 -> 1.5815676e+13 | HS55: 1 | HT55: {=+TRANSPOSE('2D (15deg)'!$D$21:$U$21)} -> -400 | HU55: {=+TRANSPOSE('2D (15deg)'!$D$22:$U$22)} -> 530 | HV55: {=+TRANSPOSE('2D (15deg)'!$D$23:$U$23)^2*0.25*PI()} -> 804.24772 | HW55: =HD$47+HD$48*HU55+HD$49*HT55 -> 0.0025264495 | HX55: =HW55*Es -> 505.2899 | HY55: =+IF(HX55>=0,IF(HW55<=eco,1-(1-HW55/eco)^n,1),0)*0.85*fck -> 25.5 | HZ55: =MAX(MIN(HX55,fy),-fy)-IF(HX55>=0,HY55,0) -> 374.5 | IA55: =+HZ55*HV55 -> 301190.77 | IB55: =+IA55*HU55 -> 1.5963111e+08 | IC55: =+IA55*HT55 -> -1.2047631e+08 | ID55: =IF(ABS(HW55*Es)<fy,Es,0)-IF(AND(HW55>0,HW55<eco),0.85*fck*n/eco*(1-HW55/eco)^(n-1),0) -> 0 | IE55: =+ID55*HV55 -> 0 | IF55: =+IE55*HU55 -> 0 | IG55: =+IE55*HT55 -> 0 | IH55: =+IE55*HU55*HU55 -> 0 | II55: =+IE55*HT55*HU55 -> 0 | IJ55: =+IE55*HT55^2 -> 0 | IL55: 1 | IM55: -716.667 | IN55: -416.667 | IO55: 1250 | IP55: =IM$47+IM$48*IN55+IM$49*IM55 -> 6.7886015e-05 | IQ55: =+IF(IP55>=0,IF(IP55<=eco,1-(1-IP55/eco)^n,1),0)*0.85*fck -> 1.7017141 | IR55: =+IQ55*IO55 -> 2127.1426 | IS55: =+IR55*IN55 -> -886310.14 | IT55: =+IR55*IM55 -> -1524452.9 | IU55: =IF(AND(IP55>0,IP55<eco),0.85*fck*n/eco*(1-IP55/eco)^(n-1),0) -> 24634.453 | IV55: =+IU55*IO55 -> 30793067 | IW55: =+IV55*IN55 -> -1.2830455e+10 | IX55: =+IV55*IM55 -> -2.2068375e+10 | IY55: =+IV55*IN55*IN55 -> 5.3460271e+12 | IZ55: =+IV55*IM55*IN55 -> 9.1951635e+12 | JA55: =+IV55*IM55^2 -> 1.5815676e+13 | JB55: 1 | JC55: {=+TRANSPOSE('2D (15deg)'!$D$21:$U$21)} -> -400 | JD55: {=+TRANSPOSE('2D (15deg)'!$D$22:$U$22)} -> 530 | JE55: {=+TRANSPOSE('2D (15deg)'!$D$23:$U$23)^2*0.25*PI()} -> 804.24772 | JF55: =IM$47+IM$48*JD55+IM$49*JC55 -> 0.0025264495 | JG55: =JF55*Es -> 505.2899 | JH55: =+IF(JG55>=0,IF(JF55<=eco,1-(1-JF55/eco)^n,1),0)*0.85*fck -> 25.5 | JI55: =MAX(MIN(JG55,fy),-fy)-IF(JG55>=0,JH55,0) -> 374.5 | JJ55: =+JI55*JE55 -> 301190.77 | JK55: =+JJ55*JD55 -> 1.5963111e+08 | JL55: =+JJ55*JC55 -> -1.2047631e+08 | JM55: =IF(ABS(JF55*Es)<fy,Es,0)-IF(AND(JF55>0,JF55<eco),0.85*fck*n/eco*(1-JF55/eco)^(n-1),0) -> 0 | JN55: =+JM55*JE55 -> 0 | JO55: =+JN55*JD55 -> 0 | JP55: =+JN55*JC55 -> 0 | JQ55: =+JN55*JD55*JD55 -> 0 | JR55: =+JN55*JC55*JD55 -> 0 | JS55: =+JN55*JC55^2 -> 0 | JU55: 1 | JV55: -716.667 | JW55: -416.667 | JX55: 1250 | JY55: =JV$47+JV$48*JW55+JV$49*JV55 -> 6.7886015e-05 | JZ55: =+IF(JY55>=0,IF(JY55<=eco,1-(1-JY55/eco)^n,1),0)*0.85*fck -> 1.7017141 | KA55: =+JZ55*JX55 -> 2127.1426 | KB55: =+KA55*JW55 -> -886310.14 | KC55: =+KA55*JV55 -> -1524452.9 | KD55: =IF(AND(JY55>0,JY55<eco),0.85*fck*n/eco*(1-JY55/eco)^(n-1),0) -> 24634.453 | KE55: =+KD55*JX55 -> 30793067 | KF55: =+KE55*JW55 -> -1.2830455e+10 | KG55: =+KE55*JV55 -> -2.2068375e+10 | KH55: =+KE55*JW55*JW55 -> 5.3460271e+12 | KI55: =+KE55*JV55*JW55 -> 9.1951635e+12 | KJ55: =+KE55*JV55^2 -> 1.5815676e+13 | KK55: 1 | KL55: {=+TRANSPOSE('2D (15deg)'!$D$21:$U$21)} -> -400 | KM55: {=+TRANSPOSE('2D (15deg)'!$D$22:$U$22)} -> 530 | KN55: {=+TRANSPOSE('2D (15deg)'!$D$23:$U$23)^2*0.25*PI()} -> 804.24772 | KO55: =JV$47+JV$48*KM55+JV$49*KL55 -> 0.0025264495 | KP55: =KO55*Es -> 505.2899 | KQ55: =+IF(KP55>=0,IF(KO55<=eco,1-(1-KO55/eco)^n,1),0)*0.85*fck -> 25.5 | KR55: =MAX(MIN(KP55,fy),-fy)-IF(KP55>=0,KQ55,0) -> 374.5 | KS55: =+KR55*KN55 -> 301190.77 | KT55: =+KS55*KM55 -> 1.5963111e+08 | KU55: =+KS55*KL55 -> -1.2047631e+08 | KV55: =IF(ABS(KO55*Es)<fy,Es,0)-IF(AND(KO55>0,KO55<eco),0.85*fck*n/eco*(1-KO55/eco)^(n-1),0) -> 0 | KW55: =+KV55*KN55 -> 0 | KX55: =+KW55*KM55 -> 0 | KY55: =+KW55*KL55 -> 0 | KZ55: =+KW55*KM55*KM55 -> 0 | LA55: =+KW55*KL55*KM55 -> 0 | LB55: =+KW55*KL55^2 -> 0 | LD55: 1 | LE55: -716.667 | LF55: -416.667 | LG55: 1250 | LH55: =LE$47+LE$48*LF55+LE$49*LE55 -> 6.7886015e-05 | LI55: =+IF(LH55>=0,IF(LH55<=eco,1-(1-LH55/eco)^n,1),0)*0.85*fck -> 1.7017141 | LJ55: =+LI55*LG55 -> 2127.1426 | LK55: =+LJ55*LF55 -> -886310.14 | LL55: =+LJ55*LE55 -> -1524452.9 | LM55: =IF(AND(LH55>0,LH55<eco),0.85*fck*n/eco*(1-LH55/eco)^(n-1),0) -> 24634.453 | LN55: =+LM55*LG55 -> 30793067 | LO55: =+LN55*LF55 -> -1.2830455e+10 | LP55: =+LN55*LE55 -> -2.2068375e+10 | LQ55: =+LN55*LF55*LF55 -> 5.3460271e+12 | LR55: =+LN55*LE55*LF55 -> 9.1951635e+12 | LS55: =+LN55*LE55^2 -> 1.5815676e+13 | LT55: 1 | LU55: {=+TRANSPOSE('2D (15deg)'!$D$21:$U$21)} -> -400 | LV55: {=+TRANSPOSE('2D (15deg)'!$D$22:$U$22)} -> 530 | LW55: {=+TRANSPOSE('2D (15deg)'!$D$23:$U$23)^2*0.25*PI()} -> 804.24772 | LX55: =LE$47+LE$48*LV55+LE$49*LU55 -> 0.0025264495 | LY55: =LX55*Es -> 505.2899 | LZ55: =+IF(LY55>=0,IF(LX55<=eco,1-(1-LX55/eco)^n,1),0)*0.85*fck -> 25.5 | MA55: =MAX(MIN(LY55,fy),-fy)-IF(LY55>=0,LZ55,0) -> 374.5 | MB55: =+MA55*LW55 -> 301190.77 | MC55: =+MB55*LV55 -> 1.5963111e+08 | MD55: =+MB55*LU55 -> -1.2047631e+08 | ME55: =IF(ABS(LX55*Es)<fy,Es,0)-IF(AND(LX55>0,LX55<eco),0.85*fck*n/eco*(1-LX55/eco)^(n-1),0) -> 0 | MF55: =+ME55*LW55 -> 0 | MG55: =+MF55*LV55 -> 0 | MH55: =+MF55*LU55 -> 0 | MI55: =+MF55*LV55*LV55 -> 0 | MJ55: =+MF55*LU55*LV55 -> 0 | MK55: =+MF55*LU55^2 -> 0
A56: 2 | B56: -725 | C56: -375 | D56: 2500 | E56: =B$47+B$48*C56+B$49*B56 -> 0.0009075 | F56: =+IF(E56>=0,IF(E56<=eco,1-(1-E56/eco)^n,1),0)*0.85*fck -> 17.891079 | G56: =+F56*D56 -> 44727.697 | H56: =+G56*C56 -> -16772886 | I56: =+G56*B56 -> -32427581 | J56: =IF(AND(E56>0,E56<eco),0.85*fck*n/eco*(1-E56/eco)^(n-1),0) -> 13929.375 | K56: =+J56*D56 -> 34823438 | L56: =+K56*C56 -> -1.3058789e+10 | M56: =+K56*B56 -> -2.5246992e+10 | N56: =+K56*C56*C56 -> 4.8970459e+12 | O56: =+K56*B56*C56 -> 9.4676221e+12 | P56: =+K56*B56^2 -> 1.8304069e+13 | Q56: 2 | R56: -200 | S56: 530 | T56: 804.24772 | U56: =B$47+B$48*S56+B$49*R56 -> 0.0010695 | V56: =U56*Es -> 213.9 | W56: =+IF(V56>=0,IF(U56<=eco,1-(1-U56/eco)^n,1),0)*0.85*fck -> 19.980332 | X56: =MAX(MIN(V56,fy),-fy)-IF(V56>=0,W56,0) -> 193.91967 | Y56: =+X56*T56 -> 155959.45 | Z56: =+Y56*S56 -> 82658509 | AA56: =+Y56*R56 -> -31191890 | AB56: =IF(ABS(U56*Es)<fy,Es,0)-IF(AND(U56>0,U56<eco),0.85*fck*n/eco*(1-U56/eco)^(n-1),0) -> 188136.12 | AC56: =+AB56*T56 -> 1.5130805e+08 | AD56: =+AC56*S56 -> 8.0193266e+10 | AE56: =+AC56*R56 -> -3.026161e+10 | AF56: =+AC56*S56*S56 -> 4.2502431e+13 | AG56: =+AC56*R56*S56 -> -1.6038653e+13 | AH56: =+AC56*R56^2 -> 6.052322e+12 | AJ56: 2 | AK56: -725 | AL56: -375 | AM56: 2500 | AN56: =AK$47+AK$48*AL56+AK$49*AK56 -> 0.00023530531 | AO56: =+IF(AN56>=0,IF(AN56<=eco,1-(1-AN56/eco)^n,1),0)*0.85*fck -> 5.6473107 | AP56: =+AO56*AM56 -> 14118.277 | AQ56: =+AP56*AL56 -> -5294353.8 | AR56: =+AP56*AK56 -> -10235751 | AS56: =IF(AND(AN56>0,AN56<eco),0.85*fck*n/eco*(1-AN56/eco)^(n-1),0) -> 22499.857 | AT56: =+AS56*AM56 -> 56249643 | AU56: =+AT56*AL56 -> -2.1093616e+10 | AV56: =+AT56*AK56 -> -4.0780991e+10 | AW56: =+AT56*AL56*AL56 -> 7.9101061e+12 | AX56: =+AT56*AK56*AL56 -> 1.5292872e+13 | AY56: =+AT56*AK56^2 -> 2.9566219e+13 | AZ56: 2 | BA56: -200 | BB56: 530 | BC56: 804.24772 | BD56: =AK$47+AK$48*BB56+AK$49*BA56 -> 0.0017676789 | BE56: =BD56*Es -> 353.53579 | BF56: =+IF(BE56>=0,IF(BD56<=eco,1-(1-BD56/eco)^n,1),0)*0.85*fck -> 25.155922 | BG56: =MAX(MIN(BE56,fy),-fy)-IF(BE56>=0,BF56,0) -> 328.37987 | BH56: =+BG56*BC56 -> 264098.76 | BI56: =+BH56*BB56 -> 1.3997234e+08 | BJ56: =+BH56*BA56 -> -52819752 | BK56: =IF(ABS(BD56*Es)<fy,Es,0)-IF(AND(BD56>0,BD56<eco),0.85*fck*n/eco*(1-BD56/eco)^(n-1),0) -> 197037.91 | BL56: =+BK56*BC56 -> 1.5846729e+08 | BM56: =+BL56*BB56 -> 8.3987662e+10 | BN56: =+BL56*BA56 -> -3.1693457e+10 | BO56: =+BL56*BB56*BB56 -> 4.4513461e+13 | BP56: =+BL56*BA56*BB56 -> -1.6797532e+13 | BQ56: =+BL56*BA56^2 -> 6.3386915e+12 | BS56: 2 | BT56: -725 | BU56: -375 | BV56: 2500 | BW56: =BT$47+BT$48*BU56+BT$49*BT56 -> 0.00022994914 | BX56: =+IF(BW56>=0,IF(BW56<=eco,1-(1-BW56/eco)^n,1),0)*0.85*fck -> 5.5266146 | BY56: =+BX56*BV56 -> 13816.537 | BZ56: =+BY56*BU56 -> -5181201.2 | CA56: =+BY56*BT56 -> -10016989 | CB56: =IF(AND(BW56>0,BW56<eco),0.85*fck*n/eco*(1-BW56/eco)^(n-1),0) -> 22568.149 | CC56: =+CB56*BV56 -> 56420371 | CD56: =+CC56*BU56 -> -2.1157639e+10 | CE56: =+CC56*BT56 -> -4.0904769e+10 | CF56: =+CC56*BU56*BU56 -> 7.9341147e+12 | CG56: =+CC56*BT56*BU56 -> 1.5339288e+13 | CH56: =+CC56*BT56^2 -> 2.9655958e+13 | CI56: 2 | CJ56: -200 | CK56: 530 | CL56: 804.24772 | CM56: =BT$47+BT$48*CK56+BT$49*CJ56 -> 0.0021382712 | CN56: =CM56*Es -> 427.65425 | CO56: =+IF(CN56>=0,IF(CM56<=eco,1-(1-CM56/eco)^n,1),0)*0.85*fck -> 25.5 | CP56: =MAX(MIN(CN56,fy),-fy)-IF(CN56>=0,CO56,0) -> 374.5 | CQ56: =+CP56*CL56 -> 301190.77 | CR56: =+CQ56*CK56 -> 1.5963111e+08 | CS56: =+CQ56*CJ56 -> -60238154 | CT56: =IF(ABS(CM56*Es)<fy,Es,0)-IF(AND(CM56>0,CM56<eco),0.85*fck*n/eco*(1-CM56/eco)^(n-1),0) -> 0 | CU56: =+CT56*CL56 -> 0 | CV56: =+CU56*CK56 -> 0 | CW56: =+CU56*CJ56 -> 0 | CX56: =+CU56*CK56*CK56 -> 0 | CY56: =+CU56*CJ56*CK56 -> 0 | CZ56: =+CU56*CJ56^2 -> 0 | DB56: 2 | DC56: -725 | DD56: -375 | DE56: 2500 | DF56: =DC$47+DC$48*DD56+DC$49*DC56 -> 0.00018091422 | DG56: =+IF(DF56>=0,IF(DF56<=eco,1-(1-DF56/eco)^n,1),0)*0.85*fck -> 4.4046591 | DH56: =+DG56*DE56 -> 11011.648 | DI56: =+DH56*DD56 -> -4129367.9 | DJ56: =+DH56*DC56 -> -7983444.7 | DK56: =IF(AND(DF56>0,DF56<eco),0.85*fck*n/eco*(1-DF56/eco)^(n-1),0) -> 23193.344 | DL56: =+DK56*DE56 -> 57983359 | DM56: =+DL56*DD56 -> -2.174376e+10 | DN56: =+DL56*DC56 -> -4.2037935e+10 | DO56: =+DL56*DD56*DD56 -> 8.1539099e+12 | DP56: =+DL56*DC56*DD56 -> 1.5764226e+13 | DQ56: =+DL56*DC56^2 -> 3.0477503e+13 | DR56: 2 | DS56: -200 | DT56: 530 | DU56: 804.24772 | DV56: =DC$47+DC$48*DT56+DC$49*DS56 -> 0.002505184 | DW56: =DV56*Es -> 501.0368 | DX56: =+IF(DW56>=0,IF(DV56<=eco,1-(1-DV56/eco)^n,1),0)*0.85*fck -> 25.5 | DY56: =MAX(MIN(DW56,fy),-fy)-IF(DW56>=0,DX56,0) -> 374.5 | DZ56: =+DY56*DU56 -> 301190.77 | EA56: =+DZ56*DT56 -> 1.5963111e+08 | EB56: =+DZ56*DS56 -> -60238154 | EC56: =IF(ABS(DV56*Es)<fy,Es,0)-IF(AND(DV56>0,DV56<eco),0.85*fck*n/eco*(1-DV56/eco)^(n-1),0) -> 0 | ED56: =+EC56*DU56 -> 0 | EE56: =+ED56*DT56 -> 0 | EF56: =+ED56*DS56 -> 0 | EG56: =+ED56*DT56*DT56 -> 0 | EH56: =+ED56*DS56*DT56 -> 0 | EI56: =+ED56*DS56^2 -> 0 | EK56: 2 | EL56: -725 | EM56: -375 | EN56: 2500 | EO56: =EL$47+EL$48*EM56+EL$49*EL56 -> 0.00016330939 | EP56: =+IF(EO56>=0,IF(EO56<=eco,1-(1-EO56/eco)^n,1),0)*0.85*fck -> 3.9943684 | EQ56: =+EP56*EN56 -> 9985.9209 | ER56: =+EQ56*EM56 -> -3744720.4 | ES56: =+EQ56*EL56 -> -7239792.7 | ET56: =IF(AND(EO56>0,EO56<eco),0.85*fck*n/eco*(1-EO56/eco)^(n-1),0) -> 23417.805 | EU56: =+ET56*EN56 -> 58544513 | EV56: =+EU56*EM56 -> -2.1954192e+10 | EW56: =+EU56*EL56 -> -4.2444772e+10 | EX56: =+EU56*EM56*EM56 -> 8.2328222e+12 | EY56: =+EU56*EL56*EM56 -> 1.591679e+13 | EZ56: =+EU56*EL56^2 -> 3.077246e+13 | FA56: 2 | FB56: -200 | FC56: 530 | FD56: 804.24772 | FE56: =EL$47+EL$48*FC56+EL$49*FB56 -> 0.002643652 | FF56: =FE56*Es -> 528.7304 | FG56: =+IF(FF56>=0,IF(FE56<=eco,1-(1-FE56/eco)^n,1),0)*0.85*fck -> 25.5 | FH56: =MAX(MIN(FF56,fy),-fy)-IF(FF56>=0,FG56,0) -> 374.5 | FI56: =+FH56*FD56 -> 301190.77 | FJ56: =+FI56*FC56 -> 1.5963111e+08 | FK56: =+FI56*FB56 -> -60238154 | FL56: =IF(ABS(FE56*Es)<fy,Es,0)-IF(AND(FE56>0,FE56<eco),0.85*fck*n/eco*(1-FE56/eco)^(n-1),0) -> 0 | FM56: =+FL56*FD56 -> 0 | FN56: =+FM56*FC56 -> 0 | FO56: =+FM56*FB56 -> 0 | FP56: =+FM56*FC56*FC56 -> 0 | FQ56: =+FM56*FB56*FC56 -> 0 | FR56: =+FM56*FB56^2 -> 0 | FT56: 2 | FU56: -725 | FV56: -375 | FW56: 2500 | FX56: =FU$47+FU$48*FV56+FU$49*FU56 -> 0.00016187762 | FY56: =+IF(FX56>=0,IF(FX56<=eco,1-(1-FX56/eco)^n,1),0)*0.85*fck -> 3.9608264 | FZ56: =+FY56*FW56 -> 9902.066 | GA56: =+FZ56*FV56 -> -3713274.7 | GB56: =+FZ56*FU56 -> -7178997.8 | GC56: =IF(AND(FX56>0,FX56<eco),0.85*fck*n/eco*(1-FX56/eco)^(n-1),0) -> 23436.06 | GD56: =+GC56*FW56 -> 58590151 | GE56: =+GD56*FV56 -> -2.1971307e+10 | GF56: =+GD56*FU56 -> -4.2477859e+10 | GG56: =+GD56*FV56*FV56 -> 8.23924e+12 | GH56: =+GD56*FU56*FV56 -> 1.5929197e+13 | GI56: =+GD56*FU56^2 -> 3.0796448e+13 | GJ56: 2 | GK56: -200 | GL56: 530 | GM56: 804.24772 | GN56: =FU$47+FU$48*GL56+FU$49*GK56 -> 0.0026541349 | GO56: =GN56*Es -> 530.82698 | GP56: =+IF(GO56>=0,IF(GN56<=eco,1-(1-GN56/eco)^n,1),0)*0.85*fck -> 25.5 | GQ56: =MAX(MIN(GO56,fy),-fy)-IF(GO56>=0,GP56,0) -> 374.5 | GR56: =+GQ56*GM56 -> 301190.77 | GS56: =+GR56*GL56 -> 1.5963111e+08 | GT56: =+GR56*GK56 -> -60238154 | GU56: =IF(ABS(GN56*Es)<fy,Es,0)-IF(AND(GN56>0,GN56<eco),0.85*fck*n/eco*(1-GN56/eco)^(n-1),0) -> 0 | GV56: =+GU56*GM56 -> 0 | GW56: =+GV56*GL56 -> 0 | GX56: =+GV56*GK56 -> 0 | GY56: =+GV56*GL56*GL56 -> 0 | GZ56: =+GV56*GK56*GL56 -> 0 | HA56: =+GV56*GK56^2 -> 0 | HC56: 2 | HD56: -725 | HE56: -375 | HF56: 2500 | HG56: =HD$47+HD$48*HE56+HD$49*HD56 -> 0.00016187513 | HH56: =+IF(HG56>=0,IF(HG56<=eco,1-(1-HG56/eco)^n,1),0)*0.85*fck -> 3.9607681 | HI56: =+HH56*HF56 -> 9901.9203 | HJ56: =+HI56*HE56 -> -3713220.1 | HK56: =+HI56*HD56 -> -7178892.2 | HL56: =IF(AND(HG56>0,HG56<eco),0.85*fck*n/eco*(1-HG56/eco)^(n-1),0) -> 23436.092 | HM56: =+HL56*HF56 -> 58590230 | HN56: =+HM56*HE56 -> -2.1971336e+10 | HO56: =+HM56*HD56 -> -4.2477917e+10 | HP56: =+HM56*HE56*HE56 -> 8.2392511e+12 | HQ56: =+HM56*HD56*HE56 -> 1.5929219e+13 | HR56: =+HM56*HD56^2 -> 3.079649e+13 | HS56: 2 | HT56: -200 | HU56: 530 | HV56: 804.24772 | HW56: =HD$47+HD$48*HU56+HD$49*HT56 -> 0.0026541778 | HX56: =HW56*Es -> 530.83556 | HY56: =+IF(HX56>=0,IF(HW56<=eco,1-(1-HW56/eco)^n,1),0)*0.85*fck -> 25.5 | HZ56: =MAX(MIN(HX56,fy),-fy)-IF(HX56>=0,HY56,0) -> 374.5 | IA56: =+HZ56*HV56 -> 301190.77 | IB56: =+IA56*HU56 -> 1.5963111e+08 | IC56: =+IA56*HT56 -> -60238154 | ID56: =IF(ABS(HW56*Es)<fy,Es,0)-IF(AND(HW56>0,HW56<eco),0.85*fck*n/eco*(1-HW56/eco)^(n-1),0) -> 0 | IE56: =+ID56*HV56 -> 0 | IF56: =+IE56*HU56 -> 0 | IG56: =+IE56*HT56 -> 0 | IH56: =+IE56*HU56*HU56 -> 0 | II56: =+IE56*HT56*HU56 -> 0 | IJ56: =+IE56*HT56^2 -> 0 | IL56: 2 | IM56: -725 | IN56: -375 | IO56: 2500 | IP56: =IM$47+IM$48*IN56+IM$49*IM56 -> 0.00016187513 | IQ56: =+IF(IP56>=0,IF(IP56<=eco,1-(1-IP56/eco)^n,1),0)*0.85*fck -> 3.9607681 | IR56: =+IQ56*IO56 -> 9901.9203 | IS56: =+IR56*IN56 -> -3713220.1 | IT56: =+IR56*IM56 -> -7178892.2 | IU56: =IF(AND(IP56>0,IP56<eco),0.85*fck*n/eco*(1-IP56/eco)^(n-1),0) -> 23436.092 | IV56: =+IU56*IO56 -> 58590230 | IW56: =+IV56*IN56 -> -2.1971336e+10 | IX56: =+IV56*IM56 -> -4.2477917e+10 | IY56: =+IV56*IN56*IN56 -> 8.2392511e+12 | IZ56: =+IV56*IM56*IN56 -> 1.5929219e+13 | JA56: =+IV56*IM56^2 -> 3.079649e+13 | JB56: 2 | JC56: -200 | JD56: 530 | JE56: 804.24772 | JF56: =IM$47+IM$48*JD56+IM$49*JC56 -> 0.0026541778 | JG56: =JF56*Es -> 530.83556 | JH56: =+IF(JG56>=0,IF(JF56<=eco,1-(1-JF56/eco)^n,1),0)*0.85*fck -> 25.5 | JI56: =MAX(MIN(JG56,fy),-fy)-IF(JG56>=0,JH56,0) -> 374.5 | JJ56: =+JI56*JE56 -> 301190.77 | JK56: =+JJ56*JD56 -> 1.5963111e+08 | JL56: =+JJ56*JC56 -> -60238154 | JM56: =IF(ABS(JF56*Es)<fy,Es,0)-IF(AND(JF56>0,JF56<eco),0.85*fck*n/eco*(1-JF56/eco)^(n-1),0) -> 0 | JN56: =+JM56*JE56 -> 0 | JO56: =+JN56*JD56 -> 0 | JP56: =+JN56*JC56 -> 0 | JQ56: =+JN56*JD56*JD56 -> 0 | JR56: =+JN56*JC56*JD56 -> 0 | JS56: =+JN56*JC56^2 -> 0 | JU56: 2 | JV56: -725 | JW56: -375 | JX56: 2500 | JY56: =JV$47+JV$48*JW56+JV$49*JV56 -> 0.00016187513 | JZ56: =+IF(JY56>=0,IF(JY56<=eco,1-(1-JY56/eco)^n,1),0)*0.85*fck -> 3.9607681 | KA56: =+JZ56*JX56 -> 9901.9203 | KB56: =+KA56*JW56 -> -3713220.1 | KC56: =+KA56*JV56 -> -7178892.2 | KD56: =IF(AND(JY56>0,JY56<eco),0.85*fck*n/eco*(1-JY56/eco)^(n-1),0) -> 23436.092 | KE56: =+KD56*JX56 -> 58590230 | KF56: =+KE56*JW56 -> -2.1971336e+10 | KG56: =+KE56*JV56 -> -4.2477917e+10 | KH56: =+KE56*JW56*JW56 -> 8.2392511e+12 | KI56: =+KE56*JV56*JW56 -> 1.5929219e+13 | KJ56: =+KE56*JV56^2 -> 3.079649e+13 | KK56: 2 | KL56: -200 | KM56: 530 | KN56: 804.24772 | KO56: =JV$47+JV$48*KM56+JV$49*KL56 -> 0.0026541778 | KP56: =KO56*Es -> 530.83556 | KQ56: =+IF(KP56>=0,IF(KO56<=eco,1-(1-KO56/eco)^n,1),0)*0.85*fck -> 25.5 | KR56: =MAX(MIN(KP56,fy),-fy)-IF(KP56>=0,KQ56,0) -> 374.5 | KS56: =+KR56*KN56 -> 301190.77 | KT56: =+KS56*KM56 -> 1.5963111e+08 | KU56: =+KS56*KL56 -> -60238154 | KV56: =IF(ABS(KO56*Es)<fy,Es,0)-IF(AND(KO56>0,KO56<eco),0.85*fck*n/eco*(1-KO56/eco)^(n-1),0) -> 0 | KW56: =+KV56*KN56 -> 0 | KX56: =+KW56*KM56 -> 0 | KY56: =+KW56*KL56 -> 0 | KZ56: =+KW56*KM56*KM56 -> 0 | LA56: =+KW56*KL56*KM56 -> 0 | LB56: =+KW56*KL56^2 -> 0 | LD56: 2 | LE56: -725 | LF56: -375 | LG56: 2500 | LH56: =LE$47+LE$48*LF56+LE$49*LE56 -> 0.00016187513 | LI56: =+IF(LH56>=0,IF(LH56<=eco,1-(1-LH56/eco)^n,1),0)*0.85*fck -> 3.9607681 | LJ56: =+LI56*LG56 -> 9901.9203 | LK56: =+LJ56*LF56 -> -3713220.1 | LL56: =+LJ56*LE56 -> -7178892.2 | LM56: =IF(AND(LH56>0,LH56<eco),0.85*fck*n/eco*(1-LH56/eco)^(n-1),0) -> 23436.092 | LN56: =+LM56*LG56 -> 58590230 | LO56: =+LN56*LF56 -> -2.1971336e+10 | LP56: =+LN56*LE56 -> -4.2477917e+10 | LQ56: =+LN56*LF56*LF56 -> 8.2392511e+12 | LR56: =+LN56*LE56*LF56 -> 1.5929219e+13 | LS56: =+LN56*LE56^2 -> 3.079649e+13 | LT56: 2 | LU56: -200 | LV56: 530 | LW56: 804.24772 | LX56: =LE$47+LE$48*LV56+LE$49*LU56 -> 0.0026541778 | LY56: =LX56*Es -> 530.83556 | LZ56: =+IF(LY56>=0,IF(LX56<=eco,1-(1-LX56/eco)^n,1),0)*0.85*fck -> 25.5 | MA56: =MAX(MIN(LY56,fy),-fy)-IF(LY56>=0,LZ56,0) -> 374.5 | MB56: =+MA56*LW56 -> 301190.77 | MC56: =+MB56*LV56 -> 1.5963111e+08 | MD56: =+MB56*LU56 -> -60238154 | ME56: =IF(ABS(LX56*Es)<fy,Es,0)-IF(AND(LX56>0,LX56<eco),0.85*fck*n/eco*(1-LX56/eco)^(n-1),0) -> 0 | MF56: =+ME56*LW56 -> 0 | MG56: =+MF56*LV56 -> 0 | MH56: =+MF56*LU56 -> 0 | MI56: =+MF56*LV56*LV56 -> 0 | MJ56: =+MF56*LU56*LV56 -> 0 | MK56: =+MF56*LU56^2 -> 0
A57: 3 | B57: -725 | C57: -325 | D57: 2500 | E57: =B$47+B$48*C57+B$49*B57 -> 0.000915 | F57: =+IF(E57>=0,IF(E57<=eco,1-(1-E57/eco)^n,1),0)*0.85*fck -> 17.995191 | G57: =+F57*D57 -> 44987.977 | H57: =+G57*C57 -> -14621092 | I57: =+G57*B57 -> -32616283 | J57: =IF(AND(E57>0,E57<eco),0.85*fck*n/eco*(1-E57/eco)^(n-1),0) -> 13833.75 | K57: =+J57*D57 -> 34584375 | L57: =+K57*C57 -> -11239921875 | M57: =+K57*B57 -> -25073671875 | N57: =+K57*C57*C57 -> 3652974609375 | O57: =+K57*B57*C57 -> 8148943359375 | P57: =+K57*B57^2 -> 18178412109375 | Q57: 3 | R57: 0 | S57: 530 | T57: 804.24772 | U57: =B$47+B$48*S57+B$49*R57 -> 0.0010795 | V57: =U57*Es -> 215.9 | W57: =+IF(V57>=0,IF(U57<=eco,1-(1-U57/eco)^n,1),0)*0.85*fck -> 20.098333 | X57: =MAX(MIN(V57,fy),-fy)-IF(V57>=0,W57,0) -> 195.80167 | Y57: =+X57*T57 -> 157473.04 | Z57: =+Y57*S57 -> 83460713 | AA57: =+Y57*R57 -> 0 | AB57: =IF(ABS(U57*Es)<fy,Es,0)-IF(AND(U57>0,U57<eco),0.85*fck*n/eco*(1-U57/eco)^(n-1),0) -> 188263.62 | AC57: =+AB57*T57 -> 1.5141059e+08 | AD57: =+AC57*S57 -> 8.0247613e+10 | AE57: =+AC57*R57 -> 0 | AF57: =+AC57*S57*S57 -> 4.2531235e+13 | AG57: =+AC57*R57*S57 -> 0 | AH57: =+AC57*R57^2 -> 0 | AJ57: 3 | AK57: -725 | AL57: -325 | AM57: 2500 | AN57: =AK$47+AK$48*AL57+AK$49*AK57 -> 0.00030789735 | AO57: =+IF(AN57>=0,IF(AN57<=eco,1-(1-AN57/eco)^n,1),0)*0.85*fck -> 7.2470275 | AP57: =+AO57*AM57 -> 18117.569 | AQ57: =+AP57*AL57 -> -5888209.8 | AR57: =+AP57*AK57 -> -13135237 | AS57: =IF(AND(AN57>0,AN57<eco),0.85*fck*n/eco*(1-AN57/eco)^(n-1),0) -> 21574.309 | AT57: =+AS57*AM57 -> 53935772 | AU57: =+AT57*AL57 -> -1.7529126e+10 | AV57: =+AT57*AK57 -> -3.9103435e+10 | AW57: =+AT57*AL57*AL57 -> 5.6969659e+12 | AX57: =+AT57*AK57*AL57 -> 1.2708616e+13 | AY57: =+AT57*AK57^2 -> 2.834999e+13 | AZ57: 3 | BA57: 0 | BB57: 530 | BC57: 804.24772 | BD57: =AK$47+AK$48*BB57+AK$49*BA57 -> 0.0018509009 | BE57: =BD57*Es -> 370.18018 | BF57: =+IF(BE57>=0,IF(BD57<=eco,1-(1-BD57/eco)^n,1),0)*0.85*fck -> 25.35828 | BG57: =MAX(MIN(BE57,fy),-fy)-IF(BE57>=0,BF57,0) -> 344.8219 | BH57: =+BG57*BC57 -> 277322.23 | BI57: =+BH57*BB57 -> 1.4698078e+08 | BJ57: =+BH57*BA57 -> 0 | BK57: =IF(ABS(BD57*Es)<fy,Es,0)-IF(AND(BD57>0,BD57<eco),0.85*fck*n/eco*(1-BD57/eco)^(n-1),0) -> 198098.99 | BL57: =+BK57*BC57 -> 1.5932066e+08 | BM57: =+BL57*BB57 -> 8.4439949e+10 | BN57: =+BL57*BA57 -> 0 | BO57: =+BL57*BB57*BB57 -> 4.4753173e+13 | BP57: =+BL57*BA57*BB57 -> 0 | BQ57: =+BL57*BA57^2 -> 0 | BS57: 3 | BT57: -725 | BU57: -325 | BV57: 2500 | BW57: =BT$47+BT$48*BU57+BT$49*BT57 -> 0.00032031064 | BX57: =+IF(BW57>=0,IF(BW57<=eco,1-(1-BW57/eco)^n,1),0)*0.85*fck -> 7.5138533 | BY57: =+BX57*BV57 -> 18784.633 | BZ57: =+BY57*BU57 -> -6105005.8 | CA57: =+BY57*BT57 -> -13618859 | CB57: =IF(AND(BW57>0,BW57<eco),0.85*fck*n/eco*(1-BW57/eco)^(n-1),0) -> 21416.039 | CC57: =+CB57*BV57 -> 53540098 | CD57: =+CC57*BU57 -> -1.7400532e+10 | CE57: =+CC57*BT57 -> -3.8816571e+10 | CF57: =+CC57*BU57*BU57 -> 5.6551729e+12 | CG57: =+CC57*BT57*BU57 -> 1.2615386e+13 | CH57: =+CC57*BT57^2 -> 2.8142014e+13 | CI57: 3 | CJ57: 0 | CK57: 530 | CL57: 804.24772 | CM57: =BT$47+BT$48*CK57+BT$49*CJ57 -> 0.002242187 | CN57: =CM57*Es -> 448.4374 | CO57: =+IF(CN57>=0,IF(CM57<=eco,1-(1-CM57/eco)^n,1),0)*0.85*fck -> 25.5 | CP57: =MAX(MIN(CN57,fy),-fy)-IF(CN57>=0,CO57,0) -> 374.5 | CQ57: =+CP57*CL57 -> 301190.77 | CR57: =+CQ57*CK57 -> 1.5963111e+08 | CS57: =+CQ57*CJ57 -> 0 | CT57: =IF(ABS(CM57*Es)<fy,Es,0)-IF(AND(CM57>0,CM57<eco),0.85*fck*n/eco*(1-CM57/eco)^(n-1),0) -> 0 | CU57: =+CT57*CL57 -> 0 | CV57: =+CU57*CK57 -> 0 | CW57: =+CU57*CJ57 -> 0 | CX57: =+CU57*CK57*CK57 -> 0 | CY57: =+CU57*CJ57*CK57 -> 0 | CZ57: =+CU57*CJ57^2 -> 0 | DB57: 3 | DC57: -725 | DD57: -325 | DE57: 2500 | DF57: =DC$47+DC$48*DD57+DC$49*DC57 -> 0.00029183449 | DG57: =+IF(DF57>=0,IF(DF57<=eco,1-(1-DF57/eco)^n,1),0)*0.85*fck -> 6.8988376 | DH57: =+DG57*DE57 -> 17247.094 | DI57: =+DH57*DD57 -> -5605305.6 | DJ57: =+DH57*DC57 -> -12504143 | DK57: =IF(AND(DF57>0,DF57<eco),0.85*fck*n/eco*(1-DF57/eco)^(n-1),0) -> 21779.11 | DL57: =+DK57*DE57 -> 54447775 | DM57: =+DL57*DD57 -> -1.7695527e+10 | DN57: =+DL57*DC57 -> -3.9474637e+10 | DO57: =+DL57*DD57*DD57 -> 5.7510463e+12 | DP57: =+DL57*DC57*DD57 -> 1.2829257e+13 | DQ57: =+DL57*DC57^2 -> 2.8619112e+13 | DR57: 3 | DS57: 0 | DT57: 530 | DU57: 804.24772 | DV57: =DC$47+DC$48*DT57+DC$49*DS57 -> 0.0026257984 | DW57: =DV57*Es -> 525.15968 | DX57: =+IF(DW57>=0,IF(DV57<=eco,1-(1-DV57/eco)^n,1),0)*0.85*fck -> 25.5 | DY57: =MAX(MIN(DW57,fy),-fy)-IF(DW57>=0,DX57,0) -> 374.5 | DZ57: =+DY57*DU57 -> 301190.77 | EA57: =+DZ57*DT57 -> 1.5963111e+08 | EB57: =+DZ57*DS57 -> 0 | EC57: =IF(ABS(DV57*Es)<fy,Es,0)-IF(AND(DV57>0,DV57<eco),0.85*fck*n/eco*(1-DV57/eco)^(n-1),0) -> 0 | ED57: =+EC57*DU57 -> 0 | EE57: =+ED57*DT57 -> 0 | EF57: =+ED57*DS57 -> 0 | EG57: =+ED57*DT57*DT57 -> 0 | EH57: =+ED57*DS57*DT57 -> 0 | EI57: =+ED57*DS57^2 -> 0 | EK57: 3 | EL57: -725 | EM57: -325 | EN57: 2500 | EO57: =EL$47+EL$48*EM57+EL$49*EL57 -> 0.0002818958 | EP57: =+IF(EO57>=0,IF(EO57<=eco,1-(1-EO57/eco)^n,1),0)*0.85*fck -> 6.6817519 | EQ57: =+EP57*EN57 -> 16704.38 | ER57: =+EQ57*EM57 -> -5428923.4 | ES57: =+EQ57*EL57 -> -12110675 | ET57: =IF(AND(EO57>0,EO57<eco),0.85*fck*n/eco*(1-EO57/eco)^(n-1),0) -> 21905.829 | EU57: =+ET57*EN57 -> 54764571 | EV57: =+EU57*EM57 -> -1.7798486e+10 | EW57: =+EU57*EL57 -> -3.9704314e+10 | EX57: =+EU57*EM57*EM57 -> 5.7845079e+12 | EY57: =+EU57*EL57*EM57 -> 1.2903902e+13 | EZ57: =+EU57*EL57^2 -> 2.8785628e+13 | FA57: 3 | FB57: 0 | FC57: 530 | FD57: 804.24772 | FE57: =EL$47+EL$48*FC57+EL$49*FB57 -> 0.0027708629 | FF57: =FE57*Es -> 554.17258 | FG57: =+IF(FF57>=0,IF(FE57<=eco,1-(1-FE57/eco)^n,1),0)*0.85*fck -> 25.5 | FH57: =MAX(MIN(FF57,fy),-fy)-IF(FF57>=0,FG57,0) -> 374.5 | FI57: =+FH57*FD57 -> 301190.77 | FJ57: =+FI57*FC57 -> 1.5963111e+08 | FK57: =+FI57*FB57 -> 0 | FL57: =IF(ABS(FE57*Es)<fy,Es,0)-IF(AND(FE57>0,FE57<eco),0.85*fck*n/eco*(1-FE57/eco)^(n-1),0) -> 0 | FM57: =+FL57*FD57 -> 0 | FN57: =+FM57*FC57 -> 0 | FO57: =+FM57*FB57 -> 0 | FP57: =+FM57*FC57*FC57 -> 0 | FQ57: =+FM57*FB57*FC57 -> 0 | FR57: =+FM57*FB57^2 -> 0 | FT57: 3 | FU57: -725 | FV57: -325 | FW57: 2500 | FX57: =FU$47+FU$48*FV57+FU$49*FU57 -> 0.0002810475 | FY57: =+IF(FX57>=0,IF(FX57<=eco,1-(1-FX57/eco)^n,1),0)*0.85*fck -> 6.6631646 | FZ57: =+FY57*FW57 -> 16657.911 | GA57: =+FZ57*FV57 -> -5413821.2 | GB57: =+FZ57*FU57 -> -12076986 | GC57: =IF(AND(FX57>0,FX57<eco),0.85*fck*n/eco*(1-FX57/eco)^(n-1),0) -> 21916.644 | GD57: =+GC57*FW57 -> 54791611 | GE57: =+GD57*FV57 -> -1.7807274e+10 | GF57: =+GD57*FU57 -> -3.9723918e+10 | GG57: =+GD57*FV57*FV57 -> 5.7873639e+12 | GH57: =+GD57*FU57*FV57 -> 1.2910273e+13 | GI57: =+GD57*FU57^2 -> 2.8799841e+13 | GJ57: 3 | GK57: 0 | GL57: 530 | GM57: 804.24772 | GN57: =FU$47+FU$48*GL57+FU$49*GK57 -> 0.0027818616 | GO57: =GN57*Es -> 556.37231 | GP57: =+IF(GO57>=0,IF(GN57<=eco,1-(1-GN57/eco)^n,1),0)*0.85*fck -> 25.5 | GQ57: =MAX(MIN(GO57,fy),-fy)-IF(GO57>=0,GP57,0) -> 374.5 | GR57: =+GQ57*GM57 -> 301190.77 | GS57: =+GR57*GL57 -> 1.5963111e+08 | GT57: =+GR57*GK57 -> 0 | GU57: =IF(ABS(GN57*Es)<fy,Es,0)-IF(AND(GN57>0,GN57<eco),0.85*fck*n/eco*(1-GN57/eco)^(n-1),0) -> 0 | GV57: =+GU57*GM57 -> 0 | GW57: =+GV57*GL57 -> 0 | GX57: =+GV57*GK57 -> 0 | GY57: =+GV57*GL57*GL57 -> 0 | GZ57: =+GV57*GK57*GL57 -> 0 | HA57: =+GV57*GK57^2 -> 0 | HC57: 3 | HD57: -725 | HE57: -325 | HF57: 2500 | HG57: =HD$47+HD$48*HE57+HD$49*HD57 -> 0.00028104727 | HH57: =+IF(HG57>=0,IF(HG57<=eco,1-(1-HG57/eco)^n,1),0)*0.85*fck -> 6.6631597 | HI57: =+HH57*HF57 -> 16657.899 | HJ57: =+HI57*HE57 -> -5413817.3 | HK57: =+HI57*HD57 -> -12076977 | HL57: =IF(AND(HG57>0,HG57<eco),0.85*fck*n/eco*(1-HG57/eco)^(n-1),0) -> 21916.647 | HM57: =+HL57*HF57 -> 54791618 | HN57: =+HM57*HE57 -> -1.7807276e+10 | HO57: =+HM57*HD57 -> -3.9723923e+10 | HP57: =+HM57*HE57*HE57 -> 5.7873647e+12 | HQ57: =+HM57*HD57*HE57 -> 1.2910275e+13 | HR57: =+HM57*HD57^2 -> 2.8799844e+13 | HS57: 3 | HT57: 0 | HU57: 530 | HV57: 804.24772 | HW57: =HD$47+HD$48*HU57+HD$49*HT57 -> 0.0027819061 | HX57: =HW57*Es -> 556.38122 | HY57: =+IF(HX57>=0,IF(HW57<=eco,1-(1-HW57/eco)^n,1),0)*0.85*fck -> 25.5 | HZ57: =MAX(MIN(HX57,fy),-fy)-IF(HX57>=0,HY57,0) -> 374.5 | IA57: =+HZ57*HV57 -> 301190.77 | IB57: =+IA57*HU57 -> 1.5963111e+08 | IC57: =+IA57*HT57 -> 0 | ID57: =IF(ABS(HW57*Es)<fy,Es,0)-IF(AND(HW57>0,HW57<eco),0.85*fck*n/eco*(1-HW57/eco)^(n-1),0) -> 0 | IE57: =+ID57*HV57 -> 0 | IF57: =+IE57*HU57 -> 0 | IG57: =+IE57*HT57 -> 0 | IH57: =+IE57*HU57*HU57 -> 0 | II57: =+IE57*HT57*HU57 -> 0 | IJ57: =+IE57*HT57^2 -> 0 | IL57: 3 | IM57: -725 | IN57: -325 | IO57: 2500 | IP57: =IM$47+IM$48*IN57+IM$49*IM57 -> 0.00028104727 | IQ57: =+IF(IP57>=0,IF(IP57<=eco,1-(1-IP57/eco)^n,1),0)*0.85*fck -> 6.6631597 | IR57: =+IQ57*IO57 -> 16657.899 | IS57: =+IR57*IN57 -> -5413817.3 | IT57: =+IR57*IM57 -> -12076977 | IU57: =IF(AND(IP57>0,IP57<eco),0.85*fck*n/eco*(1-IP57/eco)^(n-1),0) -> 21916.647 | IV57: =+IU57*IO57 -> 54791618 | IW57: =+IV57*IN57 -> -1.7807276e+10 | IX57: =+IV57*IM57 -> -3.9723923e+10 | IY57: =+IV57*IN57*IN57 -> 5.7873647e+12 | IZ57: =+IV57*IM57*IN57 -> 1.2910275e+13 | JA57: =+IV57*IM57^2 -> 2.8799844e+13 | JB57: 3 | JC57: 0 | JD57: 530 | JE57: 804.24772 | JF57: =IM$47+IM$48*JD57+IM$49*JC57 -> 0.0027819061 | JG57: =JF57*Es -> 556.38122 | JH57: =+IF(JG57>=0,IF(JF57<=eco,1-(1-JF57/eco)^n,1),0)*0.85*fck -> 25.5 | JI57: =MAX(MIN(JG57,fy),-fy)-IF(JG57>=0,JH57,0) -> 374.5 | JJ57: =+JI57*JE57 -> 301190.77 | JK57: =+JJ57*JD57 -> 1.5963111e+08 | JL57: =+JJ57*JC57 -> 0 | JM57: =IF(ABS(JF57*Es)<fy,Es,0)-IF(AND(JF57>0,JF57<eco),0.85*fck*n/eco*(1-JF57/eco)^(n-1),0) -> 0 | JN57: =+JM57*JE57 -> 0 | JO57: =+JN57*JD57 -> 0 | JP57: =+JN57*JC57 -> 0 | JQ57: =+JN57*JD57*JD57 -> 0 | JR57: =+JN57*JC57*JD57 -> 0 | JS57: =+JN57*JC57^2 -> 0 | JU57: 3 | JV57: -725 | JW57: -325 | JX57: 2500 | JY57: =JV$47+JV$48*JW57+JV$49*JV57 -> 0.00028104727 | JZ57: =+IF(JY57>=0,IF(JY57<=eco,1-(1-JY57/eco)^n,1),0)*0.85*fck -> 6.6631597 | KA57: =+JZ57*JX57 -> 16657.899 | KB57: =+KA57*JW57 -> -5413817.3 | KC57: =+KA57*JV57 -> -12076977 | KD57: =IF(AND(JY57>0,JY57<eco),0.85*fck*n/eco*(1-JY57/eco)^(n-1),0) -> 21916.647 | KE57: =+KD57*JX57 -> 54791618 | KF57: =+KE57*JW57 -> -1.7807276e+10 | KG57: =+KE57*JV57 -> -3.9723923e+10 | KH57: =+KE57*JW57*JW57 -> 5.7873647e+12 | KI57: =+KE57*JV57*JW57 -> 1.2910275e+13 | KJ57: =+KE57*JV57^2 -> 2.8799844e+13 | KK57: 3 | KL57: 0 | KM57: 530 | KN57: 804.24772 | KO57: =JV$47+JV$48*KM57+JV$49*KL57 -> 0.0027819061 | KP57: =KO57*Es -> 556.38122 | KQ57: =+IF(KP57>=0,IF(KO57<=eco,1-(1-KO57/eco)^n,1),0)*0.85*fck -> 25.5 | KR57: =MAX(MIN(KP57,fy),-fy)-IF(KP57>=0,KQ57,0) -> 374.5 | KS57: =+KR57*KN57 -> 301190.77 | KT57: =+KS57*KM57 -> 1.5963111e+08 | KU57: =+KS57*KL57 -> 0 | KV57: =IF(ABS(KO57*Es)<fy,Es,0)-IF(AND(KO57>0,KO57<eco),0.85*fck*n/eco*(1-KO57/eco)^(n-1),0) -> 0 | KW57: =+KV57*KN57 -> 0 | KX57: =+KW57*KM57 -> 0 | KY57: =+KW57*KL57 -> 0 | KZ57: =+KW57*KM57*KM57 -> 0 | LA57: =+KW57*KL57*KM57 -> 0 | LB57: =+KW57*KL57^2 -> 0 | LD57: 3 | LE57: -725 | LF57: -325 | LG57: 2500 | LH57: =LE$47+LE$48*LF57+LE$49*LE57 -> 0.00028104727 | LI57: =+IF(LH57>=0,IF(LH57<=eco,1-(1-LH57/eco)^n,1),0)*0.85*fck -> 6.6631597 | LJ57: =+LI57*LG57 -> 16657.899 | LK57: =+LJ57*LF57 -> -5413817.3 | LL57: =+LJ57*LE57 -> -12076977 | LM57: =IF(AND(LH57>0,LH57<eco),0.85*fck*n/eco*(1-LH57/eco)^(n-1),0) -> 21916.647 | LN57: =+LM57*LG57 -> 54791618 | LO57: =+LN57*LF57 -> -1.7807276e+10 | LP57: =+LN57*LE57 -> -3.9723923e+10 | LQ57: =+LN57*LF57*LF57 -> 5.7873647e+12 | LR57: =+LN57*LE57*LF57 -> 1.2910275e+13 | LS57: =+LN57*LE57^2 -> 2.8799844e+13 | LT57: 3 | LU57: 0 | LV57: 530 | LW57: 804.24772 | LX57: =LE$47+LE$48*LV57+LE$49*LU57 -> 0.0027819061 | LY57: =LX57*Es -> 556.38122 | LZ57: =+IF(LY57>=0,IF(LX57<=eco,1-(1-LX57/eco)^n,1),0)*0.85*fck -> 25.5 | MA57: =MAX(MIN(LY57,fy),-fy)-IF(LY57>=0,LZ57,0) -> 374.5 | MB57: =+MA57*LW57 -> 301190.77 | MC57: =+MB57*LV57 -> 1.5963111e+08 | MD57: =+MB57*LU57 -> 0 | ME57: =IF(ABS(LX57*Es)<fy,Es,0)-IF(AND(LX57>0,LX57<eco),0.85*fck*n/eco*(1-LX57/eco)^(n-1),0) -> 0 | MF57: =+ME57*LW57 -> 0 | MG57: =+MF57*LV57 -> 0 | MH57: =+MF57*LU57 -> 0 | MI57: =+MF57*LV57*LV57 -> 0 | MJ57: =+MF57*LU57*LV57 -> 0 | MK57: =+MF57*LU57^2 -> 0
A58: 4 | B58: -725 | C58: -275 | D58: 2500 | E58: =B$47+B$48*C58+B$49*B58 -> 0.0009225 | F58: =+IF(E58>=0,IF(E58<=eco,1-(1-E58/eco)^n,1),0)*0.85*fck -> 18.098585 | G58: =+F58*D58 -> 45246.463 | H58: =+G58*C58 -> -12442777 | I58: =+G58*B58 -> -32803686 | J58: =IF(AND(E58>0,E58<eco),0.85*fck*n/eco*(1-E58/eco)^(n-1),0) -> 13738.125 | K58: =+J58*D58 -> 34345313 | L58: =+K58*C58 -> -9.4449609e+09 | M58: =+K58*B58 -> -2.4900352e+10 | N58: =+K58*C58*C58 -> 2.5973643e+12 | O58: =+K58*B58*C58 -> 6.8475967e+12 | P58: =+K58*B58^2 -> 1.8052755e+13 | Q58: 4 | R58: 200 | S58: 530 | T58: 804.24772 | U58: =B$47+B$48*S58+B$49*R58 -> 0.0010895 | V58: =U58*Es -> 217.9 | W58: =+IF(V58>=0,IF(U58<=eco,1-(1-U58/eco)^n,1),0)*0.85*fck -> 20.21506 | X58: =MAX(MIN(V58,fy),-fy)-IF(V58>=0,W58,0) -> 197.68494 | Y58: =+X58*T58 -> 158987.66 | Z58: =+Y58*S58 -> 84263461 | AA58: =+Y58*R58 -> 31797532 | AB58: =IF(ABS(U58*Es)<fy,Es,0)-IF(AND(U58>0,U58<eco),0.85*fck*n/eco*(1-U58/eco)^(n-1),0) -> 188391.12 | AC58: =+AB58*T58 -> 1.5151313e+08 | AD58: =+AC58*S58 -> 8.030196e+10 | AE58: =+AC58*R58 -> 3.0302627e+10 | AF58: =+AC58*S58*S58 -> 4.2560039e+13 | AG58: =+AC58*R58*S58 -> 1.6060392e+13 | AH58: =+AC58*R58^2 -> 6.0605253e+12 | AJ58: 4 | AK58: -725 | AL58: -275 | AM58: 2500 | AN58: =AK$47+AK$48*AL58+AK$49*AK58 -> 0.00038048939 | AO58: =+IF(AN58>=0,IF(AN58<=eco,1-(1-AN58/eco)^n,1),0)*0.85*fck -> 8.7795569 | AP58: =+AO58*AM58 -> 21948.892 | AQ58: =+AP58*AL58 -> -6035945.3 | AR58: =+AP58*AK58 -> -15912947 | AS58: =IF(AND(AN58>0,AN58<eco),0.85*fck*n/eco*(1-AN58/eco)^(n-1),0) -> 20648.76 | AT58: =+AS58*AM58 -> 51621901 | AU58: =+AT58*AL58 -> -1.4196023e+10 | AV58: =+AT58*AK58 -> -3.7425878e+10 | AW58: =+AT58*AL58*AL58 -> 3.9039062e+12 | AX58: =+AT58*AK58*AL58 -> 1.0292116e+13 | AY58: =+AT58*AK58^2 -> 2.7133762e+13 | AZ58: 4 | BA58: 200 | BB58: 530 | BC58: 804.24772 | BD58: =AK$47+AK$48*BB58+AK$49*BA58 -> 0.0019341229 | BE58: =BD58*Es -> 386.82458 | BF58: =+IF(BE58>=0,IF(BD58<=eco,1-(1-BD58/eco)^n,1),0)*0.85*fck -> 25.472334 | BG58: =MAX(MIN(BE58,fy),-fy)-IF(BE58>=0,BF58,0) -> 361.35225 | BH58: =+BG58*BC58 -> 290616.72 | BI58: =+BH58*BB58 -> 1.5402686e+08 | BJ58: =+BH58*BA58 -> 58123344 | BK58: =IF(ABS(BD58*Es)<fy,Es,0)-IF(AND(BD58>0,BD58<eco),0.85*fck*n/eco*(1-BD58/eco)^(n-1),0) -> 199160.07 | BL58: =+BK58*BC58 -> 1.6017403e+08 | BM58: =+BL58*BB58 -> 8.4892236e+10 | BN58: =+BL58*BA58 -> 3.2034806e+10 | BO58: =+BL58*BB58*BB58 -> 4.4992885e+13 | BP58: =+BL58*BA58*BB58 -> 1.6978447e+13 | BQ58: =+BL58*BA58^2 -> 6.4069612e+12 | BS58: 4 | BT58: -725 | BU58: -275 | BV58: 2500 | BW58: =BT$47+BT$48*BU58+BT$49*BT58 -> 0.00041067214 | BX58: =+IF(BW58>=0,IF(BW58<=eco,1-(1-BW58/eco)^n,1),0)*0.85*fck -> 9.3969856 | BY58: =+BX58*BV58 -> 23492.464 | BZ58: =+BY58*BU58 -> -6460427.6 | CA58: =+BY58*BT58 -> -17032036 | CB58: =IF(AND(BW58>0,BW58<eco),0.85*fck*n/eco*(1-BW58/eco)^(n-1),0) -> 20263.93 | CC58: =+CB58*BV58 -> 50659825 | CD58: =+CC58*BU58 -> -1.3931452e+10 | CE58: =+CC58*BT58 -> -3.6728373e+10 | CF58: =+CC58*BU58*BU58 -> 3.8311493e+12 | CG58: =+CC58*BT58*BU58 -> 1.0100303e+13 | CH58: =+CC58*BT58^2 -> 2.6628071e+13 | CI58: 4 | CJ58: 200 | CK58: 530 | CL58: 804.24772 | CM58: =BT$47+BT$48*CK58+BT$49*CJ58 -> 0.0023461028 | CN58: =CM58*Es -> 469.22056 | CO58: =+IF(CN58>=0,IF(CM58<=eco,1-(1-CM58/eco)^n,1),0)*0.85*fck -> 25.5 | CP58: =MAX(MIN(CN58,fy),-fy)-IF(CN58>=0,CO58,0) -> 374.5 | CQ58: =+CP58*CL58 -> 301190.77 | CR58: =+CQ58*CK58 -> 1.5963111e+08 | CS58: =+CQ58*CJ58 -> 60238154 | CT58: =IF(ABS(CM58*Es)<fy,Es,0)-IF(AND(CM58>0,CM58<eco),0.85*fck*n/eco*(1-CM58/eco)^(n-1),0) -> 0 | CU58: =+CT58*CL58 -> 0 | CV58: =+CU58*CK58 -> 0 | CW58: =+CU58*CJ58 -> 0 | CX58: =+CU58*CK58*CK58 -> 0 | CY58: =+CU58*CJ58*CK58 -> 0 | CZ58: =+CU58*CJ58^2 -> 0 | DB58: 4 | DC58: -725 | DD58: -275 | DE58: 2500 | DF58: =DC$47+DC$48*DD58+DC$49*DC58 -> 0.00040275477 | DG58: =+IF(DF58>=0,IF(DF58<=eco,1-(1-DF58/eco)^n,1),0)*0.85*fck -> 9.2361489 | DH58: =+DG58*DE58 -> 23090.372 | DI58: =+DH58*DD58 -> -6349852.4 | DJ58: =+DH58*DC58 -> -16740520 | DK58: =IF(AND(DF58>0,DF58<eco),0.85*fck*n/eco*(1-DF58/eco)^(n-1),0) -> 20364.877 | DL58: =+DK58*DE58 -> 50912192 | DM58: =+DL58*DD58 -> -1.4000853e+10 | DN58: =+DL58*DC58 -> -3.6911339e+10 | DO58: =+DL58*DD58*DD58 -> 3.8502345e+12 | DP58: =+DL58*DC58*DD58 -> 1.0150618e+13 | DQ58: =+DL58*DC58^2 -> 2.6760721e+13 | DR58: 4 | DS58: 200 | DT58: 530 | DU58: 804.24772 | DV58: =DC$47+DC$48*DT58+DC$49*DS58 -> 0.0027464128 | DW58: =DV58*Es -> 549.28256 | DX58: =+IF(DW58>=0,IF(DV58<=eco,1-(1-DV58/eco)^n,1),0)*0.85*fck -> 25.5 | DY58: =MAX(MIN(DW58,fy),-fy)-IF(DW58>=0,DX58,0) -> 374.5 | DZ58: =+DY58*DU58 -> 301190.77 | EA58: =+DZ58*DT58 -> 1.5963111e+08 | EB58: =+DZ58*DS58 -> 60238154 | EC58: =IF(ABS(DV58*Es)<fy,Es,0)-IF(AND(DV58>0,DV58<eco),0.85*fck*n/eco*(1-DV58/eco)^(n-1),0) -> 0 | ED58: =+EC58*DU58 -> 0 | EE58: =+ED58*DT58 -> 0 | EF58: =+ED58*DS58 -> 0 | EG58: =+ED58*DT58*DT58 -> 0 | EH58: =+ED58*DS58*DT58 -> 0 | EI58: =+ED58*DS58^2 -> 0 | EK58: 4 | EL58: -725 | EM58: -275 | EN58: 2500 | EO58: =EL$47+EL$48*EM58+EL$49*EL58 -> 0.00040048221 | EP58: =+IF(EO58>=0,IF(EO58<=eco,1-(1-EO58/eco)^n,1),0)*0.85*fck -> 9.1898355 | EQ58: =+EP58*EN58 -> 22974.589 | ER58: =+EQ58*EM58 -> -6318011.9 | ES58: =+EQ58*EL58 -> -16656577 | ET58: =IF(AND(EO58>0,EO58<eco),0.85*fck*n/eco*(1-EO58/eco)^(n-1),0) -> 20393.852 | EU58: =+ET58*EN58 -> 50984630 | EV58: =+EU58*EM58 -> -1.4020773e+10 | EW58: =+EU58*EL58 -> -3.6963857e+10 | EX58: =+EU58*EM58*EM58 -> 3.8557126e+12 | EY58: =+EU58*EL58*EM58 -> 1.0165061e+13 | EZ58: =+EU58*EL58^2 -> 2.6798796e+13 | FA58: 4 | FB58: 200 | FC58: 530 | FD58: 804.24772 | FE58: =EL$47+EL$48*FC58+EL$49*FB58 -> 0.0028980738 | FF58: =FE58*Es -> 579.61476 | FG58: =+IF(FF58>=0,IF(FE58<=eco,1-(1-FE58/eco)^n,1),0)*0.85*fck -> 25.5 | FH58: =MAX(MIN(FF58,fy),-fy)-IF(FF58>=0,FG58,0) -> 374.5 | FI58: =+FH58*FD58 -> 301190.77 | FJ58: =+FI58*FC58 -> 1.5963111e+08 | FK58: =+FI58*FB58 -> 60238154 | FL58: =IF(ABS(FE58*Es)<fy,Es,0)-IF(AND(FE58>0,FE58<eco),0.85*fck*n/eco*(1-FE58/eco)^(n-1),0) -> 0 | FM58: =+FL58*FD58 -> 0 | FN58: =+FM58*FC58 -> 0 | FO58: =+FM58*FB58 -> 0 | FP58: =+FM58*FC58*FC58 -> 0 | FQ58: =+FM58*FB58*FC58 -> 0 | FR58: =+FM58*FB58^2 -> 0 | FT58: 4 | FU58: -725 | FV58: -275 | FW58: 2500 | FX58: =FU$47+FU$48*FV58+FU$49*FU58 -> 0.00040021738 | FY58: =+IF(FX58>=0,IF(FX58<=eco,1-(1-FX58/eco)^n,1),0)*0.85*fck -> 9.1844342 | FZ58: =+FY58*FW58 -> 22961.085 | GA58: =+FZ58*FV58 -> -6314298.5 | GB58: =+FZ58*FU58 -> -16646787 | GC58: =IF(AND(FX58>0,FX58<eco),0.85*fck*n/eco*(1-FX58/eco)^(n-1),0) -> 20397.228 | GD58: =+GC58*FW58 -> 50993071 | GE58: =+GD58*FV58 -> -1.4023095e+10 | GF58: =+GD58*FU58 -> -3.6969977e+10 | GG58: =+GD58*FV58*FV58 -> 3.856351e+12 | GH58: =+GD58*FU58*FV58 -> 1.0166744e+13 | GI58: =+GD58*FU58^2 -> 2.6803233e+13 | GJ58: 4 | GK58: 200 | GL58: 530 | GM58: 804.24772 | GN58: =FU$47+FU$48*GL58+FU$49*GK58 -> 0.0029095882 | GO58: =GN58*Es -> 581.91765 | GP58: =+IF(GO58>=0,IF(GN58<=eco,1-(1-GN58/eco)^n,1),0)*0.85*fck -> 25.5 | GQ58: =MAX(MIN(GO58,fy),-fy)-IF(GO58>=0,GP58,0) -> 374.5 | GR58: =+GQ58*GM58 -> 301190.77 | GS58: =+GR58*GL58 -> 1.5963111e+08 | GT58: =+GR58*GK58 -> 60238154 | GU58: =IF(ABS(GN58*Es)<fy,Es,0)-IF(AND(GN58>0,GN58<eco),0.85*fck*n/eco*(1-GN58/eco)^(n-1),0) -> 0 | GV58: =+GU58*GM58 -> 0 | GW58: =+GV58*GL58 -> 0 | GX58: =+GV58*GK58 -> 0 | GY58: =+GV58*GL58*GL58 -> 0 | GZ58: =+GV58*GK58*GL58 -> 0 | HA58: =+GV58*GK58^2 -> 0 | HC58: 4 | HD58: -725 | HE58: -275 | HF58: 2500 | HG58: =HD$47+HD$48*HE58+HD$49*HD58 -> 0.00040021942 | HH58: =+IF(HG58>=0,IF(HG58<=eco,1-(1-HG58/eco)^n,1),0)*0.85*fck -> 9.1844759 | HI58: =+HH58*HF58 -> 22961.19 | HJ58: =+HI58*HE58 -> -6314327.2 | HK58: =+HI58*HD58 -> -16646862 | HL58: =IF(AND(HG58>0,HG58<eco),0.85*fck*n/eco*(1-HG58/eco)^(n-1),0) -> 20397.202 | HM58: =+HL58*HF58 -> 50993006 | HN58: =+HM58*HE58 -> -1.4023077e+10 | HO58: =+HM58*HD58 -> -3.6969929e+10 | HP58: =+HM58*HE58*HE58 -> 3.8563461e+12 | HQ58: =+HM58*HD58*HE58 -> 1.0166731e+13 | HR58: =+HM58*HD58^2 -> 2.6803199e+13 | HS58: 4 | HT58: 200 | HU58: 530 | HV58: 804.24772 | HW58: =HD$47+HD$48*HU58+HD$49*HT58 -> 0.0029096344 | HX58: =HW58*Es -> 581.92689 | HY58: =+IF(HX58>=0,IF(HW58<=eco,1-(1-HW58/eco)^n,1),0)*0.85*fck -> 25.5 | HZ58: =MAX(MIN(HX58,fy),-fy)-IF(HX58>=0,HY58,0) -> 374.5 | IA58: =+HZ58*HV58 -> 301190.77 | IB58: =+IA58*HU58 -> 1.5963111e+08 | IC58: =+IA58*HT58 -> 60238154 | ID58: =IF(ABS(HW58*Es)<fy,Es,0)-IF(AND(HW58>0,HW58<eco),0.85*fck*n/eco*(1-HW58/eco)^(n-1),0) -> 0 | IE58: =+ID58*HV58 -> 0 | IF58: =+IE58*HU58 -> 0 | IG58: =+IE58*HT58 -> 0 | IH58: =+IE58*HU58*HU58 -> 0 | II58: =+IE58*HT58*HU58 -> 0 | IJ58: =+IE58*HT58^2 -> 0 | IL58: 4 | IM58: -725 | IN58: -275 | IO58: 2500 | IP58: =IM$47+IM$48*IN58+IM$49*IM58 -> 0.00040021942 | IQ58: =+IF(IP58>=0,IF(IP58<=eco,1-(1-IP58/eco)^n,1),0)*0.85*fck -> 9.1844759 | IR58: =+IQ58*IO58 -> 22961.19 | IS58: =+IR58*IN58 -> -6314327.2 | IT58: =+IR58*IM58 -> -16646862 | IU58: =IF(AND(IP58>0,IP58<eco),0.85*fck*n/eco*(1-IP58/eco)^(n-1),0) -> 20397.202 | IV58: =+IU58*IO58 -> 50993006 | IW58: =+IV58*IN58 -> -1.4023077e+10 | IX58: =+IV58*IM58 -> -3.6969929e+10 | IY58: =+IV58*IN58*IN58 -> 3.8563461e+12 | IZ58: =+IV58*IM58*IN58 -> 1.0166731e+13 | JA58: =+IV58*IM58^2 -> 2.6803199e+13 | JB58: 4 | JC58: 200 | JD58: 530 | JE58: 804.24772 | JF58: =IM$47+IM$48*JD58+IM$49*JC58 -> 0.0029096344 | JG58: =JF58*Es -> 581.92689 | JH58: =+IF(JG58>=0,IF(JF58<=eco,1-(1-JF58/eco)^n,1),0)*0.85*fck -> 25.5 | JI58: =MAX(MIN(JG58,fy),-fy)-IF(JG58>=0,JH58,0) -> 374.5 | JJ58: =+JI58*JE58 -> 301190.77 | JK58: =+JJ58*JD58 -> 1.5963111e+08 | JL58: =+JJ58*JC58 -> 60238154 | JM58: =IF(ABS(JF58*Es)<fy,Es,0)-IF(AND(JF58>0,JF58<eco),0.85*fck*n/eco*(1-JF58/eco)^(n-1),0) -> 0 | JN58: =+JM58*JE58 -> 0 | JO58: =+JN58*JD58 -> 0 | JP58: =+JN58*JC58 -> 0 | JQ58: =+JN58*JD58*JD58 -> 0 | JR58: =+JN58*JC58*JD58 -> 0 | JS58: =+JN58*JC58^2 -> 0 | JU58: 4 | JV58: -725 | JW58: -275 | JX58: 2500 | JY58: =JV$47+JV$48*JW58+JV$49*JV58 -> 0.00040021942 | JZ58: =+IF(JY58>=0,IF(JY58<=eco,1-(1-JY58/eco)^n,1),0)*0.85*fck -> 9.1844759 | KA58: =+JZ58*JX58 -> 22961.19 | KB58: =+KA58*JW58 -> -6314327.2 | KC58: =+KA58*JV58 -> -16646862 | KD58: =IF(AND(JY58>0,JY58<eco),0.85*fck*n/eco*(1-JY58/eco)^(n-1),0) -> 20397.202 | KE58: =+KD58*JX58 -> 50993006 | KF58: =+KE58*JW58 -> -1.4023077e+10 | KG58: =+KE58*JV58 -> -3.6969929e+10 | KH58: =+KE58*JW58*JW58 -> 3.8563461e+12 | KI58: =+KE58*JV58*JW58 -> 1.0166731e+13 | KJ58: =+KE58*JV58^2 -> 2.6803199e+13 | KK58: 4 | KL58: 200 | KM58: 530 | KN58: 804.24772 | KO58: =JV$47+JV$48*KM58+JV$49*KL58 -> 0.0029096344 | KP58: =KO58*Es -> 581.92689 | KQ58: =+IF(KP58>=0,IF(KO58<=eco,1-(1-KO58/eco)^n,1),0)*0.85*fck -> 25.5 | KR58: =MAX(MIN(KP58,fy),-fy)-IF(KP58>=0,KQ58,0) -> 374.5 | KS58: =+KR58*KN58 -> 301190.77 | KT58: =+KS58*KM58 -> 1.5963111e+08 | KU58: =+KS58*KL58 -> 60238154 | KV58: =IF(ABS(KO58*Es)<fy,Es,0)-IF(AND(KO58>0,KO58<eco),0.85*fck*n/eco*(1-KO58/eco)^(n-1),0) -> 0 | KW58: =+KV58*KN58 -> 0 | KX58: =+KW58*KM58 -> 0 | KY58: =+KW58*KL58 -> 0 | KZ58: =+KW58*KM58*KM58 -> 0 | LA58: =+KW58*KL58*KM58 -> 0 | LB58: =+KW58*KL58^2 -> 0 | LD58: 4 | LE58: -725 | LF58: -275 | LG58: 2500 | LH58: =LE$47+LE$48*LF58+LE$49*LE58 -> 0.00040021942 | LI58: =+IF(LH58>=0,IF(LH58<=eco,1-(1-LH58/eco)^n,1),0)*0.85*fck -> 9.1844759 | LJ58: =+LI58*LG58 -> 22961.19 | LK58: =+LJ58*LF58 -> -6314327.2 | LL58: =+LJ58*LE58 -> -16646862 | LM58: =IF(AND(LH58>0,LH58<eco),0.85*fck*n/eco*(1-LH58/eco)^(n-1),0) -> 20397.202 | LN58: =+LM58*LG58 -> 50993006 | LO58: =+LN58*LF58 -> -1.4023077e+10 | LP58: =+LN58*LE58 -> -3.6969929e+10 | LQ58: =+LN58*LF58*LF58 -> 3.8563461e+12 | LR58: =+LN58*LE58*LF58 -> 1.0166731e+13 | LS58: =+LN58*LE58^2 -> 2.6803199e+13 | LT58: 4 | LU58: 200 | LV58: 530 | LW58: 804.24772 | LX58: =LE$47+LE$48*LV58+LE$49*LU58 -> 0.0029096344 | LY58: =LX58*Es -> 581.92689 | LZ58: =+IF(LY58>=0,IF(LX58<=eco,1-(1-LX58/eco)^n,1),0)*0.85*fck -> 25.5 | MA58: =MAX(MIN(LY58,fy),-fy)-IF(LY58>=0,LZ58,0) -> 374.5 | MB58: =+MA58*LW58 -> 301190.77 | MC58: =+MB58*LV58 -> 1.5963111e+08 | MD58: =+MB58*LU58 -> 60238154 | ME58: =IF(ABS(LX58*Es)<fy,Es,0)-IF(AND(LX58>0,LX58<eco),0.85*fck*n/eco*(1-LX58/eco)^(n-1),0) -> 0 | MF58: =+ME58*LW58 -> 0 | MG58: =+MF58*LV58 -> 0 | MH58: =+MF58*LU58 -> 0 | MI58: =+MF58*LV58*LV58 -> 0 | MJ58: =+MF58*LU58*LV58 -> 0 | MK58: =+MF58*LU58^2 -> 0
A59: 5 | B59: -725 | C59: -225 | D59: 2500 | E59: =B$47+B$48*C59+B$49*B59 -> 0.00093 | F59: =+IF(E59>=0,IF(E59<=eco,1-(1-E59/eco)^n,1),0)*0.85*fck -> 18.201263 | G59: =+F59*D59 -> 45503.156 | H59: =+G59*C59 -> -10238210 | I59: =+G59*B59 -> -32989788 | J59: =IF(AND(E59>0,E59<eco),0.85*fck*n/eco*(1-E59/eco)^(n-1),0) -> 13642.5 | K59: =+J59*D59 -> 34106250 | L59: =+K59*C59 -> -7673906250 | M59: =+K59*B59 -> -24727031250 | N59: =+K59*C59*C59 -> 1726628906250 | O59: =+K59*B59*C59 -> 5563582031250 | P59: =+K59*B59^2 -> 17927097656250 | Q59: 5 | R59: 400 | S59: 530 | T59: 804.24772 | U59: =B$47+B$48*S59+B$49*R59 -> 0.0010995 | V59: =U59*Es -> 219.9 | W59: =+IF(V59>=0,IF(U59<=eco,1-(1-U59/eco)^n,1),0)*0.85*fck -> 20.330511 | X59: =MAX(MIN(V59,fy),-fy)-IF(V59>=0,W59,0) -> 199.56949 | Y59: =+X59*T59 -> 160503.31 | Z59: =+Y59*S59 -> 85066752 | AA59: =+Y59*R59 -> 64201323 | AB59: =IF(ABS(U59*Es)<fy,Es,0)-IF(AND(U59>0,U59<eco),0.85*fck*n/eco*(1-U59/eco)^(n-1),0) -> 188518.62 | AC59: =+AB59*T59 -> 1.5161567e+08 | AD59: =+AC59*S59 -> 8.0356307e+10 | AE59: =+AC59*R59 -> 6.064627e+10 | AF59: =+AC59*S59*S59 -> 4.2588843e+13 | AG59: =+AC59*R59*S59 -> 3.2142523e+13 | AH59: =+AC59*R59^2 -> 2.4258508e+13 | AJ59: 5 | AK59: -725 | AL59: -225 | AM59: 2500 | AN59: =AK$47+AK$48*AL59+AK$49*AK59 -> 0.00045308143 | AO59: =+IF(AN59>=0,IF(AN59<=eco,1-(1-AN59/eco)^n,1),0)*0.85*fck -> 10.244899 | AP59: =+AO59*AM59 -> 25612.247 | AQ59: =+AP59*AL59 -> -5762755.5 | AR59: =+AP59*AK59 -> -18568879 | AS59: =IF(AND(AN59>0,AN59<eco),0.85*fck*n/eco*(1-AN59/eco)^(n-1),0) -> 19723.212 | AT59: =+AS59*AM59 -> 49308029 | AU59: =+AT59*AL59 -> -1.1094307e+10 | AV59: =+AT59*AK59 -> -3.5748321e+10 | AW59: =+AT59*AL59*AL59 -> 2.496219e+12 | AX59: =+AT59*AK59*AL59 -> 8.0433723e+12 | AY59: =+AT59*AK59^2 -> 2.5917533e+13 | AZ59: 5 | BA59: 400 | BB59: 530 | BC59: 804.24772 | BD59: =AK$47+AK$48*BB59+AK$49*BA59 -> 0.0020173449 | BE59: =BD59*Es -> 403.46898 | BF59: =+IF(BE59>=0,IF(BD59<=eco,1-(1-BD59/eco)^n,1),0)*0.85*fck -> 25.5 | BG59: =MAX(MIN(BE59,fy),-fy)-IF(BE59>=0,BF59,0) -> 374.5 | BH59: =+BG59*BC59 -> 301190.77 | BI59: =+BH59*BB59 -> 1.5963111e+08 | BJ59: =+BH59*BA59 -> 1.2047631e+08 | BK59: =IF(ABS(BD59*Es)<fy,Es,0)-IF(AND(BD59>0,BD59<eco),0.85*fck*n/eco*(1-BD59/eco)^(n-1),0) -> 0 | BL59: =+BK59*BC59 -> 0 | BM59: =+BL59*BB59 -> 0 | BN59: =+BL59*BA59 -> 0 | BO59: =+BL59*BB59*BB59 -> 0 | BP59: =+BL59*BA59*BB59 -> 0 | BQ59: =+BL59*BA59^2 -> 0 | BS59: 5 | BT59: -725 | BU59: -225 | BV59: 2500 | BW59: =BT$47+BT$48*BU59+BT$49*BT59 -> 0.00050103365 | BX59: =+IF(BW59>=0,IF(BW59<=eco,1-(1-BW59/eco)^n,1),0)*0.85*fck -> 11.176012 | BY59: =+BX59*BV59 -> 27940.029 | BZ59: =+BY59*BU59 -> -6286506.6 | CA59: =+BY59*BT59 -> -20256521 | CB59: =IF(AND(BW59>0,BW59<eco),0.85*fck*n/eco*(1-BW59/eco)^(n-1),0) -> 19111.821 | CC59: =+CB59*BV59 -> 47779553 | CD59: =+CC59*BU59 -> -1.0750399e+10 | CE59: =+CC59*BT59 -> -3.4640176e+10 | CF59: =+CC59*BU59*BU59 -> 2.4188398e+12 | CG59: =+CC59*BT59*BU59 -> 7.7940395e+12 | CH59: =+CC59*BT59^2 -> 2.5114127e+13 | CI59: 5 | CJ59: 400 | CK59: 530 | CL59: 804.24772 | CM59: =BT$47+BT$48*CK59+BT$49*CJ59 -> 0.0024500186 | CN59: =CM59*Es -> 490.00371 | CO59: =+IF(CN59>=0,IF(CM59<=eco,1-(1-CM59/eco)^n,1),0)*0.85*fck -> 25.5 | CP59: =MAX(MIN(CN59,fy),-fy)-IF(CN59>=0,CO59,0) -> 374.5 | CQ59: =+CP59*CL59 -> 301190.77 | CR59: =+CQ59*CK59 -> 1.5963111e+08 | CS59: =+CQ59*CJ59 -> 1.2047631e+08 | CT59: =IF(ABS(CM59*Es)<fy,Es,0)-IF(AND(CM59>0,CM59<eco),0.85*fck*n/eco*(1-CM59/eco)^(n-1),0) -> 0 | CU59: =+CT59*CL59 -> 0 | CV59: =+CU59*CK59 -> 0 | CW59: =+CU59*CJ59 -> 0 | CX59: =+CU59*CK59*CK59 -> 0 | CY59: =+CU59*CJ59*CK59 -> 0 | CZ59: =+CU59*CJ59^2 -> 0 | DB59: 5 | DC59: -725 | DD59: -225 | DE59: 2500 | DF59: =DC$47+DC$48*DD59+DC$49*DC59 -> 0.00051367504 | DG59: =+IF(DF59>=0,IF(DF59<=eco,1-(1-DF59/eco)^n,1),0)*0.85*fck -> 11.416593 | DH59: =+DG59*DE59 -> 28541.483 | DI59: =+DH59*DD59 -> -6421833.6 | DJ59: =+DH59*DC59 -> -20692575 | DK59: =IF(AND(DF59>0,DF59<eco),0.85*fck*n/eco*(1-DF59/eco)^(n-1),0) -> 18950.643 | DL59: =+DK59*DE59 -> 47376608 | DM59: =+DL59*DD59 -> -1.0659737e+10 | DN59: =+DL59*DC59 -> -3.4348041e+10 | DO59: =+DL59*DD59*DD59 -> 2.3984408e+12 | DP59: =+DL59*DC59*DD59 -> 7.7283092e+12 | DQ59: =+DL59*DC59^2 -> 2.490233e+13 | DR59: 5 | DS59: 400 | DT59: 530 | DU59: 804.24772 | DV59: =DC$47+DC$48*DT59+DC$49*DS59 -> 0.0028670272 | DW59: =DV59*Es -> 573.40545 | DX59: =+IF(DW59>=0,IF(DV59<=eco,1-(1-DV59/eco)^n,1),0)*0.85*fck -> 25.5 | DY59: =MAX(MIN(DW59,fy),-fy)-IF(DW59>=0,DX59,0) -> 374.5 | DZ59: =+DY59*DU59 -> 301190.77 | EA59: =+DZ59*DT59 -> 1.5963111e+08 | EB59: =+DZ59*DS59 -> 1.2047631e+08 | EC59: =IF(ABS(DV59*Es)<fy,Es,0)-IF(AND(DV59>0,DV59<eco),0.85*fck*n/eco*(1-DV59/eco)^(n-1),0) -> 0 | ED59: =+EC59*DU59 -> 0 | EE59: =+ED59*DT59 -> 0 | EF59: =+ED59*DS59 -> 0 | EG59: =+ED59*DT59*DT59 -> 0 | EH59: =+ED59*DS59*DT59 -> 0 | EI59: =+ED59*DS59^2 -> 0 | EK59: 5 | EL59: -725 | EM59: -225 | EN59: 2500 | EO59: =EL$47+EL$48*EM59+EL$49*EL59 -> 0.00051906862 | EP59: =+IF(EO59>=0,IF(EO59<=eco,1-(1-EO59/eco)^n,1),0)*0.85*fck -> 11.518619 | EQ59: =+EP59*EN59 -> 28796.548 | ER59: =+EQ59*EM59 -> -6479223.3 | ES59: =+EQ59*EL59 -> -20877497 | ET59: =IF(AND(EO59>0,EO59<eco),0.85*fck*n/eco*(1-EO59/eco)^(n-1),0) -> 18881.875 | EU59: =+ET59*EN59 -> 47204688 | EV59: =+EU59*EM59 -> -1.0621055e+10 | EW59: =+EU59*EL59 -> -3.4223399e+10 | EX59: =+EU59*EM59*EM59 -> 2.3897373e+12 | EY59: =+EU59*EL59*EM59 -> 7.7002647e+12 | EZ59: =+EU59*EL59^2 -> 2.4811964e+13 | FA59: 5 | FB59: 400 | FC59: 530 | FD59: 804.24772 | FE59: =EL$47+EL$48*FC59+EL$49*FB59 -> 0.0030252847 | FF59: =FE59*Es -> 605.05693 | FG59: =+IF(FF59>=0,IF(FE59<=eco,1-(1-FE59/eco)^n,1),0)*0.85*fck -> 25.5 | FH59: =MAX(MIN(FF59,fy),-fy)-IF(FF59>=0,FG59,0) -> 374.5 | FI59: =+FH59*FD59 -> 301190.77 | FJ59: =+FI59*FC59 -> 1.5963111e+08 | FK59: =+FI59*FB59 -> 1.2047631e+08 | FL59: =IF(ABS(FE59*Es)<fy,Es,0)-IF(AND(FE59>0,FE59<eco),0.85*fck*n/eco*(1-FE59/eco)^(n-1),0) -> 0 | FM59: =+FL59*FD59 -> 0 | FN59: =+FM59*FC59 -> 0 | FO59: =+FM59*FB59 -> 0 | FP59: =+FM59*FC59*FC59 -> 0 | FQ59: =+FM59*FB59*FC59 -> 0 | FR59: =+FM59*FB59^2 -> 0 | FT59: 5 | FU59: -725 | FV59: -225 | FW59: 2500 | FX59: =FU$47+FU$48*FV59+FU$49*FU59 -> 0.00051938726 | FY59: =+IF(FX59>=0,IF(FX59<=eco,1-(1-FX59/eco)^n,1),0)*0.85*fck -> 11.524635 | FZ59: =+FY59*FW59 -> 28811.588 | GA59: =+FZ59*FV59 -> -6482607.3 | GB59: =+FZ59*FU59 -> -20888401 | GC59: =IF(AND(FX59>0,FX59<eco),0.85*fck*n/eco*(1-FX59/eco)^(n-1),0) -> 18877.812 | GD59: =+GC59*FW59 -> 47194531 | GE59: =+GD59*FV59 -> -1.061877e+10 | GF59: =+GD59*FU59 -> -3.4216035e+10 | GG59: =+GD59*FV59*FV59 -> 2.3892231e+12 | GH59: =+GD59*FU59*FV59 -> 7.6986079e+12 | GI59: =+GD59*FU59^2 -> 2.4806625e+13 | GJ59: 5 | GK59: 400 | GL59: 530 | GM59: 804.24772 | GN59: =FU$47+FU$48*GL59+FU$49*GK59 -> 0.0030373149 | GO59: =GN59*Es -> 607.46298 | GP59: =+IF(GO59>=0,IF(GN59<=eco,1-(1-GN59/eco)^n,1),0)*0.85*fck -> 25.5 | GQ59: =MAX(MIN(GO59,fy),-fy)-IF(GO59>=0,GP59,0) -> 374.5 | GR59: =+GQ59*GM59 -> 301190.77 | GS59: =+GR59*GL59 -> 1.5963111e+08 | GT59: =+GR59*GK59 -> 1.2047631e+08 | GU59: =IF(ABS(GN59*Es)<fy,Es,0)-IF(AND(GN59>0,GN59<eco),0.85*fck*n/eco*(1-GN59/eco)^(n-1),0) -> 0 | GV59: =+GU59*GM59 -> 0 | GW59: =+GV59*GL59 -> 0 | GX59: =+GV59*GK59 -> 0 | GY59: =+GV59*GL59*GL59 -> 0 | GZ59: =+GV59*GK59*GL59 -> 0 | HA59: =+GV59*GK59^2 -> 0 | HC59: 5 | HD59: -725 | HE59: -225 | HF59: 2500 | HG59: =HD$47+HD$48*HE59+HD$49*HD59 -> 0.00051939156 | HH59: =+IF(HG59>=0,IF(HG59<=eco,1-(1-HG59/eco)^n,1),0)*0.85*fck -> 11.524716 | HI59: =+HH59*HF59 -> 28811.791 | HJ59: =+HI59*HE59 -> -6482653 | HK59: =+HI59*HD59 -> -20888549 | HL59: =IF(AND(HG59>0,HG59<eco),0.85*fck*n/eco*(1-HG59/eco)^(n-1),0) -> 18877.758 | HM59: =+HL59*HF59 -> 47194394 | HN59: =+HM59*HE59 -> -1.0618739e+10 | HO59: =+HM59*HD59 -> -3.4215936e+10 | HP59: =+HM59*HE59*HE59 -> 2.3892162e+12 | HQ59: =+HM59*HD59*HE59 -> 7.6985855e+12 | HR59: =+HM59*HD59^2 -> 2.4806553e+13 | HS59: 5 | HT59: 400 | HU59: 530 | HV59: 804.24772 | HW59: =HD$47+HD$48*HU59+HD$49*HT59 -> 0.0030373628 | HX59: =HW59*Es -> 607.47255 | HY59: =+IF(HX59>=0,IF(HW59<=eco,1-(1-HW59/eco)^n,1),0)*0.85*fck -> 25.5 | HZ59: =MAX(MIN(HX59,fy),-fy)-IF(HX59>=0,HY59,0) -> 374.5 | IA59: =+HZ59*HV59 -> 301190.77 | IB59: =+IA59*HU59 -> 1.5963111e+08 | IC59: =+IA59*HT59 -> 1.2047631e+08 | ID59: =IF(ABS(HW59*Es)<fy,Es,0)-IF(AND(HW59>0,HW59<eco),0.85*fck*n/eco*(1-HW59/eco)^(n-1),0) -> 0 | IE59: =+ID59*HV59 -> 0 | IF59: =+IE59*HU59 -> 0 | IG59: =+IE59*HT59 -> 0 | IH59: =+IE59*HU59*HU59 -> 0 | II59: =+IE59*HT59*HU59 -> 0 | IJ59: =+IE59*HT59^2 -> 0 | IL59: 5 | IM59: -725 | IN59: -225 | IO59: 2500 | IP59: =IM$47+IM$48*IN59+IM$49*IM59 -> 0.00051939156 | IQ59: =+IF(IP59>=0,IF(IP59<=eco,1-(1-IP59/eco)^n,1),0)*0.85*fck -> 11.524716 | IR59: =+IQ59*IO59 -> 28811.791 | IS59: =+IR59*IN59 -> -6482653 | IT59: =+IR59*IM59 -> -20888549 | IU59: =IF(AND(IP59>0,IP59<eco),0.85*fck*n/eco*(1-IP59/eco)^(n-1),0) -> 18877.758 | IV59: =+IU59*IO59 -> 47194394 | IW59: =+IV59*IN59 -> -1.0618739e+10 | IX59: =+IV59*IM59 -> -3.4215936e+10 | IY59: =+IV59*IN59*IN59 -> 2.3892162e+12 | IZ59: =+IV59*IM59*IN59 -> 7.6985855e+12 | JA59: =+IV59*IM59^2 -> 2.4806553e+13 | JB59: 5 | JC59: 400 | JD59: 530 | JE59: 804.24772 | JF59: =IM$47+IM$48*JD59+IM$49*JC59 -> 0.0030373628 | JG59: =JF59*Es -> 607.47255 | JH59: =+IF(JG59>=0,IF(JF59<=eco,1-(1-JF59/eco)^n,1),0)*0.85*fck -> 25.5 | JI59: =MAX(MIN(JG59,fy),-fy)-IF(JG59>=0,JH59,0) -> 374.5 | JJ59: =+JI59*JE59 -> 301190.77 | JK59: =+JJ59*JD59 -> 1.5963111e+08 | JL59: =+JJ59*JC59 -> 1.2047631e+08 | JM59: =IF(ABS(JF59*Es)<fy,Es,0)-IF(AND(JF59>0,JF59<eco),0.85*fck*n/eco*(1-JF59/eco)^(n-1),0) -> 0 | JN59: =+JM59*JE59 -> 0 | JO59: =+JN59*JD59 -> 0 | JP59: =+JN59*JC59 -> 0 | JQ59: =+JN59*JD59*JD59 -> 0 | JR59: =+JN59*JC59*JD59 -> 0 | JS59: =+JN59*JC59^2 -> 0 | JU59: 5 | JV59: -725 | JW59: -225 | JX59: 2500 | JY59: =JV$47+JV$48*JW59+JV$49*JV59 -> 0.00051939156 | JZ59: =+IF(JY59>=0,IF(JY59<=eco,1-(1-JY59/eco)^n,1),0)*0.85*fck -> 11.524716 | KA59: =+JZ59*JX59 -> 28811.791 | KB59: =+KA59*JW59 -> -6482653 | KC59: =+KA59*JV59 -> -20888549 | KD59: =IF(AND(JY59>0,JY59<eco),0.85*fck*n/eco*(1-JY59/eco)^(n-1),0) -> 18877.758 | KE59: =+KD59*JX59 -> 47194394 | KF59: =+KE59*JW59 -> -1.0618739e+10 | KG59: =+KE59*JV59 -> -3.4215936e+10 | KH59: =+KE59*JW59*JW59 -> 2.3892162e+12 | KI59: =+KE59*JV59*JW59 -> 7.6985855e+12 | KJ59: =+KE59*JV59^2 -> 2.4806553e+13 | KK59: 5 | KL59: 400 | KM59: 530 | KN59: 804.24772 | KO59: =JV$47+JV$48*KM59+JV$49*KL59 -> 0.0030373628 | KP59: =KO59*Es -> 607.47255 | KQ59: =+IF(KP59>=0,IF(KO59<=eco,1-(1-KO59/eco)^n,1),0)*0.85*fck -> 25.5 | KR59: =MAX(MIN(KP59,fy),-fy)-IF(KP59>=0,KQ59,0) -> 374.5 | KS59: =+KR59*KN59 -> 301190.77 | KT59: =+KS59*KM59 -> 1.5963111e+08 | KU59: =+KS59*KL59 -> 1.2047631e+08 | KV59: =IF(ABS(KO59*Es)<fy,Es,0)-IF(AND(KO59>0,KO59<eco),0.85*fck*n/eco*(1-KO59/eco)^(n-1),0) -> 0 | KW59: =+KV59*KN59 -> 0 | KX59: =+KW59*KM59 -> 0 | KY59: =+KW59*KL59 -> 0 | KZ59: =+KW59*KM59*KM59 -> 0 | LA59: =+KW59*KL59*KM59 -> 0 | LB59: =+KW59*KL59^2 -> 0 | LD59: 5 | LE59: -725 | LF59: -225 | LG59: 2500 | LH59: =LE$47+LE$48*LF59+LE$49*LE59 -> 0.00051939156 | LI59: =+IF(LH59>=0,IF(LH59<=eco,1-(1-LH59/eco)^n,1),0)*0.85*fck -> 11.524716 | LJ59: =+LI59*LG59 -> 28811.791 | LK59: =+LJ59*LF59 -> -6482653 | LL59: =+LJ59*LE59 -> -20888549 | LM59: =IF(AND(LH59>0,LH59<eco),0.85*fck*n/eco*(1-LH59/eco)^(n-1),0) -> 18877.758 | LN59: =+LM59*LG59 -> 47194394 | LO59: =+LN59*LF59 -> -1.0618739e+10 | LP59: =+LN59*LE59 -> -3.4215936e+10 | LQ59: =+LN59*LF59*LF59 -> 2.3892162e+12 | LR59: =+LN59*LE59*LF59 -> 7.6985855e+12 | LS59: =+LN59*LE59^2 -> 2.4806553e+13 | LT59: 5 | LU59: 400 | LV59: 530 | LW59: 804.24772 | LX59: =LE$47+LE$48*LV59+LE$49*LU59 -> 0.0030373628 | LY59: =LX59*Es -> 607.47255 | LZ59: =+IF(LY59>=0,IF(LX59<=eco,1-(1-LX59/eco)^n,1),0)*0.85*fck -> 25.5 | MA59: =MAX(MIN(LY59,fy),-fy)-IF(LY59>=0,LZ59,0) -> 374.5 | MB59: =+MA59*LW59 -> 301190.77 | MC59: =+MB59*LV59 -> 1.5963111e+08 | MD59: =+MB59*LU59 -> 1.2047631e+08 | ME59: =IF(ABS(LX59*Es)<fy,Es,0)-IF(AND(LX59>0,LX59<eco),0.85*fck*n/eco*(1-LX59/eco)^(n-1),0) -> 0 | MF59: =+ME59*LW59 -> 0 | MG59: =+MF59*LV59 -> 0 | MH59: =+MF59*LU59 -> 0 | MI59: =+MF59*LV59*LV59 -> 0 | MJ59: =+MF59*LU59*LV59 -> 0 | MK59: =+MF59*LU59^2 -> 0
A60: 6 | B60: -725 | C60: -175 | D60: 2500 | E60: =B$47+B$48*C60+B$49*B60 -> 0.0009375 | F60: =+IF(E60>=0,IF(E60<=eco,1-(1-E60/eco)^n,1),0)*0.85*fck -> 18.303223 | G60: =+F60*D60 -> 45758.057 | H60: =+G60*C60 -> -8007659.9 | I60: =+G60*B60 -> -33174591 | J60: =IF(AND(E60>0,E60<eco),0.85*fck*n/eco*(1-E60/eco)^(n-1),0) -> 13546.875 | K60: =+J60*D60 -> 33867188 | L60: =+K60*C60 -> -5.9267578e+09 | M60: =+K60*B60 -> -2.4553711e+10 | N60: =+K60*C60*C60 -> 1.0371826e+12 | O60: =+K60*B60*C60 -> 4.2968994e+12 | P60: =+K60*B60^2 -> 1.780144e+13 | Q60: 6 | R60: -400 | S60: -530 | T60: 804.24772 | U60: =B$47+B$48*S60+B$49*R60 -> 0.0009005 | V60: =U60*Es -> 180.1 | W60: =+IF(V60>=0,IF(U60<=eco,1-(1-U60/eco)^n,1),0)*0.85*fck -> 17.793261 | X60: =MAX(MIN(V60,fy),-fy)-IF(V60>=0,W60,0) -> 162.30674 | Y60: =+X60*T60 -> 130534.82 | Z60: =+Y60*S60 -> -69183457 | AA60: =+Y60*R60 -> -52213930 | AB60: =IF(ABS(U60*Es)<fy,Es,0)-IF(AND(U60>0,U60<eco),0.85*fck*n/eco*(1-U60/eco)^(n-1),0) -> 185981.38 | AC60: =+AB60*T60 -> 1.495751e+08 | AD60: =+AC60*S60 -> -7.9274801e+10 | AE60: =+AC60*R60 -> -5.9830039e+10 | AF60: =+AC60*S60*S60 -> 4.2015645e+13 | AG60: =+AC60*R60*S60 -> 3.170992e+13 | AH60: =+AC60*R60^2 -> 2.3932015e+13 | AJ60: 6 | AK60: -725 | AL60: -175 | AM60: 2500 | AN60: =AK$47+AK$48*AL60+AK$49*AK60 -> 0.00052567347 | AO60: =+IF(AN60>=0,IF(AN60<=eco,1-(1-AN60/eco)^n,1),0)*0.85*fck -> 11.643053 | AP60: =+AO60*AM60 -> 29107.633 | AQ60: =+AP60*AL60 -> -5093835.8 | AR60: =+AP60*AK60 -> -21103034 | AS60: =IF(AND(AN60>0,AN60<eco),0.85*fck*n/eco*(1-AN60/eco)^(n-1),0) -> 18797.663 | AT60: =+AS60*AM60 -> 46994158 | AU60: =+AT60*AL60 -> -8.2239777e+09 | AV60: =+AT60*AK60 -> -3.4070765e+10 | AW60: =+AT60*AL60*AL60 -> 1.4391961e+12 | AX60: =+AT60*AK60*AL60 -> 5.9623838e+12 | AY60: =+AT60*AK60^2 -> 2.4701304e+13 | AZ60: 6 | BA60: -400 | BB60: -530 | BC60: 804.24772 | BD60: =AK$47+AK$48*BB60+AK$49*BA60 -> 0.00014550571 | BE60: =BD60*Es -> 29.101143 | BF60: =+IF(BE60>=0,IF(BD60<=eco,1-(1-BD60/eco)^n,1),0)*0.85*fck -> 3.5754247 | BG60: =MAX(MIN(BE60,fy),-fy)-IF(BE60>=0,BF60,0) -> 25.525718 | BH60: =+BG60*BC60 -> 20529 | BI60: =+BH60*BB60 -> -10880370 | BJ60: =+BH60*BA60 -> -8211600.1 | BK60: =IF(ABS(BD60*Es)<fy,Es,0)-IF(AND(BD60>0,BD60<eco),0.85*fck*n/eco*(1-BD60/eco)^(n-1),0) -> 176355.2 | BL60: =+BK60*BC60 -> 1.4183327e+08 | BM60: =+BL60*BB60 -> -7.5171631e+10 | BN60: =+BL60*BA60 -> -5.6733306e+10 | BO60: =+BL60*BB60*BB60 -> 3.9840964e+13 | BP60: =+BL60*BA60*BB60 -> 3.0068652e+13 | BQ60: =+BL60*BA60^2 -> 2.2693323e+13 | BS60: 6 | BT60: -725 | BU60: -175 | BV60: 2500 | BW60: =BT$47+BT$48*BU60+BT$49*BT60 -> 0.00059139515 | BX60: =+IF(BW60>=0,IF(BW60<=eco,1-(1-BW60/eco)^n,1),0)*0.85*fck -> 12.850931 | BY60: =+BX60*BV60 -> 32127.329 | BZ60: =+BY60*BU60 -> -5622282.5 | CA60: =+BY60*BT60 -> -23292313 | CB60: =IF(AND(BW60>0,BW60<eco),0.85*fck*n/eco*(1-BW60/eco)^(n-1),0) -> 17959.712 | CC60: =+CB60*BV60 -> 44899280 | CD60: =+CC60*BU60 -> -7.8573739e+09 | CE60: =+CC60*BT60 -> -3.2551978e+10 | CF60: =+CC60*BU60*BU60 -> 1.3750404e+12 | CG60: =+CC60*BT60*BU60 -> 5.6965961e+12 | CH60: =+CC60*BT60^2 -> 2.3600184e+13 | CI60: 6 | CJ60: -400 | CK60: -530 | CL60: 804.24772 | CM60: =BT$47+BT$48*CK60+BT$49*CJ60 -> 0.0001186916 | CN60: =CM60*Es -> 23.73832 | CO60: =+IF(CN60>=0,IF(CM60<=eco,1-(1-CM60/eco)^n,1),0)*0.85*fck -> 2.9368267 | CP60: =MAX(MIN(CN60,fy),-fy)-IF(CN60>=0,CO60,0) -> 20.801493 | CQ60: =+CP60*CL60 -> 16729.553 | CR60: =+CQ60*CK60 -> -8866663.3 | CS60: =+CQ60*CJ60 -> -6691821.4 | CT60: =IF(ABS(CM60*Es)<fy,Es,0)-IF(AND(CM60>0,CM60<eco),0.85*fck*n/eco*(1-CM60/eco)^(n-1),0) -> 176013.32 | CU60: =+CT60*CL60 -> 1.4155831e+08 | CV60: =+CU60*CK60 -> -7.5025904e+10 | CW60: =+CU60*CJ60 -> -5.6623324e+10 | CX60: =+CU60*CK60*CK60 -> 3.9763729e+13 | CY60: =+CU60*CJ60*CK60 -> 3.0010362e+13 | CZ60: =+CU60*CJ60^2 -> 2.264933e+13 | DB60: 6 | DC60: -725 | DD60: -175 | DE60: 2500 | DF60: =DC$47+DC$48*DD60+DC$49*DC60 -> 0.00062459532 | DG60: =+IF(DF60>=0,IF(DF60<=eco,1-(1-DF60/eco)^n,1),0)*0.85*fck -> 13.44017 | DH60: =+DG60*DE60 -> 33600.425 | DI60: =+DH60*DD60 -> -5880074.4 | DJ60: =+DH60*DC60 -> -24360308 | DK60: =IF(AND(DF60>0,DF60<eco),0.85*fck*n/eco*(1-DF60/eco)^(n-1),0) -> 17536.41 | DL60: =+DK60*DE60 -> 43841024 | DM60: =+DL60*DD60 -> -7.6721792e+09 | DN60: =+DL60*DC60 -> -3.1784743e+10 | DO60: =+DL60*DD60*DD60 -> 1.3426314e+12 | DP60: =+DL60*DC60*DD60 -> 5.5623299e+12 | DQ60: =+DL60*DC60^2 -> 2.3043938e+13 | DR60: 6 | DS60: -400 | DT60: -530 | DU60: 804.24772 | DV60: =DC$47+DC$48*DT60+DC$49*DS60 -> 3.3059778e-05 | DW60: =DV60*Es -> 6.6119556 | DX60: =+IF(DW60>=0,IF(DV60<=eco,1-(1-DV60/eco)^n,1),0)*0.85*fck -> 0.83605679 | DY60: =MAX(MIN(DW60,fy),-fy)-IF(DW60>=0,DX60,0) -> 5.7758988 | DZ60: =+DY60*DU60 -> 4645.2534 | EA60: =+DZ60*DT60 -> -2461984.3 | EB60: =+DZ60*DS60 -> -1858101.4 | EC60: =IF(ABS(DV60*Es)<fy,Es,0)-IF(AND(DV60>0,DV60<eco),0.85*fck*n/eco*(1-DV60/eco)^(n-1),0) -> 174921.51 | ED60: =+EC60*DU60 -> 1.4068023e+08 | EE60: =+ED60*DT60 -> -7.456052e+10 | EF60: =+ED60*DS60 -> -5.6272091e+10 | EG60: =+ED60*DT60*DT60 -> 3.9517076e+13 | EH60: =+ED60*DS60*DT60 -> 2.9824208e+13 | EI60: =+ED60*DS60^2 -> 2.2508836e+13 | EK60: 6 | EL60: -725 | EM60: -175 | EN60: 2500 | EO60: =EL$47+EL$48*EM60+EL$49*EL60 -> 0.00063765503 | EP60: =+IF(EO60>=0,IF(EO60<=eco,1-(1-EO60/eco)^n,1),0)*0.85*fck -> 13.668103 | EQ60: =+EP60*EN60 -> 34170.258 | ER60: =+EQ60*EM60 -> -5979795.1 | ES60: =+EQ60*EL60 -> -24773437 | ET60: =IF(AND(EO60>0,EO60<eco),0.85*fck*n/eco*(1-EO60/eco)^(n-1),0) -> 17369.898 | EU60: =+ET60*EN60 -> 43424746 | EV60: =+EU60*EM60 -> -7.5993306e+09 | EW60: =+EU60*EL60 -> -3.1482941e+10 | EX60: =+EU60*EM60*EM60 -> 1.3298828e+12 | EY60: =+EU60*EL60*EM60 -> 5.5095146e+12 | EZ60: =+EU60*EL60^2 -> 2.2825132e+13 | FA60: 6 | FB60: -400 | FC60: -530 | FD60: 804.24772 | FE60: =EL$47+EL$48*FC60+EL$49*FB60 -> 2.4092092e-06 | FF60: =FE60*Es -> 0.48184185 | FG60: =+IF(FF60>=0,IF(FE60<=eco,1-(1-FE60/eco)^n,1),0)*0.85*fck -> 0.061397833 | FH60: =MAX(MIN(FF60,fy),-fy)-IF(FF60>=0,FG60,0) -> 0.42044401 | FI60: =+FH60*FD60 -> 338.14114 | FJ60: =+FI60*FC60 -> -179214.8 | FK60: =+FI60*FB60 -> -135256.46 | FL60: =IF(ABS(FE60*Es)<fy,Es,0)-IF(AND(FE60>0,FE60<eco),0.85*fck*n/eco*(1-FE60/eco)^(n-1),0) -> 174530.72 | FM60: =+FL60*FD60 -> 1.4036593e+08 | FN60: =+FM60*FC60 -> -7.4393944e+10 | FO60: =+FM60*FB60 -> -5.6146373e+10 | FP60: =+FM60*FC60*FC60 -> 3.942879e+13 | FQ60: =+FM60*FB60*FC60 -> 2.9757577e+13 | FR60: =+FM60*FB60^2 -> 2.2458549e+13 | FT60: 6 | FU60: -725 | FV60: -175 | FW60: 2500 | FX60: =FU$47+FU$48*FV60+FU$49*FU60 -> 0.00063855714 | FY60: =+IF(FX60>=0,IF(FX60<=eco,1-(1-FX60/eco)^n,1),0)*0.85*fck -> 13.683768 | FZ60: =+FY60*FW60 -> 34209.419 | GA60: =+FZ60*FV60 -> -5986648.3 | GB60: =+FZ60*FU60 -> -24801829 | GC60: =IF(AND(FX60>0,FX60<eco),0.85*fck*n/eco*(1-FX60/eco)^(n-1),0) -> 17358.396 | GD60: =+GC60*FW60 -> 43395991 | GE60: =+GD60*FV60 -> -7.5942985e+09 | GF60: =+GD60*FU60 -> -3.1462094e+10 | GG60: =+GD60*FV60*FV60 -> 1.3290022e+12 | GH60: =+GD60*FU60*FV60 -> 5.5058664e+12 | GI60: =+GD60*FU60^2 -> 2.2810018e+13 | GJ60: 6 | GK60: -400 | GL60: -530 | GM60: 804.24772 | GN60: =FU$47+FU$48*GL60+FU$49*GK60 -> 6.7961162e-09 | GO60: =GN60*Es -> 0.0013592232 | GP60: =+IF(GO60>=0,IF(GN60<=eco,1-(1-GN60/eco)^n,1),0)*0.85*fck -> 0.00017330067 | GQ60: =MAX(MIN(GO60,fy),-fy)-IF(GO60>=0,GP60,0) -> 0.0011859226 | GR60: =+GQ60*GM60 -> 0.95377553 | GS60: =+GR60*GL60 -> -505.50103 | GT60: =+GR60*GK60 -> -381.51021 | GU60: =IF(ABS(GN60*Es)<fy,Es,0)-IF(AND(GN60>0,GN60<eco),0.85*fck*n/eco*(1-GN60/eco)^(n-1),0) -> 174500.09 | GV60: =+GU60*GM60 -> 1.403413e+08 | GW60: =+GV60*GL60 -> -7.4380887e+10 | GX60: =+GV60*GK60 -> -5.6136519e+10 | GY60: =+GV60*GL60*GL60 -> 3.942187e+13 | GZ60: =+GV60*GK60*GL60 -> 2.9752355e+13 | HA60: =+GV60*GK60^2 -> 2.2454607e+13 | HC60: 6 | HD60: -725 | HE60: -175 | HF60: 2500 | HG60: =HD$47+HD$48*HE60+HD$49*HD60 -> 0.00063856371 | HH60: =+IF(HG60>=0,IF(HG60<=eco,1-(1-HG60/eco)^n,1),0)*0.85*fck -> 13.683882 | HI60: =+HH60*HF60 -> 34209.704 | HJ60: =+HI60*HE60 -> -5986698.2 | HK60: =+HI60*HD60 -> -24802035 | HL60: =IF(AND(HG60>0,HG60<eco),0.85*fck*n/eco*(1-HG60/eco)^(n-1),0) -> 17358.313 | HM60: =+HL60*HF60 -> 43395782 | HN60: =+HM60*HE60 -> -7.5942618e+09 | HO60: =+HM60*HD60 -> -3.1461942e+10 | HP60: =+HM60*HE60*HE60 -> 1.3289958e+12 | HQ60: =+HM60*HD60*HE60 -> 5.5058398e+12 | HR60: =+HM60*HD60^2 -> 2.2809908e+13 | HS60: 6 | HT60: -400 | HU60: -530 | HV60: 804.24772 | HW60: =HD$47+HD$48*HU60+HD$49*HT60 -> 1.2220395e-13 | HX60: =HW60*Es -> 2.444079e-08 | HY60: =+IF(HX60>=0,IF(HW60<=eco,1-(1-HW60/eco)^n,1),0)*0.85*fck -> 3.1162026e-09 | HZ60: =MAX(MIN(HX60,fy),-fy)-IF(HX60>=0,HY60,0) -> 2.1324587e-08 | IA60: =+HZ60*HV60 -> 1.7150251e-05 | IB60: =+IA60*HU60 -> -0.0090896329 | IC60: =+IA60*HT60 -> -0.0068601003 | ID60: =IF(ABS(HW60*Es)<fy,Es,0)-IF(AND(HW60>0,HW60<eco),0.85*fck*n/eco*(1-HW60/eco)^(n-1),0) -> 174500 | IE60: =+ID60*HV60 -> 1.4034123e+08 | IF60: =+IE60*HU60 -> -7.438085e+10 | IG60: =+IE60*HT60 -> -5.6136491e+10 | IH60: =+IE60*HU60*HU60 -> 3.9421851e+13 | II60: =+IE60*HT60*HU60 -> 2.975234e+13 | IJ60: =+IE60*HT60^2 -> 2.2454596e+13 | IL60: 6 | IM60: -725 | IN60: -175 | IO60: 2500 | IP60: =IM$47+IM$48*IN60+IM$49*IM60 -> 0.00063856371 | IQ60: =+IF(IP60>=0,IF(IP60<=eco,1-(1-IP60/eco)^n,1),0)*0.85*fck -> 13.683882 | IR60: =+IQ60*IO60 -> 34209.704 | IS60: =+IR60*IN60 -> -5986698.2 | IT60: =+IR60*IM60 -> -24802035 | IU60: =IF(AND(IP60>0,IP60<eco),0.85*fck*n/eco*(1-IP60/eco)^(n-1),0) -> 17358.313 | IV60: =+IU60*IO60 -> 43395782 | IW60: =+IV60*IN60 -> -7.5942618e+09 | IX60: =+IV60*IM60 -> -3.1461942e+10 | IY60: =+IV60*IN60*IN60 -> 1.3289958e+12 | IZ60: =+IV60*IM60*IN60 -> 5.5058398e+12 | JA60: =+IV60*IM60^2 -> 2.2809908e+13 | JB60: 6 | JC60: -400 | JD60: -530 | JE60: 804.24772 | JF60: =IM$47+IM$48*JD60+IM$49*JC60 -> 0 | JG60: =JF60*Es -> 0 | JH60: =+IF(JG60>=0,IF(JF60<=eco,1-(1-JF60/eco)^n,1),0)*0.85*fck -> 0 | JI60: =MAX(MIN(JG60,fy),-fy)-IF(JG60>=0,JH60,0) -> 0 | JJ60: =+JI60*JE60 -> 0 | JK60: =+JJ60*JD60 -> 0 | JL60: =+JJ60*JC60 -> 0 | JM60: =IF(ABS(JF60*Es)<fy,Es,0)-IF(AND(JF60>0,JF60<eco),0.85*fck*n/eco*(1-JF60/eco)^(n-1),0) -> 200000 | JN60: =+JM60*JE60 -> 1.6084954e+08 | JO60: =+JN60*JD60 -> -8.5250258e+10 | JP60: =+JN60*JC60 -> -6.4339818e+10 | JQ60: =+JN60*JD60*JD60 -> 4.5182637e+13 | JR60: =+JN60*JC60*JD60 -> 3.4100103e+13 | JS60: =+JN60*JC60^2 -> 2.5735927e+13 | JU60: 6 | JV60: -725 | JW60: -175 | JX60: 2500 | JY60: =JV$47+JV$48*JW60+JV$49*JV60 -> 0.00063856371 | JZ60: =+IF(JY60>=0,IF(JY60<=eco,1-(1-JY60/eco)^n,1),0)*0.85*fck -> 13.683882 | KA60: =+JZ60*JX60 -> 34209.704 | KB60: =+KA60*JW60 -> -5986698.2 | KC60: =+KA60*JV60 -> -24802035 | KD60: =IF(AND(JY60>0,JY60<eco),0.85*fck*n/eco*(1-JY60/eco)^(n-1),0) -> 17358.313 | KE60: =+KD60*JX60 -> 43395782 | KF60: =+KE60*JW60 -> -7.5942618e+09 | KG60: =+KE60*JV60 -> -3.1461942e+10 | KH60: =+KE60*JW60*JW60 -> 1.3289958e+12 | KI60: =+KE60*JV60*JW60 -> 5.5058398e+12 | KJ60: =+KE60*JV60^2 -> 2.2809908e+13 | KK60: 6 | KL60: -400 | KM60: -530 | KN60: 804.24772 | KO60: =JV$47+JV$48*KM60+JV$49*KL60 -> -1.1926224e-18 | KP60: =KO60*Es -> -2.3852448e-13 | KQ60: =+IF(KP60>=0,IF(KO60<=eco,1-(1-KO60/eco)^n,1),0)*0.85*fck -> 0 | KR60: =MAX(MIN(KP60,fy),-fy)-IF(KP60>=0,KQ60,0) -> -2.3852448e-13 | KS60: =+KR60*KN60 -> -1.9183277e-10 | KT60: =+KS60*KM60 -> 1.0167137e-07 | KU60: =+KS60*KL60 -> 7.6733107e-08 | KV60: =IF(ABS(KO60*Es)<fy,Es,0)-IF(AND(KO60>0,KO60<eco),0.85*fck*n/eco*(1-KO60/eco)^(n-1),0) -> 200000 | KW60: =+KV60*KN60 -> 1.6084954e+08 | KX60: =+KW60*KM60 -> -8.5250258e+10 | KY60: =+KW60*KL60 -> -6.4339818e+10 | KZ60: =+KW60*KM60*KM60 -> 4.5182637e+13 | LA60: =+KW60*KL60*KM60 -> 3.4100103e+13 | LB60: =+KW60*KL60^2 -> 2.5735927e+13 | LD60: 6 | LE60: -725 | LF60: -175 | LG60: 2500 | LH60: =LE$47+LE$48*LF60+LE$49*LE60 -> 0.00063856371 | LI60: =+IF(LH60>=0,IF(LH60<=eco,1-(1-LH60/eco)^n,1),0)*0.85*fck -> 13.683882 | LJ60: =+LI60*LG60 -> 34209.704 | LK60: =+LJ60*LF60 -> -5986698.2 | LL60: =+LJ60*LE60 -> -24802035 | LM60: =IF(AND(LH60>0,LH60<eco),0.85*fck*n/eco*(1-LH60/eco)^(n-1),0) -> 17358.313 | LN60: =+LM60*LG60 -> 43395782 | LO60: =+LN60*LF60 -> -7.5942618e+09 | LP60: =+LN60*LE60 -> -3.1461942e+10 | LQ60: =+LN60*LF60*LF60 -> 1.3289958e+12 | LR60: =+LN60*LE60*LF60 -> 5.5058398e+12 | LS60: =+LN60*LE60^2 -> 2.2809908e+13 | LT60: 6 | LU60: -400 | LV60: -530 | LW60: 804.24772 | LX60: =LE$47+LE$48*LV60+LE$49*LU60 -> -1.1926224e-18 | LY60: =LX60*Es -> -2.3852448e-13 | LZ60: =+IF(LY60>=0,IF(LX60<=eco,1-(1-LX60/eco)^n,1),0)*0.85*fck -> 0 | MA60: =MAX(MIN(LY60,fy),-fy)-IF(LY60>=0,LZ60,0) -> -2.3852448e-13 | MB60: =+MA60*LW60 -> -1.9183277e-10 | MC60: =+MB60*LV60 -> 1.0167137e-07 | MD60: =+MB60*LU60 -> 7.6733107e-08 | ME60: =IF(ABS(LX60*Es)<fy,Es,0)-IF(AND(LX60>0,LX60<eco),0.85*fck*n/eco*(1-LX60/eco)^(n-1),0) -> 200000 | MF60: =+ME60*LW60 -> 1.6084954e+08 | MG60: =+MF60*LV60 -> -8.5250258e+10 | MH60: =+MF60*LU60 -> -6.4339818e+10 | MI60: =+MF60*LV60*LV60 -> 4.5182637e+13 | MJ60: =+MF60*LU60*LV60 -> 3.4100103e+13 | MK60: =+MF60*LU60^2 -> 2.5735927e+13
A61: 7 | B61: -725 | C61: -125 | D61: 2500 | E61: =B$47+B$48*C61+B$49*B61 -> 0.000945 | F61: =+IF(E61>=0,IF(E61<=eco,1-(1-E61/eco)^n,1),0)*0.85*fck -> 18.404466 | G61: =+F61*D61 -> 46011.164 | H61: =+G61*C61 -> -5751395.5 | I61: =+G61*B61 -> -33358094 | J61: =IF(AND(E61>0,E61<eco),0.85*fck*n/eco*(1-E61/eco)^(n-1),0) -> 13451.25 | K61: =+J61*D61 -> 33628125 | L61: =+K61*C61 -> -4.2035156e+09 | M61: =+K61*B61 -> -2.4380391e+10 | N61: =+K61*C61*C61 -> 5.2543945e+11 | O61: =+K61*B61*C61 -> 3.0475488e+12 | P61: =+K61*B61^2 -> 1.7675783e+13 | Q61: 7 | R61: -200 | S61: -530 | T61: 804.24772 | U61: =B$47+B$48*S61+B$49*R61 -> 0.0009105 | V61: =U61*Es -> 182.1 | W61: =+IF(V61>=0,IF(U61<=eco,1-(1-U61/eco)^n,1),0)*0.85*fck -> 17.93281 | X61: =MAX(MIN(V61,fy),-fy)-IF(V61>=0,W61,0) -> 164.16719 | Y61: =+X61*T61 -> 132031.09 | Z61: =+Y61*S61 -> -69976477 | AA61: =+Y61*R61 -> -26406218 | AB61: =IF(ABS(U61*Es)<fy,Es,0)-IF(AND(U61>0,U61<eco),0.85*fck*n/eco*(1-U61/eco)^(n-1),0) -> 186108.88 | AC61: =+AB61*T61 -> 1.4967764e+08 | AD61: =+AC61*S61 -> -7.9329148e+10 | AE61: =+AC61*R61 -> -2.9935528e+10 | AF61: =+AC61*S61*S61 -> 4.2044449e+13 | AG61: =+AC61*R61*S61 -> 1.586583e+13 | AH61: =+AC61*R61^2 -> 5.9871055e+12 | AJ61: 7 | AK61: -725 | AL61: -125 | AM61: 2500 | AN61: =AK$47+AK$48*AL61+AK$49*AK61 -> 0.00059826551 | AO61: =+IF(AN61>=0,IF(AN61<=eco,1-(1-AN61/eco)^n,1),0)*0.85*fck -> 12.97402 | AP61: =+AO61*AM61 -> 32435.05 | AQ61: =+AP61*AL61 -> -4054381.3 | AR61: =+AP61*AK61 -> -23515412 | AS61: =IF(AND(AN61>0,AN61<eco),0.85*fck*n/eco*(1-AN61/eco)^(n-1),0) -> 17872.115 | AT61: =+AS61*AM61 -> 44680287 | AU61: =+AT61*AL61 -> -5.5850359e+09 | AV61: =+AT61*AK61 -> -3.2393208e+10 | AW61: =+AT61*AL61*AL61 -> 6.9812948e+11 | AX61: =+AT61*AK61*AL61 -> 4.049151e+12 | AY61: =+AT61*AK61^2 -> 2.3485076e+13 | AZ61: 7 | BA61: -200 | BB61: -530 | BC61: 804.24772 | BD61: =AK$47+AK$48*BB61+AK$49*BA61 -> 0.0002287277 | BE61: =BD61*Es -> 45.745539 | BF61: =+IF(BE61>=0,IF(BD61<=eco,1-(1-BD61/eco)^n,1),0)*0.85*fck -> 5.4990395 | BG61: =MAX(MIN(BE61,fy),-fy)-IF(BE61>=0,BF61,0) -> 40.2465 | BH61: =+BG61*BC61 -> 32368.156 | BI61: =+BH61*BB61 -> -17155123 | BJ61: =+BH61*BA61 -> -6473631.1 | BK61: =IF(ABS(BD61*Es)<fy,Es,0)-IF(AND(BD61>0,BD61<eco),0.85*fck*n/eco*(1-BD61/eco)^(n-1),0) -> 177416.28 | BL61: =+BK61*BC61 -> 1.4268664e+08 | BM61: =+BL61*BB61 -> -7.5623918e+10 | BN61: =+BL61*BA61 -> -2.8537327e+10 | BO61: =+BL61*BB61*BB61 -> 4.0080676e+13 | BP61: =+BL61*BA61*BB61 -> 1.5124784e+13 | BQ61: =+BL61*BA61^2 -> 5.7074655e+12 | BS61: 7 | BT61: -725 | BU61: -125 | BV61: 2500 | BW61: =BT$47+BT$48*BU61+BT$49*BT61 -> 0.00068175665 | BX61: =+IF(BW61>=0,IF(BW61<=eco,1-(1-BW61/eco)^n,1),0)*0.85*fck -> 14.421745 | BY61: =+BX61*BV61 -> 36054.362 | BZ61: =+BY61*BU61 -> -4506795.3 | CA61: =+BY61*BT61 -> -26139412 | CB61: =IF(AND(BW61>0,BW61<eco),0.85*fck*n/eco*(1-BW61/eco)^(n-1),0) -> 16807.603 | CC61: =+CB61*BV61 -> 42019007 | CD61: =+CC61*BU61 -> -5.2523758e+09 | CE61: =+CC61*BT61 -> -3.046378e+10 | CF61: =+CC61*BU61*BU61 -> 6.5654698e+11 | CG61: =+CC61*BT61*BU61 -> 3.8079725e+12 | CH61: =+CC61*BT61^2 -> 2.208624e+13 | CI61: 7 | CJ61: -200 | CK61: -530 | CL61: 804.24772 | CM61: =BT$47+BT$48*CK61+BT$49*CJ61 -> 0.00022260737 | CN61: =CM61*Es -> 44.521474 | CO61: =+IF(CN61>=0,IF(CM61<=eco,1-(1-CM61/eco)^n,1),0)*0.85*fck -> 5.3605809 | CP61: =MAX(MIN(CN61,fy),-fy)-IF(CN61>=0,CO61,0) -> 39.160893 | CQ61: =+CP61*CL61 -> 31495.059 | CR61: =+CQ61*CK61 -> -16692381 | CS61: =+CQ61*CJ61 -> -6299011.8 | CT61: =IF(ABS(CM61*Es)<fy,Es,0)-IF(AND(CM61>0,CM61<eco),0.85*fck*n/eco*(1-CM61/eco)^(n-1),0) -> 177338.24 | CU61: =+CT61*CL61 -> 1.4262388e+08 | CV61: =+CU61*CK61 -> -7.5590655e+10 | CW61: =+CU61*CJ61 -> -2.8524776e+10 | CX61: =+CU61*CK61*CK61 -> 4.0063047e+13 | CY61: =+CU61*CJ61*CK61 -> 1.5118131e+13 | CZ61: =+CU61*CJ61^2 -> 5.7049551e+12 | DB61: 7 | DC61: -725 | DD61: -125 | DE61: 2500 | DF61: =DC$47+DC$48*DD61+DC$49*DC61 -> 0.00073551559 | DG61: =+IF(DF61>=0,IF(DF61<=eco,1-(1-DF61/eco)^n,1),0)*0.85*fck -> 15.30688 | DH61: =+DG61*DE61 -> 38267.2 | DI61: =+DH61*DD61 -> -4783399.9 | DJ61: =+DH61*DC61 -> -27743720 | DK61: =IF(AND(DF61>0,DF61<eco),0.85*fck*n/eco*(1-DF61/eco)^(n-1),0) -> 16122.176 | DL61: =+DK61*DE61 -> 40305440 | DM61: =+DL61*DD61 -> -5.0381801e+09 | DN61: =+DL61*DC61 -> -2.9221444e+10 | DO61: =+DL61*DD61*DD61 -> 6.2977251e+11 | DP61: =+DL61*DC61*DD61 -> 3.6526805e+12 | DQ61: =+DL61*DC61^2 -> 2.1185547e+13 | DR61: 7 | DS61: -200 | DT61: -530 | DU61: 804.24772 | DV61: =DC$47+DC$48*DT61+DC$49*DS61 -> 0.00015367418 | DW61: =DV61*Es -> 30.734837 | DX61: =+IF(DW61>=0,IF(DV61<=eco,1-(1-DV61/eco)^n,1),0)*0.85*fck -> 3.7681413 | DY61: =MAX(MIN(DW61,fy),-fy)-IF(DW61>=0,DX61,0) -> 26.966696 | DZ61: =+DY61*DU61 -> 21687.903 | EA61: =+DZ61*DT61 -> -11494589 | EB61: =+DZ61*DS61 -> -4337580.7 | EC61: =IF(ABS(DV61*Es)<fy,Es,0)-IF(AND(DV61>0,DV61<eco),0.85*fck*n/eco*(1-DV61/eco)^(n-1),0) -> 176459.35 | ED61: =+EC61*DU61 -> 1.4191703e+08 | EE61: =+ED61*DT61 -> -7.5216024e+10 | EF61: =+ED61*DS61 -> -2.8383405e+10 | EG61: =+ED61*DT61*DT61 -> 3.9864493e+13 | EH61: =+ED61*DS61*DT61 -> 1.5043205e+13 | EI61: =+ED61*DS61^2 -> 5.6766811e+12 | EK61: 7 | EL61: -725 | EM61: -125 | EN61: 2500 | EO61: =EL$47+EL$48*EM61+EL$49*EL61 -> 0.00075624144 | EP61: =+IF(EO61>=0,IF(EO61<=eco,1-(1-EO61/eco)^n,1),0)*0.85*fck -> 15.638287 | EQ61: =+EP61*EN61 -> 39095.718 | ER61: =+EQ61*EM61 -> -4886964.7 | ES61: =+EQ61*EL61 -> -28344395 | ET61: =IF(AND(EO61>0,EO61<eco),0.85*fck*n/eco*(1-EO61/eco)^(n-1),0) -> 15857.922 | EU61: =+ET61*EN61 -> 39644804 | EV61: =+EU61*EM61 -> -4.9556005e+09 | EW61: =+EU61*EL61 -> -2.8742483e+10 | EX61: =+EU61*EM61*EM61 -> 6.1945007e+11 | EY61: =+EU61*EL61*EM61 -> 3.5928104e+12 | EZ61: =+EU61*EL61^2 -> 2.08383e+13 | FA61: 7 | FB61: -200 | FC61: -530 | FD61: 804.24772 | FE61: =EL$47+EL$48*FC61+EL$49*FB61 -> 0.0001296201 | FF61: =FE61*Es -> 25.92402 | FG61: =+IF(FF61>=0,IF(FE61<=eco,1-(1-FE61/eco)^n,1),0)*0.85*fck -> 3.1982038 | FH61: =MAX(MIN(FF61,fy),-fy)-IF(FF61>=0,FG61,0) -> 22.725816 | FI61: =+FH61*FD61 -> 18277.186 | FJ61: =+FI61*FC61 -> -9686908.4 | FK61: =+FI61*FB61 -> -3655437.1 | FL61: =IF(ABS(FE61*Es)<fy,Es,0)-IF(AND(FE61>0,FE61<eco),0.85*fck*n/eco*(1-FE61/eco)^(n-1),0) -> 176152.66 | FM61: =+FL61*FD61 -> 1.4167037e+08 | FN61: =+FM61*FC61 -> -7.5085297e+10 | FO61: =+FM61*FB61 -> -2.8334074e+10 | FP61: =+FM61*FC61*FC61 -> 3.9795208e+13 | FQ61: =+FM61*FB61*FC61 -> 1.5017059e+13 | FR61: =+FM61*FB61^2 -> 5.6668149e+12 | FT61: 7 | FU61: -725 | FV61: -125 | FW61: 2500 | FX61: =FU$47+FU$48*FV61+FU$49*FU61 -> 0.00075772702 | FY61: =+IF(FX61>=0,IF(FX61<=eco,1-(1-FX61/eco)^n,1),0)*0.85*fck -> 15.661831 | FZ61: =+FY61*FW61 -> 39154.578 | GA61: =+FZ61*FV61 -> -4894322.3 | GB61: =+FZ61*FU61 -> -28387069 | GC61: =IF(AND(FX61>0,FX61<eco),0.85*fck*n/eco*(1-FX61/eco)^(n-1),0) -> 15838.981 | GD61: =+GC61*FW61 -> 39597451 | GE61: =+GD61*FV61 -> -4.9496814e+09 | GF61: =+GD61*FU61 -> -2.8708152e+10 | GG61: =+GD61*FV61*FV61 -> 6.1871018e+11 | GH61: =+GD61*FU61*FV61 -> 3.588519e+12 | GI61: =+GD61*FU61^2 -> 2.081341e+13 | GJ61: 7 | GK61: -200 | GL61: -530 | GM61: 804.24772 | GN61: =FU$47+FU$48*GL61+FU$49*GK61 -> 0.00012773345 | GO61: =GN61*Es -> 25.54669 | GP61: =+IF(GO61>=0,IF(GN61<=eco,1-(1-GN61/eco)^n,1),0)*0.85*fck -> 3.1531895 | GQ61: =MAX(MIN(GO61,fy),-fy)-IF(GO61>=0,GP61,0) -> 22.3935 | GR61: =+GQ61*GM61 -> 18009.922 | GS61: =+GR61*GL61 -> -9545258.4 | GT61: =+GR61*GK61 -> -3601984.3 | GU61: =IF(ABS(GN61*Es)<fy,Es,0)-IF(AND(GN61>0,GN61<eco),0.85*fck*n/eco*(1-GN61/eco)^(n-1),0) -> 176128.6 | GV61: =+GU61*GM61 -> 1.4165103e+08 | GW61: =+GV61*GL61 -> -7.5075044e+10 | GX61: =+GV61*GK61 -> -2.8330205e+10 | GY61: =+GV61*GL61*GL61 -> 3.9789773e+13 | GZ61: =+GV61*GK61*GL61 -> 1.5015009e+13 | HA61: =+GV61*GK61^2 -> 5.666041e+12 | HC61: 7 | HD61: -725 | HE61: -125 | HF61: 2500 | HG61: =HD$47+HD$48*HE61+HD$49*HD61 -> 0.00075773585 | HH61: =+IF(HG61>=0,IF(HG61<=eco,1-(1-HG61/eco)^n,1),0)*0.85*fck -> 15.661971 | HI61: =+HH61*HF61 -> 39154.928 | HJ61: =+HI61*HE61 -> -4894366 | HK61: =+HI61*HD61 -> -28387323 | HL61: =IF(AND(HG61>0,HG61<eco),0.85*fck*n/eco*(1-HG61/eco)^(n-1),0) -> 15838.868 | HM61: =+HL61*HF61 -> 39597170 | HN61: =+HM61*HE61 -> -4.9496462e+09 | HO61: =+HM61*HD61 -> -2.8707948e+10 | HP61: =+HM61*HE61*HE61 -> 6.1870578e+11 | HQ61: =+HM61*HD61*HE61 -> 3.5884935e+12 | HR61: =+HM61*HD61^2 -> 2.0813262e+13 | HS61: 7 | HT61: -200 | HU61: -530 | HV61: 804.24772 | HW61: =HD$47+HD$48*HU61+HD$49*HT61 -> 0.00012772832 | HX61: =HW61*Es -> 25.545664 | HY61: =+IF(HX61>=0,IF(HW61<=eco,1-(1-HW61/eco)^n,1),0)*0.85*fck -> 3.1530671 | HZ61: =MAX(MIN(HX61,fy),-fy)-IF(HX61>=0,HY61,0) -> 22.392597 | IA61: =+HZ61*HV61 -> 18009.195 | IB61: =+IA61*HU61 -> -9544873.4 | IC61: =+IA61*HT61 -> -3601839 | ID61: =IF(ABS(HW61*Es)<fy,Es,0)-IF(AND(HW61>0,HW61<eco),0.85*fck*n/eco*(1-HW61/eco)^(n-1),0) -> 176128.54 | IE61: =+ID61*HV61 -> 1.4165097e+08 | IF61: =+IE61*HU61 -> -7.5075016e+10 | IG61: =+IE61*HT61 -> -2.8330195e+10 | IH61: =+IE61*HU61*HU61 -> 3.9789758e+13 | II61: =+IE61*HT61*HU61 -> 1.5015003e+13 | IJ61: =+IE61*HT61^2 -> 5666038938077 | IL61: 7 | IM61: -725 | IN61: -125 | IO61: 2500 | IP61: =IM$47+IM$48*IN61+IM$49*IM61 -> 0.00075773586 | IQ61: =+IF(IP61>=0,IF(IP61<=eco,1-(1-IP61/eco)^n,1),0)*0.85*fck -> 15.661971 | IR61: =+IQ61*IO61 -> 39154.928 | IS61: =+IR61*IN61 -> -4894366 | IT61: =+IR61*IM61 -> -28387323 | IU61: =IF(AND(IP61>0,IP61<eco),0.85*fck*n/eco*(1-IP61/eco)^(n-1),0) -> 15838.868 | IV61: =+IU61*IO61 -> 39597170 | IW61: =+IV61*IN61 -> -4.9496462e+09 | IX61: =+IV61*IM61 -> -2.8707948e+10 | IY61: =+IV61*IN61*IN61 -> 6.1870578e+11 | IZ61: =+IV61*IM61*IN61 -> 3.5884935e+12 | JA61: =+IV61*IM61^2 -> 2.0813262e+13 | JB61: 7 | JC61: -200 | JD61: -530 | JE61: 804.24772 | JF61: =IM$47+IM$48*JD61+IM$49*JC61 -> 0.00012772832 | JG61: =JF61*Es -> 25.545664 | JH61: =+IF(JG61>=0,IF(JF61<=eco,1-(1-JF61/eco)^n,1),0)*0.85*fck -> 3.1530671 | JI61: =MAX(MIN(JG61,fy),-fy)-IF(JG61>=0,JH61,0) -> 22.392597 | JJ61: =+JI61*JE61 -> 18009.195 | JK61: =+JJ61*JD61 -> -9544873.4 | JL61: =+JJ61*JC61 -> -3601839 | JM61: =IF(ABS(JF61*Es)<fy,Es,0)-IF(AND(JF61>0,JF61<eco),0.85*fck*n/eco*(1-JF61/eco)^(n-1),0) -> 176128.54 | JN61: =+JM61*JE61 -> 1.4165097e+08 | JO61: =+JN61*JD61 -> -7.5075016e+10 | JP61: =+JN61*JC61 -> -2.8330195e+10 | JQ61: =+JN61*JD61*JD61 -> 3.9789758e+13 | JR61: =+JN61*JC61*JD61 -> 1.5015003e+13 | JS61: =+JN61*JC61^2 -> 5.6660389e+12 | JU61: 7 | JV61: -725 | JW61: -125 | JX61: 2500 | JY61: =JV$47+JV$48*JW61+JV$49*JV61 -> 0.00075773586 | JZ61: =+IF(JY61>=0,IF(JY61<=eco,1-(1-JY61/eco)^n,1),0)*0.85*fck -> 15.661971 | KA61: =+JZ61*JX61 -> 39154.928 | KB61: =+KA61*JW61 -> -4894366 | KC61: =+KA61*JV61 -> -28387323 | KD61: =IF(AND(JY61>0,JY61<eco),0.85*fck*n/eco*(1-JY61/eco)^(n-1),0) -> 15838.868 | KE61: =+KD61*JX61 -> 39597170 | KF61: =+KE61*JW61 -> -4.9496462e+09 | KG61: =+KE61*JV61 -> -2.8707948e+10 | KH61: =+KE61*JW61*JW61 -> 6.1870578e+11 | KI61: =+KE61*JV61*JW61 -> 3.5884935e+12 | KJ61: =+KE61*JV61^2 -> 2.0813262e+13 | KK61: 7 | KL61: -200 | KM61: -530 | KN61: 804.24772 | KO61: =JV$47+JV$48*KM61+JV$49*KL61 -> 0.00012772832 | KP61: =KO61*Es -> 25.545664 | KQ61: =+IF(KP61>=0,IF(KO61<=eco,1-(1-KO61/eco)^n,1),0)*0.85*fck -> 3.1530671 | KR61: =MAX(MIN(KP61,fy),-fy)-IF(KP61>=0,KQ61,0) -> 22.392597 | KS61: =+KR61*KN61 -> 18009.195 | KT61: =+KS61*KM61 -> -9544873.4 | KU61: =+KS61*KL61 -> -3601839 | KV61: =IF(ABS(KO61*Es)<fy,Es,0)-IF(AND(KO61>0,KO61<eco),0.85*fck*n/eco*(1-KO61/eco)^(n-1),0) -> 176128.54 | KW61: =+KV61*KN61 -> 1.4165097e+08 | KX61: =+KW61*KM61 -> -7.5075016e+10 | KY61: =+KW61*KL61 -> -2.8330195e+10 | KZ61: =+KW61*KM61*KM61 -> 3.9789758e+13 | LA61: =+KW61*KL61*KM61 -> 1.5015003e+13 | LB61: =+KW61*KL61^2 -> 5.6660389e+12 | LD61: 7 | LE61: -725 | LF61: -125 | LG61: 2500 | LH61: =LE$47+LE$48*LF61+LE$49*LE61 -> 0.00075773586 | LI61: =+IF(LH61>=0,IF(LH61<=eco,1-(1-LH61/eco)^n,1),0)*0.85*fck -> 15.661971 | LJ61: =+LI61*LG61 -> 39154.928 | LK61: =+LJ61*LF61 -> -4894366 | LL61: =+LJ61*LE61 -> -28387323 | LM61: =IF(AND(LH61>0,LH61<eco),0.85*fck*n/eco*(1-LH61/eco)^(n-1),0) -> 15838.868 | LN61: =+LM61*LG61 -> 39597170 | LO61: =+LN61*LF61 -> -4.9496462e+09 | LP61: =+LN61*LE61 -> -2.8707948e+10 | LQ61: =+LN61*LF61*LF61 -> 6.1870578e+11 | LR61: =+LN61*LE61*LF61 -> 3.5884935e+12 | LS61: =+LN61*LE61^2 -> 2.0813262e+13 | LT61: 7 | LU61: -200 | LV61: -530 | LW61: 804.24772 | LX61: =LE$47+LE$48*LV61+LE$49*LU61 -> 0.00012772832 | LY61: =LX61*Es -> 25.545664 | LZ61: =+IF(LY61>=0,IF(LX61<=eco,1-(1-LX61/eco)^n,1),0)*0.85*fck -> 3.1530671 | MA61: =MAX(MIN(LY61,fy),-fy)-IF(LY61>=0,LZ61,0) -> 22.392597 | MB61: =+MA61*LW61 -> 18009.195 | MC61: =+MB61*LV61 -> -9544873.4 | MD61: =+MB61*LU61 -> -3601839 | ME61: =IF(ABS(LX61*Es)<fy,Es,0)-IF(AND(LX61>0,LX61<eco),0.85*fck*n/eco*(1-LX61/eco)^(n-1),0) -> 176128.54 | MF61: =+ME61*LW61 -> 1.4165097e+08 | MG61: =+MF61*LV61 -> -7.5075016e+10 | MH61: =+MF61*LU61 -> -2.8330195e+10 | MI61: =+MF61*LV61*LV61 -> 3.9789758e+13 | MJ61: =+MF61*LU61*LV61 -> 1.5015003e+13 | MK61: =+MF61*LU61^2 -> 5.6660389e+12
A62: 8 | B62: -725 | C62: -75 | D62: 2500 | E62: =B$47+B$48*C62+B$49*B62 -> 0.0009525 | F62: =+IF(E62>=0,IF(E62<=eco,1-(1-E62/eco)^n,1),0)*0.85*fck -> 18.504991 | G62: =+F62*D62 -> 46262.479 | H62: =+G62*C62 -> -3469685.9 | I62: =+G62*B62 -> -33540297 | J62: =IF(AND(E62>0,E62<eco),0.85*fck*n/eco*(1-E62/eco)^(n-1),0) -> 13355.625 | K62: =+J62*D62 -> 33389062 | L62: =+K62*C62 -> -2.5041797e+09 | M62: =+K62*B62 -> -2.420707e+10 | N62: =+K62*C62*C62 -> 1.8781348e+11 | O62: =+K62*B62*C62 -> 1.8155303e+12 | P62: =+K62*B62^2 -> 1.7550126e+13 | Q62: 8 | R62: 0 | S62: -530 | T62: 804.24772 | U62: =B$47+B$48*S62+B$49*R62 -> 0.0009205 | V62: =U62*Es -> 184.1 | W62: =+IF(V62>=0,IF(U62<=eco,1-(1-U62/eco)^n,1),0)*0.85*fck -> 18.071083 | X62: =MAX(MIN(V62,fy),-fy)-IF(V62>=0,W62,0) -> 166.02892 | Y62: =+X62*T62 -> 133528.38 | Z62: =+Y62*S62 -> -70770040 | AA62: =+Y62*R62 -> 0 | AB62: =IF(ABS(U62*Es)<fy,Es,0)-IF(AND(U62>0,U62<eco),0.85*fck*n/eco*(1-U62/eco)^(n-1),0) -> 186236.38 | AC62: =+AB62*T62 -> 1.4978018e+08 | AD62: =+AC62*S62 -> -7.9383495e+10 | AE62: =+AC62*R62 -> 0 | AF62: =+AC62*S62*S62 -> 4.2073253e+13 | AG62: =+AC62*R62*S62 -> 0 | AH62: =+AC62*R62^2 -> 0 | AJ62: 8 | AK62: -725 | AL62: -75 | AM62: 2500 | AN62: =AK$47+AK$48*AL62+AK$49*AK62 -> 0.00067085755 | AO62: =+IF(AN62>=0,IF(AN62<=eco,1-(1-AN62/eco)^n,1),0)*0.85*fck -> 14.2378 | AP62: =+AO62*AM62 -> 35594.499 | AQ62: =+AP62*AL62 -> -2669587.4 | AR62: =+AP62*AK62 -> -25806012 | AS62: =IF(AND(AN62>0,AN62<eco),0.85*fck*n/eco*(1-AN62/eco)^(n-1),0) -> 16946.566 | AT62: =+AS62*AM62 -> 42366416 | AU62: =+AT62*AL62 -> -3.1774812e+09 | AV62: =+AT62*AK62 -> -3.0715651e+10 | AW62: =+AT62*AL62*AL62 -> 2.3831109e+11 | AX62: =+AT62*AK62*AL62 -> 2.3036738e+12 | AY62: =+AT62*AK62^2 -> 2.2268847e+13 | AZ62: 8 | BA62: 0 | BB62: -530 | BC62: 804.24772 | BD62: =AK$47+AK$48*BB62+AK$49*BA62 -> 0.00031194968 | BE62: =BD62*Es -> 62.389936 | BF62: =+IF(BE62>=0,IF(BD62<=eco,1-(1-BD62/eco)^n,1),0)*0.85*fck -> 7.334349 | BG62: =MAX(MIN(BE62,fy),-fy)-IF(BE62>=0,BF62,0) -> 55.055587 | BH62: =+BG62*BC62 -> 44278.33 | BI62: =+BH62*BB62 -> -23467515 | BJ62: =+BH62*BA62 -> 0 | BK62: =IF(ABS(BD62*Es)<fy,Es,0)-IF(AND(BD62>0,BD62<eco),0.85*fck*n/eco*(1-BD62/eco)^(n-1),0) -> 178477.36 | BL62: =+BK62*BC62 -> 1.4354001e+08 | BM62: =+BL62*BB62 -> -7.6076204e+10 | BN62: =+BL62*BA62 -> 0 | BO62: =+BL62*BB62*BB62 -> 4.0320388e+13 | BP62: =+BL62*BA62*BB62 -> 0 | BQ62: =+BL62*BA62^2 -> 0 | BS62: 8 | BT62: -725 | BU62: -75 | BV62: 2500 | BW62: =BT$47+BT$48*BU62+BT$49*BT62 -> 0.00077211816 | BX62: =+IF(BW62>=0,IF(BW62<=eco,1-(1-BW62/eco)^n,1),0)*0.85*fck -> 15.888452 | BY62: =+BX62*BV62 -> 39721.13 | BZ62: =+BY62*BU62 -> -2979084.7 | CA62: =+BY62*BT62 -> -28797819 | CB62: =IF(AND(BW62>0,BW62<eco),0.85*fck*n/eco*(1-BW62/eco)^(n-1),0) -> 15655.493 | CC62: =+CB62*BV62 -> 39138734 | CD62: =+CC62*BU62 -> -2.935405e+09 | CE62: =+CC62*BT62 -> -2.8375582e+10 | CF62: =+CC62*BU62*BU62 -> 2.2015538e+11 | CG62: =+CC62*BT62*BU62 -> 2.1281686e+12 | CH62: =+CC62*BT62^2 -> 2.0572297e+13 | CI62: 8 | CJ62: 0 | CK62: -530 | CL62: 804.24772 | CM62: =BT$47+BT$48*CK62+BT$49*CJ62 -> 0.00032652314 | CN62: =CM62*Es -> 65.304628 | CO62: =+IF(CN62>=0,IF(CM62<=eco,1-(1-CM62/eco)^n,1),0)*0.85*fck -> 7.6466544 | CP62: =MAX(MIN(CN62,fy),-fy)-IF(CN62>=0,CO62,0) -> 57.657973 | CQ62: =+CP62*CL62 -> 46371.294 | CR62: =+CQ62*CK62 -> -24576786 | CS62: =+CQ62*CJ62 -> 0 | CT62: =IF(ABS(CM62*Es)<fy,Es,0)-IF(AND(CM62>0,CM62<eco),0.85*fck*n/eco*(1-CM62/eco)^(n-1),0) -> 178663.17 | CU62: =+CT62*CL62 -> 1.4368945e+08 | CV62: =+CU62*CK62 -> -7.6155407e+10 | CW62: =+CU62*CJ62 -> 0 | CX62: =+CU62*CK62*CK62 -> 4.0362366e+13 | CY62: =+CU62*CJ62*CK62 -> 0 | CZ62: =+CU62*CJ62^2 -> 0 | DB62: 8 | DC62: -725 | DD62: -75 | DE62: 2500 | DF62: =DC$47+DC$48*DD62+DC$49*DC62 -> 0.00084643587 | DG62: =+IF(DF62>=0,IF(DF62<=eco,1-(1-DF62/eco)^n,1),0)*0.85*fck -> 17.016722 | DH62: =+DG62*DE62 -> 42541.806 | DI62: =+DH62*DD62 -> -3190635.5 | DJ62: =+DH62*DC62 -> -30842809 | DK62: =IF(AND(DF62>0,DF62<eco),0.85*fck*n/eco*(1-DF62/eco)^(n-1),0) -> 14707.943 | DL62: =+DK62*DE62 -> 36769857 | DM62: =+DL62*DD62 -> -2.7577393e+09 | DN62: =+DL62*DC62 -> -2.6658146e+10 | DO62: =+DL62*DD62*DD62 -> 2.0683044e+11 | DP62: =+DL62*DC62*DD62 -> 1.999361e+12 | DQ62: =+DL62*DC62^2 -> 1.9327156e+13 | DR62: 8 | DS62: 0 | DT62: -530 | DU62: 804.24772 | DV62: =DC$47+DC$48*DT62+DC$49*DS62 -> 0.00027428859 | DW62: =DV62*Es -> 54.857718 | DX62: =+IF(DW62>=0,IF(DV62<=eco,1-(1-DV62/eco)^n,1),0)*0.85*fck -> 6.5147408 | DY62: =MAX(MIN(DW62,fy),-fy)-IF(DW62>=0,DX62,0) -> 48.342977 | DZ62: =+DY62*DU62 -> 38879.729 | EA62: =+DZ62*DT62 -> -20606256 | EB62: =+DZ62*DS62 -> 0 | EC62: =IF(ABS(DV62*Es)<fy,Es,0)-IF(AND(DV62>0,DV62<eco),0.85*fck*n/eco*(1-DV62/eco)^(n-1),0) -> 177997.18 | ED62: =+EC62*DU62 -> 1.4315383e+08 | EE62: =+ED62*DT62 -> -7.5871528e+10 | EF62: =+ED62*DS62 -> 0 | EG62: =+ED62*DT62*DT62 -> 4.021191e+13 | EH62: =+ED62*DS62*DT62 -> 0 | EI62: =+ED62*DS62^2 -> 0 | EK62: 8 | EL62: -725 | EM62: -75 | EN62: 2500 | EO62: =EL$47+EL$48*EM62+EL$49*EL62 -> 0.00087482785 | EP62: =+IF(EO62>=0,IF(EO62<=eco,1-(1-EO62/eco)^n,1),0)*0.85*fck -> 17.429171 | EQ62: =+EP62*EN62 -> 43572.928 | ER62: =+EQ62*EM62 -> -3267969.6 | ES62: =+EQ62*EL62 -> -31590373 | ET62: =IF(AND(EO62>0,EO62<eco),0.85*fck*n/eco*(1-EO62/eco)^(n-1),0) -> 14345.945 | EU62: =+ET62*EN62 -> 35864862 | EV62: =+EU62*EM62 -> -2.6898647e+09 | EW62: =+EU62*EL62 -> -2.6002025e+10 | EX62: =+EU62*EM62*EM62 -> 2.0173985e+11 | EY62: =+EU62*EL62*EM62 -> 1.9501519e+12 | EZ62: =+EU62*EL62^2 -> 1.8851468e+13 | FA62: 8 | FB62: 0 | FC62: -530 | FD62: 804.24772 | FE62: =EL$47+EL$48*FC62+EL$49*FB62 -> 0.00025683099 | FF62: =FE62*Es -> 51.366198 | FG62: =+IF(FF62>=0,IF(FE62<=eco,1-(1-FE62/eco)^n,1),0)*0.85*fck -> 6.1286814 | FH62: =MAX(MIN(FF62,fy),-fy)-IF(FF62>=0,FG62,0) -> 45.237516 | FI62: =+FH62*FD62 -> 36382.169 | FJ62: =+FI62*FC62 -> -19282550 | FK62: =+FI62*FB62 -> 0 | FL62: =IF(ABS(FE62*Es)<fy,Es,0)-IF(AND(FE62>0,FE62<eco),0.85*fck*n/eco*(1-FE62/eco)^(n-1),0) -> 177774.6 | FM62: =+FL62*FD62 -> 1.4297481e+08 | FN62: =+FM62*FC62 -> -7.5776651e+10 | FO62: =+FM62*FB62 -> 0 | FP62: =+FM62*FC62*FC62 -> 4.0161625e+13 | FQ62: =+FM62*FB62*FC62 -> 0 | FR62: =+FM62*FB62^2 -> 0 | FT62: 8 | FU62: -725 | FV62: -75 | FW62: 2500 | FX62: =FU$47+FU$48*FV62+FU$49*FU62 -> 0.0008768969 | FY62: =+IF(FX62>=0,IF(FX62<=eco,1-(1-FX62/eco)^n,1),0)*0.85*fck -> 17.458826 | FZ62: =+FY62*FW62 -> 43647.066 | GA62: =+FZ62*FV62 -> -3273529.9 | GB62: =+FZ62*FU62 -> -31644123 | GC62: =IF(AND(FX62>0,FX62<eco),0.85*fck*n/eco*(1-FX62/eco)^(n-1),0) -> 14319.565 | GD62: =+GC62*FW62 -> 35798911 | GE62: =+GD62*FV62 -> -2.6849183e+09 | GF62: =+GD62*FU62 -> -2.5954211e+10 | GG62: =+GD62*FV62*FV62 -> 2.0136888e+11 | GH62: =+GD62*FU62*FV62 -> 1.9465658e+12 | GI62: =+GD62*FU62^2 -> 1.8816803e+13 | GJ62: 8 | GK62: 0 | GL62: -530 | GM62: 804.24772 | GN62: =FU$47+FU$48*GL62+FU$49*GK62 -> 0.0002554601 | GO62: =GN62*Es -> 51.09202 | GP62: =+IF(GO62>=0,IF(GN62<=eco,1-(1-GN62/eco)^n,1),0)*0.85*fck -> 6.098201 | GQ62: =MAX(MIN(GO62,fy),-fy)-IF(GO62>=0,GP62,0) -> 44.993819 | GR62: =+GQ62*GM62 -> 36186.177 | GS62: =+GR62*GL62 -> -19178674 | GT62: =+GR62*GK62 -> 0 | GU62: =IF(ABS(GN62*Es)<fy,Es,0)-IF(AND(GN62>0,GN62<eco),0.85*fck*n/eco*(1-GN62/eco)^(n-1),0) -> 177757.12 | GV62: =+GU62*GM62 -> 1.4296076e+08 | GW62: =+GV62*GL62 -> -7.57692e+10 | GX62: =+GV62*GK62 -> 0 | GY62: =+GV62*GL62*GL62 -> 4.0157676e+13 | GZ62: =+GV62*GK62*GL62 -> 0 | HA62: =+GV62*GK62^2 -> 0 | HC62: 8 | HD62: -725 | HE62: -75 | HF62: 2500 | HG62: =HD$47+HD$48*HE62+HD$49*HD62 -> 0.000876908 | HH62: =+IF(HG62>=0,IF(HG62<=eco,1-(1-HG62/eco)^n,1),0)*0.85*fck -> 17.458985 | HI62: =+HH62*HF62 -> 43647.463 | HJ62: =+HI62*HE62 -> -3273559.7 | HK62: =+HI62*HD62 -> -31644411 | HL62: =IF(AND(HG62>0,HG62<eco),0.85*fck*n/eco*(1-HG62/eco)^(n-1),0) -> 14319.423 | HM62: =+HL62*HF62 -> 35798558 | HN62: =+HM62*HE62 -> -2.6848918e+09 | HO62: =+HM62*HD62 -> -2.5953954e+10 | HP62: =+HM62*HE62*HE62 -> 2.0136689e+11 | HQ62: =+HM62*HD62*HE62 -> 1.9465466e+12 | HR62: =+HM62*HD62^2 -> 1.8816617e+13 | HS62: 8 | HT62: 0 | HU62: -530 | HV62: 804.24772 | HW62: =HD$47+HD$48*HU62+HD$49*HT62 -> 0.00025545664 | HX62: =HW62*Es -> 51.091328 | HY62: =+IF(HX62>=0,IF(HW62<=eco,1-(1-HW62/eco)^n,1),0)*0.85*fck -> 6.098124 | HZ62: =MAX(MIN(HX62,fy),-fy)-IF(HX62>=0,HY62,0) -> 44.993204 | IA62: =+HZ62*HV62 -> 36185.682 | IB62: =+IA62*HU62 -> -19178411 | IC62: =+IA62*HT62 -> 0 | ID62: =IF(ABS(HW62*Es)<fy,Es,0)-IF(AND(HW62>0,HW62<eco),0.85*fck*n/eco*(1-HW62/eco)^(n-1),0) -> 177757.07 | IE62: =+ID62*HV62 -> 1.4296072e+08 | IF62: =+IE62*HU62 -> -7.5769182e+10 | IG62: =+IE62*HT62 -> 0 | IH62: =+IE62*HU62*HU62 -> 4.0157666e+13 | II62: =+IE62*HT62*HU62 -> 0 | IJ62: =+IE62*HT62^2 -> 0 | IL62: 8 | IM62: -725 | IN62: -75 | IO62: 2500 | IP62: =IM$47+IM$48*IN62+IM$49*IM62 -> 0.000876908 | IQ62: =+IF(IP62>=0,IF(IP62<=eco,1-(1-IP62/eco)^n,1),0)*0.85*fck -> 17.458985 | IR62: =+IQ62*IO62 -> 43647.463 | IS62: =+IR62*IN62 -> -3273559.7 | IT62: =+IR62*IM62 -> -31644411 | IU62: =IF(AND(IP62>0,IP62<eco),0.85*fck*n/eco*(1-IP62/eco)^(n-1),0) -> 14319.423 | IV62: =+IU62*IO62 -> 35798557 | IW62: =+IV62*IN62 -> -2.6848918e+09 | IX62: =+IV62*IM62 -> -2.5953954e+10 | IY62: =+IV62*IN62*IN62 -> 2.0136689e+11 | IZ62: =+IV62*IM62*IN62 -> 1.9465466e+12 | JA62: =+IV62*IM62^2 -> 1.8816617e+13 | JB62: 8 | JC62: 0 | JD62: -530 | JE62: 804.24772 | JF62: =IM$47+IM$48*JD62+IM$49*JC62 -> 0.00025545664 | JG62: =JF62*Es -> 51.091328 | JH62: =+IF(JG62>=0,IF(JF62<=eco,1-(1-JF62/eco)^n,1),0)*0.85*fck -> 6.098124 | JI62: =MAX(MIN(JG62,fy),-fy)-IF(JG62>=0,JH62,0) -> 44.993204 | JJ62: =+JI62*JE62 -> 36185.682 | JK62: =+JJ62*JD62 -> -19178411 | JL62: =+JJ62*JC62 -> 0 | JM62: =IF(ABS(JF62*Es)<fy,Es,0)-IF(AND(JF62>0,JF62<eco),0.85*fck*n/eco*(1-JF62/eco)^(n-1),0) -> 177757.07 | JN62: =+JM62*JE62 -> 1.4296072e+08 | JO62: =+JN62*JD62 -> -7.5769182e+10 | JP62: =+JN62*JC62 -> 0 | JQ62: =+JN62*JD62*JD62 -> 4.0157666e+13 | JR62: =+JN62*JC62*JD62 -> 0 | JS62: =+JN62*JC62^2 -> 0 | JU62: 8 | JV62: -725 | JW62: -75 | JX62: 2500 | JY62: =JV$47+JV$48*JW62+JV$49*JV62 -> 0.000876908 | JZ62: =+IF(JY62>=0,IF(JY62<=eco,1-(1-JY62/eco)^n,1),0)*0.85*fck -> 17.458985 | KA62: =+JZ62*JX62 -> 43647.463 | KB62: =+KA62*JW62 -> -3273559.7 | KC62: =+KA62*JV62 -> -31644411 | KD62: =IF(AND(JY62>0,JY62<eco),0.85*fck*n/eco*(1-JY62/eco)^(n-1),0) -> 14319.423 | KE62: =+KD62*JX62 -> 35798557 | KF62: =+KE62*JW62 -> -2.6848918e+09 | KG62: =+KE62*JV62 -> -2.5953954e+10 | KH62: =+KE62*JW62*JW62 -> 2.0136689e+11 | KI62: =+KE62*JV62*JW62 -> 1.9465466e+12 | KJ62: =+KE62*JV62^2 -> 1.8816617e+13 | KK62: 8 | KL62: 0 | KM62: -530 | KN62: 804.24772 | KO62: =JV$47+JV$48*KM62+JV$49*KL62 -> 0.00025545664 | KP62: =KO62*Es -> 51.091328 | KQ62: =+IF(KP62>=0,IF(KO62<=eco,1-(1-KO62/eco)^n,1),0)*0.85*fck -> 6.098124 | KR62: =MAX(MIN(KP62,fy),-fy)-IF(KP62>=0,KQ62,0) -> 44.993204 | KS62: =+KR62*KN62 -> 36185.682 | KT62: =+KS62*KM62 -> -19178411 | KU62: =+KS62*KL62 -> 0 | KV62: =IF(ABS(KO62*Es)<fy,Es,0)-IF(AND(KO62>0,KO62<eco),0.85*fck*n/eco*(1-KO62/eco)^(n-1),0) -> 177757.07 | KW62: =+KV62*KN62 -> 1.4296072e+08 | KX62: =+KW62*KM62 -> -7.5769182e+10 | KY62: =+KW62*KL62 -> 0 | KZ62: =+KW62*KM62*KM62 -> 4.0157666e+13 | LA62: =+KW62*KL62*KM62 -> 0 | LB62: =+KW62*KL62^2 -> 0 | LD62: 8 | LE62: -725 | LF62: -75 | LG62: 2500 | LH62: =LE$47+LE$48*LF62+LE$49*LE62 -> 0.000876908 | LI62: =+IF(LH62>=0,IF(LH62<=eco,1-(1-LH62/eco)^n,1),0)*0.85*fck -> 17.458985 | LJ62: =+LI62*LG62 -> 43647.463 | LK62: =+LJ62*LF62 -> -3273559.7 | LL62: =+LJ62*LE62 -> -31644411 | LM62: =IF(AND(LH62>0,LH62<eco),0.85*fck*n/eco*(1-LH62/eco)^(n-1),0) -> 14319.423 | LN62: =+LM62*LG62 -> 35798557 | LO62: =+LN62*LF62 -> -2.6848918e+09 | LP62: =+LN62*LE62 -> -2.5953954e+10 | LQ62: =+LN62*LF62*LF62 -> 2.0136689e+11 | LR62: =+LN62*LE62*LF62 -> 1.9465466e+12 | LS62: =+LN62*LE62^2 -> 1.8816617e+13 | LT62: 8 | LU62: 0 | LV62: -530 | LW62: 804.24772 | LX62: =LE$47+LE$48*LV62+LE$49*LU62 -> 0.00025545664 | LY62: =LX62*Es -> 51.091328 | LZ62: =+IF(LY62>=0,IF(LX62<=eco,1-(1-LX62/eco)^n,1),0)*0.85*fck -> 6.098124 | MA62: =MAX(MIN(LY62,fy),-fy)-IF(LY62>=0,LZ62,0) -> 44.993204 | MB62: =+MA62*LW62 -> 36185.682 | MC62: =+MB62*LV62 -> -19178411 | MD62: =+MB62*LU62 -> 0 | ME62: =IF(ABS(LX62*Es)<fy,Es,0)-IF(AND(LX62>0,LX62<eco),0.85*fck*n/eco*(1-LX62/eco)^(n-1),0) -> 177757.07 | MF62: =+ME62*LW62 -> 1.4296072e+08 | MG62: =+MF62*LV62 -> -7.5769182e+10 | MH62: =+MF62*LU62 -> 0 | MI62: =+MF62*LV62*LV62 -> 4.0157666e+13 | MJ62: =+MF62*LU62*LV62 -> 0 | MK62: =+MF62*LU62^2 -> 0
A63: 9 | B63: -725 | C63: -25 | D63: 2500 | E63: =B$47+B$48*C63+B$49*B63 -> 0.00096 | F63: =+IF(E63>=0,IF(E63<=eco,1-(1-E63/eco)^n,1),0)*0.85*fck -> 18.6048 | G63: =+F63*D63 -> 46512 | H63: =+G63*C63 -> -1162800 | I63: =+G63*B63 -> -33721200 | J63: =IF(AND(E63>0,E63<eco),0.85*fck*n/eco*(1-E63/eco)^(n-1),0) -> 13260 | K63: =+J63*D63 -> 33150000 | L63: =+K63*C63 -> -828750000 | M63: =+K63*B63 -> -24033750000 | N63: =+K63*C63*C63 -> 20718750000 | O63: =+K63*B63*C63 -> 600843750000 | P63: =+K63*B63^2 -> 17424468750000 | Q63: 9 | R63: 200 | S63: -530 | T63: 804.24772 | U63: =B$47+B$48*S63+B$49*R63 -> 0.0009305 | V63: =U63*Es -> 186.1 | W63: =+IF(V63>=0,IF(U63<=eco,1-(1-U63/eco)^n,1),0)*0.85*fck -> 18.208082 | X63: =MAX(MIN(V63,fy),-fy)-IF(V63>=0,W63,0) -> 167.89192 | Y63: =+X63*T63 -> 135026.69 | Z63: =+Y63*S63 -> -71564147 | AA63: =+Y63*R63 -> 27005338 | AB63: =IF(ABS(U63*Es)<fy,Es,0)-IF(AND(U63>0,U63<eco),0.85*fck*n/eco*(1-U63/eco)^(n-1),0) -> 186363.88 | AC63: =+AB63*T63 -> 1.4988272e+08 | AD63: =+AC63*S63 -> -7.9437842e+10 | AE63: =+AC63*R63 -> 2.9976544e+10 | AF63: =+AC63*S63*S63 -> 4.2102056e+13 | AG63: =+AC63*R63*S63 -> -1.5887568e+13 | AH63: =+AC63*R63^2 -> 5.9953089e+12 | AJ63: 9 | AK63: -725 | AL63: -25 | AM63: 2500 | AN63: =AK$47+AK$48*AL63+AK$49*AK63 -> 0.00074344959 | AO63: =+IF(AN63>=0,IF(AN63<=eco,1-(1-AN63/eco)^n,1),0)*0.85*fck -> 15.434392 | AP63: =+AO63*AM63 -> 38585.98 | AQ63: =+AP63*AL63 -> -964649.49 | AR63: =+AP63*AK63 -> -27974835 | AS63: =IF(AND(AN63>0,AN63<eco),0.85*fck*n/eco*(1-AN63/eco)^(n-1),0) -> 16021.018 | AT63: =+AS63*AM63 -> 40052544 | AU63: =+AT63*AL63 -> -1.0013136e+09 | AV63: =+AT63*AK63 -> -2.9038095e+10 | AW63: =+AT63*AL63*AL63 -> 2.503284e+10 | AX63: =+AT63*AK63*AL63 -> 7.2595237e+11 | AY63: =+AT63*AK63^2 -> 2.1052619e+13 | AZ63: 9 | BA63: 200 | BB63: -530 | BC63: 804.24772 | BD63: =AK$47+AK$48*BB63+AK$49*BA63 -> 0.00039517166 | BE63: =BD63*Es -> 79.034333 | BF63: =+IF(BE63>=0,IF(BD63<=eco,1-(1-BD63/eco)^n,1),0)*0.85*fck -> 9.0813533 | BG63: =MAX(MIN(BE63,fy),-fy)-IF(BE63>=0,BF63,0) -> 69.95298 | BH63: =+BG63*BC63 -> 56259.524 | BI63: =+BH63*BB63 -> -29817548 | BJ63: =+BH63*BA63 -> 11251905 | BK63: =IF(ABS(BD63*Es)<fy,Es,0)-IF(AND(BD63>0,BD63<eco),0.85*fck*n/eco*(1-BD63/eco)^(n-1),0) -> 179538.44 | BL63: =+BK63*BC63 -> 1.4439338e+08 | BM63: =+BL63*BB63 -> -7.6528491e+10 | BN63: =+BL63*BA63 -> 2.8878676e+10 | BO63: =+BL63*BB63*BB63 -> 4.05601e+13 | BP63: =+BL63*BA63*BB63 -> -1.5305698e+13 | BQ63: =+BL63*BA63^2 -> 5.7757352e+12 | BS63: 9 | BT63: -725 | BU63: -25 | BV63: 2500 | BW63: =BT$47+BT$48*BU63+BT$49*BT63 -> 0.00086247966 | BX63: =+IF(BW63>=0,IF(BW63<=eco,1-(1-BW63/eco)^n,1),0)*0.85*fck -> 17.251053 | BY63: =+BX63*BV63 -> 43127.632 | BZ63: =+BY63*BU63 -> -1078190.8 | CA63: =+BY63*BT63 -> -31267533 | CB63: =IF(AND(BW63>0,BW63<eco),0.85*fck*n/eco*(1-BW63/eco)^(n-1),0) -> 14503.384 | CC63: =+CB63*BV63 -> 36258461 | CD63: =+CC63*BU63 -> -9.0646152e+08 | CE63: =+CC63*BT63 -> -2.6287384e+10 | CF63: =+CC63*BU63*BU63 -> 2.2661538e+10 | CG63: =+CC63*BT63*BU63 -> 6.571846e+11 | CH63: =+CC63*BT63^2 -> 1.9058353e+13 | CI63: 9 | CJ63: 200 | CK63: -530 | CL63: 804.24772 | CM63: =BT$47+BT$48*CK63+BT$49*CJ63 -> 0.00043043891 | CN63: =CM63*Es -> 86.087782 | CO63: =+IF(CN63>=0,IF(CM63<=eco,1-(1-CM63/eco)^n,1),0)*0.85*fck -> 9.7950471 | CP63: =MAX(MIN(CN63,fy),-fy)-IF(CN63>=0,CO63,0) -> 76.292735 | CQ63: =+CP63*CL63 -> 61358.258 | CR63: =+CQ63*CK63 -> -32519877 | CS63: =+CQ63*CJ63 -> 12271652 | CT63: =IF(ABS(CM63*Es)<fy,Es,0)-IF(AND(CM63>0,CM63<eco),0.85*fck*n/eco*(1-CM63/eco)^(n-1),0) -> 179988.1 | CU63: =+CT63*CL63 -> 1.4475502e+08 | CV63: =+CU63*CK63 -> -7.6720158e+10 | CW63: =+CU63*CJ63 -> 2.8951003e+10 | CX63: =+CU63*CK63*CK63 -> 4.0661684e+13 | CY63: =+CU63*CJ63*CK63 -> -1.5344032e+13 | CZ63: =+CU63*CJ63^2 -> 5.7902006e+12 | DB63: 9 | DC63: -725 | DD63: -25 | DE63: 2500 | DF63: =DC$47+DC$48*DD63+DC$49*DC63 -> 0.00095735614 | DG63: =+IF(DF63>=0,IF(DF63<=eco,1-(1-DF63/eco)^n,1),0)*0.85*fck -> 18.569698 | DH63: =+DG63*DE63 -> 46424.245 | DI63: =+DH63*DD63 -> -1160606.1 | DJ63: =+DH63*DC63 -> -33657577 | DK63: =IF(AND(DF63>0,DF63<eco),0.85*fck*n/eco*(1-DF63/eco)^(n-1),0) -> 13293.709 | DL63: =+DK63*DE63 -> 33234273 | DM63: =+DL63*DD63 -> -8.3085682e+08 | DN63: =+DL63*DC63 -> -2.4094848e+10 | DO63: =+DL63*DD63*DD63 -> 2.0771421e+10 | DP63: =+DL63*DC63*DD63 -> 6.023712e+11 | DQ63: =+DL63*DC63^2 -> 1.7468765e+13 | DR63: 9 | DS63: 200 | DT63: -530 | DU63: 804.24772 | DV63: =DC$47+DC$48*DT63+DC$49*DS63 -> 0.000394903 | DW63: =DV63*Es -> 78.980599 | DX63: =+IF(DW63>=0,IF(DV63<=eco,1-(1-DV63/eco)^n,1),0)*0.85*fck -> 9.0758555 | DY63: =MAX(MIN(DW63,fy),-fy)-IF(DW63>=0,DX63,0) -> 69.904744 | DZ63: =+DY63*DU63 -> 56220.731 | EA63: =+DZ63*DT63 -> -29796987 | EB63: =+DZ63*DS63 -> 11244146 | EC63: =IF(ABS(DV63*Es)<fy,Es,0)-IF(AND(DV63>0,DV63<eco),0.85*fck*n/eco*(1-DV63/eco)^(n-1),0) -> 179535.01 | ED63: =+EC63*DU63 -> 1.4439062e+08 | EE63: =+ED63*DT63 -> -7.6527031e+10 | EF63: =+ED63*DS63 -> 2.8878125e+10 | EG63: =+ED63*DT63*DT63 -> 4.0559327e+13 | EH63: =+ED63*DS63*DT63 -> -1.5305406e+13 | EI63: =+ED63*DS63^2 -> 5.775625e+12 | EK63: 9 | EL63: -725 | EM63: -25 | EN63: 2500 | EO63: =EL$47+EL$48*EM63+EL$49*EL63 -> 0.00099341426 | EP63: =+IF(EO63>=0,IF(EO63<=eco,1-(1-EO63/eco)^n,1),0)*0.85*fck -> 19.040755 | EQ63: =+EP63*EN63 -> 47601.888 | ER63: =+EQ63*EM63 -> -1190047.2 | ES63: =+EQ63*EL63 -> -34511369 | ET63: =IF(AND(EO63>0,EO63<eco),0.85*fck*n/eco*(1-EO63/eco)^(n-1),0) -> 12833.968 | EU63: =+ET63*EN63 -> 32084921 | EV63: =+EU63*EM63 -> -8.0212301e+08 | EW63: =+EU63*EL63 -> -2.3261567e+10 | EX63: =+EU63*EM63*EM63 -> 2.0053075e+10 | EY63: =+EU63*EL63*EM63 -> 5.8153918e+11 | EZ63: =+EU63*EL63^2 -> 1.6864636e+13 | FA63: 9 | FB63: 200 | FC63: -530 | FD63: 804.24772 | FE63: =EL$47+EL$48*FC63+EL$49*FB63 -> 0.00038404188 | FF63: =FE63*Es -> 76.808375 | FG63: =+IF(FF63>=0,IF(FE63<=eco,1-(1-FE63/eco)^n,1),0)*0.85*fck -> 8.8528308 | FH63: =MAX(MIN(FF63,fy),-fy)-IF(FF63>=0,FG63,0) -> 67.955545 | FI63: =+FH63*FD63 -> 54653.092 | FJ63: =+FI63*FC63 -> -28966139 | FK63: =+FI63*FB63 -> 10930618 | FL63: =IF(ABS(FE63*Es)<fy,Es,0)-IF(AND(FE63>0,FE63<eco),0.85*fck*n/eco*(1-FE63/eco)^(n-1),0) -> 179396.53 | FM63: =+FL63*FD63 -> 1.4427925e+08 | FN63: =+FM63*FC63 -> -7.6468004e+10 | FO63: =+FM63*FB63 -> 2.8855851e+10 | FP63: =+FM63*FC63*FC63 -> 4.0528042e+13 | FQ63: =+FM63*FB63*FC63 -> -1.5293601e+13 | FR63: =+FM63*FB63^2 -> 5.7711701e+12 | FT63: 9 | FU63: -725 | FV63: -25 | FW63: 2500 | FX63: =FU$47+FU$48*FV63+FU$49*FU63 -> 0.00099606678 | FY63: =+IF(FX63>=0,IF(FX63<=eco,1-(1-FX63/eco)^n,1),0)*0.85*fck -> 19.074753 | FZ63: =+FY63*FW63 -> 47686.882 | GA63: =+FZ63*FV63 -> -1192172.1 | GB63: =+FZ63*FU63 -> -34572989 | GC63: =IF(AND(FX63>0,FX63<eco),0.85*fck*n/eco*(1-FX63/eco)^(n-1),0) -> 12800.149 | GD63: =+GC63*FW63 -> 32000371 | GE63: =+GD63*FV63 -> -8.0000928e+08 | GF63: =+GD63*FU63 -> -2.3200269e+10 | GG63: =+GD63*FV63*FV63 -> 2.0000232e+10 | GH63: =+GD63*FU63*FV63 -> 5.8000673e+11 | GI63: =+GD63*FU63^2 -> 1.6820195e+13 | GJ63: 9 | GK63: 200 | GL63: -530 | GM63: 804.24772 | GN63: =FU$47+FU$48*GL63+FU$49*GK63 -> 0.00038318675 | GO63: =GN63*Es -> 76.637351 | GP63: =+IF(GO63>=0,IF(GN63<=eco,1-(1-GN63/eco)^n,1),0)*0.85*fck -> 8.8352077 | GQ63: =MAX(MIN(GO63,fy),-fy)-IF(GO63>=0,GP63,0) -> 67.802143 | GR63: =+GQ63*GM63 -> 54529.719 | GS63: =+GR63*GL63 -> -28900751 | GT63: =+GR63*GK63 -> 10905944 | GU63: =IF(ABS(GN63*Es)<fy,Es,0)-IF(AND(GN63>0,GN63<eco),0.85*fck*n/eco*(1-GN63/eco)^(n-1),0) -> 179385.63 | GV63: =+GU63*GM63 -> 1.4427048e+08 | GW63: =+GV63*GL63 -> -7.6463357e+10 | GX63: =+GV63*GK63 -> 2.8854097e+10 | GY63: =+GV63*GL63*GL63 -> 4.0525579e+13 | GZ63: =+GV63*GK63*GL63 -> -1.5292671e+13 | HA63: =+GV63*GK63^2 -> 5.7708194e+12 | HC63: 9 | HD63: -725 | HE63: -25 | HF63: 2500 | HG63: =HD$47+HD$48*HE63+HD$49*HD63 -> 0.00099608014 | HH63: =+IF(HG63>=0,IF(HG63<=eco,1-(1-HG63/eco)^n,1),0)*0.85*fck -> 19.074924 | HI63: =+HH63*HF63 -> 47687.31 | HJ63: =+HI63*HE63 -> -1192182.7 | HK63: =+HI63*HD63 -> -34573300 | HL63: =IF(AND(HG63>0,HG63<eco),0.85*fck*n/eco*(1-HG63/eco)^(n-1),0) -> 12799.978 | HM63: =+HL63*HF63 -> 31999945 | HN63: =+HM63*HE63 -> -7.9999863e+08 | HO63: =+HM63*HD63 -> -2.319996e+10 | HP63: =+HM63*HE63*HE63 -> 1.9999966e+10 | HQ63: =+HM63*HD63*HE63 -> 5.7999901e+11 | HR63: =+HM63*HD63^2 -> 1.6819971e+13 | HS63: 9 | HT63: 200 | HU63: -530 | HV63: 804.24772 | HW63: =HD$47+HD$48*HU63+HD$49*HT63 -> 0.00038318496 | HX63: =HW63*Es -> 76.636992 | HY63: =+IF(HX63>=0,IF(HW63<=eco,1-(1-HW63/eco)^n,1),0)*0.85*fck -> 8.8351707 | HZ63: =MAX(MIN(HX63,fy),-fy)-IF(HX63>=0,HY63,0) -> 67.801821 | IA63: =+HZ63*HV63 -> 54529.46 | IB63: =+IA63*HU63 -> -28900614 | IC63: =+IA63*HT63 -> 10905892 | ID63: =IF(ABS(HW63*Es)<fy,Es,0)-IF(AND(HW63>0,HW63<eco),0.85*fck*n/eco*(1-HW63/eco)^(n-1),0) -> 179385.61 | IE63: =+ID63*HV63 -> 1.4427047e+08 | IF63: =+IE63*HU63 -> -7.6463347e+10 | IG63: =+IE63*HT63 -> 2.8854093e+10 | IH63: =+IE63*HU63*HU63 -> 4.0525574e+13 | II63: =+IE63*HT63*HU63 -> -1.5292669e+13 | IJ63: =+IE63*HT63^2 -> 5.7708187e+12 | IL63: 9 | IM63: -725 | IN63: -25 | IO63: 2500 | IP63: =IM$47+IM$48*IN63+IM$49*IM63 -> 0.00099608015 | IQ63: =+IF(IP63>=0,IF(IP63<=eco,1-(1-IP63/eco)^n,1),0)*0.85*fck -> 19.074924 | IR63: =+IQ63*IO63 -> 47687.31 | IS63: =+IR63*IN63 -> -1192182.7 | IT63: =+IR63*IM63 -> -34573300 | IU63: =IF(AND(IP63>0,IP63<eco),0.85*fck*n/eco*(1-IP63/eco)^(n-1),0) -> 12799.978 | IV63: =+IU63*IO63 -> 31999945 | IW63: =+IV63*IN63 -> -7.9999863e+08 | IX63: =+IV63*IM63 -> -2.319996e+10 | IY63: =+IV63*IN63*IN63 -> 1.9999966e+10 | IZ63: =+IV63*IM63*IN63 -> 5.7999901e+11 | JA63: =+IV63*IM63^2 -> 1.6819971e+13 | JB63: 9 | JC63: 200 | JD63: -530 | JE63: 804.24772 | JF63: =IM$47+IM$48*JD63+IM$49*JC63 -> 0.00038318496 | JG63: =JF63*Es -> 76.636992 | JH63: =+IF(JG63>=0,IF(JF63<=eco,1-(1-JF63/eco)^n,1),0)*0.85*fck -> 8.8351707 | JI63: =MAX(MIN(JG63,fy),-fy)-IF(JG63>=0,JH63,0) -> 67.801821 | JJ63: =+JI63*JE63 -> 54529.46 | JK63: =+JJ63*JD63 -> -28900614 | JL63: =+JJ63*JC63 -> 10905892 | JM63: =IF(ABS(JF63*Es)<fy,Es,0)-IF(AND(JF63>0,JF63<eco),0.85*fck*n/eco*(1-JF63/eco)^(n-1),0) -> 179385.61 | JN63: =+JM63*JE63 -> 1.4427047e+08 | JO63: =+JN63*JD63 -> -7.6463347e+10 | JP63: =+JN63*JC63 -> 2.8854093e+10 | JQ63: =+JN63*JD63*JD63 -> 4.0525574e+13 | JR63: =+JN63*JC63*JD63 -> -1.5292669e+13 | JS63: =+JN63*JC63^2 -> 5.7708187e+12 | JU63: 9 | JV63: -725 | JW63: -25 | JX63: 2500 | JY63: =JV$47+JV$48*JW63+JV$49*JV63 -> 0.00099608015 | JZ63: =+IF(JY63>=0,IF(JY63<=eco,1-(1-JY63/eco)^n,1),0)*0.85*fck -> 19.074924 | KA63: =+JZ63*JX63 -> 47687.31 | KB63: =+KA63*JW63 -> -1192182.7 | KC63: =+KA63*JV63 -> -34573300 | KD63: =IF(AND(JY63>0,JY63<eco),0.85*fck*n/eco*(1-JY63/eco)^(n-1),0) -> 12799.978 | KE63: =+KD63*JX63 -> 31999945 | KF63: =+KE63*JW63 -> -7.9999863e+08 | KG63: =+KE63*JV63 -> -2.319996e+10 | KH63: =+KE63*JW63*JW63 -> 1.9999966e+10 | KI63: =+KE63*JV63*JW63 -> 5.7999901e+11 | KJ63: =+KE63*JV63^2 -> 1.6819971e+13 | KK63: 9 | KL63: 200 | KM63: -530 | KN63: 804.24772 | KO63: =JV$47+JV$48*KM63+JV$49*KL63 -> 0.00038318496 | KP63: =KO63*Es -> 76.636992 | KQ63: =+IF(KP63>=0,IF(KO63<=eco,1-(1-KO63/eco)^n,1),0)*0.85*fck -> 8.8351707 | KR63: =MAX(MIN(KP63,fy),-fy)-IF(KP63>=0,KQ63,0) -> 67.801821 | KS63: =+KR63*KN63 -> 54529.46 | KT63: =+KS63*KM63 -> -28900614 | KU63: =+KS63*KL63 -> 10905892 | KV63: =IF(ABS(KO63*Es)<fy,Es,0)-IF(AND(KO63>0,KO63<eco),0.85*fck*n/eco*(1-KO63/eco)^(n-1),0) -> 179385.61 | KW63: =+KV63*KN63 -> 1.4427047e+08 | KX63: =+KW63*KM63 -> -7.6463347e+10 | KY63: =+KW63*KL63 -> 2.8854093e+10 | KZ63: =+KW63*KM63*KM63 -> 4.0525574e+13 | LA63: =+KW63*KL63*KM63 -> -1.5292669e+13 | LB63: =+KW63*KL63^2 -> 5.7708187e+12 | LD63: 9 | LE63: -725 | LF63: -25 | LG63: 2500 | LH63: =LE$47+LE$48*LF63+LE$49*LE63 -> 0.00099608015 | LI63: =+IF(LH63>=0,IF(LH63<=eco,1-(1-LH63/eco)^n,1),0)*0.85*fck -> 19.074924 | LJ63: =+LI63*LG63 -> 47687.31 | LK63: =+LJ63*LF63 -> -1192182.7 | LL63: =+LJ63*LE63 -> -34573300 | LM63: =IF(AND(LH63>0,LH63<eco),0.85*fck*n/eco*(1-LH63/eco)^(n-1),0) -> 12799.978 | LN63: =+LM63*LG63 -> 31999945 | LO63: =+LN63*LF63 -> -7.9999863e+08 | LP63: =+LN63*LE63 -> -2.319996e+10 | LQ63: =+LN63*LF63*LF63 -> 1.9999966e+10 | LR63: =+LN63*LE63*LF63 -> 5.7999901e+11 | LS63: =+LN63*LE63^2 -> 1.6819971e+13 | LT63: 9 | LU63: 200 | LV63: -530 | LW63: 804.24772 | LX63: =LE$47+LE$48*LV63+LE$49*LU63 -> 0.00038318496 | LY63: =LX63*Es -> 76.636992 | LZ63: =+IF(LY63>=0,IF(LX63<=eco,1-(1-LX63/eco)^n,1),0)*0.85*fck -> 8.8351707 | MA63: =MAX(MIN(LY63,fy),-fy)-IF(LY63>=0,LZ63,0) -> 67.801821 | MB63: =+MA63*LW63 -> 54529.46 | MC63: =+MB63*LV63 -> -28900614 | MD63: =+MB63*LU63 -> 10905892 | ME63: =IF(ABS(LX63*Es)<fy,Es,0)-IF(AND(LX63>0,LX63<eco),0.85*fck*n/eco*(1-LX63/eco)^(n-1),0) -> 179385.61 | MF63: =+ME63*LW63 -> 1.4427047e+08 | MG63: =+MF63*LV63 -> -7.6463347e+10 | MH63: =+MF63*LU63 -> 2.8854093e+10 | MI63: =+MF63*LV63*LV63 -> 4.0525574e+13 | MJ63: =+MF63*LU63*LV63 -> -1.5292669e+13 | MK63: =+MF63*LU63^2 -> 5.7708187e+12
A64: 10 | B64: -725 | C64: 25 | D64: 2500 | E64: =B$47+B$48*C64+B$49*B64 -> 0.0009675 | F64: =+IF(E64>=0,IF(E64<=eco,1-(1-E64/eco)^n,1),0)*0.85*fck -> 18.703891 | G64: =+F64*D64 -> 46759.729 | H64: =+G64*C64 -> 1168993.2 | I64: =+G64*B64 -> -33900803 | J64: =IF(AND(E64>0,E64<eco),0.85*fck*n/eco*(1-E64/eco)^(n-1),0) -> 13164.375 | K64: =+J64*D64 -> 32910938 | L64: =+K64*C64 -> 8.2277344e+08 | M64: =+K64*B64 -> -2.386043e+10 | N64: =+K64*C64*C64 -> 2.0569336e+10 | O64: =+K64*B64*C64 -> -5.9651074e+11 | P64: =+K64*B64^2 -> 1.7298812e+13 | Q64: 10 | R64: 400 | S64: -530 | T64: 804.24772 | U64: =B$47+B$48*S64+B$49*R64 -> 0.0009405 | V64: =U64*Es -> 188.1 | W64: =+IF(V64>=0,IF(U64<=eco,1-(1-U64/eco)^n,1),0)*0.85*fck -> 18.343806 | X64: =MAX(MIN(V64,fy),-fy)-IF(V64>=0,W64,0) -> 169.75619 | Y64: =+X64*T64 -> 136526.03 | Z64: =+Y64*S64 -> -72358797 | AA64: =+Y64*R64 -> 54610413 | AB64: =IF(ABS(U64*Es)<fy,Es,0)-IF(AND(U64>0,U64<eco),0.85*fck*n/eco*(1-U64/eco)^(n-1),0) -> 186491.38 | AC64: =+AB64*T64 -> 1.4998526e+08 | AD64: =+AC64*S64 -> -7.9492189e+10 | AE64: =+AC64*R64 -> 5.9994105e+10 | AF64: =+AC64*S64*S64 -> 4.213086e+13 | AG64: =+AC64*R64*S64 -> -3.1796876e+13 | AH64: =+AC64*R64^2 -> 2.3997642e+13 | AJ64: 10 | AK64: -725 | AL64: 25 | AM64: 2500 | AN64: =AK$47+AK$48*AL64+AK$49*AK64 -> 0.00081604163 | AO64: =+IF(AN64>=0,IF(AN64<=eco,1-(1-AN64/eco)^n,1),0)*0.85*fck -> 16.563796 | AP64: =+AO64*AM64 -> 41409.491 | AQ64: =+AP64*AL64 -> 1035237.3 | AR64: =+AP64*AK64 -> -30021881 | AS64: =IF(AND(AN64>0,AN64<eco),0.85*fck*n/eco*(1-AN64/eco)^(n-1),0) -> 15095.469 | AT64: =+AS64*AM64 -> 37738673 | AU64: =+AT64*AL64 -> 9.4346683e+08 | AV64: =+AT64*AK64 -> -2.7360538e+10 | AW64: =+AT64*AL64*AL64 -> 2.3586671e+10 | AX64: =+AT64*AK64*AL64 -> -6.8401345e+11 | AY64: =+AT64*AK64^2 -> 1.983639e+13 | AZ64: 10 | BA64: 400 | BB64: -530 | BC64: 804.24772 | BD64: =AK$47+AK$48*BB64+AK$49*BA64 -> 0.00047839365 | BE64: =BD64*Es -> 95.67873 | BF64: =+IF(BE64>=0,IF(BD64<=eco,1-(1-BD64/eco)^n,1),0)*0.85*fck -> 10.740052 | BG64: =MAX(MIN(BE64,fy),-fy)-IF(BE64>=0,BF64,0) -> 84.938677 | BH64: =+BG64*BC64 -> 68311.737 | BI64: =+BH64*BB64 -> -36205221 | BJ64: =+BH64*BA64 -> 27324695 | BK64: =IF(ABS(BD64*Es)<fy,Es,0)-IF(AND(BD64>0,BD64<eco),0.85*fck*n/eco*(1-BD64/eco)^(n-1),0) -> 180599.52 | BL64: =+BK64*BC64 -> 1.4524675e+08 | BM64: =+BL64*BB64 -> -7.6980778e+10 | BN64: =+BL64*BA64 -> 5.8098701e+10 | BO64: =+BL64*BB64*BB64 -> 4.0799812e+13 | BP64: =+BL64*BA64*BB64 -> -3.0792311e+13 | BQ64: =+BL64*BA64^2 -> 2.323948e+13 | BS64: 10 | BT64: -725 | BU64: 25 | BV64: 2500 | BW64: =BT$47+BT$48*BU64+BT$49*BT64 -> 0.00095284117 | BX64: =+IF(BW64>=0,IF(BW64<=eco,1-(1-BW64/eco)^n,1),0)*0.85*fck -> 18.509547 | BY64: =+BX64*BV64 -> 46273.868 | BZ64: =+BY64*BU64 -> 1156846.7 | CA64: =+BY64*BT64 -> -33548554 | CB64: =IF(AND(BW64>0,BW64<eco),0.85*fck*n/eco*(1-BW64/eco)^(n-1),0) -> 13351.275 | CC64: =+CB64*BV64 -> 33378188 | CD64: =+CC64*BU64 -> 8.344547e+08 | CE64: =+CC64*BT64 -> -2.4199186e+10 | CF64: =+CC64*BU64*BU64 -> 2.0861367e+10 | CG64: =+CC64*BT64*BU64 -> -6.0497965e+11 | CH64: =+CC64*BT64^2 -> 1.754441e+13 | CI64: 10 | CJ64: 400 | CK64: -530 | CL64: 804.24772 | CM64: =BT$47+BT$48*CK64+BT$49*CJ64 -> 0.00053435468 | CN64: =CM64*Es -> 106.87094 | CO64: =+IF(CN64>=0,IF(CM64<=eco,1-(1-CM64/eco)^n,1),0)*0.85*fck -> 11.805759 | CP64: =MAX(MIN(CN64,fy),-fy)-IF(CN64>=0,CO64,0) -> 95.065176 | CQ64: =+CP64*CL64 -> 76455.951 | CR64: =+CQ64*CK64 -> -40521654 | CS64: =+CQ64*CJ64 -> 30582381 | CT64: =IF(ABS(CM64*Es)<fy,Es,0)-IF(AND(CM64>0,CM64<eco),0.85*fck*n/eco*(1-CM64/eco)^(n-1),0) -> 181313.02 | CU64: =+CT64*CL64 -> 1.4582058e+08 | CV64: =+CU64*CK64 -> -7.728491e+10 | CW64: =+CU64*CJ64 -> 5.8328234e+10 | CX64: =+CU64*CK64*CK64 -> 4.0961002e+13 | CY64: =+CU64*CJ64*CK64 -> -3.0913964e+13 | CZ64: =+CU64*CJ64^2 -> 2.3331294e+13 | DB64: 10 | DC64: -725 | DD64: 25 | DE64: 2500 | DF64: =DC$47+DC$48*DD64+DC$49*DC64 -> 0.0010682764 | DG64: =+IF(DF64>=0,IF(DF64<=eco,1-(1-DF64/eco)^n,1),0)*0.85*fck -> 19.965806 | DH64: =+DG64*DE64 -> 49914.515 | DI64: =+DH64*DD64 -> 1247862.9 | DJ64: =+DH64*DC64 -> -36188024 | DK64: =IF(AND(DF64>0,DF64<eco),0.85*fck*n/eco*(1-DF64/eco)^(n-1),0) -> 11879.476 | DL64: =+DK64*DE64 -> 29698689 | DM64: =+DL64*DD64 -> 7.4246723e+08 | DN64: =+DL64*DC64 -> -2.153155e+10 | DO64: =+DL64*DD64*DD64 -> 1.8561681e+10 | DP64: =+DL64*DC64*DD64 -> -5.3828874e+11 | DQ64: =+DL64*DC64^2 -> 1.5610374e+13 | DR64: 10 | DS64: 400 | DT64: -530 | DU64: 804.24772 | DV64: =DC$47+DC$48*DT64+DC$49*DS64 -> 0.0005155174 | DW64: =DV64*Es -> 103.10348 | DX64: =+IF(DW64>=0,IF(DV64<=eco,1-(1-DV64/eco)^n,1),0)*0.85*fck -> 11.451485 | DY64: =MAX(MIN(DW64,fy),-fy)-IF(DW64>=0,DX64,0) -> 91.651995 | DZ64: =+DY64*DU64 -> 73710.908 | EA64: =+DZ64*DT64 -> -39066781 | EB64: =+DZ64*DS64 -> 29484363 | EC64: =IF(ABS(DV64*Es)<fy,Es,0)-IF(AND(DV64>0,DV64<eco),0.85*fck*n/eco*(1-DV64/eco)^(n-1),0) -> 181072.85 | ED64: =+EC64*DU64 -> 1.4562742e+08 | EE64: =+ED64*DT64 -> -7.7182535e+10 | EF64: =+ED64*DS64 -> 5.825097e+10 | EG64: =+ED64*DT64*DT64 -> 4.0906743e+13 | EH64: =+ED64*DS64*DT64 -> -3.0873014e+13 | EI64: =+ED64*DS64^2 -> 2.3300388e+13 | EK64: 10 | EL64: -725 | EM64: 25 | EN64: 2500 | EO64: =EL$47+EL$48*EM64+EL$49*EL64 -> 0.0011120007 | EP64: =+IF(EO64>=0,IF(EO64<=eco,1-(1-EO64/eco)^n,1),0)*0.85*fck -> 20.47304 | EQ64: =+EP64*EN64 -> 51182.599 | ER64: =+EQ64*EM64 -> 1279565 | ES64: =+EQ64*EL64 -> -37107384 | ET64: =IF(AND(EO64>0,EO64<eco),0.85*fck*n/eco*(1-EO64/eco)^(n-1),0) -> 11321.991 | EU64: =+ET64*EN64 -> 28304979 | EV64: =+EU64*EM64 -> 7.0762447e+08 | EW64: =+EU64*EL64 -> -2.052111e+10 | EX64: =+EU64*EM64*EM64 -> 1.7690612e+10 | EY64: =+EU64*EL64*EM64 -> -5.1302774e+11 | EZ64: =+EU64*EL64^2 -> 1.4877804e+13 | FA64: 10 | FB64: 400 | FC64: -530 | FD64: 804.24772 | FE64: =EL$47+EL$48*FC64+EL$49*FB64 -> 0.00051125277 | FF64: =FE64*Es -> 102.25055 | FG64: =+IF(FF64>=0,IF(FE64<=eco,1-(1-FE64/eco)^n,1),0)*0.85*fck -> 11.370652 | FH64: =MAX(MIN(FF64,fy),-fy)-IF(FF64>=0,FG64,0) -> 90.879901 | FI64: =+FH64*FD64 -> 73089.953 | FJ64: =+FI64*FC64 -> -38737675 | FK64: =+FI64*FB64 -> 29235981 | FL64: =IF(ABS(FE64*Es)<fy,Es,0)-IF(AND(FE64>0,FE64<eco),0.85*fck*n/eco*(1-FE64/eco)^(n-1),0) -> 181018.47 | FM64: =+FL64*FD64 -> 1.4558369e+08 | FN64: =+FM64*FC64 -> -7.7159358e+10 | FO64: =+FM64*FB64 -> 5.8233478e+10 | FP64: =+FM64*FC64*FC64 -> 4.089446e+13 | FQ64: =+FM64*FB64*FC64 -> -3.0863743e+13 | FR64: =+FM64*FB64^2 -> 2.3293391e+13 | FT64: 10 | FU64: -725 | FV64: 25 | FW64: 2500 | FX64: =FU$47+FU$48*FV64+FU$49*FU64 -> 0.0011152367 | FY64: =+IF(FX64>=0,IF(FX64<=eco,1-(1-FX64/eco)^n,1),0)*0.85*fck -> 20.509611 | FZ64: =+FY64*FW64 -> 51274.027 | GA64: =+FZ64*FV64 -> 1281850.7 | GB64: =+FZ64*FU64 -> -37173669 | GC64: =IF(AND(FX64>0,FX64<eco),0.85*fck*n/eco*(1-FX64/eco)^(n-1),0) -> 11280.733 | GD64: =+GC64*FW64 -> 28201831 | GE64: =+GD64*FV64 -> 7.0504579e+08 | GF64: =+GD64*FU64 -> -2.0446328e+10 | GG64: =+GD64*FV64*FV64 -> 1.7626145e+10 | GH64: =+GD64*FU64*FV64 -> -5.1115819e+11 | GI64: =+GD64*FU64^2 -> 1.4823588e+13 | GJ64: 10 | GK64: 400 | GL64: -530 | GM64: 804.24772 | GN64: =FU$47+FU$48*GL64+FU$49*GK64 -> 0.00051091341 | GO64: =GN64*Es -> 102.18268 | GP64: =+IF(GO64>=0,IF(GN64<=eco,1-(1-GN64/eco)^n,1),0)*0.85*fck -> 11.36421 | GQ64: =MAX(MIN(GO64,fy),-fy)-IF(GO64>=0,GP64,0) -> 90.818472 | GR64: =+GQ64*GM64 -> 73040.549 | GS64: =+GR64*GL64 -> -38711491 | GT64: =+GR64*GK64 -> 29216220 | GU64: =IF(ABS(GN64*Es)<fy,Es,0)-IF(AND(GN64>0,GN64<eco),0.85*fck*n/eco*(1-GN64/eco)^(n-1),0) -> 181014.15 | GV64: =+GU64*GM64 -> 1.4558021e+08 | GW64: =+GV64*GL64 -> -7.7157513e+10 | GX64: =+GV64*GK64 -> 5.8232086e+10 | GY64: =+GV64*GL64*GL64 -> 4.0893482e+13 | GZ64: =+GV64*GK64*GL64 -> -3.0863005e+13 | HA64: =+GV64*GK64^2 -> 2.3292834e+13 | HC64: 10 | HD64: -725 | HE64: 25 | HF64: 2500 | HG64: =HD$47+HD$48*HE64+HD$49*HD64 -> 0.0011152523 | HH64: =+IF(HG64>=0,IF(HG64<=eco,1-(1-HG64/eco)^n,1),0)*0.85*fck -> 20.509787 | HI64: =+HH64*HF64 -> 51274.467 | HJ64: =+HI64*HE64 -> 1281861.7 | HK64: =+HI64*HD64 -> -37173989 | HL64: =IF(AND(HG64>0,HG64<eco),0.85*fck*n/eco*(1-HG64/eco)^(n-1),0) -> 11280.533 | HM64: =+HL64*HF64 -> 28201333 | HN64: =+HM64*HE64 -> 7.0503333e+08 | HO64: =+HM64*HD64 -> -2.0445967e+10 | HP64: =+HM64*HE64*HE64 -> 1.7625833e+10 | HQ64: =+HM64*HD64*HE64 -> -5.1114917e+11 | HR64: =+HM64*HD64^2 -> 1.4823326e+13 | HS64: 10 | HT64: 400 | HU64: -530 | HV64: 804.24772 | HW64: =HD$47+HD$48*HU64+HD$49*HT64 -> 0.00051091328 | HX64: =HW64*Es -> 102.18266 | HY64: =+IF(HX64>=0,IF(HW64<=eco,1-(1-HW64/eco)^n,1),0)*0.85*fck -> 11.364207 | HZ64: =MAX(MIN(HX64,fy),-fy)-IF(HX64>=0,HY64,0) -> 90.818449 | IA64: =+HZ64*HV64 -> 73040.53 | IB64: =+IA64*HU64 -> -38711481 | IC64: =+IA64*HT64 -> 29216212 | ID64: =IF(ABS(HW64*Es)<fy,Es,0)-IF(AND(HW64>0,HW64<eco),0.85*fck*n/eco*(1-HW64/eco)^(n-1),0) -> 181014.14 | IE64: =+ID64*HV64 -> 1.4558021e+08 | IF64: =+IE64*HU64 -> -7.7157513e+10 | IG64: =+IE64*HT64 -> 5.8232085e+10 | IH64: =+IE64*HU64*HU64 -> 4.0893482e+13 | II64: =+IE64*HT64*HU64 -> -3.0863005e+13 | IJ64: =+IE64*HT64^2 -> 2.3292834e+13 | IL64: 10 | IM64: -725 | IN64: 25 | IO64: 2500 | IP64: =IM$47+IM$48*IN64+IM$49*IM64 -> 0.0011152523 | IQ64: =+IF(IP64>=0,IF(IP64<=eco,1-(1-IP64/eco)^n,1),0)*0.85*fck -> 20.509787 | IR64: =+IQ64*IO64 -> 51274.468 | IS64: =+IR64*IN64 -> 1281861.7 | IT64: =+IR64*IM64 -> -37173989 | IU64: =IF(AND(IP64>0,IP64<eco),0.85*fck*n/eco*(1-IP64/eco)^(n-1),0) -> 11280.533 | IV64: =+IU64*IO64 -> 28201333 | IW64: =+IV64*IN64 -> 7.0503333e+08 | IX64: =+IV64*IM64 -> -2.0445967e+10 | IY64: =+IV64*IN64*IN64 -> 1.7625833e+10 | IZ64: =+IV64*IM64*IN64 -> -5.1114917e+11 | JA64: =+IV64*IM64^2 -> 1.4823326e+13 | JB64: 10 | JC64: 400 | JD64: -530 | JE64: 804.24772 | JF64: =IM$47+IM$48*JD64+IM$49*JC64 -> 0.00051091328 | JG64: =JF64*Es -> 102.18266 | JH64: =+IF(JG64>=0,IF(JF64<=eco,1-(1-JF64/eco)^n,1),0)*0.85*fck -> 11.364207 | JI64: =MAX(MIN(JG64,fy),-fy)-IF(JG64>=0,JH64,0) -> 90.818449 | JJ64: =+JI64*JE64 -> 73040.53 | JK64: =+JJ64*JD64 -> -38711481 | JL64: =+JJ64*JC64 -> 29216212 | JM64: =IF(ABS(JF64*Es)<fy,Es,0)-IF(AND(JF64>0,JF64<eco),0.85*fck*n/eco*(1-JF64/eco)^(n-1),0) -> 181014.14 | JN64: =+JM64*JE64 -> 1.4558021e+08 | JO64: =+JN64*JD64 -> -7.7157513e+10 | JP64: =+JN64*JC64 -> 5.8232085e+10 | JQ64: =+JN64*JD64*JD64 -> 4.0893482e+13 | JR64: =+JN64*JC64*JD64 -> -3.0863005e+13 | JS64: =+JN64*JC64^2 -> 2.3292834e+13 | JU64: 10 | JV64: -725 | JW64: 25 | JX64: 2500 | JY64: =JV$47+JV$48*JW64+JV$49*JV64 -> 0.0011152523 | JZ64: =+IF(JY64>=0,IF(JY64<=eco,1-(1-JY64/eco)^n,1),0)*0.85*fck -> 20.509787 | KA64: =+JZ64*JX64 -> 51274.468 | KB64: =+KA64*JW64 -> 1281861.7 | KC64: =+KA64*JV64 -> -37173989 | KD64: =IF(AND(JY64>0,JY64<eco),0.85*fck*n/eco*(1-JY64/eco)^(n-1),0) -> 11280.533 | KE64: =+KD64*JX64 -> 28201333 | KF64: =+KE64*JW64 -> 7.0503333e+08 | KG64: =+KE64*JV64 -> -2.0445967e+10 | KH64: =+KE64*JW64*JW64 -> 1.7625833e+10 | KI64: =+KE64*JV64*JW64 -> -5.1114917e+11 | KJ64: =+KE64*JV64^2 -> 1.4823326e+13 | KK64: 10 | KL64: 400 | KM64: -530 | KN64: 804.24772 | KO64: =JV$47+JV$48*KM64+JV$49*KL64 -> 0.00051091328 | KP64: =KO64*Es -> 102.18266 | KQ64: =+IF(KP64>=0,IF(KO64<=eco,1-(1-KO64/eco)^n,1),0)*0.85*fck -> 11.364207 | KR64: =MAX(MIN(KP64,fy),-fy)-IF(KP64>=0,KQ64,0) -> 90.818449 | KS64: =+KR64*KN64 -> 73040.53 | KT64: =+KS64*KM64 -> -38711481 | KU64: =+KS64*KL64 -> 29216212 | KV64: =IF(ABS(KO64*Es)<fy,Es,0)-IF(AND(KO64>0,KO64<eco),0.85*fck*n/eco*(1-KO64/eco)^(n-1),0) -> 181014.14 | KW64: =+KV64*KN64 -> 1.4558021e+08 | KX64: =+KW64*KM64 -> -7.7157513e+10 | KY64: =+KW64*KL64 -> 5.8232085e+10 | KZ64: =+KW64*KM64*KM64 -> 4.0893482e+13 | LA64: =+KW64*KL64*KM64 -> -3.0863005e+13 | LB64: =+KW64*KL64^2 -> 2.3292834e+13 | LD64: 10 | LE64: -725 | LF64: 25 | LG64: 2500 | LH64: =LE$47+LE$48*LF64+LE$49*LE64 -> 0.0011152523 | LI64: =+IF(LH64>=0,IF(LH64<=eco,1-(1-LH64/eco)^n,1),0)*0.85*fck -> 20.509787 | LJ64: =+LI64*LG64 -> 51274.468 | LK64: =+LJ64*LF64 -> 1281861.7 | LL64: =+LJ64*LE64 -> -37173989 | LM64: =IF(AND(LH64>0,LH64<eco),0.85*fck*n/eco*(1-LH64/eco)^(n-1),0) -> 11280.533 | LN64: =+LM64*LG64 -> 28201333 | LO64: =+LN64*LF64 -> 7.0503333e+08 | LP64: =+LN64*LE64 -> -2.0445967e+10 | LQ64: =+LN64*LF64*LF64 -> 1.7625833e+10 | LR64: =+LN64*LE64*LF64 -> -5.1114917e+11 | LS64: =+LN64*LE64^2 -> 1.4823326e+13 | LT64: 10 | LU64: 400 | LV64: -530 | LW64: 804.24772 | LX64: =LE$47+LE$48*LV64+LE$49*LU64 -> 0.00051091328 | LY64: =LX64*Es -> 102.18266 | LZ64: =+IF(LY64>=0,IF(LX64<=eco,1-(1-LX64/eco)^n,1),0)*0.85*fck -> 11.364207 | MA64: =MAX(MIN(LY64,fy),-fy)-IF(LY64>=0,LZ64,0) -> 90.818449 | MB64: =+MA64*LW64 -> 73040.53 | MC64: =+MB64*LV64 -> -38711481 | MD64: =+MB64*LU64 -> 29216212 | ME64: =IF(ABS(LX64*Es)<fy,Es,0)-IF(AND(LX64>0,LX64<eco),0.85*fck*n/eco*(1-LX64/eco)^(n-1),0) -> 181014.14 | MF64: =+ME64*LW64 -> 1.4558021e+08 | MG64: =+MF64*LV64 -> -7.7157513e+10 | MH64: =+MF64*LU64 -> 5.8232085e+10 | MI64: =+MF64*LV64*LV64 -> 4.0893482e+13 | MJ64: =+MF64*LU64*LV64 -> -3.0863005e+13 | MK64: =+MF64*LU64^2 -> 2.3292834e+13
