Workbook
Name fck: Input!$C$7
Name alpha: Input!$C$8
Name eco: Input!$C$9
Name ecu: Input!$C$10
Name n: Input!$C$11
Name Es: Input!$C$15
Name fy: Input!$C$16
Name theta: Input!$C$21
Name etu: Input!$C$22
Name xc: Input!$C$23
Name yc: Input!$C$24
Name Pu: Input!$C$29
Name Mux: Input!$C$30
Name Muy: Input!$C$31
Name Geom_Area: Geometry!$D$62
Name u_max: Geometry!$D$63
Name u_min: Geometry!$D$64
Name u_bar: Geometry!$D$65
Name C1_len: Geometry!$D$66
Name As_tot: Geometry!$D$68
Name Mesh_X: Mesh!$B$5:$B$1261
Name Mesh_Y: Mesh!$C$5:$C$1261
Name Mesh_A: Mesh!$D$5:$D$1261
Name St_e0: 'PM_Angle'!$J$7:$J$25
Name St_kx: 'PM_Angle'!$K$7:$K$25
Name St_ky: 'PM_Angle'!$L$7:$L$25
Name Det: Concrete!$C$4
Name St_P: 'PM_Angle'!$S$7:$S$25
Name St_Mx: 'PM_Angle'!$T$7:$T$25
Name St_My: 'PM_Angle'!$U$7:$U$25

Sheet Input
B1: P–M SECTION CALCULATION — NOMINAL RESISTANCE
B2: Project | C2: PM-advanced (7) 2D reference case | E2: Every value on a shaded input cell drives live formulas on the other sheets. Only the Mesh, Geometry and bar tables hold engine-computed constants.
B3: Section | C3: PM-advanced (7) 2D — 1500x1200 chamfered section, two voids
B4: Generated | C4: 2026-07-23 07:28:14
B6: Concrete
B7: fck | C7: 30 | D7: MPa | E7: KDS C30 (workbook Input)
B8: alpha | C8: 0.85 | D8: - | E8: stress-block factor
B9: eps_co | C9: 0.002 | D9: -
B10: eps_cu | C10: 0.0033 | D10: -
B11: n | C11: 2 | D11: -
B12: law | C12: KDS parabola-rectangle, fc = alpha*fck*(1-(1-eps/eco)^n) up to eco, then alpha*fck
B14: Reinforcement
B15: Es | C15: 200000 | D15: MPa | E15: SD400 (workbook Input)
B16: fy | C16: 400 | D16: MPa
B17: eps_y = fy/Es | C17: 0.002 | D17: - | E17: used by the fs/fy stations
B18: law | C18: Elastic - perfectly plastic, fs = clamp(Es*eps, -fy, +fy)
B20: Analysis
B21: theta | C21: 15 | D21: deg | E21: direction of the vertical slice
B22: eps_tu | C22: -0.05 | D22: - | E22: uniform strain used for station P18
B23: xc | C23: 0 | D23: mm | E23: analysis origin = net concrete centroid
B24: yc | C24: 0 | D24: mm | E24: all X, Y below are measured from it
B25: mesh cell size | C25: 87.242926 | D25: mm | E25: clipped-cell grid, docs/02 §5
B26: mesh points | C26: 1257 | D26: - | E26: 3-point degree-2 rule per clipped triangle
B28: Demand
B29: Pu | C29: 24942.922 | D29: kN | E29: ULS-1 workbook Newton demand (on the 15 deg surface)
B30: Mux | C30: 3714.1659 | D30: kN·m
B31: Muy | C31: 1431.7807 | D31: kN·m
B33: Net concrete area (from mesh) | C33: =SUM(Mesh_A) | D33: mm² | E33: =IF(ABS(C33-Geom_Area)<=0.000001*Geom_Area,"OK — matches the exact polygon area","CHECK — mesh and polygon areas differ")

Sheet Geometry
B1: GEOMETRY ABOUT THE ANALYSIS ORIGIN
B2: Coordinates are engine constants, already translated by (xc, yc). Everything else on this sheet is a formula.
B4: Solid 1 outer
B5: No. | C5: Ring | D5: X (mm) | E5: Y (mm) | F5: D_i | G5: u = Y·cosθ + X·sinθ
B6: 1 | C6: Solid 1 outer | D6: -550 | E6: 600 | F6: =D6*E7-D7*E6 | G6: =E6*COS(RADIANS(theta))+D6*SIN(RADIANS(theta))
B7: 2 | C7: Solid 1 outer | D7: 550 | E7: 600 | F7: =D7*E8-D8*E7 | G7: =E7*COS(RADIANS(theta))+D7*SIN(RADIANS(theta))
B8: 3 | C8: Solid 1 outer | D8: 750 | E8: 400 | F8: =D8*E9-D9*E8 | G8: =E8*COS(RADIANS(theta))+D8*SIN(RADIANS(theta))
B9: 4 | C9: Solid 1 outer | D9: 750 | E9: -400 | F9: =D9*E10-D10*E9 | G9: =E9*COS(RADIANS(theta))+D9*SIN(RADIANS(theta))
B10: 5 | C10: Solid 1 outer | D10: 550 | E10: -600 | F10: =D10*E11-D11*E10 | G10: =E10*COS(RADIANS(theta))+D10*SIN(RADIANS(theta))
B11: 6 | C11: Solid 1 outer | D11: -550 | E11: -600 | F11: =D11*E12-D12*E11 | G11: =E11*COS(RADIANS(theta))+D11*SIN(RADIANS(theta))
B12: 7 | C12: Solid 1 outer | D12: -750 | E12: -400 | F12: =D12*E13-D13*E12 | G12: =E12*COS(RADIANS(theta))+D12*SIN(RADIANS(theta))
B13: 8 | C13: Solid 1 outer | D13: -750 | E13: 400 | F13: =D13*E6-D6*E13 | G13: =E13*COS(RADIANS(theta))+D13*SIN(RADIANS(theta))
C14: Area = ½·Σ D_i | F14: =SUM(F6:F13)/2
B16: Solid 1 hole 1
B17: No. | C17: Ring | D17: X (mm) | E17: Y (mm) | F17: D_i | G17: u = Y·cosθ + X·sinθ
B18: 1 | C18: Solid 1 hole 1 | D18: -450 | E18: 400 | F18: =D18*E19-D19*E18 | G18: =E18*COS(RADIANS(theta))+D18*SIN(RADIANS(theta))
B19: 2 | C19: Solid 1 hole 1 | D19: -250 | E19: 400 | F19: =D19*E20-D20*E19 | G19: =E19*COS(RADIANS(theta))+D19*SIN(RADIANS(theta))
B20: 3 | C20: Solid 1 hole 1 | D20: -150 | E20: 300 | F20: =D20*E21-D21*E20 | G20: =E20*COS(RADIANS(theta))+D20*SIN(RADIANS(theta))
B21: 4 | C21: Solid 1 hole 1 | D21: -150 | E21: -300 | F21: =D21*E22-D22*E21 | G21: =E21*COS(RADIANS(theta))+D21*SIN(RADIANS(theta))
B22: 5 | C22: Solid 1 hole 1 | D22: -250 | E22: -400 | F22: =D22*E23-D23*E22 | G22: =E22*COS(RADIANS(theta))+D22*SIN(RADIANS(theta))
B23: 6 | C23: Solid 1 hole 1 | D23: -450 | E23: -400 | F23: =D23*E24-D24*E23 | G23: =E23*COS(RADIANS(theta))+D23*SIN(RADIANS(theta))
B24: 7 | C24: Solid 1 hole 1 | D24: -550 | E24: -300 | F24: =D24*E25-D25*E24 | G24: =E24*COS(RADIANS(theta))+D24*SIN(RADIANS(theta))
B25: 8 | C25: Solid 1 hole 1 | D25: -550 | E25: 300 | F25: =D25*E18-D18*E25 | G25: =E25*COS(RADIANS(theta))+D25*SIN(RADIANS(theta))
C26: Area = ½·Σ D_i | F26: =SUM(F18:F25)/2
B28: Solid 1 hole 2
B29: No. | C29: Ring | D29: X (mm) | E29: Y (mm) | F29: D_i | G29: u = Y·cosθ + X·sinθ
B30: 1 | C30: Solid 1 hole 2 | D30: 250 | E30: 400 | F30: =D30*E31-D31*E30 | G30: =E30*COS(RADIANS(theta))+D30*SIN(RADIANS(theta))
B31: 2 | C31: Solid 1 hole 2 | D31: 450 | E31: 400 | F31: =D31*E32-D32*E31 | G31: =E31*COS(RADIANS(theta))+D31*SIN(RADIANS(theta))
B32: 3 | C32: Solid 1 hole 2 | D32: 550 | E32: 300 | F32: =D32*E33-D33*E32 | G32: =E32*COS(RADIANS(theta))+D32*SIN(RADIANS(theta))
B33: 4 | C33: Solid 1 hole 2 | D33: 550 | E33: -300 | F33: =D33*E34-D34*E33 | G33: =E33*COS(RADIANS(theta))+D33*SIN(RADIANS(theta))
B34: 5 | C34: Solid 1 hole 2 | D34: 450 | E34: -400 | F34: =D34*E35-D35*E34 | G34: =E34*COS(RADIANS(theta))+D34*SIN(RADIANS(theta))
B35: 6 | C35: Solid 1 hole 2 | D35: 250 | E35: -400 | F35: =D35*E36-D36*E35 | G35: =E35*COS(RADIANS(theta))+D35*SIN(RADIANS(theta))
B36: 7 | C36: Solid 1 hole 2 | D36: 150 | E36: -300 | F36: =D36*E37-D37*E36 | G36: =E36*COS(RADIANS(theta))+D36*SIN(RADIANS(theta))
B37: 8 | C37: Solid 1 hole 2 | D37: 150 | E37: 300 | F37: =D37*E30-D30*E37 | G37: =E37*COS(RADIANS(theta))+D37*SIN(RADIANS(theta))
C38: Area = ½·Σ D_i | F38: =SUM(F30:F37)/2
B40: Reinforcement
B41: No. | C41: Dia (mm) | D41: X (mm) | E41: Y (mm) | F41: As (mm²) | G41: u = Y·cosθ + X·sinθ
B42: 1 | C42: 32 | D42: -400 | E42: 530 | F42: =PI()*C42^2/4 | G42: =E42*COS(RADIANS(theta))+D42*SIN(RADIANS(theta))
B43: 2 | C43: 32 | D43: -200 | E43: 530 | F43: =PI()*C43^2/4 | G43: =E43*COS(RADIANS(theta))+D43*SIN(RADIANS(theta))
B44: 3 | C44: 32 | D44: 0 | E44: 530 | F44: =PI()*C44^2/4 | G44: =E44*COS(RADIANS(theta))+D44*SIN(RADIANS(theta))
B45: 4 | C45: 32 | D45: 200 | E45: 530 | F45: =PI()*C45^2/4 | G45: =E45*COS(RADIANS(theta))+D45*SIN(RADIANS(theta))
B46: 5 | C46: 32 | D46: 400 | E46: 530 | F46: =PI()*C46^2/4 | G46: =E46*COS(RADIANS(theta))+D46*SIN(RADIANS(theta))
B47: 6 | C47: 32 | D47: -400 | E47: -530 | F47: =PI()*C47^2/4 | G47: =E47*COS(RADIANS(theta))+D47*SIN(RADIANS(theta))
B48: 7 | C48: 32 | D48: -200 | E48: -530 | F48: =PI()*C48^2/4 | G48: =E48*COS(RADIANS(theta))+D48*SIN(RADIANS(theta))
B49: 8 | C49: 32 | D49: 0 | E49: -530 | F49: =PI()*C49^2/4 | G49: =E49*COS(RADIANS(theta))+D49*SIN(RADIANS(theta))
B50: 9 | C50: 32 | D50: 200 | E50: -530 | F50: =PI()*C50^2/4 | G50: =E50*COS(RADIANS(theta))+D50*SIN(RADIANS(theta))
B51: 10 | C51: 32 | D51: 400 | E51: -530 | F51: =PI()*C51^2/4 | G51: =E51*COS(RADIANS(theta))+D51*SIN(RADIANS(theta))
B52: 11 | C52: 32 | D52: -680 | E52: 300 | F52: =PI()*C52^2/4 | G52: =E52*COS(RADIANS(theta))+D52*SIN(RADIANS(theta))
B53: 12 | C53: 32 | D53: -680 | E53: 100 | F53: =PI()*C53^2/4 | G53: =E53*COS(RADIANS(theta))+D53*SIN(RADIANS(theta))
... B59: 18 | C59: 32 | D59: 680 | E59: -300 | F59: =PI()*C59^2/4 | G59: =E59*COS(RADIANS(theta))+D59*SIN(RADIANS(theta))
B61: Derived properties (all formulas)
B62: Net area A | D62: =ABS(SUM(F6:F13)/2)+-ABS(SUM(F18:F25)/2)+-ABS(SUM(F30:F37)/2) | E62: mm² | G62: shoelace over every ring
B63: u_max | D63: =MAX(SUMPRODUCT(MAX((E6:E13)*COS(RADIANS(theta))+(D6:D13)*SIN(RADIANS(theta))))) | E63: mm | G63: extreme compression fibre, outer rings only
B64: u_min | D64: =MIN(SUMPRODUCT(MIN((E6:E13)*COS(RADIANS(theta))+(D6:D13)*SIN(RADIANS(theta))))) | E64: mm
B65: u_s,tension | D65: =SUMPRODUCT(MIN(G42:G59)) | E65: mm | G65: farthest tension bar
B66: C1 = u_max − u_s,tension | D66: =u_max-u_bar | E66: mm
B67: Depth h = u_max − u_min | D67: =u_max-u_min | E67: mm
B68: Total As | D68: =SUM(F42:F59) | E68: mm²

Sheet Mesh
A1: CONCRETE INTEGRATION MESH — ENGINE CONSTANTS
A2: Quadrature points of the clipped-cell mesh (docs/02 §5). X, Y are measured from the analysis origin; A is the tributary area. These four columns are the only geometric constants the workbook needs.
A4: No. | B4: X (mm) | C4: Y (mm) | D4: A (mm²)
A5: 1 | B5: -703.90959 | C5: -435.80228 | D5: 635.07367
A6: 2 | B6: -673.0452 | C6: -466.66667 | D6: 635.07367
A7: 3 | B7: -673.0452 | C7: -435.80228 | D7: 635.07367
A8: 4 | B8: -745.74764 | C8: -363.09984 | D8: 262.49286
A9: 5 | B9: -745.74764 | C9: -393.96423 | D9: 262.49286
A10: 6 | B10: -732.99057 | C10: -406.7213 | D10: 262.49286
A11: 7 | B11: -731.20715 | C11: -367.3522 | D11: 897.56653
A12: 8 | B12: -718.45008 | C12: -410.97366 | D12: 897.56653
A13: 9 | B13: -687.58569 | C13: -410.97366 | D13: 897.56653
A14: 10 | B14: -677.29756 | C14: -396.43317 | D14: 1268.5547
A15: 11 | B15: -677.29756 | C15: -352.81171 | D15: 1268.5547
A16: 12 | B16: -720.91902 | C16: -352.81171 | D16: 1268.5547
... A1261: 1257 | B1261: 738.75316 | C1261: 404.52554 | D1261: 113.39011

Sheet PM_Angle
B1: P–M ENVELOPE AT THETA — 19 STATIONS, NOMINAL
B2: Direction theta = 15.0 deg. Shaded cells are the station schedule; everything else is a formula driven by Input, Geometry, Concrete and Steel.
B4: Station definition | F4: Strain plane (formula) | M4: Concrete | P4: Steel | S4: Total (nominal) | W4: Engine check
B5: Point | C5: C/C1 | D5: fs/fy | E5: eps_s | F5: u_ctrl (mm) | G5: eps_ctrl | H5: c (mm) | I5: kappa (1/mm) | J5: eps_0 | K5: kx (1/mm) | L5: ky (1/mm) | M5: P (kN) | N5: Mx (kN·m) | O5: My (kN·m) | P5: P (kN) | Q5: Mx (kN·m) | R5: My (kN·m) | S5: P (kN) | T5: Mx (kN·m) | U5: My (kN·m) | V5: |M| (kN·m) | W5: P engine (kN) | X5: Δ P (%)
B7: P0 | F7: — | G7: =ecu | H7: n/a | I7: 0 | J7: =ecu | K7: =I7*COS(RADIANS(theta)) | L7: =I7*SIN(RADIANS(theta)) | M7: =SUMPRODUCT(Concrete!$K$8:$K$1264,Mesh_A)/1000 | N7: =SUMPRODUCT(Concrete!$K$8:$K$1264,Mesh_A,Mesh_Y)/1000000 | O7: =SUMPRODUCT(Concrete!$K$8:$K$1264,Mesh_A,Mesh_X)/1000000 | P7: =Steel!J6/1000 | Q7: =Steel!K6/1000000 | R7: =Steel!L6/1000000 | S7: =M7+P7 | T7: =N7+Q7 | U7: =O7+R7 | V7: =SQRT(T7^2+U7^2) | W7: 33981.434 | X7: =IF(ABS(W7)<0.000000001,0,(S7-W7)/W7*100)
B8: P1 | C8: 3 | F8: =u_max-C8*C1_len | G8: =0 | H8: =ecu/I8 | I8: =(ecu-G8)/(u_max-F8) | J8: =ecu-I8*u_max | K8: =I8*COS(RADIANS(theta)) | L8: =I8*SIN(RADIANS(theta)) | M8: =SUMPRODUCT(Concrete!$M$8:$M$1264,Mesh_A)/1000 | N8: =SUMPRODUCT(Concrete!$M$8:$M$1264,Mesh_A,Mesh_Y)/1000000 | O8: =SUMPRODUCT(Concrete!$M$8:$M$1264,Mesh_A,Mesh_X)/1000000 | P8: =Steel!Q6/1000 | Q8: =Steel!R6/1000000 | R8: =Steel!S6/1000000 | S8: =M8+P8 | T8: =N8+Q8 | U8: =O8+R8 | V8: =SQRT(T8^2+U8^2) | W8: 33981.434 | X8: =IF(ABS(W8)<0.000000001,0,(S8-W8)/W8*100)
B9: P2 | C9: 2 | F9: =u_max-C9*C1_len | G9: =0 | H9: =ecu/I9 | I9: =(ecu-G9)/(u_max-F9) | J9: =ecu-I9*u_max | K9: =I9*COS(RADIANS(theta)) | L9: =I9*SIN(RADIANS(theta)) | M9: =SUMPRODUCT(Concrete!$O$8:$O$1264,Mesh_A)/1000 | N9: =SUMPRODUCT(Concrete!$O$8:$O$1264,Mesh_A,Mesh_Y)/1000000 | O9: =SUMPRODUCT(Concrete!$O$8:$O$1264,Mesh_A,Mesh_X)/1000000 | P9: =Steel!X6/1000 | Q9: =Steel!Y6/1000000 | R9: =Steel!Z6/1000000 | S9: =M9+P9 | T9: =N9+Q9 | U9: =O9+R9 | V9: =SQRT(T9^2+U9^2) | W9: 33683.338 | X9: =IF(ABS(W9)<0.000000001,0,(S9-W9)/W9*100)
B10: P3 | C10: 1.5 | F10: =u_max-C10*C1_len | G10: =0 | H10: =ecu/I10 | I10: =(ecu-G10)/(u_max-F10) | J10: =ecu-I10*u_max | K10: =I10*COS(RADIANS(theta)) | L10: =I10*SIN(RADIANS(theta)) | M10: =SUMPRODUCT(Concrete!$Q$8:$Q$1264,Mesh_A)/1000 | N10: =SUMPRODUCT(Concrete!$Q$8:$Q$1264,Mesh_A,Mesh_Y)/1000000 | O10: =SUMPRODUCT(Concrete!$Q$8:$Q$1264,Mesh_A,Mesh_X)/1000000 | P10: =Steel!AE6/1000 | Q10: =Steel!AF6/1000000 | R10: =Steel!AG6/1000000 | S10: =M10+P10 | T10: =N10+Q10 | U10: =O10+R10 | V10: =SQRT(T10^2+U10^2) | W10: 32195.888 | X10: =IF(ABS(W10)<0.000000001,0,(S10-W10)/W10*100)
B11: P4 | C11: 1.2 | F11: =u_max-C11*C1_len | G11: =0 | H11: =ecu/I11 | I11: =(ecu-G11)/(u_max-F11) | J11: =ecu-I11*u_max | K11: =I11*COS(RADIANS(theta)) | L11: =I11*SIN(RADIANS(theta)) | M11: =SUMPRODUCT(Concrete!$S$8:$S$1264,Mesh_A)/1000 | N11: =SUMPRODUCT(Concrete!$S$8:$S$1264,Mesh_A,Mesh_Y)/1000000 | O11: =SUMPRODUCT(Concrete!$S$8:$S$1264,Mesh_A,Mesh_X)/1000000 | P11: =Steel!AL6/1000 | Q11: =Steel!AM6/1000000 | R11: =Steel!AN6/1000000 | S11: =M11+P11 | T11: =N11+Q11 | U11: =O11+R11 | V11: =SQRT(T11^2+U11^2) | W11: 29291.136 | X11: =IF(ABS(W11)<0.000000001,0,(S11-W11)/W11*100)
B12: P5 | D12: 0 | F12: =u_bar | G12: =-E12 | H12: =ecu/I12 | I12: =(ecu-G12)/(u_max-F12) | J12: =ecu-I12*u_max | K12: =I12*COS(RADIANS(theta)) | L12: =I12*SIN(RADIANS(theta)) | M12: =SUMPRODUCT(Concrete!$U$8:$U$1264,Mesh_A)/1000 | N12: =SUMPRODUCT(Concrete!$U$8:$U$1264,Mesh_A,Mesh_Y)/1000000 | O12: =SUMPRODUCT(Concrete!$U$8:$U$1264,Mesh_A,Mesh_X)/1000000 | P12: =Steel!AS6/1000 | Q12: =Steel!AT6/1000000 | R12: =Steel!AU6/1000000 | S12: =M12+P12 | T12: =N12+Q12 | U12: =O12+R12 | V12: =SQRT(T12^2+U12^2) | W12: 24941.454 | X12: =IF(ABS(W12)<0.000000001,0,(S12-W12)/W12*100)
B13: P6 | D13: 0.25 | F13: =u_bar | G13: =-D13*fy/Es | H13: =ecu/I13 | I13: =(ecu-G13)/(u_max-F13) | J13: =ecu-I13*u_max | K13: =I13*COS(RADIANS(theta)) | L13: =I13*SIN(RADIANS(theta)) | M13: =SUMPRODUCT(Concrete!$W$8:$W$1264,Mesh_A)/1000 | N13: =SUMPRODUCT(Concrete!$W$8:$W$1264,Mesh_A,Mesh_Y)/1000000 | O13: =SUMPRODUCT(Concrete!$W$8:$W$1264,Mesh_A,Mesh_X)/1000000 | P13: =Steel!AZ6/1000 | Q13: =Steel!BA6/1000000 | R13: =Steel!BB6/1000000 | S13: =M13+P13 | T13: =N13+Q13 | U13: =O13+R13 | V13: =SQRT(T13^2+U13^2) | W13: 21079.019 | X13: =IF(ABS(W13)<0.000000001,0,(S13-W13)/W13*100)
B14: P7 | D14: 0.5 | F14: =u_bar | G14: =-D14*fy/Es | H14: =ecu/I14 | I14: =(ecu-G14)/(u_max-F14) | J14: =ecu-I14*u_max | K14: =I14*COS(RADIANS(theta)) | L14: =I14*SIN(RADIANS(theta)) | M14: =SUMPRODUCT(Concrete!$Y$8:$Y$1264,Mesh_A)/1000 | N14: =SUMPRODUCT(Concrete!$Y$8:$Y$1264,Mesh_A,Mesh_Y)/1000000 | O14: =SUMPRODUCT(Concrete!$Y$8:$Y$1264,Mesh_A,Mesh_X)/1000000 | P14: =Steel!BG6/1000 | Q14: =Steel!BH6/1000000 | R14: =Steel!BI6/1000000 | S14: =M14+P14 | T14: =N14+Q14 | U14: =O14+R14 | V14: =SQRT(T14^2+U14^2) | W14: 18153.31 | X14: =IF(ABS(W14)<0.000000001,0,(S14-W14)/W14*100)
B15: P8 | D15: 0.75 | F15: =u_bar | G15: =-D15*fy/Es | H15: =ecu/I15 | I15: =(ecu-G15)/(u_max-F15) | J15: =ecu-I15*u_max | K15: =I15*COS(RADIANS(theta)) | L15: =I15*SIN(RADIANS(theta)) | M15: =SUMPRODUCT(Concrete!$AA$8:$AA$1264,Mesh_A)/1000 | N15: =SUMPRODUCT(Concrete!$AA$8:$AA$1264,Mesh_A,Mesh_Y)/1000000 | O15: =SUMPRODUCT(Concrete!$AA$8:$AA$1264,Mesh_A,Mesh_X)/1000000 | P15: =Steel!BN6/1000 | Q15: =Steel!BO6/1000000 | R15: =Steel!BP6/1000000 | S15: =M15+P15 | T15: =N15+Q15 | U15: =O15+R15 | V15: =SQRT(T15^2+U15^2) | W15: 15853.978 | X15: =IF(ABS(W15)<0.000000001,0,(S15-W15)/W15*100)
B16: P9 | D16: 1 | F16: =u_bar | G16: =-D16*fy/Es | H16: =ecu/I16 | I16: =(ecu-G16)/(u_max-F16) | J16: =ecu-I16*u_max | K16: =I16*COS(RADIANS(theta)) | L16: =I16*SIN(RADIANS(theta)) | M16: =SUMPRODUCT(Concrete!$AC$8:$AC$1264,Mesh_A)/1000 | N16: =SUMPRODUCT(Concrete!$AC$8:$AC$1264,Mesh_A,Mesh_Y)/1000000 | O16: =SUMPRODUCT(Concrete!$AC$8:$AC$1264,Mesh_A,Mesh_X)/1000000 | P16: =Steel!BU6/1000 | Q16: =Steel!BV6/1000000 | R16: =Steel!BW6/1000000 | S16: =M16+P16 | T16: =N16+Q16 | U16: =O16+R16 | V16: =SQRT(T16^2+U16^2) | W16: 13872.543 | X16: =IF(ABS(W16)<0.000000001,0,(S16-W16)/W16*100)
B17: P10 | E17: 0.003 | F17: =u_bar | G17: =-E17 | H17: =ecu/I17 | I17: =(ecu-G17)/(u_max-F17) | J17: =ecu-I17*u_max | K17: =I17*COS(RADIANS(theta)) | L17: =I17*SIN(RADIANS(theta)) | M17: =SUMPRODUCT(Concrete!$AE$8:$AE$1264,Mesh_A)/1000 | N17: =SUMPRODUCT(Concrete!$AE$8:$AE$1264,Mesh_A,Mesh_Y)/1000000 | O17: =SUMPRODUCT(Concrete!$AE$8:$AE$1264,Mesh_A,Mesh_X)/1000000 | P17: =Steel!CB6/1000 | Q17: =Steel!CC6/1000000 | R17: =Steel!CD6/1000000 | S17: =M17+P17 | T17: =N17+Q17 | U17: =O17+R17 | V17: =SQRT(T17^2+U17^2) | W17: 10905.321 | X17: =IF(ABS(W17)<0.000000001,0,(S17-W17)/W17*100)
B18: P11 | E18: 0.005 | F18: =u_bar | G18: =-E18 | H18: =ecu/I18 | I18: =(ecu-G18)/(u_max-F18) | J18: =ecu-I18*u_max | K18: =I18*COS(RADIANS(theta)) | L18: =I18*SIN(RADIANS(theta)) | M18: =SUMPRODUCT(Concrete!$AG$8:$AG$1264,Mesh_A)/1000 | N18: =SUMPRODUCT(Concrete!$AG$8:$AG$1264,Mesh_A,Mesh_Y)/1000000 | O18: =SUMPRODUCT(Concrete!$AG$8:$AG$1264,Mesh_A,Mesh_X)/1000000 | P18: =Steel!CI6/1000 | Q18: =Steel!CJ6/1000000 | R18: =Steel!CK6/1000000 | S18: =M18+P18 | T18: =N18+Q18 | U18: =O18+R18 | V18: =SQRT(T18^2+U18^2) | W18: 7089.75 | X18: =IF(ABS(W18)<0.000000001,0,(S18-W18)/W18*100)
B19: P12 | E19: 0.0075 | F19: =u_bar | G19: =-E19 | H19: =ecu/I19 | I19: =(ecu-G19)/(u_max-F19) | J19: =ecu-I19*u_max | K19: =I19*COS(RADIANS(theta)) | L19: =I19*SIN(RADIANS(theta)) | M19: =SUMPRODUCT(Concrete!$AI$8:$AI$1264,Mesh_A)/1000 | N19: =SUMPRODUCT(Concrete!$AI$8:$AI$1264,Mesh_A,Mesh_Y)/1000000 | O19: =SUMPRODUCT(Concrete!$AI$8:$AI$1264,Mesh_A,Mesh_X)/1000000 | P19: =Steel!CP6/1000 | Q19: =Steel!CQ6/1000000 | R19: =Steel!CR6/1000000 | S19: =M19+P19 | T19: =N19+Q19 | U19: =O19+R19 | V19: =SQRT(T19^2+U19^2) | W19: 3844.8513 | X19: =IF(ABS(W19)<0.000000001,0,(S19-W19)/W19*100)
B20: P13 | E20: 0.01 | F20: =u_bar | G20: =-E20 | H20: =ecu/I20 | I20: =(ecu-G20)/(u_max-F20) | J20: =ecu-I20*u_max | K20: =I20*COS(RADIANS(theta)) | L20: =I20*SIN(RADIANS(theta)) | M20: =SUMPRODUCT(Concrete!$AK$8:$AK$1264,Mesh_A)/1000 | N20: =SUMPRODUCT(Concrete!$AK$8:$AK$1264,Mesh_A,Mesh_Y)/1000000 | O20: =SUMPRODUCT(Concrete!$AK$8:$AK$1264,Mesh_A,Mesh_X)/1000000 | P20: =Steel!CW6/1000 | Q20: =Steel!CX6/1000000 | R20: =Steel!CY6/1000000 | S20: =M20+P20 | T20: =N20+Q20 | U20: =O20+R20 | V20: =SQRT(T20^2+U20^2) | W20: 1694.8502 | X20: =IF(ABS(W20)<0.000000001,0,(S20-W20)/W20*100)
B21: P14 | E21: 0.015 | F21: =u_bar | G21: =-E21 | H21: =ecu/I21 | I21: =(ecu-G21)/(u_max-F21) | J21: =ecu-I21*u_max | K21: =I21*COS(RADIANS(theta)) | L21: =I21*SIN(RADIANS(theta)) | M21: =SUMPRODUCT(Concrete!$AM$8:$AM$1264,Mesh_A)/1000 | N21: =SUMPRODUCT(Concrete!$AM$8:$AM$1264,Mesh_A,Mesh_Y)/1000000 | O21: =SUMPRODUCT(Concrete!$AM$8:$AM$1264,Mesh_A,Mesh_X)/1000000 | P21: =Steel!DD6/1000 | Q21: =Steel!DE6/1000000 | R21: =Steel!DF6/1000000 | S21: =M21+P21 | T21: =N21+Q21 | U21: =O21+R21 | V21: =SQRT(T21^2+U21^2) | W21: -1005.049 | X21: =IF(ABS(W21)<0.000000001,0,(S21-W21)/W21*100)
B22: P15 | E22: 0.025 | F22: =u_bar | G22: =-E22 | H22: =ecu/I22 | I22: =(ecu-G22)/(u_max-F22) | J22: =ecu-I22*u_max | K22: =I22*COS(RADIANS(theta)) | L22: =I22*SIN(RADIANS(theta)) | M22: =SUMPRODUCT(Concrete!$AO$8:$AO$1264,Mesh_A)/1000 | N22: =SUMPRODUCT(Concrete!$AO$8:$AO$1264,Mesh_A,Mesh_Y)/1000000 | O22: =SUMPRODUCT(Concrete!$AO$8:$AO$1264,Mesh_A,Mesh_X)/1000000 | P22: =Steel!DK6/1000 | Q22: =Steel!DL6/1000000 | R22: =Steel!DM6/1000000 | S22: =M22+P22 | T22: =N22+Q22 | U22: =O22+R22 | V22: =SQRT(T22^2+U22^2) | W22: -3748.284 | X22: =IF(ABS(W22)<0.000000001,0,(S22-W22)/W22*100)
B23: P16 | E23: 0.03 | F23: =u_bar | G23: =-E23 | H23: =ecu/I23 | I23: =(ecu-G23)/(u_max-F23) | J23: =ecu-I23*u_max | K23: =I23*COS(RADIANS(theta)) | L23: =I23*SIN(RADIANS(theta)) | M23: =SUMPRODUCT(Concrete!$AQ$8:$AQ$1264,Mesh_A)/1000 | N23: =SUMPRODUCT(Concrete!$AQ$8:$AQ$1264,Mesh_A,Mesh_Y)/1000000 | O23: =SUMPRODUCT(Concrete!$AQ$8:$AQ$1264,Mesh_A,Mesh_X)/1000000 | P23: =Steel!DR6/1000 | Q23: =Steel!DS6/1000000 | R23: =Steel!DT6/1000000 | S23: =M23+P23 | T23: =N23+Q23 | U23: =O23+R23 | V23: =SQRT(T23^2+U23^2) | W23: -4342.2974 | X23: =IF(ABS(W23)<0.000000001,0,(S23-W23)/W23*100)
B24: P17 | E24: 0.05 | F24: =u_bar | G24: =-E24 | H24: =ecu/I24 | I24: =(ecu-G24)/(u_max-F24) | J24: =ecu-I24*u_max | K24: =I24*COS(RADIANS(theta)) | L24: =I24*SIN(RADIANS(theta)) | M24: =SUMPRODUCT(Concrete!$AS$8:$AS$1264,Mesh_A)/1000 | N24: =SUMPRODUCT(Concrete!$AS$8:$AS$1264,Mesh_A,Mesh_Y)/1000000 | O24: =SUMPRODUCT(Concrete!$AS$8:$AS$1264,Mesh_A,Mesh_X)/1000000 | P24: =Steel!DY6/1000 | Q24: =Steel!DZ6/1000000 | R24: =Steel!EA6/1000000 | S24: =M24+P24 | T24: =N24+Q24 | U24: =O24+R24 | V24: =SQRT(T24^2+U24^2) | W24: -5310.7751 | X24: =IF(ABS(W24)<0.000000001,0,(S24-W24)/W24*100)
B25: P18 | F25: — | G25: =etu | H25: n/a | I25: 0 | J25: =etu | K25: =I25*COS(RADIANS(theta)) | L25: =I25*SIN(RADIANS(theta)) | M25: =SUMPRODUCT(Concrete!$AU$8:$AU$1264,Mesh_A)/1000 | N25: =SUMPRODUCT(Concrete!$AU$8:$AU$1264,Mesh_A,Mesh_Y)/1000000 | O25: =SUMPRODUCT(Concrete!$AU$8:$AU$1264,Mesh_A,Mesh_X)/1000000 | P25: =Steel!EF6/1000 | Q25: =Steel!EG6/1000000 | R25: =Steel!EH6/1000000 | S25: =M25+P25 | T25: =N25+Q25 | U25: =O25+R25 | V25: =SQRT(T25^2+U25^2) | W25: -5790.5836 | X25: =IF(ABS(W25)<0.000000001,0,(S25-W25)/W25*100)
B27: Demand point and utilisation along the theta slice
B28: =Pu | C28: Pu
B29: =Mux | C29: Mux
B30: =Muy | C30: Muy
B31: =SQRT(Mux^2+Muy^2) | C31: Mu resultant
B32: =MAX(1,MIN(18,SUMPRODUCT(--(St_P>=Pu)))) | C32: Bracketing station k
B33: =(Pu-INDEX(St_P,B32,1))/(INDEX(St_P,B32+1,1)-INDEX(St_P,B32,1)) | C33: t (interpolation)
B34: =INDEX(St_Mx,B32,1)+B33*(INDEX(St_Mx,B32+1,1)-INDEX(St_Mx,B32,1)) | C34: Mx capacity at Pu
B35: =INDEX(St_My,B32,1)+B33*(INDEX(St_My,B32+1,1)-INDEX(St_My,B32,1)) | C35: My capacity at Pu
B36: =SQRT(B34^2+B35^2) | C36: M capacity resultant
B37: =IF(B36<=0,"n/a",B31/B36) | C37: Utilisation Mu / Mn

Sheet Concrete
A1: CONCRETE — FIBRE STRAIN AND STRESS PER STATION
A2: eps = eps_0 + kx·Y + ky·X | fc = KDS parabola-rectangle, fc = alpha*fck*(1-(1-eps/eco)^n) up to eco, then alpha*fck
A3: Columns A–D mirror the Mesh sheet. Columns E–I expand the full force/moment ledger for the station chosen in cell C4. Columns J onward hold eps and fc for all 19 stations, which the PM_Angle totals integrate.
A4: Detail station (0…18) | C4: 5 | D4: ="detail shown for station P"&C4
J5: P0 | L5: P1 | N5: P2 | P5: P3 | R5: P4 | T5: P5 | V5: P6 | X5: P7 | Z5: P8 | AB5: P9 | AD5: P10 | AF5: P11 | AH5: P12 | AJ5: P13 | AL5: P14 | AN5: P15 | AP5: P16 | AR5: P17 | AT5: P18
A6: No. | B6: X (mm) | C6: Y (mm) | D6: A (mm²) | E6: eps | F6: fc (MPa) | G6: Fc (N) | H6: Mcx (N·mm) | I6: Mcy (N·mm) | J6: eps | K6: fc (MPa) | L6: eps | M6: fc (MPa) | N6: eps | O6: fc (MPa) | P6: eps | Q6: fc (MPa) | R6: eps | S6: fc (MPa) | T6: eps | U6: fc (MPa) | V6: eps | W6: fc (MPa) | X6: eps | Y6: fc (MPa) | Z6: eps | AA6: fc (MPa) | AB6: eps | AC6: fc (MPa) | AD6: eps | AE6: fc (MPa) | AF6: eps | AG6: fc (MPa) | AH6: eps | AI6: fc (MPa) | AJ6: eps | AK6: fc (MPa) | AL6: eps | AM6: fc (MPa) | AN6: eps | AO6: fc (MPa) | AP6: eps | AQ6: fc (MPa) | AR6: eps | AS6: fc (MPa) | AT6: eps | AU6: fc (MPa)
A7: SUM | D7: =SUM(D8:D1264) | G7: =SUM(G8:G1264) | H7: =SUM(H8:H1264) | I7: =SUM(I8:I1264)
A8: =Mesh!A5 | B8: =Mesh!B5 | C8: =Mesh!C5 | D8: =Mesh!D5 | E8: =INDEX(St_e0,Det+1)+INDEX(St_kx,Det+1)*C8+INDEX(St_ky,Det+1)*B8 | F8: =IF(E8>0,IF(E8<=eco,alpha*fck*(1-(1-E8/eco)^n),alpha*fck),0) | G8: =F8*D8 | H8: =G8*C8 | I8: =G8*B8 | J8: =PM_Angle!$J$7+PM_Angle!$K$7*$C8+PM_Angle!$L$7*$B8 | K8: =IF(J8>0,IF(J8<=eco,alpha*fck*(1-(1-J8/eco)^n),alpha*fck),0) | L8: =PM_Angle!$J$8+PM_Angle!$K$8*$C8+PM_Angle!$L$8*$B8 | M8: =IF(L8>0,IF(L8<=eco,alpha*fck*(1-(1-L8/eco)^n),alpha*fck),0) | N8: =PM_Angle!$J$9+PM_Angle!$K$9*$C8+PM_Angle!$L$9*$B8 | O8: =IF(N8>0,IF(N8<=eco,alpha*fck*(1-(1-N8/eco)^n),alpha*fck),0) | P8: =PM_Angle!$J$10+PM_Angle!$K$10*$C8+PM_Angle!$L$10*$B8 | Q8: =IF(P8>0,IF(P8<=eco,alpha*fck*(1-(1-P8/eco)^n),alpha*fck),0) | R8: =PM_Angle!$J$11+PM_Angle!$K$11*$C8+PM_Angle!$L$11*$B8 | S8: =IF(R8>0,IF(R8<=eco,alpha*fck*(1-(1-R8/eco)^n),alpha*fck),0) | T8: =PM_Angle!$J$12+PM_Angle!$K$12*$C8+PM_Angle!$L$12*$B8 | U8: =IF(T8>0,IF(T8<=eco,alpha*fck*(1-(1-T8/eco)^n),alpha*fck),0) | V8: =PM_Angle!$J$13+PM_Angle!$K$13*$C8+PM_Angle!$L$13*$B8 | W8: =IF(V8>0,IF(V8<=eco,alpha*fck*(1-(1-V8/eco)^n),alpha*fck),0) | X8: =PM_Angle!$J$14+PM_Angle!$K$14*$C8+PM_Angle!$L$14*$B8 | Y8: =IF(X8>0,IF(X8<=eco,alpha*fck*(1-(1-X8/eco)^n),alpha*fck),0) | Z8: =PM_Angle!$J$15+PM_Angle!$K$15*$C8+PM_Angle!$L$15*$B8 | AA8: =IF(Z8>0,IF(Z8<=eco,alpha*fck*(1-(1-Z8/eco)^n),alpha*fck),0) | AB8: =PM_Angle!$J$16+PM_Angle!$K$16*$C8+PM_Angle!$L$16*$B8 | AC8: =IF(AB8>0,IF(AB8<=eco,alpha*fck*(1-(1-AB8/eco)^n),alpha*fck),0) | AD8: =PM_Angle!$J$17+PM_Angle!$K$17*$C8+PM_Angle!$L$17*$B8 | AE8: =IF(AD8>0,IF(AD8<=eco,alpha*fck*(1-(1-AD8/eco)^n),alpha*fck),0) | AF8: =PM_Angle!$J$18+PM_Angle!$K$18*$C8+PM_Angle!$L$18*$B8 | AG8: =IF(AF8>0,IF(AF8<=eco,alpha*fck*(1-(1-AF8/eco)^n),alpha*fck),0) | AH8: =PM_Angle!$J$19+PM_Angle!$K$19*$C8+PM_Angle!$L$19*$B8 | AI8: =IF(AH8>0,IF(AH8<=eco,alpha*fck*(1-(1-AH8/eco)^n),alpha*fck),0) | AJ8: =PM_Angle!$J$20+PM_Angle!$K$20*$C8+PM_Angle!$L$20*$B8 | AK8: =IF(AJ8>0,IF(AJ8<=eco,alpha*fck*(1-(1-AJ8/eco)^n),alpha*fck),0) | AL8: =PM_Angle!$J$21+PM_Angle!$K$21*$C8+PM_Angle!$L$21*$B8 | AM8: =IF(AL8>0,IF(AL8<=eco,alpha*fck*(1-(1-AL8/eco)^n),alpha*fck),0) | AN8: =PM_Angle!$J$22+PM_Angle!$K$22*$C8+PM_Angle!$L$22*$B8 | AO8: =IF(AN8>0,IF(AN8<=eco,alpha*fck*(1-(1-AN8/eco)^n),alpha*fck),0) | AP8: =PM_Angle!$J$23+PM_Angle!$K$23*$C8+PM_Angle!$L$23*$B8 | AQ8: =IF(AP8>0,IF(AP8<=eco,alpha*fck*(1-(1-AP8/eco)^n),alpha*fck),0) | AR8: =PM_Angle!$J$24+PM_Angle!$K$24*$C8+PM_Angle!$L$24*$B8 | AS8: =IF(AR8>0,IF(AR8<=eco,alpha*fck*(1-(1-AR8/eco)^n),alpha*fck),0) | AT8: =PM_Angle!$J$25+PM_Angle!$K$25*$C8+PM_Angle!$L$25*$B8 | AU8: =IF(AT8>0,IF(AT8<=eco,alpha*fck*(1-(1-AT8/eco)^n),alpha*fck),0)
A9: =Mesh!A6 | B9: =Mesh!B6 | C9: =Mesh!C6 | D9: =Mesh!D6 | E9: =INDEX(St_e0,Det+1)+INDEX(St_kx,Det+1)*C9+INDEX(St_ky,Det+1)*B9 | F9: =IF(E9>0,IF(E9<=eco,alpha*fck*(1-(1-E9/eco)^n),alpha*fck),0) | G9: =F9*D9 | H9: =G9*C9 | I9: =G9*B9 | J9: =PM_Angle!$J$7+PM_Angle!$K$7*$C9+PM_Angle!$L$7*$B9 | K9: =IF(J9>0,IF(J9<=eco,alpha*fck*(1-(1-J9/eco)^n),alpha*fck),0) | L9: =PM_Angle!$J$8+PM_Angle!$K$8*$C9+PM_Angle!$L$8*$B9 | M9: =IF(L9>0,IF(L9<=eco,alpha*fck*(1-(1-L9/eco)^n),alpha*fck),0) | N9: =PM_Angle!$J$9+PM_Angle!$K$9*$C9+PM_Angle!$L$9*$B9 | O9: =IF(N9>0,IF(N9<=eco,alpha*fck*(1-(1-N9/eco)^n),alpha*fck),0) | P9: =PM_Angle!$J$10+PM_Angle!$K$10*$C9+PM_Angle!$L$10*$B9 | Q9: =IF(P9>0,IF(P9<=eco,alpha*fck*(1-(1-P9/eco)^n),alpha*fck),0) | R9: =PM_Angle!$J$11+PM_Angle!$K$11*$C9+PM_Angle!$L$11*$B9 | S9: =IF(R9>0,IF(R9<=eco,alpha*fck*(1-(1-R9/eco)^n),alpha*fck),0) | T9: =PM_Angle!$J$12+PM_Angle!$K$12*$C9+PM_Angle!$L$12*$B9 | U9: =IF(T9>0,IF(T9<=eco,alpha*fck*(1-(1-T9/eco)^n),alpha*fck),0) | V9: =PM_Angle!$J$13+PM_Angle!$K$13*$C9+PM_Angle!$L$13*$B9 | W9: =IF(V9>0,IF(V9<=eco,alpha*fck*(1-(1-V9/eco)^n),alpha*fck),0) | X9: =PM_Angle!$J$14+PM_Angle!$K$14*$C9+PM_Angle!$L$14*$B9 | Y9: =IF(X9>0,IF(X9<=eco,alpha*fck*(1-(1-X9/eco)^n),alpha*fck),0) | Z9: =PM_Angle!$J$15+PM_Angle!$K$15*$C9+PM_Angle!$L$15*$B9 | AA9: =IF(Z9>0,IF(Z9<=eco,alpha*fck*(1-(1-Z9/eco)^n),alpha*fck),0) | AB9: =PM_Angle!$J$16+PM_Angle!$K$16*$C9+PM_Angle!$L$16*$B9 | AC9: =IF(AB9>0,IF(AB9<=eco,alpha*fck*(1-(1-AB9/eco)^n),alpha*fck),0) | AD9: =PM_Angle!$J$17+PM_Angle!$K$17*$C9+PM_Angle!$L$17*$B9 | AE9: =IF(AD9>0,IF(AD9<=eco,alpha*fck*(1-(1-AD9/eco)^n),alpha*fck),0) | AF9: =PM_Angle!$J$18+PM_Angle!$K$18*$C9+PM_Angle!$L$18*$B9 | AG9: =IF(AF9>0,IF(AF9<=eco,alpha*fck*(1-(1-AF9/eco)^n),alpha*fck),0) | AH9: =PM_Angle!$J$19+PM_Angle!$K$19*$C9+PM_Angle!$L$19*$B9 | AI9: =IF(AH9>0,IF(AH9<=eco,alpha*fck*(1-(1-AH9/eco)^n),alpha*fck),0) | AJ9: =PM_Angle!$J$20+PM_Angle!$K$20*$C9+PM_Angle!$L$20*$B9 | AK9: =IF(AJ9>0,IF(AJ9<=eco,alpha*fck*(1-(1-AJ9/eco)^n),alpha*fck),0) | AL9: =PM_Angle!$J$21+PM_Angle!$K$21*$C9+PM_Angle!$L$21*$B9 | AM9: =IF(AL9>0,IF(AL9<=eco,alpha*fck*(1-(1-AL9/eco)^n),alpha*fck),0) | AN9: =PM_Angle!$J$22+PM_Angle!$K$22*$C9+PM_Angle!$L$22*$B9 | AO9: =IF(AN9>0,IF(AN9<=eco,alpha*fck*(1-(1-AN9/eco)^n),alpha*fck),0) | AP9: =PM_Angle!$J$23+PM_Angle!$K$23*$C9+PM_Angle!$L$23*$B9 | AQ9: =IF(AP9>0,IF(AP9<=eco,alpha*fck*(1-(1-AP9/eco)^n),alpha*fck),0) | AR9: =PM_Angle!$J$24+PM_Angle!$K$24*$C9+PM_Angle!$L$24*$B9 | AS9: =IF(AR9>0,IF(AR9<=eco,alpha*fck*(1-(1-AR9/eco)^n),alpha*fck),0) | AT9: =PM_Angle!$J$25+PM_Angle!$K$25*$C9+PM_Angle!$L$25*$B9 | AU9: =IF(AT9>0,IF(AT9<=eco,alpha*fck*(1-(1-AT9/eco)^n),alpha*fck),0)
A10: =Mesh!A7 | B10: =Mesh!B7 | C10: =Mesh!C7 | D10: =Mesh!D7 | E10: =INDEX(St_e0,Det+1)+INDEX(St_kx,Det+1)*C10+INDEX(St_ky,Det+1)*B10 | F10: =IF(E10>0,IF(E10<=eco,alpha*fck*(1-(1-E10/eco)^n),alpha*fck),0) | G10: =F10*D10 | H10: =G10*C10 | I10: =G10*B10 | J10: =PM_Angle!$J$7+PM_Angle!$K$7*$C10+PM_Angle!$L$7*$B10 | K10: =IF(J10>0,IF(J10<=eco,alpha*fck*(1-(1-J10/eco)^n),alpha*fck),0) | L10: =PM_Angle!$J$8+PM_Angle!$K$8*$C10+PM_Angle!$L$8*$B10 | M10: =IF(L10>0,IF(L10<=eco,alpha*fck*(1-(1-L10/eco)^n),alpha*fck),0) | N10: =PM_Angle!$J$9+PM_Angle!$K$9*$C10+PM_Angle!$L$9*$B10 | O10: =IF(N10>0,IF(N10<=eco,alpha*fck*(1-(1-N10/eco)^n),alpha*fck),0) | P10: =PM_Angle!$J$10+PM_Angle!$K$10*$C10+PM_Angle!$L$10*$B10 | Q10: =IF(P10>0,IF(P10<=eco,alpha*fck*(1-(1-P10/eco)^n),alpha*fck),0) | R10: =PM_Angle!$J$11+PM_Angle!$K$11*$C10+PM_Angle!$L$11*$B10 | S10: =IF(R10>0,IF(R10<=eco,alpha*fck*(1-(1-R10/eco)^n),alpha*fck),0) | T10: =PM_Angle!$J$12+PM_Angle!$K$12*$C10+PM_Angle!$L$12*$B10 | U10: =IF(T10>0,IF(T10<=eco,alpha*fck*(1-(1-T10/eco)^n),alpha*fck),0) | V10: =PM_Angle!$J$13+PM_Angle!$K$13*$C10+PM_Angle!$L$13*$B10 | W10: =IF(V10>0,IF(V10<=eco,alpha*fck*(1-(1-V10/eco)^n),alpha*fck),0) | X10: =PM_Angle!$J$14+PM_Angle!$K$14*$C10+PM_Angle!$L$14*$B10 | Y10: =IF(X10>0,IF(X10<=eco,alpha*fck*(1-(1-X10/eco)^n),alpha*fck),0) | Z10: =PM_Angle!$J$15+PM_Angle!$K$15*$C10+PM_Angle!$L$15*$B10 | AA10: =IF(Z10>0,IF(Z10<=eco,alpha*fck*(1-(1-Z10/eco)^n),alpha*fck),0) | AB10: =PM_Angle!$J$16+PM_Angle!$K$16*$C10+PM_Angle!$L$16*$B10 | AC10: =IF(AB10>0,IF(AB10<=eco,alpha*fck*(1-(1-AB10/eco)^n),alpha*fck),0) | AD10: =PM_Angle!$J$17+PM_Angle!$K$17*$C10+PM_Angle!$L$17*$B10 | AE10: =IF(AD10>0,IF(AD10<=eco,alpha*fck*(1-(1-AD10/eco)^n),alpha*fck),0) | AF10: =PM_Angle!$J$18+PM_Angle!$K$18*$C10+PM_Angle!$L$18*$B10 | AG10: =IF(AF10>0,IF(AF10<=eco,alpha*fck*(1-(1-AF10/eco)^n),alpha*fck),0) | AH10: =PM_Angle!$J$19+PM_Angle!$K$19*$C10+PM_Angle!$L$19*$B10 | AI10: =IF(AH10>0,IF(AH10<=eco,alpha*fck*(1-(1-AH10/eco)^n),alpha*fck),0) | AJ10: =PM_Angle!$J$20+PM_Angle!$K$20*$C10+PM_Angle!$L$20*$B10 | AK10: =IF(AJ10>0,IF(AJ10<=eco,alpha*fck*(1-(1-AJ10/eco)^n),alpha*fck),0) | AL10: =PM_Angle!$J$21+PM_Angle!$K$21*$C10+PM_Angle!$L$21*$B10 | AM10: =IF(AL10>0,IF(AL10<=eco,alpha*fck*(1-(1-AL10/eco)^n),alpha*fck),0) | AN10: =PM_Angle!$J$22+PM_Angle!$K$22*$C10+PM_Angle!$L$22*$B10 | AO10: =IF(AN10>0,IF(AN10<=eco,alpha*fck*(1-(1-AN10/eco)^n),alpha*fck),0) | AP10: =PM_Angle!$J$23+PM_Angle!$K$23*$C10+PM_Angle!$L$23*$B10 | AQ10: =IF(AP10>0,IF(AP10<=eco,alpha*fck*(1-(1-AP10/eco)^n),alpha*fck),0) | AR10: =PM_Angle!$J$24+PM_Angle!$K$24*$C10+PM_Angle!$L$24*$B10 | AS10: =IF(AR10>0,IF(AR10<=eco,alpha*fck*(1-(1-AR10/eco)^n),alpha*fck),0) | AT10: =PM_Angle!$J$25+PM_Angle!$K$25*$C10+PM_Angle!$L$25*$B10 | AU10: =IF(AT10>0,IF(AT10<=eco,alpha*fck*(1-(1-AT10/eco)^n),alpha*fck),0)
A11: =Mesh!A8 | B11: =Mesh!B8 | C11: =Mesh!C8 | D11: =Mesh!D8 | E11: =INDEX(St_e0,Det+1)+INDEX(St_kx,Det+1)*C11+INDEX(St_ky,Det+1)*B11 | F11: =IF(E11>0,IF(E11<=eco,alpha*fck*(1-(1-E11/eco)^n),alpha*fck),0) | G11: =F11*D11 | H11: =G11*C11 | I11: =G11*B11 | J11: =PM_Angle!$J$7+PM_Angle!$K$7*$C11+PM_Angle!$L$7*$B11 | K11: =IF(J11>0,IF(J11<=eco,alpha*fck*(1-(1-J11/eco)^n),alpha*fck),0) | L11: =PM_Angle!$J$8+PM_Angle!$K$8*$C11+PM_Angle!$L$8*$B11 | M11: =IF(L11>0,IF(L11<=eco,alpha*fck*(1-(1-L11/eco)^n),alpha*fck),0) | N11: =PM_Angle!$J$9+PM_Angle!$K$9*$C11+PM_Angle!$L$9*$B11 | O11: =IF(N11>0,IF(N11<=eco,alpha*fck*(1-(1-N11/eco)^n),alpha*fck),0) | P11: =PM_Angle!$J$10+PM_Angle!$K$10*$C11+PM_Angle!$L$10*$B11 | Q11: =IF(P11>0,IF(P11<=eco,alpha*fck*(1-(1-P11/eco)^n),alpha*fck),0) | R11: =PM_Angle!$J$11+PM_Angle!$K$11*$C11+PM_Angle!$L$11*$B11 | S11: =IF(R11>0,IF(R11<=eco,alpha*fck*(1-(1-R11/eco)^n),alpha*fck),0) | T11: =PM_Angle!$J$12+PM_Angle!$K$12*$C11+PM_Angle!$L$12*$B11 | U11: =IF(T11>0,IF(T11<=eco,alpha*fck*(1-(1-T11/eco)^n),alpha*fck),0) | V11: =PM_Angle!$J$13+PM_Angle!$K$13*$C11+PM_Angle!$L$13*$B11 | W11: =IF(V11>0,IF(V11<=eco,alpha*fck*(1-(1-V11/eco)^n),alpha*fck),0) | X11: =PM_Angle!$J$14+PM_Angle!$K$14*$C11+PM_Angle!$L$14*$B11 | Y11: =IF(X11>0,IF(X11<=eco,alpha*fck*(1-(1-X11/eco)^n),alpha*fck),0) | Z11: =PM_Angle!$J$15+PM_Angle!$K$15*$C11+PM_Angle!$L$15*$B11 | AA11: =IF(Z11>0,IF(Z11<=eco,alpha*fck*(1-(1-Z11/eco)^n),alpha*fck),0) | AB11: =PM_Angle!$J$16+PM_Angle!$K$16*$C11+PM_Angle!$L$16*$B11 | AC11: =IF(AB11>0,IF(AB11<=eco,alpha*fck*(1-(1-AB11/eco)^n),alpha*fck),0) | AD11: =PM_Angle!$J$17+PM_Angle!$K$17*$C11+PM_Angle!$L$17*$B11 | AE11: =IF(AD11>0,IF(AD11<=eco,alpha*fck*(1-(1-AD11/eco)^n),alpha*fck),0) | AF11: =PM_Angle!$J$18+PM_Angle!$K$18*$C11+PM_Angle!$L$18*$B11 | AG11: =IF(AF11>0,IF(AF11<=eco,alpha*fck*(1-(1-AF11/eco)^n),alpha*fck),0) | AH11: =PM_Angle!$J$19+PM_Angle!$K$19*$C11+PM_Angle!$L$19*$B11 | AI11: =IF(AH11>0,IF(AH11<=eco,alpha*fck*(1-(1-AH11/eco)^n),alpha*fck),0) | AJ11: =PM_Angle!$J$20+PM_Angle!$K$20*$C11+PM_Angle!$L$20*$B11 | AK11: =IF(AJ11>0,IF(AJ11<=eco,alpha*fck*(1-(1-AJ11/eco)^n),alpha*fck),0) | AL11: =PM_Angle!$J$21+PM_Angle!$K$21*$C11+PM_Angle!$L$21*$B11 | AM11: =IF(AL11>0,IF(AL11<=eco,alpha*fck*(1-(1-AL11/eco)^n),alpha*fck),0) | AN11: =PM_Angle!$J$22+PM_Angle!$K$22*$C11+PM_Angle!$L$22*$B11 | AO11: =IF(AN11>0,IF(AN11<=eco,alpha*fck*(1-(1-AN11/eco)^n),alpha*fck),0) | AP11: =PM_Angle!$J$23+PM_Angle!$K$23*$C11+PM_Angle!$L$23*$B11 | AQ11: =IF(AP11>0,IF(AP11<=eco,alpha*fck*(1-(1-AP11/eco)^n),alpha*fck),0) | AR11: =PM_Angle!$J$24+PM_Angle!$K$24*$C11+PM_Angle!$L$24*$B11 | AS11: =IF(AR11>0,IF(AR11<=eco,alpha*fck*(1-(1-AR11/eco)^n),alpha*fck),0) | AT11: =PM_Angle!$J$25+PM_Angle!$K$25*$C11+PM_Angle!$L$25*$B11 | AU11: =IF(AT11>0,IF(AT11<=eco,alpha*fck*(1-(1-AT11/eco)^n),alpha*fck),0)
A12: =Mesh!A9 | B12: =Mesh!B9 | C12: =Mesh!C9 | D12: =Mesh!D9 | E12: =INDEX(St_e0,Det+1)+INDEX(St_kx,Det+1)*C12+INDEX(St_ky,Det+1)*B12 | F12: =IF(E12>0,IF(E12<=eco,alpha*fck*(1-(1-E12/eco)^n),alpha*fck),0) | G12: =F12*D12 | H12: =G12*C12 | I12: =G12*B12 | J12: =PM_Angle!$J$7+PM_Angle!$K$7*$C12+PM_Angle!$L$7*$B12 | K12: =IF(J12>0,IF(J12<=eco,alpha*fck*(1-(1-J12/eco)^n),alpha*fck),0) | L12: =PM_Angle!$J$8+PM_Angle!$K$8*$C12+PM_Angle!$L$8*$B12 | M12: =IF(L12>0,IF(L12<=eco,alpha*fck*(1-(1-L12/eco)^n),alpha*fck),0) | N12: =PM_Angle!$J$9+PM_Angle!$K$9*$C12+PM_Angle!$L$9*$B12 | O12: =IF(N12>0,IF(N12<=eco,alpha*fck*(1-(1-N12/eco)^n),alpha*fck),0) | P12: =PM_Angle!$J$10+PM_Angle!$K$10*$C12+PM_Angle!$L$10*$B12 | Q12: =IF(P12>0,IF(P12<=eco,alpha*fck*(1-(1-P12/eco)^n),alpha*fck),0) | R12: =PM_Angle!$J$11+PM_Angle!$K$11*$C12+PM_Angle!$L$11*$B12 | S12: =IF(R12>0,IF(R12<=eco,alpha*fck*(1-(1-R12/eco)^n),alpha*fck),0) | T12: =PM_Angle!$J$12+PM_Angle!$K$12*$C12+PM_Angle!$L$12*$B12 | U12: =IF(T12>0,IF(T12<=eco,alpha*fck*(1-(1-T12/eco)^n),alpha*fck),0) | V12: =PM_Angle!$J$13+PM_Angle!$K$13*$C12+PM_Angle!$L$13*$B12 | W12: =IF(V12>0,IF(V12<=eco,alpha*fck*(1-(1-V12/eco)^n),alpha*fck),0) | X12: =PM_Angle!$J$14+PM_Angle!$K$14*$C12+PM_Angle!$L$14*$B12 | Y12: =IF(X12>0,IF(X12<=eco,alpha*fck*(1-(1-X12/eco)^n),alpha*fck),0) | Z12: =PM_Angle!$J$15+PM_Angle!$K$15*$C12+PM_Angle!$L$15*$B12 | AA12: =IF(Z12>0,IF(Z12<=eco,alpha*fck*(1-(1-Z12/eco)^n),alpha*fck),0) | AB12: =PM_Angle!$J$16+PM_Angle!$K$16*$C12+PM_Angle!$L$16*$B12 | AC12: =IF(AB12>0,IF(AB12<=eco,alpha*fck*(1-(1-AB12/eco)^n),alpha*fck),0) | AD12: =PM_Angle!$J$17+PM_Angle!$K$17*$C12+PM_Angle!$L$17*$B12 | AE12: =IF(AD12>0,IF(AD12<=eco,alpha*fck*(1-(1-AD12/eco)^n),alpha*fck),0) | AF12: =PM_Angle!$J$18+PM_Angle!$K$18*$C12+PM_Angle!$L$18*$B12 | AG12: =IF(AF12>0,IF(AF12<=eco,alpha*fck*(1-(1-AF12/eco)^n),alpha*fck),0) | AH12: =PM_Angle!$J$19+PM_Angle!$K$19*$C12+PM_Angle!$L$19*$B12 | AI12: =IF(AH12>0,IF(AH12<=eco,alpha*fck*(1-(1-AH12/eco)^n),alpha*fck),0) | AJ12: =PM_Angle!$J$20+PM_Angle!$K$20*$C12+PM_Angle!$L$20*$B12 | AK12: =IF(AJ12>0,IF(AJ12<=eco,alpha*fck*(1-(1-AJ12/eco)^n),alpha*fck),0) | AL12: =PM_Angle!$J$21+PM_Angle!$K$21*$C12+PM_Angle!$L$21*$B12 | AM12: =IF(AL12>0,IF(AL12<=eco,alpha*fck*(1-(1-AL12/eco)^n),alpha*fck),0) | AN12: =PM_Angle!$J$22+PM_Angle!$K$22*$C12+PM_Angle!$L$22*$B12 | AO12: =IF(AN12>0,IF(AN12<=eco,alpha*fck*(1-(1-AN12/eco)^n),alpha*fck),0) | AP12: =PM_Angle!$J$23+PM_Angle!$K$23*$C12+PM_Angle!$L$23*$B12 | AQ12: =IF(AP12>0,IF(AP12<=eco,alpha*fck*(1-(1-AP12/eco)^n),alpha*fck),0) | AR12: =PM_Angle!$J$24+PM_Angle!$K$24*$C12+PM_Angle!$L$24*$B12 | AS12: =IF(AR12>0,IF(AR12<=eco,alpha*fck*(1-(1-AR12/eco)^n),alpha*fck),0) | AT12: =PM_Angle!$J$25+PM_Angle!$K$25*$C12+PM_Angle!$L$25*$B12 | AU12: =IF(AT12>0,IF(AT12<=eco,alpha*fck*(1-(1-AT12/eco)^n),alpha*fck),0)
A13: =Mesh!A10 | B13: =Mesh!B10 | C13: =Mesh!C10 | D13: =Mesh!D10 | E13: =INDEX(St_e0,Det+1)+INDEX(St_kx,Det+1)*C13+INDEX(St_ky,Det+1)*B13 | F13: =IF(E13>0,IF(E13<=eco,alpha*fck*(1-(1-E13/eco)^n),alpha*fck),0) | G13: =F13*D13 | H13: =G13*C13 | I13: =G13*B13 | J13: =PM_Angle!$J$7+PM_Angle!$K$7*$C13+PM_Angle!$L$7*$B13 | K13: =IF(J13>0,IF(J13<=eco,alpha*fck*(1-(1-J13/eco)^n),alpha*fck),0) | L13: =PM_Angle!$J$8+PM_Angle!$K$8*$C13+PM_Angle!$L$8*$B13 | M13: =IF(L13>0,IF(L13<=eco,alpha*fck*(1-(1-L13/eco)^n),alpha*fck),0) | N13: =PM_Angle!$J$9+PM_Angle!$K$9*$C13+PM_Angle!$L$9*$B13 | O13: =IF(N13>0,IF(N13<=eco,alpha*fck*(1-(1-N13/eco)^n),alpha*fck),0) | P13: =PM_Angle!$J$10+PM_Angle!$K$10*$C13+PM_Angle!$L$10*$B13 | Q13: =IF(P13>0,IF(P13<=eco,alpha*fck*(1-(1-P13/eco)^n),alpha*fck),0) | R13: =PM_Angle!$J$11+PM_Angle!$K$11*$C13+PM_Angle!$L$11*$B13 | S13: =IF(R13>0,IF(R13<=eco,alpha*fck*(1-(1-R13/eco)^n),alpha*fck),0) | T13: =PM_Angle!$J$12+PM_Angle!$K$12*$C13+PM_Angle!$L$12*$B13 | U13: =IF(T13>0,IF(T13<=eco,alpha*fck*(1-(1-T13/eco)^n),alpha*fck),0) | V13: =PM_Angle!$J$13+PM_Angle!$K$13*$C13+PM_Angle!$L$13*$B13 | W13: =IF(V13>0,IF(V13<=eco,alpha*fck*(1-(1-V13/eco)^n),alpha*fck),0) | X13: =PM_Angle!$J$14+PM_Angle!$K$14*$C13+PM_Angle!$L$14*$B13 | Y13: =IF(X13>0,IF(X13<=eco,alpha*fck*(1-(1-X13/eco)^n),alpha*fck),0) | Z13: =PM_Angle!$J$15+PM_Angle!$K$15*$C13+PM_Angle!$L$15*$B13 | AA13: =IF(Z13>0,IF(Z13<=eco,alpha*fck*(1-(1-Z13/eco)^n),alpha*fck),0) | AB13: =PM_Angle!$J$16+PM_Angle!$K$16*$C13+PM_Angle!$L$16*$B13 | AC13: =IF(AB13>0,IF(AB13<=eco,alpha*fck*(1-(1-AB13/eco)^n),alpha*fck),0) | AD13: =PM_Angle!$J$17+PM_Angle!$K$17*$C13+PM_Angle!$L$17*$B13 | AE13: =IF(AD13>0,IF(AD13<=eco,alpha*fck*(1-(1-AD13/eco)^n),alpha*fck),0) | AF13: =PM_Angle!$J$18+PM_Angle!$K$18*$C13+PM_Angle!$L$18*$B13 | AG13: =IF(AF13>0,IF(AF13<=eco,alpha*fck*(1-(1-AF13/eco)^n),alpha*fck),0) | AH13: =PM_Angle!$J$19+PM_Angle!$K$19*$C13+PM_Angle!$L$19*$B13 | AI13: =IF(AH13>0,IF(AH13<=eco,alpha*fck*(1-(1-AH13/eco)^n),alpha*fck),0) | AJ13: =PM_Angle!$J$20+PM_Angle!$K$20*$C13+PM_Angle!$L$20*$B13 | AK13: =IF(AJ13>0,IF(AJ13<=eco,alpha*fck*(1-(1-AJ13/eco)^n),alpha*fck),0) | AL13: =PM_Angle!$J$21+PM_Angle!$K$21*$C13+PM_Angle!$L$21*$B13 | AM13: =IF(AL13>0,IF(AL13<=eco,alpha*fck*(1-(1-AL13/eco)^n),alpha*fck),0) | AN13: =PM_Angle!$J$22+PM_Angle!$K$22*$C13+PM_Angle!$L$22*$B13 | AO13: =IF(AN13>0,IF(AN13<=eco,alpha*fck*(1-(1-AN13/eco)^n),alpha*fck),0) | AP13: =PM_Angle!$J$23+PM_Angle!$K$23*$C13+PM_Angle!$L$23*$B13 | AQ13: =IF(AP13>0,IF(AP13<=eco,alpha*fck*(1-(1-AP13/eco)^n),alpha*fck),0) | AR13: =PM_Angle!$J$24+PM_Angle!$K$24*$C13+PM_Angle!$L$24*$B13 | AS13: =IF(AR13>0,IF(AR13<=eco,alpha*fck*(1-(1-AR13/eco)^n),alpha*fck),0) | AT13: =PM_Angle!$J$25+PM_Angle!$K$25*$C13+PM_Angle!$L$25*$B13 | AU13: =IF(AT13>0,IF(AT13<=eco,alpha*fck*(1-(1-AT13/eco)^n),alpha*fck),0)
A14: =Mesh!A11 | B14: =Mesh!B11 | C14: =Mesh!C11 | D14: =Mesh!D11 | E14: =INDEX(St_e0,Det+1)+INDEX(St_kx,Det+1)*C14+INDEX(St_ky,Det+1)*B14 | F14: =IF(E14>0,IF(E14<=eco,alpha*fck*(1-(1-E14/eco)^n),alpha*fck),0) | G14: =F14*D14 | H14: =G14*C14 | I14: =G14*B14 | J14: =PM_Angle!$J$7+PM_Angle!$K$7*$C14+PM_Angle!$L$7*$B14 | K14: =IF(J14>0,IF(J14<=eco,alpha*fck*(1-(1-J14/eco)^n),alpha*fck),0) | L14: =PM_Angle!$J$8+PM_Angle!$K$8*$C14+PM_Angle!$L$8*$B14 | M14: =IF(L14>0,IF(L14<=eco,alpha*fck*(1-(1-L14/eco)^n),alpha*fck),0) | N14: =PM_Angle!$J$9+PM_Angle!$K$9*$C14+PM_Angle!$L$9*$B14 | O14: =IF(N14>0,IF(N14<=eco,alpha*fck*(1-(1-N14/eco)^n),alpha*fck),0) | P14: =PM_Angle!$J$10+PM_Angle!$K$10*$C14+PM_Angle!$L$10*$B14 | Q14: =IF(P14>0,IF(P14<=eco,alpha*fck*(1-(1-P14/eco)^n),alpha*fck),0) | R14: =PM_Angle!$J$11+PM_Angle!$K$11*$C14+PM_Angle!$L$11*$B14 | S14: =IF(R14>0,IF(R14<=eco,alpha*fck*(1-(1-R14/eco)^n),alpha*fck),0) | T14: =PM_Angle!$J$12+PM_Angle!$K$12*$C14+PM_Angle!$L$12*$B14 | U14: =IF(T14>0,IF(T14<=eco,alpha*fck*(1-(1-T14/eco)^n),alpha*fck),0) | V14: =PM_Angle!$J$13+PM_Angle!$K$13*$C14+PM_Angle!$L$13*$B14 | W14: =IF(V14>0,IF(V14<=eco,alpha*fck*(1-(1-V14/eco)^n),alpha*fck),0) | X14: =PM_Angle!$J$14+PM_Angle!$K$14*$C14+PM_Angle!$L$14*$B14 | Y14: =IF(X14>0,IF(X14<=eco,alpha*fck*(1-(1-X14/eco)^n),alpha*fck),0) | Z14: =PM_Angle!$J$15+PM_Angle!$K$15*$C14+PM_Angle!$L$15*$B14 | AA14: =IF(Z14>0,IF(Z14<=eco,alpha*fck*(1-(1-Z14/eco)^n),alpha*fck),0) | AB14: =PM_Angle!$J$16+PM_Angle!$K$16*$C14+PM_Angle!$L$16*$B14 | AC14: =IF(AB14>0,IF(AB14<=eco,alpha*fck*(1-(1-AB14/eco)^n),alpha*fck),0) | AD14: =PM_Angle!$J$17+PM_Angle!$K$17*$C14+PM_Angle!$L$17*$B14 | AE14: =IF(AD14>0,IF(AD14<=eco,alpha*fck*(1-(1-AD14/eco)^n),alpha*fck),0) | AF14: =PM_Angle!$J$18+PM_Angle!$K$18*$C14+PM_Angle!$L$18*$B14 | AG14: =IF(AF14>0,IF(AF14<=eco,alpha*fck*(1-(1-AF14/eco)^n),alpha*fck),0) | AH14: =PM_Angle!$J$19+PM_Angle!$K$19*$C14+PM_Angle!$L$19*$B14 | AI14: =IF(AH14>0,IF(AH14<=eco,alpha*fck*(1-(1-AH14/eco)^n),alpha*fck),0) | AJ14: =PM_Angle!$J$20+PM_Angle!$K$20*$C14+PM_Angle!$L$20*$B14 | AK14: =IF(AJ14>0,IF(AJ14<=eco,alpha*fck*(1-(1-AJ14/eco)^n),alpha*fck),0) | AL14: =PM_Angle!$J$21+PM_Angle!$K$21*$C14+PM_Angle!$L$21*$B14 | AM14: =IF(AL14>0,IF(AL14<=eco,alpha*fck*(1-(1-AL14/eco)^n),alpha*fck),0) | AN14: =PM_Angle!$J$22+PM_Angle!$K$22*$C14+PM_Angle!$L$22*$B14 | AO14: =IF(AN14>0,IF(AN14<=eco,alpha*fck*(1-(1-AN14/eco)^n),alpha*fck),0) | AP14: =PM_Angle!$J$23+PM_Angle!$K$23*$C14+PM_Angle!$L$23*$B14 | AQ14: =IF(AP14>0,IF(AP14<=eco,alpha*fck*(1-(1-AP14/eco)^n),alpha*fck),0) | AR14: =PM_Angle!$J$24+PM_Angle!$K$24*$C14+PM_Angle!$L$24*$B14 | AS14: =IF(AR14>0,IF(AR14<=eco,alpha*fck*(1-(1-AR14/eco)^n),alpha*fck),0) | AT14: =PM_Angle!$J$25+PM_Angle!$K$25*$C14+PM_Angle!$L$25*$B14 | AU14: =IF(AT14>0,IF(AT14<=eco,alpha*fck*(1-(1-AT14/eco)^n),alpha*fck),0)
A15: =Mesh!A12 | B15: =Mesh!B12 | C15: =Mesh!C12 | D15: =Mesh!D12 | E15: =INDEX(St_e0,Det+1)+INDEX(St_kx,Det+1)*C15+INDEX(St_ky,Det+1)*B15 | F15: =IF(E15>0,IF(E15<=eco,alpha*fck*(1-(1-E15/eco)^n),alpha*fck),0) | G15: =F15*D15 | H15: =G15*C15 | I15: =G15*B15 | J15: =PM_Angle!$J$7+PM_Angle!$K$7*$C15+PM_Angle!$L$7*$B15 | K15: =IF(J15>0,IF(J15<=eco,alpha*fck*(1-(1-J15/eco)^n),alpha*fck),0) | L15: =PM_Angle!$J$8+PM_Angle!$K$8*$C15+PM_Angle!$L$8*$B15 | M15: =IF(L15>0,IF(L15<=eco,alpha*fck*(1-(1-L15/eco)^n),alpha*fck),0) | N15: =PM_Angle!$J$9+PM_Angle!$K$9*$C15+PM_Angle!$L$9*$B15 | O15: =IF(N15>0,IF(N15<=eco,alpha*fck*(1-(1-N15/eco)^n),alpha*fck),0) | P15: =PM_Angle!$J$10+PM_Angle!$K$10*$C15+PM_Angle!$L$10*$B15 | Q15: =IF(P15>0,IF(P15<=eco,alpha*fck*(1-(1-P15/eco)^n),alpha*fck),0) | R15: =PM_Angle!$J$11+PM_Angle!$K$11*$C15+PM_Angle!$L$11*$B15 | S15: =IF(R15>0,IF(R15<=eco,alpha*fck*(1-(1-R15/eco)^n),alpha*fck),0) | T15: =PM_Angle!$J$12+PM_Angle!$K$12*$C15+PM_Angle!$L$12*$B15 | U15: =IF(T15>0,IF(T15<=eco,alpha*fck*(1-(1-T15/eco)^n),alpha*fck),0) | V15: =PM_Angle!$J$13+PM_Angle!$K$13*$C15+PM_Angle!$L$13*$B15 | W15: =IF(V15>0,IF(V15<=eco,alpha*fck*(1-(1-V15/eco)^n),alpha*fck),0) | X15: =PM_Angle!$J$14+PM_Angle!$K$14*$C15+PM_Angle!$L$14*$B15 | Y15: =IF(X15>0,IF(X15<=eco,alpha*fck*(1-(1-X15/eco)^n),alpha*fck),0) | Z15: =PM_Angle!$J$15+PM_Angle!$K$15*$C15+PM_Angle!$L$15*$B15 | AA15: =IF(Z15>0,IF(Z15<=eco,alpha*fck*(1-(1-Z15/eco)^n),alpha*fck),0) | AB15: =PM_Angle!$J$16+PM_Angle!$K$16*$C15+PM_Angle!$L$16*$B15 | AC15: =IF(AB15>0,IF(AB15<=eco,alpha*fck*(1-(1-AB15/eco)^n),alpha*fck),0) | AD15: =PM_Angle!$J$17+PM_Angle!$K$17*$C15+PM_Angle!$L$17*$B15 | AE15: =IF(AD15>0,IF(AD15<=eco,alpha*fck*(1-(1-AD15/eco)^n),alpha*fck),0) | AF15: =PM_Angle!$J$18+PM_Angle!$K$18*$C15+PM_Angle!$L$18*$B15 | AG15: =IF(AF15>0,IF(AF15<=eco,alpha*fck*(1-(1-AF15/eco)^n),alpha*fck),0) | AH15: =PM_Angle!$J$19+PM_Angle!$K$19*$C15+PM_Angle!$L$19*$B15 | AI15: =IF(AH15>0,IF(AH15<=eco,alpha*fck*(1-(1-AH15/eco)^n),alpha*fck),0) | AJ15: =PM_Angle!$J$20+PM_Angle!$K$20*$C15+PM_Angle!$L$20*$B15 | AK15: =IF(AJ15>0,IF(AJ15<=eco,alpha*fck*(1-(1-AJ15/eco)^n),alpha*fck),0) | AL15: =PM_Angle!$J$21+PM_Angle!$K$21*$C15+PM_Angle!$L$21*$B15 | AM15: =IF(AL15>0,IF(AL15<=eco,alpha*fck*(1-(1-AL15/eco)^n),alpha*fck),0) | AN15: =PM_Angle!$J$22+PM_Angle!$K$22*$C15+PM_Angle!$L$22*$B15 | AO15: =IF(AN15>0,IF(AN15<=eco,alpha*fck*(1-(1-AN15/eco)^n),alpha*fck),0) | AP15: =PM_Angle!$J$23+PM_Angle!$K$23*$C15+PM_Angle!$L$23*$B15 | AQ15: =IF(AP15>0,IF(AP15<=eco,alpha*fck*(1-(1-AP15/eco)^n),alpha*fck),0) | AR15: =PM_Angle!$J$24+PM_Angle!$K$24*$C15+PM_Angle!$L$24*$B15 | AS15: =IF(AR15>0,IF(AR15<=eco,alpha*fck*(1-(1-AR15/eco)^n),alpha*fck),0) | AT15: =PM_Angle!$J$25+PM_Angle!$K$25*$C15+PM_Angle!$L$25*$B15 | AU15: =IF(AT15>0,IF(AT15<=eco,alpha*fck*(1-(1-AT15/eco)^n),alpha*fck),0)
A16: =Mesh!A13 | B16: =Mesh!B13 | C16: =Mesh!C13 | D16: =Mesh!D13 | E16: =INDEX(St_e0,Det+1)+INDEX(St_kx,Det+1)*C16+INDEX(St_ky,Det+1)*B16 | F16: =IF(E16>0,IF(E16<=eco,alpha*fck*(1-(1-E16/eco)^n),alpha*fck),0) | G16: =F16*D16 | H16: =G16*C16 | I16: =G16*B16 | J16: =PM_Angle!$J$7+PM_Angle!$K$7*$C16+PM_Angle!$L$7*$B16 | K16: =IF(J16>0,IF(J16<=eco,alpha*fck*(1-(1-J16/eco)^n),alpha*fck),0) | L16: =PM_Angle!$J$8+PM_Angle!$K$8*$C16+PM_Angle!$L$8*$B16 | M16: =IF(L16>0,IF(L16<=eco,alpha*fck*(1-(1-L16/eco)^n),alpha*fck),0) | N16: =PM_Angle!$J$9+PM_Angle!$K$9*$C16+PM_Angle!$L$9*$B16 | O16: =IF(N16>0,IF(N16<=eco,alpha*fck*(1-(1-N16/eco)^n),alpha*fck),0) | P16: =PM_Angle!$J$10+PM_Angle!$K$10*$C16+PM_Angle!$L$10*$B16 | Q16: =IF(P16>0,IF(P16<=eco,alpha*fck*(1-(1-P16/eco)^n),alpha*fck),0) | R16: =PM_Angle!$J$11+PM_Angle!$K$11*$C16+PM_Angle!$L$11*$B16 | S16: =IF(R16>0,IF(R16<=eco,alpha*fck*(1-(1-R16/eco)^n),alpha*fck),0) | T16: =PM_Angle!$J$12+PM_Angle!$K$12*$C16+PM_Angle!$L$12*$B16 | U16: =IF(T16>0,IF(T16<=eco,alpha*fck*(1-(1-T16/eco)^n),alpha*fck),0) | V16: =PM_Angle!$J$13+PM_Angle!$K$13*$C16+PM_Angle!$L$13*$B16 | W16: =IF(V16>0,IF(V16<=eco,alpha*fck*(1-(1-V16/eco)^n),alpha*fck),0) | X16: =PM_Angle!$J$14+PM_Angle!$K$14*$C16+PM_Angle!$L$14*$B16 | Y16: =IF(X16>0,IF(X16<=eco,alpha*fck*(1-(1-X16/eco)^n),alpha*fck),0) | Z16: =PM_Angle!$J$15+PM_Angle!$K$15*$C16+PM_Angle!$L$15*$B16 | AA16: =IF(Z16>0,IF(Z16<=eco,alpha*fck*(1-(1-Z16/eco)^n),alpha*fck),0) | AB16: =PM_Angle!$J$16+PM_Angle!$K$16*$C16+PM_Angle!$L$16*$B16 | AC16: =IF(AB16>0,IF(AB16<=eco,alpha*fck*(1-(1-AB16/eco)^n),alpha*fck),0) | AD16: =PM_Angle!$J$17+PM_Angle!$K$17*$C16+PM_Angle!$L$17*$B16 | AE16: =IF(AD16>0,IF(AD16<=eco,alpha*fck*(1-(1-AD16/eco)^n),alpha*fck),0) | AF16: =PM_Angle!$J$18+PM_Angle!$K$18*$C16+PM_Angle!$L$18*$B16 | AG16: =IF(AF16>0,IF(AF16<=eco,alpha*fck*(1-(1-AF16/eco)^n),alpha*fck),0) | AH16: =PM_Angle!$J$19+PM_Angle!$K$19*$C16+PM_Angle!$L$19*$B16 | AI16: =IF(AH16>0,IF(AH16<=eco,alpha*fck*(1-(1-AH16/eco)^n),alpha*fck),0) | AJ16: =PM_Angle!$J$20+PM_Angle!$K$20*$C16+PM_Angle!$L$20*$B16 | AK16: =IF(AJ16>0,IF(AJ16<=eco,alpha*fck*(1-(1-AJ16/eco)^n),alpha*fck),0) | AL16: =PM_Angle!$J$21+PM_Angle!$K$21*$C16+PM_Angle!$L$21*$B16 | AM16: =IF(AL16>0,IF(AL16<=eco,alpha*fck*(1-(1-AL16/eco)^n),alpha*fck),0) | AN16: =PM_Angle!$J$22+PM_Angle!$K$22*$C16+PM_Angle!$L$22*$B16 | AO16: =IF(AN16>0,IF(AN16<=eco,alpha*fck*(1-(1-AN16/eco)^n),alpha*fck),0) | AP16: =PM_Angle!$J$23+PM_Angle!$K$23*$C16+PM_Angle!$L$23*$B16 | AQ16: =IF(AP16>0,IF(AP16<=eco,alpha*fck*(1-(1-AP16/eco)^n),alpha*fck),0) | AR16: =PM_Angle!$J$24+PM_Angle!$K$24*$C16+PM_Angle!$L$24*$B16 | AS16: =IF(AR16>0,IF(AR16<=eco,alpha*fck*(1-(1-AR16/eco)^n),alpha*fck),0) | AT16: =PM_Angle!$J$25+PM_Angle!$K$25*$C16+PM_Angle!$L$25*$B16 | AU16: =IF(AT16>0,IF(AT16<=eco,alpha*fck*(1-(1-AT16/eco)^n),alpha*fck),0)
A17: =Mesh!A14 | B17: =Mesh!B14 | C17: =Mesh!C14 | D17: =Mesh!D14 | E17: =INDEX(St_e0,Det+1)+INDEX(St_kx,Det+1)*C17+INDEX(St_ky,Det+1)*B17 | F17: =IF(E17>0,IF(E17<=eco,alpha*fck*(1-(1-E17/eco)^n),alpha*fck),0) | G17: =F17*D17 | H17: =G17*C17 | I17: =G17*B17 | J17: =PM_Angle!$J$7+PM_Angle!$K$7*$C17+PM_Angle!$L$7*$B17 | K17: =IF(J17>0,IF(J17<=eco,alpha*fck*(1-(1-J17/eco)^n),alpha*fck),0) | L17: =PM_Angle!$J$8+PM_Angle!$K$8*$C17+PM_Angle!$L$8*$B17 | M17: =IF(L17>0,IF(L17<=eco,alpha*fck*(1-(1-L17/eco)^n),alpha*fck),0) | N17: =PM_Angle!$J$9+PM_Angle!$K$9*$C17+PM_Angle!$L$9*$B17 | O17: =IF(N17>0,IF(N17<=eco,alpha*fck*(1-(1-N17/eco)^n),alpha*fck),0) | P17: =PM_Angle!$J$10+PM_Angle!$K$10*$C17+PM_Angle!$L$10*$B17 | Q17: =IF(P17>0,IF(P17<=eco,alpha*fck*(1-(1-P17/eco)^n),alpha*fck),0) | R17: =PM_Angle!$J$11+PM_Angle!$K$11*$C17+PM_Angle!$L$11*$B17 | S17: =IF(R17>0,IF(R17<=eco,alpha*fck*(1-(1-R17/eco)^n),alpha*fck),0) | T17: =PM_Angle!$J$12+PM_Angle!$K$12*$C17+PM_Angle!$L$12*$B17 | U17: =IF(T17>0,IF(T17<=eco,alpha*fck*(1-(1-T17/eco)^n),alpha*fck),0) | V17: =PM_Angle!$J$13+PM_Angle!$K$13*$C17+PM_Angle!$L$13*$B17 | W17: =IF(V17>0,IF(V17<=eco,alpha*fck*(1-(1-V17/eco)^n),alpha*fck),0) | X17: =PM_Angle!$J$14+PM_Angle!$K$14*$C17+PM_Angle!$L$14*$B17 | Y17: =IF(X17>0,IF(X17<=eco,alpha*fck*(1-(1-X17/eco)^n),alpha*fck),0) | Z17: =PM_Angle!$J$15+PM_Angle!$K$15*$C17+PM_Angle!$L$15*$B17 | AA17: =IF(Z17>0,IF(Z17<=eco,alpha*fck*(1-(1-Z17/eco)^n),alpha*fck),0) | AB17: =PM_Angle!$J$16+PM_Angle!$K$16*$C17+PM_Angle!$L$16*$B17 | AC17: =IF(AB17>0,IF(AB17<=eco,alpha*fck*(1-(1-AB17/eco)^n),alpha*fck),0) | AD17: =PM_Angle!$J$17+PM_Angle!$K$17*$C17+PM_Angle!$L$17*$B17 | AE17: =IF(AD17>0,IF(AD17<=eco,alpha*fck*(1-(1-AD17/eco)^n),alpha*fck),0) | AF17: =PM_Angle!$J$18+PM_Angle!$K$18*$C17+PM_Angle!$L$18*$B17 | AG17: =IF(AF17>0,IF(AF17<=eco,alpha*fck*(1-(1-AF17/eco)^n),alpha*fck),0) | AH17: =PM_Angle!$J$19+PM_Angle!$K$19*$C17+PM_Angle!$L$19*$B17 | AI17: =IF(AH17>0,IF(AH17<=eco,alpha*fck*(1-(1-AH17/eco)^n),alpha*fck),0) | AJ17: =PM_Angle!$J$20+PM_Angle!$K$20*$C17+PM_Angle!$L$20*$B17 | AK17: =IF(AJ17>0,IF(AJ17<=eco,alpha*fck*(1-(1-AJ17/eco)^n),alpha*fck),0) | AL17: =PM_Angle!$J$21+PM_Angle!$K$21*$C17+PM_Angle!$L$21*$B17 | AM17: =IF(AL17>0,IF(AL17<=eco,alpha*fck*(1-(1-AL17/eco)^n),alpha*fck),0) | AN17: =PM_Angle!$J$22+PM_Angle!$K$22*$C17+PM_Angle!$L$22*$B17 | AO17: =IF(AN17>0,IF(AN17<=eco,alpha*fck*(1-(1-AN17/eco)^n),alpha*fck),0) | AP17: =PM_Angle!$J$23+PM_Angle!$K$23*$C17+PM_Angle!$L$23*$B17 | AQ17: =IF(AP17>0,IF(AP17<=eco,alpha*fck*(1-(1-AP17/eco)^n),alpha*fck),0) | AR17: =PM_Angle!$J$24+PM_Angle!$K$24*$C17+PM_Angle!$L$24*$B17 | AS17: =IF(AR17>0,IF(AR17<=eco,alpha*fck*(1-(1-AR17/eco)^n),alpha*fck),0) | AT17: =PM_Angle!$J$25+PM_Angle!$K$25*$C17+PM_Angle!$L$25*$B17 | AU17: =IF(AT17>0,IF(AT17<=eco,alpha*fck*(1-(1-AT17/eco)^n),alpha*fck),0)
A18: =Mesh!A15 | B18: =Mesh!B15 | C18: =Mesh!C15 | D18: =Mesh!D15 | E18: =INDEX(St_e0,Det+1)+INDEX(St_kx,Det+1)*C18+INDEX(St_ky,Det+1)*B18 | F18: =IF(E18>0,IF(E18<=eco,alpha*fck*(1-(1-E18/eco)^n),alpha*fck),0) | G18: =F18*D18 | H18: =G18*C18 | I18: =G18*B18 | J18: =PM_Angle!$J$7+PM_Angle!$K$7*$C18+PM_Angle!$L$7*$B18 | K18: =IF(J18>0,IF(J18<=eco,alpha*fck*(1-(1-J18/eco)^n),alpha*fck),0) | L18: =PM_Angle!$J$8+PM_Angle!$K$8*$C18+PM_Angle!$L$8*$B18 | M18: =IF(L18>0,IF(L18<=eco,alpha*fck*(1-(1-L18/eco)^n),alpha*fck),0) | N18: =PM_Angle!$J$9+PM_Angle!$K$9*$C18+PM_Angle!$L$9*$B18 | O18: =IF(N18>0,IF(N18<=eco,alpha*fck*(1-(1-N18/eco)^n),alpha*fck),0) | P18: =PM_Angle!$J$10+PM_Angle!$K$10*$C18+PM_Angle!$L$10*$B18 | Q18: =IF(P18>0,IF(P18<=eco,alpha*fck*(1-(1-P18/eco)^n),alpha*fck),0) | R18: =PM_Angle!$J$11+PM_Angle!$K$11*$C18+PM_Angle!$L$11*$B18 | S18: =IF(R18>0,IF(R18<=eco,alpha*fck*(1-(1-R18/eco)^n),alpha*fck),0) | T18: =PM_Angle!$J$12+PM_Angle!$K$12*$C18+PM_Angle!$L$12*$B18 | U18: =IF(T18>0,IF(T18<=eco,alpha*fck*(1-(1-T18/eco)^n),alpha*fck),0) | V18: =PM_Angle!$J$13+PM_Angle!$K$13*$C18+PM_Angle!$L$13*$B18 | W18: =IF(V18>0,IF(V18<=eco,alpha*fck*(1-(1-V18/eco)^n),alpha*fck),0) | X18: =PM_Angle!$J$14+PM_Angle!$K$14*$C18+PM_Angle!$L$14*$B18 | Y18: =IF(X18>0,IF(X18<=eco,alpha*fck*(1-(1-X18/eco)^n),alpha*fck),0) | Z18: =PM_Angle!$J$15+PM_Angle!$K$15*$C18+PM_Angle!$L$15*$B18 | AA18: =IF(Z18>0,IF(Z18<=eco,alpha*fck*(1-(1-Z18/eco)^n),alpha*fck),0) | AB18: =PM_Angle!$J$16+PM_Angle!$K$16*$C18+PM_Angle!$L$16*$B18 | AC18: =IF(AB18>0,IF(AB18<=eco,alpha*fck*(1-(1-AB18/eco)^n),alpha*fck),0) | AD18: =PM_Angle!$J$17+PM_Angle!$K$17*$C18+PM_Angle!$L$17*$B18 | AE18: =IF(AD18>0,IF(AD18<=eco,alpha*fck*(1-(1-AD18/eco)^n),alpha*fck),0) | AF18: =PM_Angle!$J$18+PM_Angle!$K$18*$C18+PM_Angle!$L$18*$B18 | AG18: =IF(AF18>0,IF(AF18<=eco,alpha*fck*(1-(1-AF18/eco)^n),alpha*fck),0) | AH18: =PM_Angle!$J$19+PM_Angle!$K$19*$C18+PM_Angle!$L$19*$B18 | AI18: =IF(AH18>0,IF(AH18<=eco,alpha*fck*(1-(1-AH18/eco)^n),alpha*fck),0) | AJ18: =PM_Angle!$J$20+PM_Angle!$K$20*$C18+PM_Angle!$L$20*$B18 | AK18: =IF(AJ18>0,IF(AJ18<=eco,alpha*fck*(1-(1-AJ18/eco)^n),alpha*fck),0) | AL18: =PM_Angle!$J$21+PM_Angle!$K$21*$C18+PM_Angle!$L$21*$B18 | AM18: =IF(AL18>0,IF(AL18<=eco,alpha*fck*(1-(1-AL18/eco)^n),alpha*fck),0) | AN18: =PM_Angle!$J$22+PM_Angle!$K$22*$C18+PM_Angle!$L$22*$B18 | AO18: =IF(AN18>0,IF(AN18<=eco,alpha*fck*(1-(1-AN18/eco)^n),alpha*fck),0) | AP18: =PM_Angle!$J$23+PM_Angle!$K$23*$C18+PM_Angle!$L$23*$B18 | AQ18: =IF(AP18>0,IF(AP18<=eco,alpha*fck*(1-(1-AP18/eco)^n),alpha*fck),0) | AR18: =PM_Angle!$J$24+PM_Angle!$K$24*$C18+PM_Angle!$L$24*$B18 | AS18: =IF(AR18>0,IF(AR18<=eco,alpha*fck*(1-(1-AR18/eco)^n),alpha*fck),0) | AT18: =PM_Angle!$J$25+PM_Angle!$K$25*$C18+PM_Angle!$L$25*$B18 | AU18: =IF(AT18>0,IF(AT18<=eco,alpha*fck*(1-(1-AT18/eco)^n),alpha*fck),0)
A19: =Mesh!A16 | B19: =Mesh!B16 | C19: =Mesh!C16 | D19: =Mesh!D16 | E19: =INDEX(St_e0,Det+1)+INDEX(St_kx,Det+1)*C19+INDEX(St_ky,Det+1)*B19 | F19: =IF(E19>0,IF(E19<=eco,alpha*fck*(1-(1-E19/eco)^n),alpha*fck),0) | G19: =F19*D19 | H19: =G19*C19 | I19: =G19*B19 | J19: =PM_Angle!$J$7+PM_Angle!$K$7*$C19+PM_Angle!$L$7*$B19 | K19: =IF(J19>0,IF(J19<=eco,alpha*fck*(1-(1-J19/eco)^n),alpha*fck),0) | L19: =PM_Angle!$J$8+PM_Angle!$K$8*$C19+PM_Angle!$L$8*$B19 | M19: =IF(L19>0,IF(L19<=eco,alpha*fck*(1-(1-L19/eco)^n),alpha*fck),0) | N19: =PM_Angle!$J$9+PM_Angle!$K$9*$C19+PM_Angle!$L$9*$B19 | O19: =IF(N19>0,IF(N19<=eco,alpha*fck*(1-(1-N19/eco)^n),alpha*fck),0) | P19: =PM_Angle!$J$10+PM_Angle!$K$10*$C19+PM_Angle!$L$10*$B19 | Q19: =IF(P19>0,IF(P19<=eco,alpha*fck*(1-(1-P19/eco)^n),alpha*fck),0) | R19: =PM_Angle!$J$11+PM_Angle!$K$11*$C19+PM_Angle!$L$11*$B19 | S19: =IF(R19>0,IF(R19<=eco,alpha*fck*(1-(1-R19/eco)^n),alpha*fck),0) | T19: =PM_Angle!$J$12+PM_Angle!$K$12*$C19+PM_Angle!$L$12*$B19 | U19: =IF(T19>0,IF(T19<=eco,alpha*fck*(1-(1-T19/eco)^n),alpha*fck),0) | V19: =PM_Angle!$J$13+PM_Angle!$K$13*$C19+PM_Angle!$L$13*$B19 | W19: =IF(V19>0,IF(V19<=eco,alpha*fck*(1-(1-V19/eco)^n),alpha*fck),0) | X19: =PM_Angle!$J$14+PM_Angle!$K$14*$C19+PM_Angle!$L$14*$B19 | Y19: =IF(X19>0,IF(X19<=eco,alpha*fck*(1-(1-X19/eco)^n),alpha*fck),0) | Z19: =PM_Angle!$J$15+PM_Angle!$K$15*$C19+PM_Angle!$L$15*$B19 | AA19: =IF(Z19>0,IF(Z19<=eco,alpha*fck*(1-(1-Z19/eco)^n),alpha*fck),0) | AB19: =PM_Angle!$J$16+PM_Angle!$K$16*$C19+PM_Angle!$L$16*$B19 | AC19: =IF(AB19>0,IF(AB19<=eco,alpha*fck*(1-(1-AB19/eco)^n),alpha*fck),0) | AD19: =PM_Angle!$J$17+PM_Angle!$K$17*$C19+PM_Angle!$L$17*$B19 | AE19: =IF(AD19>0,IF(AD19<=eco,alpha*fck*(1-(1-AD19/eco)^n),alpha*fck),0) | AF19: =PM_Angle!$J$18+PM_Angle!$K$18*$C19+PM_Angle!$L$18*$B19 | AG19: =IF(AF19>0,IF(AF19<=eco,alpha*fck*(1-(1-AF19/eco)^n),alpha*fck),0) | AH19: =PM_Angle!$J$19+PM_Angle!$K$19*$C19+PM_Angle!$L$19*$B19 | AI19: =IF(AH19>0,IF(AH19<=eco,alpha*fck*(1-(1-AH19/eco)^n),alpha*fck),0) | AJ19: =PM_Angle!$J$20+PM_Angle!$K$20*$C19+PM_Angle!$L$20*$B19 | AK19: =IF(AJ19>0,IF(AJ19<=eco,alpha*fck*(1-(1-AJ19/eco)^n),alpha*fck),0) | AL19: =PM_Angle!$J$21+PM_Angle!$K$21*$C19+PM_Angle!$L$21*$B19 | AM19: =IF(AL19>0,IF(AL19<=eco,alpha*fck*(1-(1-AL19/eco)^n),alpha*fck),0) | AN19: =PM_Angle!$J$22+PM_Angle!$K$22*$C19+PM_Angle!$L$22*$B19 | AO19: =IF(AN19>0,IF(AN19<=eco,alpha*fck*(1-(1-AN19/eco)^n),alpha*fck),0) | AP19: =PM_Angle!$J$23+PM_Angle!$K$23*$C19+PM_Angle!$L$23*$B19 | AQ19: =IF(AP19>0,IF(AP19<=eco,alpha*fck*(1-(1-AP19/eco)^n),alpha*fck),0) | AR19: =PM_Angle!$J$24+PM_Angle!$K$24*$C19+PM_Angle!$L$24*$B19 | AS19: =IF(AR19>0,IF(AR19<=eco,alpha*fck*(1-(1-AR19/eco)^n),alpha*fck),0) | AT19: =PM_Angle!$J$25+PM_Angle!$K$25*$C19+PM_Angle!$L$25*$B19 | AU19: =IF(AT19>0,IF(AT19<=eco,alpha*fck*(1-(1-AT19/eco)^n),alpha*fck),0)
... A1264: =Mesh!A1261 | B1264: =Mesh!B1261 | C1264: =Mesh!C1261 | D1264: =Mesh!D1261 | E1264: =INDEX(St_e0,Det+1)+INDEX(St_kx,Det+1)*C1264+INDEX(St_ky,Det+1)*B1264 | F1264: =IF(E1264>0,IF(E1264<=eco,alpha*fck*(1-(1-E1264/eco)^n),alpha*fck),0) | G1264: =F1264*D1264 | H1264: =G1264*C1264 | I1264: =G1264*B1264 | J1264: =PM_Angle!$J$7+PM_Angle!$K$7*$C1264+PM_Angle!$L$7*$B1264 | K1264: =IF(J1264>0,IF(J1264<=eco,alpha*fck*(1-(1-J1264/eco)^n),alpha*fck),0) | L1264: =PM_Angle!$J$8+PM_Angle!$K$8*$C1264+PM_Angle!$L$8*$B1264 | M1264: =IF(L1264>0,IF(L1264<=eco,alpha*fck*(1-(1-L1264/eco)^n),alpha*fck),0) | N1264: =PM_Angle!$J$9+PM_Angle!$K$9*$C1264+PM_Angle!$L$9*$B1264 | O1264: =IF(N1264>0,IF(N1264<=eco,alpha*fck*(1-(1-N1264/eco)^n),alpha*fck),0) | P1264: =PM_Angle!$J$10+PM_Angle!$K$10*$C1264+PM_Angle!$L$10*$B1264 | Q1264: =IF(P1264>0,IF(P1264<=eco,alpha*fck*(1-(1-P1264/eco)^n),alpha*fck),0) | R1264: =PM_Angle!$J$11+PM_Angle!$K$11*$C1264+PM_Angle!$L$11*$B1264 | S1264: =IF(R1264>0,IF(R1264<=eco,alpha*fck*(1-(1-R1264/eco)^n),alpha*fck),0) | T1264: =PM_Angle!$J$12+PM_Angle!$K$12*$C1264+PM_Angle!$L$12*$B1264 | U1264: =IF(T1264>0,IF(T1264<=eco,alpha*fck*(1-(1-T1264/eco)^n),alpha*fck),0) | V1264: =PM_Angle!$J$13+PM_Angle!$K$13*$C1264+PM_Angle!$L$13*$B1264 | W1264: =IF(V1264>0,IF(V1264<=eco,alpha*fck*(1-(1-V1264/eco)^n),alpha*fck),0) | X1264: =PM_Angle!$J$14+PM_Angle!$K$14*$C1264+PM_Angle!$L$14*$B1264 | Y1264: =IF(X1264>0,IF(X1264<=eco,alpha*fck*(1-(1-X1264/eco)^n),alpha*fck),0) | Z1264: =PM_Angle!$J$15+PM_Angle!$K$15*$C1264+PM_Angle!$L$15*$B1264 | AA1264: =IF(Z1264>0,IF(Z1264<=eco,alpha*fck*(1-(1-Z1264/eco)^n),alpha*fck),0) | AB1264: =PM_Angle!$J$16+PM_Angle!$K$16*$C1264+PM_Angle!$L$16*$B1264 | AC1264: =IF(AB1264>0,IF(AB1264<=eco,alpha*fck*(1-(1-AB1264/eco)^n),alpha*fck),0) | AD1264: =PM_Angle!$J$17+PM_Angle!$K$17*$C1264+PM_Angle!$L$17*$B1264 | AE1264: =IF(AD1264>0,IF(AD1264<=eco,alpha*fck*(1-(1-AD1264/eco)^n),alpha*fck),0) | AF1264: =PM_Angle!$J$18+PM_Angle!$K$18*$C1264+PM_Angle!$L$18*$B1264 | AG1264: =IF(AF1264>0,IF(AF1264<=eco,alpha*fck*(1-(1-AF1264/eco)^n),alpha*fck),0) | AH1264: =PM_Angle!$J$19+PM_Angle!$K$19*$C1264+PM_Angle!$L$19*$B1264 | AI1264: =IF(AH1264>0,IF(AH1264<=eco,alpha*fck*(1-(1-AH1264/eco)^n),alpha*fck),0) | AJ1264: =PM_Angle!$J$20+PM_Angle!$K$20*$C1264+PM_Angle!$L$20*$B1264 | AK1264: =IF(AJ1264>0,IF(AJ1264<=eco,alpha*fck*(1-(1-AJ1264/eco)^n),alpha*fck),0) | AL1264: =PM_Angle!$J$21+PM_Angle!$K$21*$C1264+PM_Angle!$L$21*$B1264 | AM1264: =IF(AL1264>0,IF(AL1264<=eco,alpha*fck*(1-(1-AL1264/eco)^n),alpha*fck),0) | AN1264: =PM_Angle!$J$22+PM_Angle!$K$22*$C1264+PM_Angle!$L$22*$B1264 | AO1264: =IF(AN1264>0,IF(AN1264<=eco,alpha*fck*(1-(1-AN1264/eco)^n),alpha*fck),0) | AP1264: =PM_Angle!$J$23+PM_Angle!$K$23*$C1264+PM_Angle!$L$23*$B1264 | AQ1264: =IF(AP1264>0,IF(AP1264<=eco,alpha*fck*(1-(1-AP1264/eco)^n),alpha*fck),0) | AR1264: =PM_Angle!$J$24+PM_Angle!$K$24*$C1264+PM_Angle!$L$24*$B1264 | AS1264: =IF(AR1264>0,IF(AR1264<=eco,alpha*fck*(1-(1-AR1264/eco)^n),alpha*fck),0) | AT1264: =PM_Angle!$J$25+PM_Angle!$K$25*$C1264+PM_Angle!$L$25*$B1264 | AU1264: =IF(AT1264>0,IF(AT1264<=eco,alpha*fck*(1-(1-AT1264/eco)^n),alpha*fck),0)

Sheet Steel
A1: REINFORCEMENT — PER BAR, ALL 19 STATIONS
A2: fs = Elastic - perfectly plastic, fs = clamp(Es*eps, -fy, +fy). The bar force uses fs,eff = fs − fc so the concrete displaced by the bar is not counted twice (docs/11 §3.3).
F4: P0 | M4: P1 | T4: P2 | AA4: P3 | AH4: P4 | AO4: P5 | AV4: P6 | BC4: P7 | BJ4: P8 | BQ4: P9 | BX4: P10 | CE4: P11 | CL4: P12 | CS4: P13 | CZ4: P14 | DG4: P15 | DN4: P16 | DU4: P17 | EB4: P18
A5: No. | B5: Dia (mm) | C5: X (mm) | D5: Y (mm) | E5: As (mm²) | F5: eps_s | G5: fs (MPa) | H5: fc (MPa) | I5: fs,eff (MPa) | J5: Fs (N) | K5: Msx (N·mm) | L5: Msy (N·mm) | M5: eps_s | N5: fs (MPa) | O5: fc (MPa) | P5: fs,eff (MPa) | Q5: Fs (N) | R5: Msx (N·mm) | S5: Msy (N·mm) | T5: eps_s | U5: fs (MPa) | V5: fc (MPa) | W5: fs,eff (MPa) | X5: Fs (N) | Y5: Msx (N·mm) | Z5: Msy (N·mm) | AA5: eps_s | AB5: fs (MPa) | AC5: fc (MPa) | AD5: fs,eff (MPa) | AE5: Fs (N) | AF5: Msx (N·mm) | AG5: Msy (N·mm) | AH5: eps_s | AI5: fs (MPa) | AJ5: fc (MPa) | AK5: fs,eff (MPa) | AL5: Fs (N) | AM5: Msx (N·mm) | AN5: Msy (N·mm) | AO5: eps_s | AP5: fs (MPa) | AQ5: fc (MPa) | AR5: fs,eff (MPa) | AS5: Fs (N) | AT5: Msx (N·mm) | AU5: Msy (N·mm) | AV5: eps_s | AW5: fs (MPa) | AX5: fc (MPa) | AY5: fs,eff (MPa) | AZ5: Fs (N) | BA5: Msx (N·mm) | BB5: Msy (N·mm) | BC5: eps_s | BD5: fs (MPa) | BE5: fc (MPa) | BF5: fs,eff (MPa) | BG5: Fs (N) | BH5: Msx (N·mm) | BI5: Msy (N·mm) | BJ5: eps_s | BK5: fs (MPa) | BL5: fc (MPa) | BM5: fs,eff (MPa) | BN5: Fs (N) | BO5: Msx (N·mm) | BP5: Msy (N·mm) | BQ5: eps_s | BR5: fs (MPa) | BS5: fc (MPa) | BT5: fs,eff (MPa) | BU5: Fs (N) | BV5: Msx (N·mm) | BW5: Msy (N·mm) | BX5: eps_s | BY5: fs (MPa) | BZ5: fc (MPa) | CA5: fs,eff (MPa) | CB5: Fs (N) | CC5: Msx (N·mm) | CD5: Msy (N·mm) | CE5: eps_s | CF5: fs (MPa) | CG5: fc (MPa) | CH5: fs,eff (MPa) | CI5: Fs (N) | CJ5: Msx (N·mm) | CK5: Msy (N·mm) | CL5: eps_s | CM5: fs (MPa) | CN5: fc (MPa) | CO5: fs,eff (MPa) | CP5: Fs (N) | CQ5: Msx (N·mm) | CR5: Msy (N·mm) | CS5: eps_s | CT5: fs (MPa) | CU5: fc (MPa) | CV5: fs,eff (MPa) | CW5: Fs (N) | CX5: Msx (N·mm) | CY5: Msy (N·mm) | CZ5: eps_s | DA5: fs (MPa) | DB5: fc (MPa) | DC5: fs,eff (MPa) | DD5: Fs (N) | DE5: Msx (N·mm) | DF5: Msy (N·mm) | DG5: eps_s | DH5: fs (MPa) | DI5: fc (MPa) | DJ5: fs,eff (MPa) | DK5: Fs (N) | DL5: Msx (N·mm) | DM5: Msy (N·mm) | DN5: eps_s | DO5: fs (MPa) | DP5: fc (MPa) | DQ5: fs,eff (MPa) | DR5: Fs (N) | DS5: Msx (N·mm) | DT5: Msy (N·mm) | DU5: eps_s | DV5: fs (MPa) | DW5: fc (MPa) | DX5: fs,eff (MPa) | DY5: Fs (N) | DZ5: Msx (N·mm) | EA5: Msy (N·mm) | EB5: eps_s | EC5: fs (MPa) | ED5: fc (MPa) | EE5: fs,eff (MPa) | EF5: Fs (N) | EG5: Msx (N·mm) | EH5: Msy (N·mm)
A6: SUM | E6: =SUM(E7:E24) | J6: =SUM(J7:J24) | K6: =SUM(K7:K24) | L6: =SUM(L7:L24) | Q6: =SUM(Q7:Q24) | R6: =SUM(R7:R24) | S6: =SUM(S7:S24) | X6: =SUM(X7:X24) | Y6: =SUM(Y7:Y24) | Z6: =SUM(Z7:Z24) | AE6: =SUM(AE7:AE24) | AF6: =SUM(AF7:AF24) | AG6: =SUM(AG7:AG24) | AL6: =SUM(AL7:AL24) | AM6: =SUM(AM7:AM24) | AN6: =SUM(AN7:AN24) | AS6: =SUM(AS7:AS24) | AT6: =SUM(AT7:AT24) | AU6: =SUM(AU7:AU24) | AZ6: =SUM(AZ7:AZ24) | BA6: =SUM(BA7:BA24) | BB6: =SUM(BB7:BB24) | BG6: =SUM(BG7:BG24) | BH6: =SUM(BH7:BH24) | BI6: =SUM(BI7:BI24) | BN6: =SUM(BN7:BN24) | BO6: =SUM(BO7:BO24) | BP6: =SUM(BP7:BP24) | BU6: =SUM(BU7:BU24) | BV6: =SUM(BV7:BV24) | BW6: =SUM(BW7:BW24) | CB6: =SUM(CB7:CB24) | CC6: =SUM(CC7:CC24) | CD6: =SUM(CD7:CD24) | CI6: =SUM(CI7:CI24) | CJ6: =SUM(CJ7:CJ24) | CK6: =SUM(CK7:CK24) | CP6: =SUM(CP7:CP24) | CQ6: =SUM(CQ7:CQ24) | CR6: =SUM(CR7:CR24) | CW6: =SUM(CW7:CW24) | CX6: =SUM(CX7:CX24) | CY6: =SUM(CY7:CY24) | DD6: =SUM(DD7:DD24) | DE6: =SUM(DE7:DE24) | DF6: =SUM(DF7:DF24) | DK6: =SUM(DK7:DK24) | DL6: =SUM(DL7:DL24) | DM6: =SUM(DM7:DM24) | DR6: =SUM(DR7:DR24) | DS6: =SUM(DS7:DS24) | DT6: =SUM(DT7:DT24) | DY6: =SUM(DY7:DY24) | DZ6: =SUM(DZ7:DZ24) | EA6: =SUM(EA7:EA24) | EF6: =SUM(EF7:EF24) | EG6: =SUM(EG7:EG24) | EH6: =SUM(EH7:EH24)
A7: 1 | B7: =Geometry!C42 | C7: =Geometry!D42 | D7: =Geometry!E42 | E7: =Geometry!F42 | F7: =PM_Angle!$J$7+PM_Angle!$K$7*$D7+PM_Angle!$L$7*$C7 | G7: =MAX(MIN(Es*F7,fy),-fy) | H7: =IF(F7>0,IF(F7<=eco,alpha*fck*(1-(1-F7/eco)^n),alpha*fck),0) | I7: =G7-H7 | J7: =I7*$E7 | K7: =J7*$D7 | L7: =J7*$C7 | M7: =PM_Angle!$J$8+PM_Angle!$K$8*$D7+PM_Angle!$L$8*$C7 | N7: =MAX(MIN(Es*M7,fy),-fy) | O7: =IF(M7>0,IF(M7<=eco,alpha*fck*(1-(1-M7/eco)^n),alpha*fck),0) | P7: =N7-O7 | Q7: =P7*$E7 | R7: =Q7*$D7 | S7: =Q7*$C7 | T7: =PM_Angle!$J$9+PM_Angle!$K$9*$D7+PM_Angle!$L$9*$C7 | U7: =MAX(MIN(Es*T7,fy),-fy) | V7: =IF(T7>0,IF(T7<=eco,alpha*fck*(1-(1-T7/eco)^n),alpha*fck),0) | W7: =U7-V7 | X7: =W7*$E7 | Y7: =X7*$D7 | Z7: =X7*$C7 | AA7: =PM_Angle!$J$10+PM_Angle!$K$10*$D7+PM_Angle!$L$10*$C7 | AB7: =MAX(MIN(Es*AA7,fy),-fy) | AC7: =IF(AA7>0,IF(AA7<=eco,alpha*fck*(1-(1-AA7/eco)^n),alpha*fck),0) | AD7: =AB7-AC7 | AE7: =AD7*$E7 | AF7: =AE7*$D7 | AG7: =AE7*$C7 | AH7: =PM_Angle!$J$11+PM_Angle!$K$11*$D7+PM_Angle!$L$11*$C7 | AI7: =MAX(MIN(Es*AH7,fy),-fy) | AJ7: =IF(AH7>0,IF(AH7<=eco,alpha*fck*(1-(1-AH7/eco)^n),alpha*fck),0) | AK7: =AI7-AJ7 | AL7: =AK7*$E7 | AM7: =AL7*$D7 | AN7: =AL7*$C7 | AO7: =PM_Angle!$J$12+PM_Angle!$K$12*$D7+PM_Angle!$L$12*$C7 | AP7: =MAX(MIN(Es*AO7,fy),-fy) | AQ7: =IF(AO7>0,IF(AO7<=eco,alpha*fck*(1-(1-AO7/eco)^n),alpha*fck),0) | AR7: =AP7-AQ7 | AS7: =AR7*$E7 | AT7: =AS7*$D7 | AU7: =AS7*$C7 | AV7: =PM_Angle!$J$13+PM_Angle!$K$13*$D7+PM_Angle!$L$13*$C7 | AW7: =MAX(MIN(Es*AV7,fy),-fy) | AX7: =IF(AV7>0,IF(AV7<=eco,alpha*fck*(1-(1-AV7/eco)^n),alpha*fck),0) | AY7: =AW7-AX7 | AZ7: =AY7*$E7 | BA7: =AZ7*$D7 | BB7: =AZ7*$C7 | BC7: =PM_Angle!$J$14+PM_Angle!$K$14*$D7+PM_Angle!$L$14*$C7 | BD7: =MAX(MIN(Es*BC7,fy),-fy) | BE7: =IF(BC7>0,IF(BC7<=eco,alpha*fck*(1-(1-BC7/eco)^n),alpha*fck),0) | BF7: =BD7-BE7 | BG7: =BF7*$E7 | BH7: =BG7*$D7 | BI7: =BG7*$C7 | BJ7: =PM_Angle!$J$15+PM_Angle!$K$15*$D7+PM_Angle!$L$15*$C7 | BK7: =MAX(MIN(Es*BJ7,fy),-fy) | BL7: =IF(BJ7>0,IF(BJ7<=eco,alpha*fck*(1-(1-BJ7/eco)^n),alpha*fck),0) | BM7: =BK7-BL7 | BN7: =BM7*$E7 | BO7: =BN7*$D7 | BP7: =BN7*$C7 | BQ7: =PM_Angle!$J$16+PM_Angle!$K$16*$D7+PM_Angle!$L$16*$C7 | BR7: =MAX(MIN(Es*BQ7,fy),-fy) | BS7: =IF(BQ7>0,IF(BQ7<=eco,alpha*fck*(1-(1-BQ7/eco)^n),alpha*fck),0) | BT7: =BR7-BS7 | BU7: =BT7*$E7 | BV7: =BU7*$D7 | BW7: =BU7*$C7 | BX7: =PM_Angle!$J$17+PM_Angle!$K$17*$D7+PM_Angle!$L$17*$C7 | BY7: =MAX(MIN(Es*BX7,fy),-fy) | BZ7: =IF(BX7>0,IF(BX7<=eco,alpha*fck*(1-(1-BX7/eco)^n),alpha*fck),0) | CA7: =BY7-BZ7 | CB7: =CA7*$E7 | CC7: =CB7*$D7 | CD7: =CB7*$C7 | CE7: =PM_Angle!$J$18+PM_Angle!$K$18*$D7+PM_Angle!$L$18*$C7 | CF7: =MAX(MIN(Es*CE7,fy),-fy) | CG7: =IF(CE7>0,IF(CE7<=eco,alpha*fck*(1-(1-CE7/eco)^n),alpha*fck),0) | CH7: =CF7-CG7 | CI7: =CH7*$E7 | CJ7: =CI7*$D7 | CK7: =CI7*$C7 | CL7: =PM_Angle!$J$19+PM_Angle!$K$19*$D7+PM_Angle!$L$19*$C7 | CM7: =MAX(MIN(Es*CL7,fy),-fy) | CN7: =IF(CL7>0,IF(CL7<=eco,alpha*fck*(1-(1-CL7/eco)^n),alpha*fck),0) | CO7: =CM7-CN7 | CP7: =CO7*$E7 | CQ7: =CP7*$D7 | CR7: =CP7*$C7 | CS7: =PM_Angle!$J$20+PM_Angle!$K$20*$D7+PM_Angle!$L$20*$C7 | CT7: =MAX(MIN(Es*CS7,fy),-fy) | CU7: =IF(CS7>0,IF(CS7<=eco,alpha*fck*(1-(1-CS7/eco)^n),alpha*fck),0) | CV7: =CT7-CU7 | CW7: =CV7*$E7 | CX7: =CW7*$D7 | CY7: =CW7*$C7 | CZ7: =PM_Angle!$J$21+PM_Angle!$K$21*$D7+PM_Angle!$L$21*$C7 | DA7: =MAX(MIN(Es*CZ7,fy),-fy) | DB7: =IF(CZ7>0,IF(CZ7<=eco,alpha*fck*(1-(1-CZ7/eco)^n),alpha*fck),0) | DC7: =DA7-DB7 | DD7: =DC7*$E7 | DE7: =DD7*$D7 | DF7: =DD7*$C7 | DG7: =PM_Angle!$J$22+PM_Angle!$K$22*$D7+PM_Angle!$L$22*$C7 | DH7: =MAX(MIN(Es*DG7,fy),-fy) | DI7: =IF(DG7>0,IF(DG7<=eco,alpha*fck*(1-(1-DG7/eco)^n),alpha*fck),0) | DJ7: =DH7-DI7 | DK7: =DJ7*$E7 | DL7: =DK7*$D7 | DM7: =DK7*$C7 | DN7: =PM_Angle!$J$23+PM_Angle!$K$23*$D7+PM_Angle!$L$23*$C7 | DO7: =MAX(MIN(Es*DN7,fy),-fy) | DP7: =IF(DN7>0,IF(DN7<=eco,alpha*fck*(1-(1-DN7/eco)^n),alpha*fck),0) | DQ7: =DO7-DP7 | DR7: =DQ7*$E7 | DS7: =DR7*$D7 | DT7: =DR7*$C7 | DU7: =PM_Angle!$J$24+PM_Angle!$K$24*$D7+PM_Angle!$L$24*$C7 | DV7: =MAX(MIN(Es*DU7,fy),-fy) | DW7: =IF(DU7>0,IF(DU7<=eco,alpha*fck*(1-(1-DU7/eco)^n),alpha*fck),0) | DX7: =DV7-DW7 | DY7: =DX7*$E7 | DZ7: =DY7*$D7 | EA7: =DY7*$C7 | EB7: =PM_Angle!$J$25+PM_Angle!$K$25*$D7+PM_Angle!$L$25*$C7 | EC7: =MAX(MIN(Es*EB7,fy),-fy) | ED7: =IF(EB7>0,IF(EB7<=eco,alpha*fck*(1-(1-EB7/eco)^n),alpha*fck),0) | EE7: =EC7-ED7 | EF7: =EE7*$E7 | EG7: =EF7*$D7 | EH7: =EF7*$C7
A8: 2 | B8: =Geometry!C43 | C8: =Geometry!D43 | D8: =Geometry!E43 | E8: =Geometry!F43 | F8: =PM_Angle!$J$7+PM_Angle!$K$7*$D8+PM_Angle!$L$7*$C8 | G8: =MAX(MIN(Es*F8,fy),-fy) | H8: =IF(F8>0,IF(F8<=eco,alpha*fck*(1-(1-F8/eco)^n),alpha*fck),0) | I8: =G8-H8 | J8: =I8*$E8 | K8: =J8*$D8 | L8: =J8*$C8 | M8: =PM_Angle!$J$8+PM_Angle!$K$8*$D8+PM_Angle!$L$8*$C8 | N8: =MAX(MIN(Es*M8,fy),-fy) | O8: =IF(M8>0,IF(M8<=eco,alpha*fck*(1-(1-M8/eco)^n),alpha*fck),0) | P8: =N8-O8 | Q8: =P8*$E8 | R8: =Q8*$D8 | S8: =Q8*$C8 | T8: =PM_Angle!$J$9+PM_Angle!$K$9*$D8+PM_Angle!$L$9*$C8 | U8: =MAX(MIN(Es*T8,fy),-fy) | V8: =IF(T8>0,IF(T8<=eco,alpha*fck*(1-(1-T8/eco)^n),alpha*fck),0) | W8: =U8-V8 | X8: =W8*$E8 | Y8: =X8*$D8 | Z8: =X8*$C8 | AA8: =PM_Angle!$J$10+PM_Angle!$K$10*$D8+PM_Angle!$L$10*$C8 | AB8: =MAX(MIN(Es*AA8,fy),-fy) | AC8: =IF(AA8>0,IF(AA8<=eco,alpha*fck*(1-(1-AA8/eco)^n),alpha*fck),0) | AD8: =AB8-AC8 | AE8: =AD8*$E8 | AF8: =AE8*$D8 | AG8: =AE8*$C8 | AH8: =PM_Angle!$J$11+PM_Angle!$K$11*$D8+PM_Angle!$L$11*$C8 | AI8: =MAX(MIN(Es*AH8,fy),-fy) | AJ8: =IF(AH8>0,IF(AH8<=eco,alpha*fck*(1-(1-AH8/eco)^n),alpha*fck),0) | AK8: =AI8-AJ8 | AL8: =AK8*$E8 | AM8: =AL8*$D8 | AN8: =AL8*$C8 | AO8: =PM_Angle!$J$12+PM_Angle!$K$12*$D8+PM_Angle!$L$12*$C8 | AP8: =MAX(MIN(Es*AO8,fy),-fy) | AQ8: =IF(AO8>0,IF(AO8<=eco,alpha*fck*(1-(1-AO8/eco)^n),alpha*fck),0) | AR8: =AP8-AQ8 | AS8: =AR8*$E8 | AT8: =AS8*$D8 | AU8: =AS8*$C8 | AV8: =PM_Angle!$J$13+PM_Angle!$K$13*$D8+PM_Angle!$L$13*$C8 | AW8: =MAX(MIN(Es*AV8,fy),-fy) | AX8: =IF(AV8>0,IF(AV8<=eco,alpha*fck*(1-(1-AV8/eco)^n),alpha*fck),0) | AY8: =AW8-AX8 | AZ8: =AY8*$E8 | BA8: =AZ8*$D8 | BB8: =AZ8*$C8 | BC8: =PM_Angle!$J$14+PM_Angle!$K$14*$D8+PM_Angle!$L$14*$C8 | BD8: =MAX(MIN(Es*BC8,fy),-fy) | BE8: =IF(BC8>0,IF(BC8<=eco,alpha*fck*(1-(1-BC8/eco)^n),alpha*fck),0) | BF8: =BD8-BE8 | BG8: =BF8*$E8 | BH8: =BG8*$D8 | BI8: =BG8*$C8 | BJ8: =PM_Angle!$J$15+PM_Angle!$K$15*$D8+PM_Angle!$L$15*$C8 | BK8: =MAX(MIN(Es*BJ8,fy),-fy) | BL8: =IF(BJ8>0,IF(BJ8<=eco,alpha*fck*(1-(1-BJ8/eco)^n),alpha*fck),0) | BM8: =BK8-BL8 | BN8: =BM8*$E8 | BO8: =BN8*$D8 | BP8: =BN8*$C8 | BQ8: =PM_Angle!$J$16+PM_Angle!$K$16*$D8+PM_Angle!$L$16*$C8 | BR8: =MAX(MIN(Es*BQ8,fy),-fy) | BS8: =IF(BQ8>0,IF(BQ8<=eco,alpha*fck*(1-(1-BQ8/eco)^n),alpha*fck),0) | BT8: =BR8-BS8 | BU8: =BT8*$E8 | BV8: =BU8*$D8 | BW8: =BU8*$C8 | BX8: =PM_Angle!$J$17+PM_Angle!$K$17*$D8+PM_Angle!$L$17*$C8 | BY8: =MAX(MIN(Es*BX8,fy),-fy) | BZ8: =IF(BX8>0,IF(BX8<=eco,alpha*fck*(1-(1-BX8/eco)^n),alpha*fck),0) | CA8: =BY8-BZ8 | CB8: =CA8*$E8 | CC8: =CB8*$D8 | CD8: =CB8*$C8 | CE8: =PM_Angle!$J$18+PM_Angle!$K$18*$D8+PM_Angle!$L$18*$C8 | CF8: =MAX(MIN(Es*CE8,fy),-fy) | CG8: =IF(CE8>0,IF(CE8<=eco,alpha*fck*(1-(1-CE8/eco)^n),alpha*fck),0) | CH8: =CF8-CG8 | CI8: =CH8*$E8 | CJ8: =CI8*$D8 | CK8: =CI8*$C8 | CL8: =PM_Angle!$J$19+PM_Angle!$K$19*$D8+PM_Angle!$L$19*$C8 | CM8: =MAX(MIN(Es*CL8,fy),-fy) | CN8: =IF(CL8>0,IF(CL8<=eco,alpha*fck*(1-(1-CL8/eco)^n),alpha*fck),0) | CO8: =CM8-CN8 | CP8: =CO8*$E8 | CQ8: =CP8*$D8 | CR8: =CP8*$C8 | CS8: =PM_Angle!$J$20+PM_Angle!$K$20*$D8+PM_Angle!$L$20*$C8 | CT8: =MAX(MIN(Es*CS8,fy),-fy) | CU8: =IF(CS8>0,IF(CS8<=eco,alpha*fck*(1-(1-CS8/eco)^n),alpha*fck),0) | CV8: =CT8-CU8 | CW8: =CV8*$E8 | CX8: =CW8*$D8 | CY8: =CW8*$C8 | CZ8: =PM_Angle!$J$21+PM_Angle!$K$21*$D8+PM_Angle!$L$21*$C8 | DA8: =MAX(MIN(Es*CZ8,fy),-fy) | DB8: =IF(CZ8>0,IF(CZ8<=eco,alpha*fck*(1-(1-CZ8/eco)^n),alpha*fck),0) | DC8: =DA8-DB8 | DD8: =DC8*$E8 | DE8: =DD8*$D8 | DF8: =DD8*$C8 | DG8: =PM_Angle!$J$22+PM_Angle!$K$22*$D8+PM_Angle!$L$22*$C8 | DH8: =MAX(MIN(Es*DG8,fy),-fy) | DI8: =IF(DG8>0,IF(DG8<=eco,alpha*fck*(1-(1-DG8/eco)^n),alpha*fck),0) | DJ8: =DH8-DI8 | DK8: =DJ8*$E8 | DL8: =DK8*$D8 | DM8: =DK8*$C8 | DN8: =PM_Angle!$J$23+PM_Angle!$K$23*$D8+PM_Angle!$L$23*$C8 | DO8: =MAX(MIN(Es*DN8,fy),-fy) | DP8: =IF(DN8>0,IF(DN8<=eco,alpha*fck*(1-(1-DN8/eco)^n),alpha*fck),0) | DQ8: =DO8-DP8 | DR8: =DQ8*$E8 | DS8: =DR8*$D8 | DT8: =DR8*$C8 | DU8: =PM_Angle!$J$24+PM_Angle!$K$24*$D8+PM_Angle!$L$24*$C8 | DV8: =MAX(MIN(Es*DU8,fy),-fy) | DW8: =IF(DU8>0,IF(DU8<=eco,alpha*fck*(1-(1-DU8/eco)^n),alpha*fck),0) | DX8: =DV8-DW8 | DY8: =DX8*$E8 | DZ8: =DY8*$D8 | EA8: =DY8*$C8 | EB8: =PM_Angle!$J$25+PM_Angle!$K$25*$D8+PM_Angle!$L$25*$C8 | EC8: =MAX(MIN(Es*EB8,fy),-fy) | ED8: =IF(EB8>0,IF(EB8<=eco,alpha*fck*(1-(1-EB8/eco)^n),alpha*fck),0) | EE8: =EC8-ED8 | EF8: =EE8*$E8 | EG8: =EF8*$D8 | EH8: =EF8*$C8
A9: 3 | B9: =Geometry!C44 | C9: =Geometry!D44 | D9: =Geometry!E44 | E9: =Geometry!F44 | F9: =PM_Angle!$J$7+PM_Angle!$K$7*$D9+PM_Angle!$L$7*$C9 | G9: =MAX(MIN(Es*F9,fy),-fy) | H9: =IF(F9>0,IF(F9<=eco,alpha*fck*(1-(1-F9/eco)^n),alpha*fck),0) | I9: =G9-H9 | J9: =I9*$E9 | K9: =J9*$D9 | L9: =J9*$C9 | M9: =PM_Angle!$J$8+PM_Angle!$K$8*$D9+PM_Angle!$L$8*$C9 | N9: =MAX(MIN(Es*M9,fy),-fy) | O9: =IF(M9>0,IF(M9<=eco,alpha*fck*(1-(1-M9/eco)^n),alpha*fck),0) | P9: =N9-O9 | Q9: =P9*$E9 | R9: =Q9*$D9 | S9: =Q9*$C9 | T9: =PM_Angle!$J$9+PM_Angle!$K$9*$D9+PM_Angle!$L$9*$C9 | U9: =MAX(MIN(Es*T9,fy),-fy) | V9: =IF(T9>0,IF(T9<=eco,alpha*fck*(1-(1-T9/eco)^n),alpha*fck),0) | W9: =U9-V9 | X9: =W9*$E9 | Y9: =X9*$D9 | Z9: =X9*$C9 | AA9: =PM_Angle!$J$10+PM_Angle!$K$10*$D9+PM_Angle!$L$10*$C9 | AB9: =MAX(MIN(Es*AA9,fy),-fy) | AC9: =IF(AA9>0,IF(AA9<=eco,alpha*fck*(1-(1-AA9/eco)^n),alpha*fck),0) | AD9: =AB9-AC9 | AE9: =AD9*$E9 | AF9: =AE9*$D9 | AG9: =AE9*$C9 | AH9: =PM_Angle!$J$11+PM_Angle!$K$11*$D9+PM_Angle!$L$11*$C9 | AI9: =MAX(MIN(Es*AH9,fy),-fy) | AJ9: =IF(AH9>0,IF(AH9<=eco,alpha*fck*(1-(1-AH9/eco)^n),alpha*fck),0) | AK9: =AI9-AJ9 | AL9: =AK9*$E9 | AM9: =AL9*$D9 | AN9: =AL9*$C9 | AO9: =PM_Angle!$J$12+PM_Angle!$K$12*$D9+PM_Angle!$L$12*$C9 | AP9: =MAX(MIN(Es*AO9,fy),-fy) | AQ9: =IF(AO9>0,IF(AO9<=eco,alpha*fck*(1-(1-AO9/eco)^n),alpha*fck),0) | AR9: =AP9-AQ9 | AS9: =AR9*$E9 | AT9: =AS9*$D9 | AU9: =AS9*$C9 | AV9: =PM_Angle!$J$13+PM_Angle!$K$13*$D9+PM_Angle!$L$13*$C9 | AW9: =MAX(MIN(Es*AV9,fy),-fy) | AX9: =IF(AV9>0,IF(AV9<=eco,alpha*fck*(1-(1-AV9/eco)^n),alpha*fck),0) | AY9: =AW9-AX9 | AZ9: =AY9*$E9 | BA9: =AZ9*$D9 | BB9: =AZ9*$C9 | BC9: =PM_Angle!$J$14+PM_Angle!$K$14*$D9+PM_Angle!$L$14*$C9 | BD9: =MAX(MIN(Es*BC9,fy),-fy) | BE9: =IF(BC9>0,IF(BC9<=eco,alpha*fck*(1-(1-BC9/eco)^n),alpha*fck),0) | BF9: =BD9-BE9 | BG9: =BF9*$E9 | BH9: =BG9*$D9 | BI9: =BG9*$C9 | BJ9: =PM_Angle!$J$15+PM_Angle!$K$15*$D9+PM_Angle!$L$15*$C9 | BK9: =MAX(MIN(Es*BJ9,fy),-fy) | BL9: =IF(BJ9>0,IF(BJ9<=eco,alpha*fck*(1-(1-BJ9/eco)^n),alpha*fck),0) | BM9: =BK9-BL9 | BN9: =BM9*$E9 | BO9: =BN9*$D9 | BP9: =BN9*$C9 | BQ9: =PM_Angle!$J$16+PM_Angle!$K$16*$D9+PM_Angle!$L$16*$C9 | BR9: =MAX(MIN(Es*BQ9,fy),-fy) | BS9: =IF(BQ9>0,IF(BQ9<=eco,alpha*fck*(1-(1-BQ9/eco)^n),alpha*fck),0) | BT9: =BR9-BS9 | BU9: =BT9*$E9 | BV9: =BU9*$D9 | BW9: =BU9*$C9 | BX9: =PM_Angle!$J$17+PM_Angle!$K$17*$D9+PM_Angle!$L$17*$C9 | BY9: =MAX(MIN(Es*BX9,fy),-fy) | BZ9: =IF(BX9>0,IF(BX9<=eco,alpha*fck*(1-(1-BX9/eco)^n),alpha*fck),0) | CA9: =BY9-BZ9 | CB9: =CA9*$E9 | CC9: =CB9*$D9 | CD9: =CB9*$C9 | CE9: =PM_Angle!$J$18+PM_Angle!$K$18*$D9+PM_Angle!$L$18*$C9 | CF9: =MAX(MIN(Es*CE9,fy),-fy) | CG9: =IF(CE9>0,IF(CE9<=eco,alpha*fck*(1-(1-CE9/eco)^n),alpha*fck),0) | CH9: =CF9-CG9 | CI9: =CH9*$E9 | CJ9: =CI9*$D9 | CK9: =CI9*$C9 | CL9: =PM_Angle!$J$19+PM_Angle!$K$19*$D9+PM_Angle!$L$19*$C9 | CM9: =MAX(MIN(Es*CL9,fy),-fy) | CN9: =IF(CL9>0,IF(CL9<=eco,alpha*fck*(1-(1-CL9/eco)^n),alpha*fck),0) | CO9: =CM9-CN9 | CP9: =CO9*$E9 | CQ9: =CP9*$D9 | CR9: =CP9*$C9 | CS9: =PM_Angle!$J$20+PM_Angle!$K$20*$D9+PM_Angle!$L$20*$C9 | CT9: =MAX(MIN(Es*CS9,fy),-fy) | CU9: =IF(CS9>0,IF(CS9<=eco,alpha*fck*(1-(1-CS9/eco)^n),alpha*fck),0) | CV9: =CT9-CU9 | CW9: =CV9*$E9 | CX9: =CW9*$D9 | CY9: =CW9*$C9 | CZ9: =PM_Angle!$J$21+PM_Angle!$K$21*$D9+PM_Angle!$L$21*$C9 | DA9: =MAX(MIN(Es*CZ9,fy),-fy) | DB9: =IF(CZ9>0,IF(CZ9<=eco,alpha*fck*(1-(1-CZ9/eco)^n),alpha*fck),0) | DC9: =DA9-DB9 | DD9: =DC9*$E9 | DE9: =DD9*$D9 | DF9: =DD9*$C9 | DG9: =PM_Angle!$J$22+PM_Angle!$K$22*$D9+PM_Angle!$L$22*$C9 | DH9: =MAX(MIN(Es*DG9,fy),-fy) | DI9: =IF(DG9>0,IF(DG9<=eco,alpha*fck*(1-(1-DG9/eco)^n),alpha*fck),0) | DJ9: =DH9-DI9 | DK9: =DJ9*$E9 | DL9: =DK9*$D9 | DM9: =DK9*$C9 | DN9: =PM_Angle!$J$23+PM_Angle!$K$23*$D9+PM_Angle!$L$23*$C9 | DO9: =MAX(MIN(Es*DN9,fy),-fy) | DP9: =IF(DN9>0,IF(DN9<=eco,alpha*fck*(1-(1-DN9/eco)^n),alpha*fck),0) | DQ9: =DO9-DP9 | DR9: =DQ9*$E9 | DS9: =DR9*$D9 | DT9: =DR9*$C9 | DU9: =PM_Angle!$J$24+PM_Angle!$K$24*$D9+PM_Angle!$L$24*$C9 | DV9: =MAX(MIN(Es*DU9,fy),-fy) | DW9: =IF(DU9>0,IF(DU9<=eco,alpha*fck*(1-(1-DU9/eco)^n),alpha*fck),0) | DX9: =DV9-DW9 | DY9: =DX9*$E9 | DZ9: =DY9*$D9 | EA9: =DY9*$C9 | EB9: =PM_Angle!$J$25+PM_Angle!$K$25*$D9+PM_Angle!$L$25*$C9 | EC9: =MAX(MIN(Es*EB9,fy),-fy) | ED9: =IF(EB9>0,IF(EB9<=eco,alpha*fck*(1-(1-EB9/eco)^n),alpha*fck),0) | EE9: =EC9-ED9 | EF9: =EE9*$E9 | EG9: =EF9*$D9 | EH9: =EF9*$C9
A10: 4 | B10: =Geometry!C45 | C10: =Geometry!D45 | D10: =Geometry!E45 | E10: =Geometry!F45 | F10: =PM_Angle!$J$7+PM_Angle!$K$7*$D10+PM_Angle!$L$7*$C10 | G10: =MAX(MIN(Es*F10,fy),-fy) | H10: =IF(F10>0,IF(F10<=eco,alpha*fck*(1-(1-F10/eco)^n),alpha*fck),0) | I10: =G10-H10 | J10: =I10*$E10 | K10: =J10*$D10 | L10: =J10*$C10 | M10: =PM_Angle!$J$8+PM_Angle!$K$8*$D10+PM_Angle!$L$8*$C10 | N10: =MAX(MIN(Es*M10,fy),-fy) | O10: =IF(M10>0,IF(M10<=eco,alpha*fck*(1-(1-M10/eco)^n),alpha*fck),0) | P10: =N10-O10 | Q10: =P10*$E10 | R10: =Q10*$D10 | S10: =Q10*$C10 | T10: =PM_Angle!$J$9+PM_Angle!$K$9*$D10+PM_Angle!$L$9*$C10 | U10: =MAX(MIN(Es*T10,fy),-fy) | V10: =IF(T10>0,IF(T10<=eco,alpha*fck*(1-(1-T10/eco)^n),alpha*fck),0) | W10: =U10-V10 | X10: =W10*$E10 | Y10: =X10*$D10 | Z10: =X10*$C10 | AA10: =PM_Angle!$J$10+PM_Angle!$K$10*$D10+PM_Angle!$L$10*$C10 | AB10: =MAX(MIN(Es*AA10,fy),-fy) | AC10: =IF(AA10>0,IF(AA10<=eco,alpha*fck*(1-(1-AA10/eco)^n),alpha*fck),0) | AD10: =AB10-AC10 | AE10: =AD10*$E10 | AF10: =AE10*$D10 | AG10: =AE10*$C10 | AH10: =PM_Angle!$J$11+PM_Angle!$K$11*$D10+PM_Angle!$L$11*$C10 | AI10: =MAX(MIN(Es*AH10,fy),-fy) | AJ10: =IF(AH10>0,IF(AH10<=eco,alpha*fck*(1-(1-AH10/eco)^n),alpha*fck),0) | AK10: =AI10-AJ10 | AL10: =AK10*$E10 | AM10: =AL10*$D10 | AN10: =AL10*$C10 | AO10: =PM_Angle!$J$12+PM_Angle!$K$12*$D10+PM_Angle!$L$12*$C10 | AP10: =MAX(MIN(Es*AO10,fy),-fy) | AQ10: =IF(AO10>0,IF(AO10<=eco,alpha*fck*(1-(1-AO10/eco)^n),alpha*fck),0) | AR10: =AP10-AQ10 | AS10: =AR10*$E10 | AT10: =AS10*$D10 | AU10: =AS10*$C10 | AV10: =PM_Angle!$J$13+PM_Angle!$K$13*$D10+PM_Angle!$L$13*$C10 | AW10: =MAX(MIN(Es*AV10,fy),-fy) | AX10: =IF(AV10>0,IF(AV10<=eco,alpha*fck*(1-(1-AV10/eco)^n),alpha*fck),0) | AY10: =AW10-AX10 | AZ10: =AY10*$E10 | BA10: =AZ10*$D10 | BB10: =AZ10*$C10 | BC10: =PM_Angle!$J$14+PM_Angle!$K$14*$D10+PM_Angle!$L$14*$C10 | BD10: =MAX(MIN(Es*BC10,fy),-fy) | BE10: =IF(BC10>0,IF(BC10<=eco,alpha*fck*(1-(1-BC10/eco)^n),alpha*fck),0) | BF10: =BD10-BE10 | BG10: =BF10*$E10 | BH10: =BG10*$D10 | BI10: =BG10*$C10 | BJ10: =PM_Angle!$J$15+PM_Angle!$K$15*$D10+PM_Angle!$L$15*$C10 | BK10: =MAX(MIN(Es*BJ10,fy),-fy) | BL10: =IF(BJ10>0,IF(BJ10<=eco,alpha*fck*(1-(1-BJ10/eco)^n),alpha*fck),0) | BM10: =BK10-BL10 | BN10: =BM10*$E10 | BO10: =BN10*$D10 | BP10: =BN10*$C10 | BQ10: =PM_Angle!$J$16+PM_Angle!$K$16*$D10+PM_Angle!$L$16*$C10 | BR10: =MAX(MIN(Es*BQ10,fy),-fy) | BS10: =IF(BQ10>0,IF(BQ10<=eco,alpha*fck*(1-(1-BQ10/eco)^n),alpha*fck),0) | BT10: =BR10-BS10 | BU10: =BT10*$E10 | BV10: =BU10*$D10 | BW10: =BU10*$C10 | BX10: =PM_Angle!$J$17+PM_Angle!$K$17*$D10+PM_Angle!$L$17*$C10 | BY10: =MAX(MIN(Es*BX10,fy),-fy) | BZ10: =IF(BX10>0,IF(BX10<=eco,alpha*fck*(1-(1-BX10/eco)^n),alpha*fck),0) | CA10: =BY10-BZ10 | CB10: =CA10*$E10 | CC10: =CB10*$D10 | CD10: =CB10*$C10 | CE10: =PM_Angle!$J$18+PM_Angle!$K$18*$D10+PM_Angle!$L$18*$C10 | CF10: =MAX(MIN(Es*CE10,fy),-fy) | CG10: =IF(CE10>0,IF(CE10<=eco,alpha*fck*(1-(1-CE10/eco)^n),alpha*fck),0) | CH10: =CF10-CG10 | CI10: =CH10*$E10 | CJ10: =CI10*$D10 | CK10: =CI10*$C10 | CL10: =PM_Angle!$J$19+PM_Angle!$K$19*$D10+PM_Angle!$L$19*$C10 | CM10: =MAX(MIN(Es*CL10,fy),-fy) | CN10: =IF(CL10>0,IF(CL10<=eco,alpha*fck*(1-(1-CL10/eco)^n),alpha*fck),0) | CO10: =CM10-CN10 | CP10: =CO10*$E10 | CQ10: =CP10*$D10 | CR10: =CP10*$C10 | CS10: =PM_Angle!$J$20+PM_Angle!$K$20*$D10+PM_Angle!$L$20*$C10 | CT10: =MAX(MIN(Es*CS10,fy),-fy) | CU10: =IF(CS10>0,IF(CS10<=eco,alpha*fck*(1-(1-CS10/eco)^n),alpha*fck),0) | CV10: =CT10-CU10 | CW10: =CV10*$E10 | CX10: =CW10*$D10 | CY10: =CW10*$C10 | CZ10: =PM_Angle!$J$21+PM_Angle!$K$21*$D10+PM_Angle!$L$21*$C10 | DA10: =MAX(MIN(Es*CZ10,fy),-fy) | DB10: =IF(CZ10>0,IF(CZ10<=eco,alpha*fck*(1-(1-CZ10/eco)^n),alpha*fck),0) | DC10: =DA10-DB10 | DD10: =DC10*$E10 | DE10: =DD10*$D10 | DF10: =DD10*$C10 | DG10: =PM_Angle!$J$22+PM_Angle!$K$22*$D10+PM_Angle!$L$22*$C10 | DH10: =MAX(MIN(Es*DG10,fy),-fy) | DI10: =IF(DG10>0,IF(DG10<=eco,alpha*fck*(1-(1-DG10/eco)^n),alpha*fck),0) | DJ10: =DH10-DI10 | DK10: =DJ10*$E10 | DL10: =DK10*$D10 | DM10: =DK10*$C10 | DN10: =PM_Angle!$J$23+PM_Angle!$K$23*$D10+PM_Angle!$L$23*$C10 | DO10: =MAX(MIN(Es*DN10,fy),-fy) | DP10: =IF(DN10>0,IF(DN10<=eco,alpha*fck*(1-(1-DN10/eco)^n),alpha*fck),0) | DQ10: =DO10-DP10 | DR10: =DQ10*$E10 | DS10: =DR10*$D10 | DT10: =DR10*$C10 | DU10: =PM_Angle!$J$24+PM_Angle!$K$24*$D10+PM_Angle!$L$24*$C10 | DV10: =MAX(MIN(Es*DU10,fy),-fy) | DW10: =IF(DU10>0,IF(DU10<=eco,alpha*fck*(1-(1-DU10/eco)^n),alpha*fck),0) | DX10: =DV10-DW10 | DY10: =DX10*$E10 | DZ10: =DY10*$D10 | EA10: =DY10*$C10 | EB10: =PM_Angle!$J$25+PM_Angle!$K$25*$D10+PM_Angle!$L$25*$C10 | EC10: =MAX(MIN(Es*EB10,fy),-fy) | ED10: =IF(EB10>0,IF(EB10<=eco,alpha*fck*(1-(1-EB10/eco)^n),alpha*fck),0) | EE10: =EC10-ED10 | EF10: =EE10*$E10 | EG10: =EF10*$D10 | EH10: =EF10*$C10
A11: 5 | B11: =Geometry!C46 | C11: =Geometry!D46 | D11: =Geometry!E46 | E11: =Geometry!F46 | F11: =PM_Angle!$J$7+PM_Angle!$K$7*$D11+PM_Angle!$L$7*$C11 | G11: =MAX(MIN(Es*F11,fy),-fy) | H11: =IF(F11>0,IF(F11<=eco,alpha*fck*(1-(1-F11/eco)^n),alpha*fck),0) | I11: =G11-H11 | J11: =I11*$E11 | K11: =J11*$D11 | L11: =J11*$C11 | M11: =PM_Angle!$J$8+PM_Angle!$K$8*$D11+PM_Angle!$L$8*$C11 | N11: =MAX(MIN(Es*M11,fy),-fy) | O11: =IF(M11>0,IF(M11<=eco,alpha*fck*(1-(1-M11/eco)^n),alpha*fck),0) | P11: =N11-O11 | Q11: =P11*$E11 | R11: =Q11*$D11 | S11: =Q11*$C11 | T11: =PM_Angle!$J$9+PM_Angle!$K$9*$D11+PM_Angle!$L$9*$C11 | U11: =MAX(MIN(Es*T11,fy),-fy) | V11: =IF(T11>0,IF(T11<=eco,alpha*fck*(1-(1-T11/eco)^n),alpha*fck),0) | W11: =U11-V11 | X11: =W11*$E11 | Y11: =X11*$D11 | Z11: =X11*$C11 | AA11: =PM_Angle!$J$10+PM_Angle!$K$10*$D11+PM_Angle!$L$10*$C11 | AB11: =MAX(MIN(Es*AA11,fy),-fy) | AC11: =IF(AA11>0,IF(AA11<=eco,alpha*fck*(1-(1-AA11/eco)^n),alpha*fck),0) | AD11: =AB11-AC11 | AE11: =AD11*$E11 | AF11: =AE11*$D11 | AG11: =AE11*$C11 | AH11: =PM_Angle!$J$11+PM_Angle!$K$11*$D11+PM_Angle!$L$11*$C11 | AI11: =MAX(MIN(Es*AH11,fy),-fy) | AJ11: =IF(AH11>0,IF(AH11<=eco,alpha*fck*(1-(1-AH11/eco)^n),alpha*fck),0) | AK11: =AI11-AJ11 | AL11: =AK11*$E11 | AM11: =AL11*$D11 | AN11: =AL11*$C11 | AO11: =PM_Angle!$J$12+PM_Angle!$K$12*$D11+PM_Angle!$L$12*$C11 | AP11: =MAX(MIN(Es*AO11,fy),-fy) | AQ11: =IF(AO11>0,IF(AO11<=eco,alpha*fck*(1-(1-AO11/eco)^n),alpha*fck),0) | AR11: =AP11-AQ11 | AS11: =AR11*$E11 | AT11: =AS11*$D11 | AU11: =AS11*$C11 | AV11: =PM_Angle!$J$13+PM_Angle!$K$13*$D11+PM_Angle!$L$13*$C11 | AW11: =MAX(MIN(Es*AV11,fy),-fy) | AX11: =IF(AV11>0,IF(AV11<=eco,alpha*fck*(1-(1-AV11/eco)^n),alpha*fck),0) | AY11: =AW11-AX11 | AZ11: =AY11*$E11 | BA11: =AZ11*$D11 | BB11: =AZ11*$C11 | BC11: =PM_Angle!$J$14+PM_Angle!$K$14*$D11+PM_Angle!$L$14*$C11 | BD11: =MAX(MIN(Es*BC11,fy),-fy) | BE11: =IF(BC11>0,IF(BC11<=eco,alpha*fck*(1-(1-BC11/eco)^n),alpha*fck),0) | BF11: =BD11-BE11 | BG11: =BF11*$E11 | BH11: =BG11*$D11 | BI11: =BG11*$C11 | BJ11: =PM_Angle!$J$15+PM_Angle!$K$15*$D11+PM_Angle!$L$15*$C11 | BK11: =MAX(MIN(Es*BJ11,fy),-fy) | BL11: =IF(BJ11>0,IF(BJ11<=eco,alpha*fck*(1-(1-BJ11/eco)^n),alpha*fck),0) | BM11: =BK11-BL11 | BN11: =BM11*$E11 | BO11: =BN11*$D11 | BP11: =BN11*$C11 | BQ11: =PM_Angle!$J$16+PM_Angle!$K$16*$D11+PM_Angle!$L$16*$C11 | BR11: =MAX(MIN(Es*BQ11,fy),-fy) | BS11: =IF(BQ11>0,IF(BQ11<=eco,alpha*fck*(1-(1-BQ11/eco)^n),alpha*fck),0) | BT11: =BR11-BS11 | BU11: =BT11*$E11 | BV11: =BU11*$D11 | BW11: =BU11*$C11 | BX11: =PM_Angle!$J$17+PM_Angle!$K$17*$D11+PM_Angle!$L$17*$C11 | BY11: =MAX(MIN(Es*BX11,fy),-fy) | BZ11: =IF(BX11>0,IF(BX11<=eco,alpha*fck*(1-(1-BX11/eco)^n),alpha*fck),0) | CA11: =BY11-BZ11 | CB11: =CA11*$E11 | CC11: =CB11*$D11 | CD11: =CB11*$C11 | CE11: =PM_Angle!$J$18+PM_Angle!$K$18*$D11+PM_Angle!$L$18*$C11 | CF11: =MAX(MIN(Es*CE11,fy),-fy) | CG11: =IF(CE11>0,IF(CE11<=eco,alpha*fck*(1-(1-CE11/eco)^n),alpha*fck),0) | CH11: =CF11-CG11 | CI11: =CH11*$E11 | CJ11: =CI11*$D11 | CK11: =CI11*$C11 | CL11: =PM_Angle!$J$19+PM_Angle!$K$19*$D11+PM_Angle!$L$19*$C11 | CM11: =MAX(MIN(Es*CL11,fy),-fy) | CN11: =IF(CL11>0,IF(CL11<=eco,alpha*fck*(1-(1-CL11/eco)^n),alpha*fck),0) | CO11: =CM11-CN11 | CP11: =CO11*$E11 | CQ11: =CP11*$D11 | CR11: =CP11*$C11 | CS11: =PM_Angle!$J$20+PM_Angle!$K$20*$D11+PM_Angle!$L$20*$C11 | CT11: =MAX(MIN(Es*CS11,fy),-fy) | CU11: =IF(CS11>0,IF(CS11<=eco,alpha*fck*(1-(1-CS11/eco)^n),alpha*fck),0) | CV11: =CT11-CU11 | CW11: =CV11*$E11 | CX11: =CW11*$D11 | CY11: =CW11*$C11 | CZ11: =PM_Angle!$J$21+PM_Angle!$K$21*$D11+PM_Angle!$L$21*$C11 | DA11: =MAX(MIN(Es*CZ11,fy),-fy) | DB11: =IF(CZ11>0,IF(CZ11<=eco,alpha*fck*(1-(1-CZ11/eco)^n),alpha*fck),0) | DC11: =DA11-DB11 | DD11: =DC11*$E11 | DE11: =DD11*$D11 | DF11: =DD11*$C11 | DG11: =PM_Angle!$J$22+PM_Angle!$K$22*$D11+PM_Angle!$L$22*$C11 | DH11: =MAX(MIN(Es*DG11,fy),-fy) | DI11: =IF(DG11>0,IF(DG11<=eco,alpha*fck*(1-(1-DG11/eco)^n),alpha*fck),0) | DJ11: =DH11-DI11 | DK11: =DJ11*$E11 | DL11: =DK11*$D11 | DM11: =DK11*$C11 | DN11: =PM_Angle!$J$23+PM_Angle!$K$23*$D11+PM_Angle!$L$23*$C11 | DO11: =MAX(MIN(Es*DN11,fy),-fy) | DP11: =IF(DN11>0,IF(DN11<=eco,alpha*fck*(1-(1-DN11/eco)^n),alpha*fck),0) | DQ11: =DO11-DP11 | DR11: =DQ11*$E11 | DS11: =DR11*$D11 | DT11: =DR11*$C11 | DU11: =PM_Angle!$J$24+PM_Angle!$K$24*$D11+PM_Angle!$L$24*$C11 | DV11: =MAX(MIN(Es*DU11,fy),-fy) | DW11: =IF(DU11>0,IF(DU11<=eco,alpha*fck*(1-(1-DU11/eco)^n),alpha*fck),0) | DX11: =DV11-DW11 | DY11: =DX11*$E11 | DZ11: =DY11*$D11 | EA11: =DY11*$C11 | EB11: =PM_Angle!$J$25+PM_Angle!$K$25*$D11+PM_Angle!$L$25*$C11 | EC11: =MAX(MIN(Es*EB11,fy),-fy) | ED11: =IF(EB11>0,IF(EB11<=eco,alpha*fck*(1-(1-EB11/eco)^n),alpha*fck),0) | EE11: =EC11-ED11 | EF11: =EE11*$E11 | EG11: =EF11*$D11 | EH11: =EF11*$C11
A12: 6 | B12: =Geometry!C47 | C12: =Geometry!D47 | D12: =Geometry!E47 | E12: =Geometry!F47 | F12: =PM_Angle!$J$7+PM_Angle!$K$7*$D12+PM_Angle!$L$7*$C12 | G12: =MAX(MIN(Es*F12,fy),-fy) | H12: =IF(F12>0,IF(F12<=eco,alpha*fck*(1-(1-F12/eco)^n),alpha*fck),0) | I12: =G12-H12 | J12: =I12*$E12 | K12: =J12*$D12 | L12: =J12*$C12 | M12: =PM_Angle!$J$8+PM_Angle!$K$8*$D12+PM_Angle!$L$8*$C12 | N12: =MAX(MIN(Es*M12,fy),-fy) | O12: =IF(M12>0,IF(M12<=eco,alpha*fck*(1-(1-M12/eco)^n),alpha*fck),0) | P12: =N12-O12 | Q12: =P12*$E12 | R12: =Q12*$D12 | S12: =Q12*$C12 | T12: =PM_Angle!$J$9+PM_Angle!$K$9*$D12+PM_Angle!$L$9*$C12 | U12: =MAX(MIN(Es*T12,fy),-fy) | V12: =IF(T12>0,IF(T12<=eco,alpha*fck*(1-(1-T12/eco)^n),alpha*fck),0) | W12: =U12-V12 | X12: =W12*$E12 | Y12: =X12*$D12 | Z12: =X12*$C12 | AA12: =PM_Angle!$J$10+PM_Angle!$K$10*$D12+PM_Angle!$L$10*$C12 | AB12: =MAX(MIN(Es*AA12,fy),-fy) | AC12: =IF(AA12>0,IF(AA12<=eco,alpha*fck*(1-(1-AA12/eco)^n),alpha*fck),0) | AD12: =AB12-AC12 | AE12: =AD12*$E12 | AF12: =AE12*$D12 | AG12: =AE12*$C12 | AH12: =PM_Angle!$J$11+PM_Angle!$K$11*$D12+PM_Angle!$L$11*$C12 | AI12: =MAX(MIN(Es*AH12,fy),-fy) | AJ12: =IF(AH12>0,IF(AH12<=eco,alpha*fck*(1-(1-AH12/eco)^n),alpha*fck),0) | AK12: =AI12-AJ12 | AL12: =AK12*$E12 | AM12: =AL12*$D12 | AN12: =AL12*$C12 | AO12: =PM_Angle!$J$12+PM_Angle!$K$12*$D12+PM_Angle!$L$12*$C12 | AP12: =MAX(MIN(Es*AO12,fy),-fy) | AQ12: =IF(AO12>0,IF(AO12<=eco,alpha*fck*(1-(1-AO12/eco)^n),alpha*fck),0) | AR12: =AP12-AQ12 | AS12: =AR12*$E12 | AT12: =AS12*$D12 | AU12: =AS12*$C12 | AV12: =PM_Angle!$J$13+PM_Angle!$K$13*$D12+PM_Angle!$L$13*$C12 | AW12: =MAX(MIN(Es*AV12,fy),-fy) | AX12: =IF(AV12>0,IF(AV12<=eco,alpha*fck*(1-(1-AV12/eco)^n),alpha*fck),0) | AY12: =AW12-AX12 | AZ12: =AY12*$E12 | BA12: =AZ12*$D12 | BB12: =AZ12*$C12 | BC12: =PM_Angle!$J$14+PM_Angle!$K$14*$D12+PM_Angle!$L$14*$C12 | BD12: =MAX(MIN(Es*BC12,fy),-fy) | BE12: =IF(BC12>0,IF(BC12<=eco,alpha*fck*(1-(1-BC12/eco)^n),alpha*fck),0) | BF12: =BD12-BE12 | BG12: =BF12*$E12 | BH12: =BG12*$D12 | BI12: =BG12*$C12 | BJ12: =PM_Angle!$J$15+PM_Angle!$K$15*$D12+PM_Angle!$L$15*$C12 | BK12: =MAX(MIN(Es*BJ12,fy),-fy) | BL12: =IF(BJ12>0,IF(BJ12<=eco,alpha*fck*(1-(1-BJ12/eco)^n),alpha*fck),0) | BM12: =BK12-BL12 | BN12: =BM12*$E12 | BO12: =BN12*$D12 | BP12: =BN12*$C12 | BQ12: =PM_Angle!$J$16+PM_Angle!$K$16*$D12+PM_Angle!$L$16*$C12 | BR12: =MAX(MIN(Es*BQ12,fy),-fy) | BS12: =IF(BQ12>0,IF(BQ12<=eco,alpha*fck*(1-(1-BQ12/eco)^n),alpha*fck),0) | BT12: =BR12-BS12 | BU12: =BT12*$E12 | BV12: =BU12*$D12 | BW12: =BU12*$C12 | BX12: =PM_Angle!$J$17+PM_Angle!$K$17*$D12+PM_Angle!$L$17*$C12 | BY12: =MAX(MIN(Es*BX12,fy),-fy) | BZ12: =IF(BX12>0,IF(BX12<=eco,alpha*fck*(1-(1-BX12/eco)^n),alpha*fck),0) | CA12: =BY12-BZ12 | CB12: =CA12*$E12 | CC12: =CB12*$D12 | CD12: =CB12*$C12 | CE12: =PM_Angle!$J$18+PM_Angle!$K$18*$D12+PM_Angle!$L$18*$C12 | CF12: =MAX(MIN(Es*CE12,fy),-fy) | CG12: =IF(CE12>0,IF(CE12<=eco,alpha*fck*(1-(1-CE12/eco)^n),alpha*fck),0) | CH12: =CF12-CG12 | CI12: =CH12*$E12 | CJ12: =CI12*$D12 | CK12: =CI12*$C12 | CL12: =PM_Angle!$J$19+PM_Angle!$K$19*$D12+PM_Angle!$L$19*$C12 | CM12: =MAX(MIN(Es*CL12,fy),-fy) | CN12: =IF(CL12>0,IF(CL12<=eco,alpha*fck*(1-(1-CL12/eco)^n),alpha*fck),0) | CO12: =CM12-CN12 | CP12: =CO12*$E12 | CQ12: =CP12*$D12 | CR12: =CP12*$C12 | CS12: =PM_Angle!$J$20+PM_Angle!$K$20*$D12+PM_Angle!$L$20*$C12 | CT12: =MAX(MIN(Es*CS12,fy),-fy) | CU12: =IF(CS12>0,IF(CS12<=eco,alpha*fck*(1-(1-CS12/eco)^n),alpha*fck),0) | CV12: =CT12-CU12 | CW12: =CV12*$E12 | CX12: =CW12*$D12 | CY12: =CW12*$C12 | CZ12: =PM_Angle!$J$21+PM_Angle!$K$21*$D12+PM_Angle!$L$21*$C12 | DA12: =MAX(MIN(Es*CZ12,fy),-fy) | DB12: =IF(CZ12>0,IF(CZ12<=eco,alpha*fck*(1-(1-CZ12/eco)^n),alpha*fck),0) | DC12: =DA12-DB12 | DD12: =DC12*$E12 | DE12: =DD12*$D12 | DF12: =DD12*$C12 | DG12: =PM_Angle!$J$22+PM_Angle!$K$22*$D12+PM_Angle!$L$22*$C12 | DH12: =MAX(MIN(Es*DG12,fy),-fy) | DI12: =IF(DG12>0,IF(DG12<=eco,alpha*fck*(1-(1-DG12/eco)^n),alpha*fck),0) | DJ12: =DH12-DI12 | DK12: =DJ12*$E12 | DL12: =DK12*$D12 | DM12: =DK12*$C12 | DN12: =PM_Angle!$J$23+PM_Angle!$K$23*$D12+PM_Angle!$L$23*$C12 | DO12: =MAX(MIN(Es*DN12,fy),-fy) | DP12: =IF(DN12>0,IF(DN12<=eco,alpha*fck*(1-(1-DN12/eco)^n),alpha*fck),0) | DQ12: =DO12-DP12 | DR12: =DQ12*$E12 | DS12: =DR12*$D12 | DT12: =DR12*$C12 | DU12: =PM_Angle!$J$24+PM_Angle!$K$24*$D12+PM_Angle!$L$24*$C12 | DV12: =MAX(MIN(Es*DU12,fy),-fy) | DW12: =IF(DU12>0,IF(DU12<=eco,alpha*fck*(1-(1-DU12/eco)^n),alpha*fck),0) | DX12: =DV12-DW12 | DY12: =DX12*$E12 | DZ12: =DY12*$D12 | EA12: =DY12*$C12 | EB12: =PM_Angle!$J$25+PM_Angle!$K$25*$D12+PM_Angle!$L$25*$C12 | EC12: =MAX(MIN(Es*EB12,fy),-fy) | ED12: =IF(EB12>0,IF(EB12<=eco,alpha*fck*(1-(1-EB12/eco)^n),alpha*fck),0) | EE12: =EC12-ED12 | EF12: =EE12*$E12 | EG12: =EF12*$D12 | EH12: =EF12*$C12
A13: 7 | B13: =Geometry!C48 | C13: =Geometry!D48 | D13: =Geometry!E48 | E13: =Geometry!F48 | F13: =PM_Angle!$J$7+PM_Angle!$K$7*$D13+PM_Angle!$L$7*$C13 | G13: =MAX(MIN(Es*F13,fy),-fy) | H13: =IF(F13>0,IF(F13<=eco,alpha*fck*(1-(1-F13/eco)^n),alpha*fck),0) | I13: =G13-H13 | J13: =I13*$E13 | K13: =J13*$D13 | L13: =J13*$C13 | M13: =PM_Angle!$J$8+PM_Angle!$K$8*$D13+PM_Angle!$L$8*$C13 | N13: =MAX(MIN(Es*M13,fy),-fy) | O13: =IF(M13>0,IF(M13<=eco,alpha*fck*(1-(1-M13/eco)^n),alpha*fck),0) | P13: =N13-O13 | Q13: =P13*$E13 | R13: =Q13*$D13 | S13: =Q13*$C13 | T13: =PM_Angle!$J$9+PM_Angle!$K$9*$D13+PM_Angle!$L$9*$C13 | U13: =MAX(MIN(Es*T13,fy),-fy) | V13: =IF(T13>0,IF(T13<=eco,alpha*fck*(1-(1-T13/eco)^n),alpha*fck),0) | W13: =U13-V13 | X13: =W13*$E13 | Y13: =X13*$D13 | Z13: =X13*$C13 | AA13: =PM_Angle!$J$10+PM_Angle!$K$10*$D13+PM_Angle!$L$10*$C13 | AB13: =MAX(MIN(Es*AA13,fy),-fy) | AC13: =IF(AA13>0,IF(AA13<=eco,alpha*fck*(1-(1-AA13/eco)^n),alpha*fck),0) | AD13: =AB13-AC13 | AE13: =AD13*$E13 | AF13: =AE13*$D13 | AG13: =AE13*$C13 | AH13: =PM_Angle!$J$11+PM_Angle!$K$11*$D13+PM_Angle!$L$11*$C13 | AI13: =MAX(MIN(Es*AH13,fy),-fy) | AJ13: =IF(AH13>0,IF(AH13<=eco,alpha*fck*(1-(1-AH13/eco)^n),alpha*fck),0) | AK13: =AI13-AJ13 | AL13: =AK13*$E13 | AM13: =AL13*$D13 | AN13: =AL13*$C13 | AO13: =PM_Angle!$J$12+PM_Angle!$K$12*$D13+PM_Angle!$L$12*$C13 | AP13: =MAX(MIN(Es*AO13,fy),-fy) | AQ13: =IF(AO13>0,IF(AO13<=eco,alpha*fck*(1-(1-AO13/eco)^n),alpha*fck),0) | AR13: =AP13-AQ13 | AS13: =AR13*$E13 | AT13: =AS13*$D13 | AU13: =AS13*$C13 | AV13: =PM_Angle!$J$13+PM_Angle!$K$13*$D13+PM_Angle!$L$13*$C13 | AW13: =MAX(MIN(Es*AV13,fy),-fy) | AX13: =IF(AV13>0,IF(AV13<=eco,alpha*fck*(1-(1-AV13/eco)^n),alpha*fck),0) | AY13: =AW13-AX13 | AZ13: =AY13*$E13 | BA13: =AZ13*$D13 | BB13: =AZ13*$C13 | BC13: =PM_Angle!$J$14+PM_Angle!$K$14*$D13+PM_Angle!$L$14*$C13 | BD13: =MAX(MIN(Es*BC13,fy),-fy) | BE13: =IF(BC13>0,IF(BC13<=eco,alpha*fck*(1-(1-BC13/eco)^n),alpha*fck),0) | BF13: =BD13-BE13 | BG13: =BF13*$E13 | BH13: =BG13*$D13 | BI13: =BG13*$C13 | BJ13: =PM_Angle!$J$15+PM_Angle!$K$15*$D13+PM_Angle!$L$15*$C13 | BK13: =MAX(MIN(Es*BJ13,fy),-fy) | BL13: =IF(BJ13>0,IF(BJ13<=eco,alpha*fck*(1-(1-BJ13/eco)^n),alpha*fck),0) | BM13: =BK13-BL13 | BN13: =BM13*$E13 | BO13: =BN13*$D13 | BP13: =BN13*$C13 | BQ13: =PM_Angle!$J$16+PM_Angle!$K$16*$D13+PM_Angle!$L$16*$C13 | BR13: =MAX(MIN(Es*BQ13,fy),-fy) | BS13: =IF(BQ13>0,IF(BQ13<=eco,alpha*fck*(1-(1-BQ13/eco)^n),alpha*fck),0) | BT13: =BR13-BS13 | BU13: =BT13*$E13 | BV13: =BU13*$D13 | BW13: =BU13*$C13 | BX13: =PM_Angle!$J$17+PM_Angle!$K$17*$D13+PM_Angle!$L$17*$C13 | BY13: =MAX(MIN(Es*BX13,fy),-fy) | BZ13: =IF(BX13>0,IF(BX13<=eco,alpha*fck*(1-(1-BX13/eco)^n),alpha*fck),0) | CA13: =BY13-BZ13 | CB13: =CA13*$E13 | CC13: =CB13*$D13 | CD13: =CB13*$C13 | CE13: =PM_Angle!$J$18+PM_Angle!$K$18*$D13+PM_Angle!$L$18*$C13 | CF13: =MAX(MIN(Es*CE13,fy),-fy) | CG13: =IF(CE13>0,IF(CE13<=eco,alpha*fck*(1-(1-CE13/eco)^n),alpha*fck),0) | CH13: =CF13-CG13 | CI13: =CH13*$E13 | CJ13: =CI13*$D13 | CK13: =CI13*$C13 | CL13: =PM_Angle!$J$19+PM_Angle!$K$19*$D13+PM_Angle!$L$19*$C13 | CM13: =MAX(MIN(Es*CL13,fy),-fy) | CN13: =IF(CL13>0,IF(CL13<=eco,alpha*fck*(1-(1-CL13/eco)^n),alpha*fck),0) | CO13: =CM13-CN13 | CP13: =CO13*$E13 | CQ13: =CP13*$D13 | CR13: =CP13*$C13 | CS13: =PM_Angle!$J$20+PM_Angle!$K$20*$D13+PM_Angle!$L$20*$C13 | CT13: =MAX(MIN(Es*CS13,fy),-fy) | CU13: =IF(CS13>0,IF(CS13<=eco,alpha*fck*(1-(1-CS13/eco)^n),alpha*fck),0) | CV13: =CT13-CU13 | CW13: =CV13*$E13 | CX13: =CW13*$D13 | CY13: =CW13*$C13 | CZ13: =PM_Angle!$J$21+PM_Angle!$K$21*$D13+PM_Angle!$L$21*$C13 | DA13: =MAX(MIN(Es*CZ13,fy),-fy) | DB13: =IF(CZ13>0,IF(CZ13<=eco,alpha*fck*(1-(1-CZ13/eco)^n),alpha*fck),0) | DC13: =DA13-DB13 | DD13: =DC13*$E13 | DE13: =DD13*$D13 | DF13: =DD13*$C13 | DG13: =PM_Angle!$J$22+PM_Angle!$K$22*$D13+PM_Angle!$L$22*$C13 | DH13: =MAX(MIN(Es*DG13,fy),-fy) | DI13: =IF(DG13>0,IF(DG13<=eco,alpha*fck*(1-(1-DG13/eco)^n),alpha*fck),0) | DJ13: =DH13-DI13 | DK13: =DJ13*$E13 | DL13: =DK13*$D13 | DM13: =DK13*$C13 | DN13: =PM_Angle!$J$23+PM_Angle!$K$23*$D13+PM_Angle!$L$23*$C13 | DO13: =MAX(MIN(Es*DN13,fy),-fy) | DP13: =IF(DN13>0,IF(DN13<=eco,alpha*fck*(1-(1-DN13/eco)^n),alpha*fck),0) | DQ13: =DO13-DP13 | DR13: =DQ13*$E13 | DS13: =DR13*$D13 | DT13: =DR13*$C13 | DU13: =PM_Angle!$J$24+PM_Angle!$K$24*$D13+PM_Angle!$L$24*$C13 | DV13: =MAX(MIN(Es*DU13,fy),-fy) | DW13: =IF(DU13>0,IF(DU13<=eco,alpha*fck*(1-(1-DU13/eco)^n),alpha*fck),0) | DX13: =DV13-DW13 | DY13: =DX13*$E13 | DZ13: =DY13*$D13 | EA13: =DY13*$C13 | EB13: =PM_Angle!$J$25+PM_Angle!$K$25*$D13+PM_Angle!$L$25*$C13 | EC13: =MAX(MIN(Es*EB13,fy),-fy) | ED13: =IF(EB13>0,IF(EB13<=eco,alpha*fck*(1-(1-EB13/eco)^n),alpha*fck),0) | EE13: =EC13-ED13 | EF13: =EE13*$E13 | EG13: =EF13*$D13 | EH13: =EF13*$C13
A14: 8 | B14: =Geometry!C49 | C14: =Geometry!D49 | D14: =Geometry!E49 | E14: =Geometry!F49 | F14: =PM_Angle!$J$7+PM_Angle!$K$7*$D14+PM_Angle!$L$7*$C14 | G14: =MAX(MIN(Es*F14,fy),-fy) | H14: =IF(F14>0,IF(F14<=eco,alpha*fck*(1-(1-F14/eco)^n),alpha*fck),0) | I14: =G14-H14 | J14: =I14*$E14 | K14: =J14*$D14 | L14: =J14*$C14 | M14: =PM_Angle!$J$8+PM_Angle!$K$8*$D14+PM_Angle!$L$8*$C14 | N14: =MAX(MIN(Es*M14,fy),-fy) | O14: =IF(M14>0,IF(M14<=eco,alpha*fck*(1-(1-M14/eco)^n),alpha*fck),0) | P14: =N14-O14 | Q14: =P14*$E14 | R14: =Q14*$D14 | S14: =Q14*$C14 | T14: =PM_Angle!$J$9+PM_Angle!$K$9*$D14+PM_Angle!$L$9*$C14 | U14: =MAX(MIN(Es*T14,fy),-fy) | V14: =IF(T14>0,IF(T14<=eco,alpha*fck*(1-(1-T14/eco)^n),alpha*fck),0) | W14: =U14-V14 | X14: =W14*$E14 | Y14: =X14*$D14 | Z14: =X14*$C14 | AA14: =PM_Angle!$J$10+PM_Angle!$K$10*$D14+PM_Angle!$L$10*$C14 | AB14: =MAX(MIN(Es*AA14,fy),-fy) | AC14: =IF(AA14>0,IF(AA14<=eco,alpha*fck*(1-(1-AA14/eco)^n),alpha*fck),0) | AD14: =AB14-AC14 | AE14: =AD14*$E14 | AF14: =AE14*$D14 | AG14: =AE14*$C14 | AH14: =PM_Angle!$J$11+PM_Angle!$K$11*$D14+PM_Angle!$L$11*$C14 | AI14: =MAX(MIN(Es*AH14,fy),-fy) | AJ14: =IF(AH14>0,IF(AH14<=eco,alpha*fck*(1-(1-AH14/eco)^n),alpha*fck),0) | AK14: =AI14-AJ14 | AL14: =AK14*$E14 | AM14: =AL14*$D14 | AN14: =AL14*$C14 | AO14: =PM_Angle!$J$12+PM_Angle!$K$12*$D14+PM_Angle!$L$12*$C14 | AP14: =MAX(MIN(Es*AO14,fy),-fy) | AQ14: =IF(AO14>0,IF(AO14<=eco,alpha*fck*(1-(1-AO14/eco)^n),alpha*fck),0) | AR14: =AP14-AQ14 | AS14: =AR14*$E14 | AT14: =AS14*$D14 | AU14: =AS14*$C14 | AV14: =PM_Angle!$J$13+PM_Angle!$K$13*$D14+PM_Angle!$L$13*$C14 | AW14: =MAX(MIN(Es*AV14,fy),-fy) | AX14: =IF(AV14>0,IF(AV14<=eco,alpha*fck*(1-(1-AV14/eco)^n),alpha*fck),0) | AY14: =AW14-AX14 | AZ14: =AY14*$E14 | BA14: =AZ14*$D14 | BB14: =AZ14*$C14 | BC14: =PM_Angle!$J$14+PM_Angle!$K$14*$D14+PM_Angle!$L$14*$C14 | BD14: =MAX(MIN(Es*BC14,fy),-fy) | BE14: =IF(BC14>0,IF(BC14<=eco,alpha*fck*(1-(1-BC14/eco)^n),alpha*fck),0) | BF14: =BD14-BE14 | BG14: =BF14*$E14 | BH14: =BG14*$D14 | BI14: =BG14*$C14 | BJ14: =PM_Angle!$J$15+PM_Angle!$K$15*$D14+PM_Angle!$L$15*$C14 | BK14: =MAX(MIN(Es*BJ14,fy),-fy) | BL14: =IF(BJ14>0,IF(BJ14<=eco,alpha*fck*(1-(1-BJ14/eco)^n),alpha*fck),0) | BM14: =BK14-BL14 | BN14: =BM14*$E14 | BO14: =BN14*$D14 | BP14: =BN14*$C14 | BQ14: =PM_Angle!$J$16+PM_Angle!$K$16*$D14+PM_Angle!$L$16*$C14 | BR14: =MAX(MIN(Es*BQ14,fy),-fy) | BS14: =IF(BQ14>0,IF(BQ14<=eco,alpha*fck*(1-(1-BQ14/eco)^n),alpha*fck),0) | BT14: =BR14-BS14 | BU14: =BT14*$E14 | BV14: =BU14*$D14 | BW14: =BU14*$C14 | BX14: =PM_Angle!$J$17+PM_Angle!$K$17*$D14+PM_Angle!$L$17*$C14 | BY14: =MAX(MIN(Es*BX14,fy),-fy) | BZ14: =IF(BX14>0,IF(BX14<=eco,alpha*fck*(1-(1-BX14/eco)^n),alpha*fck),0) | CA14: =BY14-BZ14 | CB14: =CA14*$E14 | CC14: =CB14*$D14 | CD14: =CB14*$C14 | CE14: =PM_Angle!$J$18+PM_Angle!$K$18*$D14+PM_Angle!$L$18*$C14 | CF14: =MAX(MIN(Es*CE14,fy),-fy) | CG14: =IF(CE14>0,IF(CE14<=eco,alpha*fck*(1-(1-CE14/eco)^n),alpha*fck),0) | CH14: =CF14-CG14 | CI14: =CH14*$E14 | CJ14: =CI14*$D14 | CK14: =CI14*$C14 | CL14: =PM_Angle!$J$19+PM_Angle!$K$19*$D14+PM_Angle!$L$19*$C14 | CM14: =MAX(MIN(Es*CL14,fy),-fy) | CN14: =IF(CL14>0,IF(CL14<=eco,alpha*fck*(1-(1-CL14/eco)^n),alpha*fck),0) | CO14: =CM14-CN14 | CP14: =CO14*$E14 | CQ14: =CP14*$D14 | CR14: =CP14*$C14 | CS14: =PM_Angle!$J$20+PM_Angle!$K$20*$D14+PM_Angle!$L$20*$C14 | CT14: =MAX(MIN(Es*CS14,fy),-fy) | CU14: =IF(CS14>0,IF(CS14<=eco,alpha*fck*(1-(1-CS14/eco)^n),alpha*fck),0) | CV14: =CT14-CU14 | CW14: =CV14*$E14 | CX14: =CW14*$D14 | CY14: =CW14*$C14 | CZ14: =PM_Angle!$J$21+PM_Angle!$K$21*$D14+PM_Angle!$L$21*$C14 | DA14: =MAX(MIN(Es*CZ14,fy),-fy) | DB14: =IF(CZ14>0,IF(CZ14<=eco,alpha*fck*(1-(1-CZ14/eco)^n),alpha*fck),0) | DC14: =DA14-DB14 | DD14: =DC14*$E14 | DE14: =DD14*$D14 | DF14: =DD14*$C14 | DG14: =PM_Angle!$J$22+PM_Angle!$K$22*$D14+PM_Angle!$L$22*$C14 | DH14: =MAX(MIN(Es*DG14,fy),-fy) | DI14: =IF(DG14>0,IF(DG14<=eco,alpha*fck*(1-(1-DG14/eco)^n),alpha*fck),0) | DJ14: =DH14-DI14 | DK14: =DJ14*$E14 | DL14: =DK14*$D14 | DM14: =DK14*$C14 | DN14: =PM_Angle!$J$23+PM_Angle!$K$23*$D14+PM_Angle!$L$23*$C14 | DO14: =MAX(MIN(Es*DN14,fy),-fy) | DP14: =IF(DN14>0,IF(DN14<=eco,alpha*fck*(1-(1-DN14/eco)^n),alpha*fck),0) | DQ14: =DO14-DP14 | DR14: =DQ14*$E14 | DS14: =DR14*$D14 | DT14: =DR14*$C14 | DU14: =PM_Angle!$J$24+PM_Angle!$K$24*$D14+PM_Angle!$L$24*$C14 | DV14: =MAX(MIN(Es*DU14,fy),-fy) | DW14: =IF(DU14>0,IF(DU14<=eco,alpha*fck*(1-(1-DU14/eco)^n),alpha*fck),0) | DX14: =DV14-DW14 | DY14: =DX14*$E14 | DZ14: =DY14*$D14 | EA14: =DY14*$C14 | EB14: =PM_Angle!$J$25+PM_Angle!$K$25*$D14+PM_Angle!$L$25*$C14 | EC14: =MAX(MIN(Es*EB14,fy),-fy) | ED14: =IF(EB14>0,IF(EB14<=eco,alpha*fck*(1-(1-EB14/eco)^n),alpha*fck),0) | EE14: =EC14-ED14 | EF14: =EE14*$E14 | EG14: =EF14*$D14 | EH14: =EF14*$C14
A15: 9 | B15: =Geometry!C50 | C15: =Geometry!D50 | D15: =Geometry!E50 | E15: =Geometry!F50 | F15: =PM_Angle!$J$7+PM_Angle!$K$7*$D15+PM_Angle!$L$7*$C15 | G15: =MAX(MIN(Es*F15,fy),-fy) | H15: =IF(F15>0,IF(F15<=eco,alpha*fck*(1-(1-F15/eco)^n),alpha*fck),0) | I15: =G15-H15 | J15: =I15*$E15 | K15: =J15*$D15 | L15: =J15*$C15 | M15: =PM_Angle!$J$8+PM_Angle!$K$8*$D15+PM_Angle!$L$8*$C15 | N15: =MAX(MIN(Es*M15,fy),-fy) | O15: =IF(M15>0,IF(M15<=eco,alpha*fck*(1-(1-M15/eco)^n),alpha*fck),0) | P15: =N15-O15 | Q15: =P15*$E15 | R15: =Q15*$D15 | S15: =Q15*$C15 | T15: =PM_Angle!$J$9+PM_Angle!$K$9*$D15+PM_Angle!$L$9*$C15 | U15: =MAX(MIN(Es*T15,fy),-fy) | V15: =IF(T15>0,IF(T15<=eco,alpha*fck*(1-(1-T15/eco)^n),alpha*fck),0) | W15: =U15-V15 | X15: =W15*$E15 | Y15: =X15*$D15 | Z15: =X15*$C15 | AA15: =PM_Angle!$J$10+PM_Angle!$K$10*$D15+PM_Angle!$L$10*$C15 | AB15: =MAX(MIN(Es*AA15,fy),-fy) | AC15: =IF(AA15>0,IF(AA15<=eco,alpha*fck*(1-(1-AA15/eco)^n),alpha*fck),0) | AD15: =AB15-AC15 | AE15: =AD15*$E15 | AF15: =AE15*$D15 | AG15: =AE15*$C15 | AH15: =PM_Angle!$J$11+PM_Angle!$K$11*$D15+PM_Angle!$L$11*$C15 | AI15: =MAX(MIN(Es*AH15,fy),-fy) | AJ15: =IF(AH15>0,IF(AH15<=eco,alpha*fck*(1-(1-AH15/eco)^n),alpha*fck),0) | AK15: =AI15-AJ15 | AL15: =AK15*$E15 | AM15: =AL15*$D15 | AN15: =AL15*$C15 | AO15: =PM_Angle!$J$12+PM_Angle!$K$12*$D15+PM_Angle!$L$12*$C15 | AP15: =MAX(MIN(Es*AO15,fy),-fy) | AQ15: =IF(AO15>0,IF(AO15<=eco,alpha*fck*(1-(1-AO15/eco)^n),alpha*fck),0) | AR15: =AP15-AQ15 | AS15: =AR15*$E15 | AT15: =AS15*$D15 | AU15: =AS15*$C15 | AV15: =PM_Angle!$J$13+PM_Angle!$K$13*$D15+PM_Angle!$L$13*$C15 | AW15: =MAX(MIN(Es*AV15,fy),-fy) | AX15: =IF(AV15>0,IF(AV15<=eco,alpha*fck*(1-(1-AV15/eco)^n),alpha*fck),0) | AY15: =AW15-AX15 | AZ15: =AY15*$E15 | BA15: =AZ15*$D15 | BB15: =AZ15*$C15 | BC15: =PM_Angle!$J$14+PM_Angle!$K$14*$D15+PM_Angle!$L$14*$C15 | BD15: =MAX(MIN(Es*BC15,fy),-fy) | BE15: =IF(BC15>0,IF(BC15<=eco,alpha*fck*(1-(1-BC15/eco)^n),alpha*fck),0) | BF15: =BD15-BE15 | BG15: =BF15*$E15 | BH15: =BG15*$D15 | BI15: =BG15*$C15 | BJ15: =PM_Angle!$J$15+PM_Angle!$K$15*$D15+PM_Angle!$L$15*$C15 | BK15: =MAX(MIN(Es*BJ15,fy),-fy) | BL15: =IF(BJ15>0,IF(BJ15<=eco,alpha*fck*(1-(1-BJ15/eco)^n),alpha*fck),0) | BM15: =BK15-BL15 | BN15: =BM15*$E15 | BO15: =BN15*$D15 | BP15: =BN15*$C15 | BQ15: =PM_Angle!$J$16+PM_Angle!$K$16*$D15+PM_Angle!$L$16*$C15 | BR15: =MAX(MIN(Es*BQ15,fy),-fy) | BS15: =IF(BQ15>0,IF(BQ15<=eco,alpha*fck*(1-(1-BQ15/eco)^n),alpha*fck),0) | BT15: =BR15-BS15 | BU15: =BT15*$E15 | BV15: =BU15*$D15 | BW15: =BU15*$C15 | BX15: =PM_Angle!$J$17+PM_Angle!$K$17*$D15+PM_Angle!$L$17*$C15 | BY15: =MAX(MIN(Es*BX15,fy),-fy) | BZ15: =IF(BX15>0,IF(BX15<=eco,alpha*fck*(1-(1-BX15/eco)^n),alpha*fck),0) | CA15: =BY15-BZ15 | CB15: =CA15*$E15 | CC15: =CB15*$D15 | CD15: =CB15*$C15 | CE15: =PM_Angle!$J$18+PM_Angle!$K$18*$D15+PM_Angle!$L$18*$C15 | CF15: =MAX(MIN(Es*CE15,fy),-fy) | CG15: =IF(CE15>0,IF(CE15<=eco,alpha*fck*(1-(1-CE15/eco)^n),alpha*fck),0) | CH15: =CF15-CG15 | CI15: =CH15*$E15 | CJ15: =CI15*$D15 | CK15: =CI15*$C15 | CL15: =PM_Angle!$J$19+PM_Angle!$K$19*$D15+PM_Angle!$L$19*$C15 | CM15: =MAX(MIN(Es*CL15,fy),-fy) | CN15: =IF(CL15>0,IF(CL15<=eco,alpha*fck*(1-(1-CL15/eco)^n),alpha*fck),0) | CO15: =CM15-CN15 | CP15: =CO15*$E15 | CQ15: =CP15*$D15 | CR15: =CP15*$C15 | CS15: =PM_Angle!$J$20+PM_Angle!$K$20*$D15+PM_Angle!$L$20*$C15 | CT15: =MAX(MIN(Es*CS15,fy),-fy) | CU15: =IF(CS15>0,IF(CS15<=eco,alpha*fck*(1-(1-CS15/eco)^n),alpha*fck),0) | CV15: =CT15-CU15 | CW15: =CV15*$E15 | CX15: =CW15*$D15 | CY15: =CW15*$C15 | CZ15: =PM_Angle!$J$21+PM_Angle!$K$21*$D15+PM_Angle!$L$21*$C15 | DA15: =MAX(MIN(Es*CZ15,fy),-fy) | DB15: =IF(CZ15>0,IF(CZ15<=eco,alpha*fck*(1-(1-CZ15/eco)^n),alpha*fck),0) | DC15: =DA15-DB15 | DD15: =DC15*$E15 | DE15: =DD15*$D15 | DF15: =DD15*$C15 | DG15: =PM_Angle!$J$22+PM_Angle!$K$22*$D15+PM_Angle!$L$22*$C15 | DH15: =MAX(MIN(Es*DG15,fy),-fy) | DI15: =IF(DG15>0,IF(DG15<=eco,alpha*fck*(1-(1-DG15/eco)^n),alpha*fck),0) | DJ15: =DH15-DI15 | DK15: =DJ15*$E15 | DL15: =DK15*$D15 | DM15: =DK15*$C15 | DN15: =PM_Angle!$J$23+PM_Angle!$K$23*$D15+PM_Angle!$L$23*$C15 | DO15: =MAX(MIN(Es*DN15,fy),-fy) | DP15: =IF(DN15>0,IF(DN15<=eco,alpha*fck*(1-(1-DN15/eco)^n),alpha*fck),0) | DQ15: =DO15-DP15 | DR15: =DQ15*$E15 | DS15: =DR15*$D15 | DT15: =DR15*$C15 | DU15: =PM_Angle!$J$24+PM_Angle!$K$24*$D15+PM_Angle!$L$24*$C15 | DV15: =MAX(MIN(Es*DU15,fy),-fy) | DW15: =IF(DU15>0,IF(DU15<=eco,alpha*fck*(1-(1-DU15/eco)^n),alpha*fck),0) | DX15: =DV15-DW15 | DY15: =DX15*$E15 | DZ15: =DY15*$D15 | EA15: =DY15*$C15 | EB15: =PM_Angle!$J$25+PM_Angle!$K$25*$D15+PM_Angle!$L$25*$C15 | EC15: =MAX(MIN(Es*EB15,fy),-fy) | ED15: =IF(EB15>0,IF(EB15<=eco,alpha*fck*(1-(1-EB15/eco)^n),alpha*fck),0) | EE15: =EC15-ED15 | EF15: =EE15*$E15 | EG15: =EF15*$D15 | EH15: =EF15*$C15
A16: 10 | B16: =Geometry!C51 | C16: =Geometry!D51 | D16: =Geometry!E51 | E16: =Geometry!F51 | F16: =PM_Angle!$J$7+PM_Angle!$K$7*$D16+PM_Angle!$L$7*$C16 | G16: =MAX(MIN(Es*F16,fy),-fy) | H16: =IF(F16>0,IF(F16<=eco,alpha*fck*(1-(1-F16/eco)^n),alpha*fck),0) | I16: =G16-H16 | J16: =I16*$E16 | K16: =J16*$D16 | L16: =J16*$C16 | M16: =PM_Angle!$J$8+PM_Angle!$K$8*$D16+PM_Angle!$L$8*$C16 | N16: =MAX(MIN(Es*M16,fy),-fy) | O16: =IF(M16>0,IF(M16<=eco,alpha*fck*(1-(1-M16/eco)^n),alpha*fck),0) | P16: =N16-O16 | Q16: =P16*$E16 | R16: =Q16*$D16 | S16: =Q16*$C16 | T16: =PM_Angle!$J$9+PM_Angle!$K$9*$D16+PM_Angle!$L$9*$C16 | U16: =MAX(MIN(Es*T16,fy),-fy) | V16: =IF(T16>0,IF(T16<=eco,alpha*fck*(1-(1-T16/eco)^n),alpha*fck),0) | W16: =U16-V16 | X16: =W16*$E16 | Y16: =X16*$D16 | Z16: =X16*$C16 | AA16: =PM_Angle!$J$10+PM_Angle!$K$10*$D16+PM_Angle!$L$10*$C16 | AB16: =MAX(MIN(Es*AA16,fy),-fy) | AC16: =IF(AA16>0,IF(AA16<=eco,alpha*fck*(1-(1-AA16/eco)^n),alpha*fck),0) | AD16: =AB16-AC16 | AE16: =AD16*$E16 | AF16: =AE16*$D16 | AG16: =AE16*$C16 | AH16: =PM_Angle!$J$11+PM_Angle!$K$11*$D16+PM_Angle!$L$11*$C16 | AI16: =MAX(MIN(Es*AH16,fy),-fy) | AJ16: =IF(AH16>0,IF(AH16<=eco,alpha*fck*(1-(1-AH16/eco)^n),alpha*fck),0) | AK16: =AI16-AJ16 | AL16: =AK16*$E16 | AM16: =AL16*$D16 | AN16: =AL16*$C16 | AO16: =PM_Angle!$J$12+PM_Angle!$K$12*$D16+PM_Angle!$L$12*$C16 | AP16: =MAX(MIN(Es*AO16,fy),-fy) | AQ16: =IF(AO16>0,IF(AO16<=eco,alpha*fck*(1-(1-AO16/eco)^n),alpha*fck),0) | AR16: =AP16-AQ16 | AS16: =AR16*$E16 | AT16: =AS16*$D16 | AU16: =AS16*$C16 | AV16: =PM_Angle!$J$13+PM_Angle!$K$13*$D16+PM_Angle!$L$13*$C16 | AW16: =MAX(MIN(Es*AV16,fy),-fy) | AX16: =IF(AV16>0,IF(AV16<=eco,alpha*fck*(1-(1-AV16/eco)^n),alpha*fck),0) | AY16: =AW16-AX16 | AZ16: =AY16*$E16 | BA16: =AZ16*$D16 | BB16: =AZ16*$C16 | BC16: =PM_Angle!$J$14+PM_Angle!$K$14*$D16+PM_Angle!$L$14*$C16 | BD16: =MAX(MIN(Es*BC16,fy),-fy) | BE16: =IF(BC16>0,IF(BC16<=eco,alpha*fck*(1-(1-BC16/eco)^n),alpha*fck),0) | BF16: =BD16-BE16 | BG16: =BF16*$E16 | BH16: =BG16*$D16 | BI16: =BG16*$C16 | BJ16: =PM_Angle!$J$15+PM_Angle!$K$15*$D16+PM_Angle!$L$15*$C16 | BK16: =MAX(MIN(Es*BJ16,fy),-fy) | BL16: =IF(BJ16>0,IF(BJ16<=eco,alpha*fck*(1-(1-BJ16/eco)^n),alpha*fck),0) | BM16: =BK16-BL16 | BN16: =BM16*$E16 | BO16: =BN16*$D16 | BP16: =BN16*$C16 | BQ16: =PM_Angle!$J$16+PM_Angle!$K$16*$D16+PM_Angle!$L$16*$C16 | BR16: =MAX(MIN(Es*BQ16,fy),-fy) | BS16: =IF(BQ16>0,IF(BQ16<=eco,alpha*fck*(1-(1-BQ16/eco)^n),alpha*fck),0) | BT16: =BR16-BS16 | BU16: =BT16*$E16 | BV16: =BU16*$D16 | BW16: =BU16*$C16 | BX16: =PM_Angle!$J$17+PM_Angle!$K$17*$D16+PM_Angle!$L$17*$C16 | BY16: =MAX(MIN(Es*BX16,fy),-fy) | BZ16: =IF(BX16>0,IF(BX16<=eco,alpha*fck*(1-(1-BX16/eco)^n),alpha*fck),0) | CA16: =BY16-BZ16 | CB16: =CA16*$E16 | CC16: =CB16*$D16 | CD16: =CB16*$C16 | CE16: =PM_Angle!$J$18+PM_Angle!$K$18*$D16+PM_Angle!$L$18*$C16 | CF16: =MAX(MIN(Es*CE16,fy),-fy) | CG16: =IF(CE16>0,IF(CE16<=eco,alpha*fck*(1-(1-CE16/eco)^n),alpha*fck),0) | CH16: =CF16-CG16 | CI16: =CH16*$E16 | CJ16: =CI16*$D16 | CK16: =CI16*$C16 | CL16: =PM_Angle!$J$19+PM_Angle!$K$19*$D16+PM_Angle!$L$19*$C16 | CM16: =MAX(MIN(Es*CL16,fy),-fy) | CN16: =IF(CL16>0,IF(CL16<=eco,alpha*fck*(1-(1-CL16/eco)^n),alpha*fck),0) | CO16: =CM16-CN16 | CP16: =CO16*$E16 | CQ16: =CP16*$D16 | CR16: =CP16*$C16 | CS16: =PM_Angle!$J$20+PM_Angle!$K$20*$D16+PM_Angle!$L$20*$C16 | CT16: =MAX(MIN(Es*CS16,fy),-fy) | CU16: =IF(CS16>0,IF(CS16<=eco,alpha*fck*(1-(1-CS16/eco)^n),alpha*fck),0) | CV16: =CT16-CU16 | CW16: =CV16*$E16 | CX16: =CW16*$D16 | CY16: =CW16*$C16 | CZ16: =PM_Angle!$J$21+PM_Angle!$K$21*$D16+PM_Angle!$L$21*$C16 | DA16: =MAX(MIN(Es*CZ16,fy),-fy) | DB16: =IF(CZ16>0,IF(CZ16<=eco,alpha*fck*(1-(1-CZ16/eco)^n),alpha*fck),0) | DC16: =DA16-DB16 | DD16: =DC16*$E16 | DE16: =DD16*$D16 | DF16: =DD16*$C16 | DG16: =PM_Angle!$J$22+PM_Angle!$K$22*$D16+PM_Angle!$L$22*$C16 | DH16: =MAX(MIN(Es*DG16,fy),-fy) | DI16: =IF(DG16>0,IF(DG16<=eco,alpha*fck*(1-(1-DG16/eco)^n),alpha*fck),0) | DJ16: =DH16-DI16 | DK16: =DJ16*$E16 | DL16: =DK16*$D16 | DM16: =DK16*$C16 | DN16: =PM_Angle!$J$23+PM_Angle!$K$23*$D16+PM_Angle!$L$23*$C16 | DO16: =MAX(MIN(Es*DN16,fy),-fy) | DP16: =IF(DN16>0,IF(DN16<=eco,alpha*fck*(1-(1-DN16/eco)^n),alpha*fck),0) | DQ16: =DO16-DP16 | DR16: =DQ16*$E16 | DS16: =DR16*$D16 | DT16: =DR16*$C16 | DU16: =PM_Angle!$J$24+PM_Angle!$K$24*$D16+PM_Angle!$L$24*$C16 | DV16: =MAX(MIN(Es*DU16,fy),-fy) | DW16: =IF(DU16>0,IF(DU16<=eco,alpha*fck*(1-(1-DU16/eco)^n),alpha*fck),0) | DX16: =DV16-DW16 | DY16: =DX16*$E16 | DZ16: =DY16*$D16 | EA16: =DY16*$C16 | EB16: =PM_Angle!$J$25+PM_Angle!$K$25*$D16+PM_Angle!$L$25*$C16 | EC16: =MAX(MIN(Es*EB16,fy),-fy) | ED16: =IF(EB16>0,IF(EB16<=eco,alpha*fck*(1-(1-EB16/eco)^n),alpha*fck),0) | EE16: =EC16-ED16 | EF16: =EE16*$E16 | EG16: =EF16*$D16 | EH16: =EF16*$C16
A17: 11 | B17: =Geometry!C52 | C17: =Geometry!D52 | D17: =Geometry!E52 | E17: =Geometry!F52 | F17: =PM_Angle!$J$7+PM_Angle!$K$7*$D17+PM_Angle!$L$7*$C17 | G17: =MAX(MIN(Es*F17,fy),-fy) | H17: =IF(F17>0,IF(F17<=eco,alpha*fck*(1-(1-F17/eco)^n),alpha*fck),0) | I17: =G17-H17 | J17: =I17*$E17 | K17: =J17*$D17 | L17: =J17*$C17 | M17: =PM_Angle!$J$8+PM_Angle!$K$8*$D17+PM_Angle!$L$8*$C17 | N17: =MAX(MIN(Es*M17,fy),-fy) | O17: =IF(M17>0,IF(M17<=eco,alpha*fck*(1-(1-M17/eco)^n),alpha*fck),0) | P17: =N17-O17 | Q17: =P17*$E17 | R17: =Q17*$D17 | S17: =Q17*$C17 | T17: =PM_Angle!$J$9+PM_Angle!$K$9*$D17+PM_Angle!$L$9*$C17 | U17: =MAX(MIN(Es*T17,fy),-fy) | V17: =IF(T17>0,IF(T17<=eco,alpha*fck*(1-(1-T17/eco)^n),alpha*fck),0) | W17: =U17-V17 | X17: =W17*$E17 | Y17: =X17*$D17 | Z17: =X17*$C17 | AA17: =PM_Angle!$J$10+PM_Angle!$K$10*$D17+PM_Angle!$L$10*$C17 | AB17: =MAX(MIN(Es*AA17,fy),-fy) | AC17: =IF(AA17>0,IF(AA17<=eco,alpha*fck*(1-(1-AA17/eco)^n),alpha*fck),0) | AD17: =AB17-AC17 | AE17: =AD17*$E17 | AF17: =AE17*$D17 | AG17: =AE17*$C17 | AH17: =PM_Angle!$J$11+PM_Angle!$K$11*$D17+PM_Angle!$L$11*$C17 | AI17: =MAX(MIN(Es*AH17,fy),-fy) | AJ17: =IF(AH17>0,IF(AH17<=eco,alpha*fck*(1-(1-AH17/eco)^n),alpha*fck),0) | AK17: =AI17-AJ17 | AL17: =AK17*$E17 | AM17: =AL17*$D17 | AN17: =AL17*$C17 | AO17: =PM_Angle!$J$12+PM_Angle!$K$12*$D17+PM_Angle!$L$12*$C17 | AP17: =MAX(MIN(Es*AO17,fy),-fy) | AQ17: =IF(AO17>0,IF(AO17<=eco,alpha*fck*(1-(1-AO17/eco)^n),alpha*fck),0) | AR17: =AP17-AQ17 | AS17: =AR17*$E17 | AT17: =AS17*$D17 | AU17: =AS17*$C17 | AV17: =PM_Angle!$J$13+PM_Angle!$K$13*$D17+PM_Angle!$L$13*$C17 | AW17: =MAX(MIN(Es*AV17,fy),-fy) | AX17: =IF(AV17>0,IF(AV17<=eco,alpha*fck*(1-(1-AV17/eco)^n),alpha*fck),0) | AY17: =AW17-AX17 | AZ17: =AY17*$E17 | BA17: =AZ17*$D17 | BB17: =AZ17*$C17 | BC17: =PM_Angle!$J$14+PM_Angle!$K$14*$D17+PM_Angle!$L$14*$C17 | BD17: =MAX(MIN(Es*BC17,fy),-fy) | BE17: =IF(BC17>0,IF(BC17<=eco,alpha*fck*(1-(1-BC17/eco)^n),alpha*fck),0) | BF17: =BD17-BE17 | BG17: =BF17*$E17 | BH17: =BG17*$D17 | BI17: =BG17*$C17 | BJ17: =PM_Angle!$J$15+PM_Angle!$K$15*$D17+PM_Angle!$L$15*$C17 | BK17: =MAX(MIN(Es*BJ17,fy),-fy) | BL17: =IF(BJ17>0,IF(BJ17<=eco,alpha*fck*(1-(1-BJ17/eco)^n),alpha*fck),0) | BM17: =BK17-BL17 | BN17: =BM17*$E17 | BO17: =BN17*$D17 | BP17: =BN17*$C17 | BQ17: =PM_Angle!$J$16+PM_Angle!$K$16*$D17+PM_Angle!$L$16*$C17 | BR17: =MAX(MIN(Es*BQ17,fy),-fy) | BS17: =IF(BQ17>0,IF(BQ17<=eco,alpha*fck*(1-(1-BQ17/eco)^n),alpha*fck),0) | BT17: =BR17-BS17 | BU17: =BT17*$E17 | BV17: =BU17*$D17 | BW17: =BU17*$C17 | BX17: =PM_Angle!$J$17+PM_Angle!$K$17*$D17+PM_Angle!$L$17*$C17 | BY17: =MAX(MIN(Es*BX17,fy),-fy) | BZ17: =IF(BX17>0,IF(BX17<=eco,alpha*fck*(1-(1-BX17/eco)^n),alpha*fck),0) | CA17: =BY17-BZ17 | CB17: =CA17*$E17 | CC17: =CB17*$D17 | CD17: =CB17*$C17 | CE17: =PM_Angle!$J$18+PM_Angle!$K$18*$D17+PM_Angle!$L$18*$C17 | CF17: =MAX(MIN(Es*CE17,fy),-fy) | CG17: =IF(CE17>0,IF(CE17<=eco,alpha*fck*(1-(1-CE17/eco)^n),alpha*fck),0) | CH17: =CF17-CG17 | CI17: =CH17*$E17 | CJ17: =CI17*$D17 | CK17: =CI17*$C17 | CL17: =PM_Angle!$J$19+PM_Angle!$K$19*$D17+PM_Angle!$L$19*$C17 | CM17: =MAX(MIN(Es*CL17,fy),-fy) | CN17: =IF(CL17>0,IF(CL17<=eco,alpha*fck*(1-(1-CL17/eco)^n),alpha*fck),0) | CO17: =CM17-CN17 | CP17: =CO17*$E17 | CQ17: =CP17*$D17 | CR17: =CP17*$C17 | CS17: =PM_Angle!$J$20+PM_Angle!$K$20*$D17+PM_Angle!$L$20*$C17 | CT17: =MAX(MIN(Es*CS17,fy),-fy) | CU17: =IF(CS17>0,IF(CS17<=eco,alpha*fck*(1-(1-CS17/eco)^n),alpha*fck),0) | CV17: =CT17-CU17 | CW17: =CV17*$E17 | CX17: =CW17*$D17 | CY17: =CW17*$C17 | CZ17: =PM_Angle!$J$21+PM_Angle!$K$21*$D17+PM_Angle!$L$21*$C17 | DA17: =MAX(MIN(Es*CZ17,fy),-fy) | DB17: =IF(CZ17>0,IF(CZ17<=eco,alpha*fck*(1-(1-CZ17/eco)^n),alpha*fck),0) | DC17: =DA17-DB17 | DD17: =DC17*$E17 | DE17: =DD17*$D17 | DF17: =DD17*$C17 | DG17: =PM_Angle!$J$22+PM_Angle!$K$22*$D17+PM_Angle!$L$22*$C17 | DH17: =MAX(MIN(Es*DG17,fy),-fy) | DI17: =IF(DG17>0,IF(DG17<=eco,alpha*fck*(1-(1-DG17/eco)^n),alpha*fck),0) | DJ17: =DH17-DI17 | DK17: =DJ17*$E17 | DL17: =DK17*$D17 | DM17: =DK17*$C17 | DN17: =PM_Angle!$J$23+PM_Angle!$K$23*$D17+PM_Angle!$L$23*$C17 | DO17: =MAX(MIN(Es*DN17,fy),-fy) | DP17: =IF(DN17>0,IF(DN17<=eco,alpha*fck*(1-(1-DN17/eco)^n),alpha*fck),0) | DQ17: =DO17-DP17 | DR17: =DQ17*$E17 | DS17: =DR17*$D17 | DT17: =DR17*$C17 | DU17: =PM_Angle!$J$24+PM_Angle!$K$24*$D17+PM_Angle!$L$24*$C17 | DV17: =MAX(MIN(Es*DU17,fy),-fy) | DW17: =IF(DU17>0,IF(DU17<=eco,alpha*fck*(1-(1-DU17/eco)^n),alpha*fck),0) | DX17: =DV17-DW17 | DY17: =DX17*$E17 | DZ17: =DY17*$D17 | EA17: =DY17*$C17 | EB17: =PM_Angle!$J$25+PM_Angle!$K$25*$D17+PM_Angle!$L$25*$C17 | EC17: =MAX(MIN(Es*EB17,fy),-fy) | ED17: =IF(EB17>0,IF(EB17<=eco,alpha*fck*(1-(1-EB17/eco)^n),alpha*fck),0) | EE17: =EC17-ED17 | EF17: =EE17*$E17 | EG17: =EF17*$D17 | EH17: =EF17*$C17
A18: 12 | B18: =Geometry!C53 | C18: =Geometry!D53 | D18: =Geometry!E53 | E18: =Geometry!F53 | F18: =PM_Angle!$J$7+PM_Angle!$K$7*$D18+PM_Angle!$L$7*$C18 | G18: =MAX(MIN(Es*F18,fy),-fy) | H18: =IF(F18>0,IF(F18<=eco,alpha*fck*(1-(1-F18/eco)^n),alpha*fck),0) | I18: =G18-H18 | J18: =I18*$E18 | K18: =J18*$D18 | L18: =J18*$C18 | M18: =PM_Angle!$J$8+PM_Angle!$K$8*$D18+PM_Angle!$L$8*$C18 | N18: =MAX(MIN(Es*M18,fy),-fy) | O18: =IF(M18>0,IF(M18<=eco,alpha*fck*(1-(1-M18/eco)^n),alpha*fck),0) | P18: =N18-O18 | Q18: =P18*$E18 | R18: =Q18*$D18 | S18: =Q18*$C18 | T18: =PM_Angle!$J$9+PM_Angle!$K$9*$D18+PM_Angle!$L$9*$C18 | U18: =MAX(MIN(Es*T18,fy),-fy) | V18: =IF(T18>0,IF(T18<=eco,alpha*fck*(1-(1-T18/eco)^n),alpha*fck),0) | W18: =U18-V18 | X18: =W18*$E18 | Y18: =X18*$D18 | Z18: =X18*$C18 | AA18: =PM_Angle!$J$10+PM_Angle!$K$10*$D18+PM_Angle!$L$10*$C18 | AB18: =MAX(MIN(Es*AA18,fy),-fy) | AC18: =IF(AA18>0,IF(AA18<=eco,alpha*fck*(1-(1-AA18/eco)^n),alpha*fck),0) | AD18: =AB18-AC18 | AE18: =AD18*$E18 | AF18: =AE18*$D18 | AG18: =AE18*$C18 | AH18: =PM_Angle!$J$11+PM_Angle!$K$11*$D18+PM_Angle!$L$11*$C18 | AI18: =MAX(MIN(Es*AH18,fy),-fy) | AJ18: =IF(AH18>0,IF(AH18<=eco,alpha*fck*(1-(1-AH18/eco)^n),alpha*fck),0) | AK18: =AI18-AJ18 | AL18: =AK18*$E18 | AM18: =AL18*$D18 | AN18: =AL18*$C18 | AO18: =PM_Angle!$J$12+PM_Angle!$K$12*$D18+PM_Angle!$L$12*$C18 | AP18: =MAX(MIN(Es*AO18,fy),-fy) | AQ18: =IF(AO18>0,IF(AO18<=eco,alpha*fck*(1-(1-AO18/eco)^n),alpha*fck),0) | AR18: =AP18-AQ18 | AS18: =AR18*$E18 | AT18: =AS18*$D18 | AU18: =AS18*$C18 | AV18: =PM_Angle!$J$13+PM_Angle!$K$13*$D18+PM_Angle!$L$13*$C18 | AW18: =MAX(MIN(Es*AV18,fy),-fy) | AX18: =IF(AV18>0,IF(AV18<=eco,alpha*fck*(1-(1-AV18/eco)^n),alpha*fck),0) | AY18: =AW18-AX18 | AZ18: =AY18*$E18 | BA18: =AZ18*$D18 | BB18: =AZ18*$C18 | BC18: =PM_Angle!$J$14+PM_Angle!$K$14*$D18+PM_Angle!$L$14*$C18 | BD18: =MAX(MIN(Es*BC18,fy),-fy) | BE18: =IF(BC18>0,IF(BC18<=eco,alpha*fck*(1-(1-BC18/eco)^n),alpha*fck),0) | BF18: =BD18-BE18 | BG18: =BF18*$E18 | BH18: =BG18*$D18 | BI18: =BG18*$C18 | BJ18: =PM_Angle!$J$15+PM_Angle!$K$15*$D18+PM_Angle!$L$15*$C18 | BK18: =MAX(MIN(Es*BJ18,fy),-fy) | BL18: =IF(BJ18>0,IF(BJ18<=eco,alpha*fck*(1-(1-BJ18/eco)^n),alpha*fck),0) | BM18: =BK18-BL18 | BN18: =BM18*$E18 | BO18: =BN18*$D18 | BP18: =BN18*$C18 | BQ18: =PM_Angle!$J$16+PM_Angle!$K$16*$D18+PM_Angle!$L$16*$C18 | BR18: =MAX(MIN(Es*BQ18,fy),-fy) | BS18: =IF(BQ18>0,IF(BQ18<=eco,alpha*fck*(1-(1-BQ18/eco)^n),alpha*fck),0) | BT18: =BR18-BS18 | BU18: =BT18*$E18 | BV18: =BU18*$D18 | BW18: =BU18*$C18 | BX18: =PM_Angle!$J$17+PM_Angle!$K$17*$D18+PM_Angle!$L$17*$C18 | BY18: =MAX(MIN(Es*BX18,fy),-fy) | BZ18: =IF(BX18>0,IF(BX18<=eco,alpha*fck*(1-(1-BX18/eco)^n),alpha*fck),0) | CA18: =BY18-BZ18 | CB18: =CA18*$E18 | CC18: =CB18*$D18 | CD18: =CB18*$C18 | CE18: =PM_Angle!$J$18+PM_Angle!$K$18*$D18+PM_Angle!$L$18*$C18 | CF18: =MAX(MIN(Es*CE18,fy),-fy) | CG18: =IF(CE18>0,IF(CE18<=eco,alpha*fck*(1-(1-CE18/eco)^n),alpha*fck),0) | CH18: =CF18-CG18 | CI18: =CH18*$E18 | CJ18: =CI18*$D18 | CK18: =CI18*$C18 | CL18: =PM_Angle!$J$19+PM_Angle!$K$19*$D18+PM_Angle!$L$19*$C18 | CM18: =MAX(MIN(Es*CL18,fy),-fy) | CN18: =IF(CL18>0,IF(CL18<=eco,alpha*fck*(1-(1-CL18/eco)^n),alpha*fck),0) | CO18: =CM18-CN18 | CP18: =CO18*$E18 | CQ18: =CP18*$D18 | CR18: =CP18*$C18 | CS18: =PM_Angle!$J$20+PM_Angle!$K$20*$D18+PM_Angle!$L$20*$C18 | CT18: =MAX(MIN(Es*CS18,fy),-fy) | CU18: =IF(CS18>0,IF(CS18<=eco,alpha*fck*(1-(1-CS18/eco)^n),alpha*fck),0) | CV18: =CT18-CU18 | CW18: =CV18*$E18 | CX18: =CW18*$D18 | CY18: =CW18*$C18 | CZ18: =PM_Angle!$J$21+PM_Angle!$K$21*$D18+PM_Angle!$L$21*$C18 | DA18: =MAX(MIN(Es*CZ18,fy),-fy) | DB18: =IF(CZ18>0,IF(CZ18<=eco,alpha*fck*(1-(1-CZ18/eco)^n),alpha*fck),0) | DC18: =DA18-DB18 | DD18: =DC18*$E18 | DE18: =DD18*$D18 | DF18: =DD18*$C18 | DG18: =PM_Angle!$J$22+PM_Angle!$K$22*$D18+PM_Angle!$L$22*$C18 | DH18: =MAX(MIN(Es*DG18,fy),-fy) | DI18: =IF(DG18>0,IF(DG18<=eco,alpha*fck*(1-(1-DG18/eco)^n),alpha*fck),0) | DJ18: =DH18-DI18 | DK18: =DJ18*$E18 | DL18: =DK18*$D18 | DM18: =DK18*$C18 | DN18: =PM_Angle!$J$23+PM_Angle!$K$23*$D18+PM_Angle!$L$23*$C18 | DO18: =MAX(MIN(Es*DN18,fy),-fy) | DP18: =IF(DN18>0,IF(DN18<=eco,alpha*fck*(1-(1-DN18/eco)^n),alpha*fck),0) | DQ18: =DO18-DP18 | DR18: =DQ18*$E18 | DS18: =DR18*$D18 | DT18: =DR18*$C18 | DU18: =PM_Angle!$J$24+PM_Angle!$K$24*$D18+PM_Angle!$L$24*$C18 | DV18: =MAX(MIN(Es*DU18,fy),-fy) | DW18: =IF(DU18>0,IF(DU18<=eco,alpha*fck*(1-(1-DU18/eco)^n),alpha*fck),0) | DX18: =DV18-DW18 | DY18: =DX18*$E18 | DZ18: =DY18*$D18 | EA18: =DY18*$C18 | EB18: =PM_Angle!$J$25+PM_Angle!$K$25*$D18+PM_Angle!$L$25*$C18 | EC18: =MAX(MIN(Es*EB18,fy),-fy) | ED18: =IF(EB18>0,IF(EB18<=eco,alpha*fck*(1-(1-EB18/eco)^n),alpha*fck),0) | EE18: =EC18-ED18 | EF18: =EE18*$E18 | EG18: =EF18*$D18 | EH18: =EF18*$C18
... A24: 18 | B24: =Geometry!C59 | C24: =Geometry!D59 | D24: =Geometry!E59 | E24: =Geometry!F59 | F24: =PM_Angle!$J$7+PM_Angle!$K$7*$D24+PM_Angle!$L$7*$C24 | G24: =MAX(MIN(Es*F24,fy),-fy) | H24: =IF(F24>0,IF(F24<=eco,alpha*fck*(1-(1-F24/eco)^n),alpha*fck),0) | I24: =G24-H24 | J24: =I24*$E24 | K24: =J24*$D24 | L24: =J24*$C24 | M24: =PM_Angle!$J$8+PM_Angle!$K$8*$D24+PM_Angle!$L$8*$C24 | N24: =MAX(MIN(Es*M24,fy),-fy) | O24: =IF(M24>0,IF(M24<=eco,alpha*fck*(1-(1-M24/eco)^n),alpha*fck),0) | P24: =N24-O24 | Q24: =P24*$E24 | R24: =Q24*$D24 | S24: =Q24*$C24 | T24: =PM_Angle!$J$9+PM_Angle!$K$9*$D24+PM_Angle!$L$9*$C24 | U24: =MAX(MIN(Es*T24,fy),-fy) | V24: =IF(T24>0,IF(T24<=eco,alpha*fck*(1-(1-T24/eco)^n),alpha*fck),0) | W24: =U24-V24 | X24: =W24*$E24 | Y24: =X24*$D24 | Z24: =X24*$C24 | AA24: =PM_Angle!$J$10+PM_Angle!$K$10*$D24+PM_Angle!$L$10*$C24 | AB24: =MAX(MIN(Es*AA24,fy),-fy) | AC24: =IF(AA24>0,IF(AA24<=eco,alpha*fck*(1-(1-AA24/eco)^n),alpha*fck),0) | AD24: =AB24-AC24 | AE24: =AD24*$E24 | AF24: =AE24*$D24 | AG24: =AE24*$C24 | AH24: =PM_Angle!$J$11+PM_Angle!$K$11*$D24+PM_Angle!$L$11*$C24 | AI24: =MAX(MIN(Es*AH24,fy),-fy) | AJ24: =IF(AH24>0,IF(AH24<=eco,alpha*fck*(1-(1-AH24/eco)^n),alpha*fck),0) | AK24: =AI24-AJ24 | AL24: =AK24*$E24 | AM24: =AL24*$D24 | AN24: =AL24*$C24 | AO24: =PM_Angle!$J$12+PM_Angle!$K$12*$D24+PM_Angle!$L$12*$C24 | AP24: =MAX(MIN(Es*AO24,fy),-fy) | AQ24: =IF(AO24>0,IF(AO24<=eco,alpha*fck*(1-(1-AO24/eco)^n),alpha*fck),0) | AR24: =AP24-AQ24 | AS24: =AR24*$E24 | AT24: =AS24*$D24 | AU24: =AS24*$C24 | AV24: =PM_Angle!$J$13+PM_Angle!$K$13*$D24+PM_Angle!$L$13*$C24 | AW24: =MAX(MIN(Es*AV24,fy),-fy) | AX24: =IF(AV24>0,IF(AV24<=eco,alpha*fck*(1-(1-AV24/eco)^n),alpha*fck),0) | AY24: =AW24-AX24 | AZ24: =AY24*$E24 | BA24: =AZ24*$D24 | BB24: =AZ24*$C24 | BC24: =PM_Angle!$J$14+PM_Angle!$K$14*$D24+PM_Angle!$L$14*$C24 | BD24: =MAX(MIN(Es*BC24,fy),-fy) | BE24: =IF(BC24>0,IF(BC24<=eco,alpha*fck*(1-(1-BC24/eco)^n),alpha*fck),0) | BF24: =BD24-BE24 | BG24: =BF24*$E24 | BH24: =BG24*$D24 | BI24: =BG24*$C24 | BJ24: =PM_Angle!$J$15+PM_Angle!$K$15*$D24+PM_Angle!$L$15*$C24 | BK24: =MAX(MIN(Es*BJ24,fy),-fy) | BL24: =IF(BJ24>0,IF(BJ24<=eco,alpha*fck*(1-(1-BJ24/eco)^n),alpha*fck),0) | BM24: =BK24-BL24 | BN24: =BM24*$E24 | BO24: =BN24*$D24 | BP24: =BN24*$C24 | BQ24: =PM_Angle!$J$16+PM_Angle!$K$16*$D24+PM_Angle!$L$16*$C24 | BR24: =MAX(MIN(Es*BQ24,fy),-fy) | BS24: =IF(BQ24>0,IF(BQ24<=eco,alpha*fck*(1-(1-BQ24/eco)^n),alpha*fck),0) | BT24: =BR24-BS24 | BU24: =BT24*$E24 | BV24: =BU24*$D24 | BW24: =BU24*$C24 | BX24: =PM_Angle!$J$17+PM_Angle!$K$17*$D24+PM_Angle!$L$17*$C24 | BY24: =MAX(MIN(Es*BX24,fy),-fy) | BZ24: =IF(BX24>0,IF(BX24<=eco,alpha*fck*(1-(1-BX24/eco)^n),alpha*fck),0) | CA24: =BY24-BZ24 | CB24: =CA24*$E24 | CC24: =CB24*$D24 | CD24: =CB24*$C24 | CE24: =PM_Angle!$J$18+PM_Angle!$K$18*$D24+PM_Angle!$L$18*$C24 | CF24: =MAX(MIN(Es*CE24,fy),-fy) | CG24: =IF(CE24>0,IF(CE24<=eco,alpha*fck*(1-(1-CE24/eco)^n),alpha*fck),0) | CH24: =CF24-CG24 | CI24: =CH24*$E24 | CJ24: =CI24*$D24 | CK24: =CI24*$C24 | CL24: =PM_Angle!$J$19+PM_Angle!$K$19*$D24+PM_Angle!$L$19*$C24 | CM24: =MAX(MIN(Es*CL24,fy),-fy) | CN24: =IF(CL24>0,IF(CL24<=eco,alpha*fck*(1-(1-CL24/eco)^n),alpha*fck),0) | CO24: =CM24-CN24 | CP24: =CO24*$E24 | CQ24: =CP24*$D24 | CR24: =CP24*$C24 | CS24: =PM_Angle!$J$20+PM_Angle!$K$20*$D24+PM_Angle!$L$20*$C24 | CT24: =MAX(MIN(Es*CS24,fy),-fy) | CU24: =IF(CS24>0,IF(CS24<=eco,alpha*fck*(1-(1-CS24/eco)^n),alpha*fck),0) | CV24: =CT24-CU24 | CW24: =CV24*$E24 | CX24: =CW24*$D24 | CY24: =CW24*$C24 | CZ24: =PM_Angle!$J$21+PM_Angle!$K$21*$D24+PM_Angle!$L$21*$C24 | DA24: =MAX(MIN(Es*CZ24,fy),-fy) | DB24: =IF(CZ24>0,IF(CZ24<=eco,alpha*fck*(1-(1-CZ24/eco)^n),alpha*fck),0) | DC24: =DA24-DB24 | DD24: =DC24*$E24 | DE24: =DD24*$D24 | DF24: =DD24*$C24 | DG24: =PM_Angle!$J$22+PM_Angle!$K$22*$D24+PM_Angle!$L$22*$C24 | DH24: =MAX(MIN(Es*DG24,fy),-fy) | DI24: =IF(DG24>0,IF(DG24<=eco,alpha*fck*(1-(1-DG24/eco)^n),alpha*fck),0) | DJ24: =DH24-DI24 | DK24: =DJ24*$E24 | DL24: =DK24*$D24 | DM24: =DK24*$C24 | DN24: =PM_Angle!$J$23+PM_Angle!$K$23*$D24+PM_Angle!$L$23*$C24 | DO24: =MAX(MIN(Es*DN24,fy),-fy) | DP24: =IF(DN24>0,IF(DN24<=eco,alpha*fck*(1-(1-DN24/eco)^n),alpha*fck),0) | DQ24: =DO24-DP24 | DR24: =DQ24*$E24 | DS24: =DR24*$D24 | DT24: =DR24*$C24 | DU24: =PM_Angle!$J$24+PM_Angle!$K$24*$D24+PM_Angle!$L$24*$C24 | DV24: =MAX(MIN(Es*DU24,fy),-fy) | DW24: =IF(DU24>0,IF(DU24<=eco,alpha*fck*(1-(1-DU24/eco)^n),alpha*fck),0) | DX24: =DV24-DW24 | DY24: =DX24*$E24 | DZ24: =DY24*$D24 | EA24: =DY24*$C24 | EB24: =PM_Angle!$J$25+PM_Angle!$K$25*$D24+PM_Angle!$L$25*$C24 | EC24: =MAX(MIN(Es*EB24,fy),-fy) | ED24: =IF(EB24>0,IF(EB24<=eco,alpha*fck*(1-(1-EB24/eco)^n),alpha*fck),0) | EE24: =EC24-ED24 | EF24: =EE24*$E24 | EG24: =EF24*$D24 | EH24: =EF24*$C24

Sheet MxMy_FixedP
B1: Mx–My INTERACTION CONTOUR AT P = Pu
B2: Each of the 24 directions repeats the 19-station schedule, then interpolates the two stations that bracket Pu. Concrete integrals use the same Mesh table through SUMPRODUCT; nothing here is a pasted number.
B6: Direction | F6: P0 plane | I6: P1 plane | L6: P2 plane | O6: P3 plane | R6: P4 plane | U6: P5 plane | X6: P6 plane | AA6: P7 plane | AD6: P8 plane | AG6: P9 plane | AJ6: P10 plane | AM6: P11 plane | AP6: P12 plane | AS6: P13 plane | AV6: P14 plane | AY6: P15 plane | BB6: P16 plane | BE6: P17 plane | BH6: P18 plane | BK6: Station P (kN) | CD6: Station Mx (kN·m) | CW6: Station My (kN·m) | DP6: Contour at P = Pu
B7: beta (deg) | C7: u_max (mm) | D7: u_bar (mm) | E7: C1 (mm) | F7: eps_0 | G7: kx | H7: ky | I7: eps_0 | J7: kx | K7: ky | L7: eps_0 | M7: kx | N7: ky | O7: eps_0 | P7: kx | Q7: ky | R7: eps_0 | S7: kx | T7: ky | U7: eps_0 | V7: kx | W7: ky | X7: eps_0 | Y7: kx | Z7: ky | AA7: eps_0 | AB7: kx | AC7: ky | AD7: eps_0 | AE7: kx | AF7: ky | AG7: eps_0 | AH7: kx | AI7: ky | AJ7: eps_0 | AK7: kx | AL7: ky | AM7: eps_0 | AN7: kx | AO7: ky | AP7: eps_0 | AQ7: kx | AR7: ky | AS7: eps_0 | AT7: kx | AU7: ky | AV7: eps_0 | AW7: kx | AX7: ky | AY7: eps_0 | AZ7: kx | BA7: ky | BB7: eps_0 | BC7: kx | BD7: ky | BE7: eps_0 | BF7: kx | BG7: ky | BH7: eps_0 | BI7: kx | BJ7: ky | BK7: P0 | BL7: P1 | BM7: P2 | BN7: P3 | BO7: P4 | BP7: P5 | BQ7: P6 | BR7: P7 | BS7: P8 | BT7: P9 | BU7: P10 | BV7: P11 | BW7: P12 | BX7: P13 | BY7: P14 | BZ7: P15 | CA7: P16 | CB7: P17 | CC7: P18 | CD7: P0 | CE7: P1 | CF7: P2 | CG7: P3 | CH7: P4 | CI7: P5 | CJ7: P6 | CK7: P7 | CL7: P8 | CM7: P9 | CN7: P10 | CO7: P11 | CP7: P12 | CQ7: P13 | CR7: P14 | CS7: P15 | CT7: P16 | CU7: P17 | CV7: P18 | CW7: P0 | CX7: P1 | CY7: P2 | CZ7: P3 | DA7: P4 | DB7: P5 | DC7: P6 | DD7: P7 | DE7: P8 | DF7: P9 | DG7: P10 | DH7: P11 | DI7: P12 | DJ7: P13 | DK7: P14 | DL7: P15 | DM7: P16 | DN7: P17 | DO7: P18 | DP7: k | DQ7: t | DR7: Mx (kN·m) | DS7: My (kN·m) | DT7: |M| (kN·m)
A8: 1 | B8: 0 | C8: =MAX(SUMPRODUCT(MAX((Geometry!$E$6:$E$13)*COS(RADIANS($B8))+(Geometry!$D$6:$D$13)*SIN(RADIANS($B8))))) | D8: =SUMPRODUCT(MIN((Geometry!$E$42:$E$59)*COS(RADIANS($B8))+(Geometry!$D$42:$D$59)*SIN(RADIANS($B8)))) | E8: =C8-D8 | F8: =ecu | G8: =0*COS(RADIANS($B8)) | H8: =0*SIN(RADIANS($B8)) | I8: =ecu-((ecu-0)/($C8-($C8-PM_Angle!$C$8*$E8)))*$C8 | J8: =((ecu-0)/($C8-($C8-PM_Angle!$C$8*$E8)))*COS(RADIANS($B8)) | K8: =((ecu-0)/($C8-($C8-PM_Angle!$C$8*$E8)))*SIN(RADIANS($B8)) | L8: =ecu-((ecu-0)/($C8-($C8-PM_Angle!$C$9*$E8)))*$C8 | M8: =((ecu-0)/($C8-($C8-PM_Angle!$C$9*$E8)))*COS(RADIANS($B8)) | N8: =((ecu-0)/($C8-($C8-PM_Angle!$C$9*$E8)))*SIN(RADIANS($B8)) | O8: =ecu-((ecu-0)/($C8-($C8-PM_Angle!$C$10*$E8)))*$C8 | P8: =((ecu-0)/($C8-($C8-PM_Angle!$C$10*$E8)))*COS(RADIANS($B8)) | Q8: =((ecu-0)/($C8-($C8-PM_Angle!$C$10*$E8)))*SIN(RADIANS($B8)) | R8: =ecu-((ecu-0)/($C8-($C8-PM_Angle!$C$11*$E8)))*$C8 | S8: =((ecu-0)/($C8-($C8-PM_Angle!$C$11*$E8)))*COS(RADIANS($B8)) | T8: =((ecu-0)/($C8-($C8-PM_Angle!$C$11*$E8)))*SIN(RADIANS($B8)) | U8: =ecu-((ecu-(-PM_Angle!$E$12))/($C8-$D8))*$C8 | V8: =((ecu-(-PM_Angle!$E$12))/($C8-$D8))*COS(RADIANS($B8)) | W8: =((ecu-(-PM_Angle!$E$12))/($C8-$D8))*SIN(RADIANS($B8)) | X8: =ecu-((ecu-(-PM_Angle!$D$13*fy/Es))/($C8-$D8))*$C8 | Y8: =((ecu-(-PM_Angle!$D$13*fy/Es))/($C8-$D8))*COS(RADIANS($B8)) | Z8: =((ecu-(-PM_Angle!$D$13*fy/Es))/($C8-$D8))*SIN(RADIANS($B8)) | AA8: =ecu-((ecu-(-PM_Angle!$D$14*fy/Es))/($C8-$D8))*$C8 | AB8: =((ecu-(-PM_Angle!$D$14*fy/Es))/($C8-$D8))*COS(RADIANS($B8)) | AC8: =((ecu-(-PM_Angle!$D$14*fy/Es))/($C8-$D8))*SIN(RADIANS($B8)) | AD8: =ecu-((ecu-(-PM_Angle!$D$15*fy/Es))/($C8-$D8))*$C8 | AE8: =((ecu-(-PM_Angle!$D$15*fy/Es))/($C8-$D8))*COS(RADIANS($B8)) | AF8: =((ecu-(-PM_Angle!$D$15*fy/Es))/($C8-$D8))*SIN(RADIANS($B8)) | AG8: =ecu-((ecu-(-PM_Angle!$D$16*fy/Es))/($C8-$D8))*$C8 | AH8: =((ecu-(-PM_Angle!$D$16*fy/Es))/($C8-$D8))*COS(RADIANS($B8)) | AI8: =((ecu-(-PM_Angle!$D$16*fy/Es))/($C8-$D8))*SIN(RADIANS($B8)) | AJ8: =ecu-((ecu-(-PM_Angle!$E$17))/($C8-$D8))*$C8 | AK8: =((ecu-(-PM_Angle!$E$17))/($C8-$D8))*COS(RADIANS($B8)) | AL8: =((ecu-(-PM_Angle!$E$17))/($C8-$D8))*SIN(RADIANS($B8)) | AM8: =ecu-((ecu-(-PM_Angle!$E$18))/($C8-$D8))*$C8 | AN8: =((ecu-(-PM_Angle!$E$18))/($C8-$D8))*COS(RADIANS($B8)) | AO8: =((ecu-(-PM_Angle!$E$18))/($C8-$D8))*SIN(RADIANS($B8)) | AP8: =ecu-((ecu-(-PM_Angle!$E$19))/($C8-$D8))*$C8 | AQ8: =((ecu-(-PM_Angle!$E$19))/($C8-$D8))*COS(RADIANS($B8)) | AR8: =((ecu-(-PM_Angle!$E$19))/($C8-$D8))*SIN(RADIANS($B8)) | AS8: =ecu-((ecu-(-PM_Angle!$E$20))/($C8-$D8))*$C8 | AT8: =((ecu-(-PM_Angle!$E$20))/($C8-$D8))*COS(RADIANS($B8)) | AU8: =((ecu-(-PM_Angle!$E$20))/($C8-$D8))*SIN(RADIANS($B8)) | AV8: =ecu-((ecu-(-PM_Angle!$E$21))/($C8-$D8))*$C8 | AW8: =((ecu-(-PM_Angle!$E$21))/($C8-$D8))*COS(RADIANS($B8)) | AX8: =((ecu-(-PM_Angle!$E$21))/($C8-$D8))*SIN(RADIANS($B8)) | AY8: =ecu-((ecu-(-PM_Angle!$E$22))/($C8-$D8))*$C8 | AZ8: =((ecu-(-PM_Angle!$E$22))/($C8-$D8))*COS(RADIANS($B8)) | BA8: =((ecu-(-PM_Angle!$E$22))/($C8-$D8))*SIN(RADIANS($B8)) | BB8: =ecu-((ecu-(-PM_Angle!$E$23))/($C8-$D8))*$C8 | BC8: =((ecu-(-PM_Angle!$E$23))/($C8-$D8))*COS(RADIANS($B8)) | BD8: =((ecu-(-PM_Angle!$E$23))/($C8-$D8))*SIN(RADIANS($B8)) | BE8: =ecu-((ecu-(-PM_Angle!$E$24))/($C8-$D8))*$C8 | BF8: =((ecu-(-PM_Angle!$E$24))/($C8-$D8))*COS(RADIANS($B8)) | BG8: =((ecu-(-PM_Angle!$E$24))/($C8-$D8))*SIN(RADIANS($B8)) | BH8: =etu | BI8: =0*COS(RADIANS($B8)) | BJ8: =0*SIN(RADIANS($B8)) | BK8: =(SUMPRODUCT(alpha*fck*(1-(1-((($F8+$G8*Mesh_Y+$H8*Mesh_X))*(($F8+$G8*Mesh_Y+$H8*Mesh_X)>0)*(($F8+$G8*Mesh_Y+$H8*Mesh_X)<eco)+eco*(($F8+$G8*Mesh_Y+$H8*Mesh_X)>=eco))/eco)^n)*((($F8+$G8*Mesh_Y+$H8*Mesh_X))>0),Mesh_A)+SUMPRODUCT((Es*(($F8+$G8*Geometry!$E$42:$E$59+$H8*Geometry!$D$42:$D$59))*(ABS(Es*(($F8+$G8*Geometry!$E$42:$E$59+$H8*Geometry!$D$42:$D$59)))<=fy)+fy*(Es*(($F8+$G8*Geometry!$E$42:$E$59+$H8*Geometry!$D$42:$D$59))>fy)-fy*(Es*(($F8+$G8*Geometry!$E$42:$E$59+$H8*Geometry!$D$42:$D$59))<-fy)-(alpha*fck*(1-(1-((($F8+$G8*Geometry!$E$42:$E$59+$H8*Geometry!$D$42:$D$59))*(($F8+$G8*Geometry!$E$42:$E$59+$H8*Geometry!$D$42:$D$59)>0)*(($F8+$G8*Geometry!$E$42:$E$59+$H8*Geometry!$D$42:$D$59)<eco)+eco*(($F8+$G8*Geometry!$E$42:$E$59+$H8*Geometry!$D$42:$D$59)>=eco))/eco)^n)*((($F8+$G8*Geometry!$E$42:$E$59+$H8*Geometry!$D$42:$D$59))>0))),Geometry!$F$42:$F$59))/1000 | BL8: =(SUMPRODUCT(alpha*fck*(1-(1-((($I8+$J8*Mesh_Y+$K8*Mesh_X))*(($I8+$J8*Mesh_Y+$K8*Mesh_X)>0)*(($I8+$J8*Mesh_Y+$K8*Mesh_X)<eco)+eco*(($I8+$J8*Mesh_Y+$K8*Mesh_X)>=eco))/eco)^n)*((($I8+$J8*Mesh_Y+$K8*Mesh_X))>0),Mesh_A)+SUMPRODUCT((Es*(($I8+$J8*Geometry!$E$42:$E$59+$K8*Geometry!$D$42:$D$59))*(ABS(Es*(($I8+$J8*Geometry!$E$42:$E$59+$K8*Geometry!$D$42:$D$59)))<=fy)+fy*(Es*(($I8+$J8*Geometry!$E$42:$E$59+$K8*Geometry!$D$42:$D$59))>fy)-fy*(Es*(($I8+$J8*Geometry!$E$42:$E$59+$K8*Geometry!$D$42:$D$59))<-fy)-(alpha*fck*(1-(1-((($I8+$J8*Geometry!$E$42:$E$59+$K8*Geometry!$D$42:$D$59))*(($I8+$J8*Geometry!$E$42:$E$59+$K8*Geometry!$D$42:$D$59)>0)*(($I8+$J8*Geometry!$E$42:$E$59+$K8*Geometry!$D$42:$D$59)<eco)+eco*(($I8+$J8*Geometry!$E$42:$E$59+$K8*Geometry!$D$42:$D$59)>=eco))/eco)^n)*((($I8+$J8*Geometry!$E$42:$E$59+$K8*Geometry!$D$42:$D$59))>0))),Geometry!$F$42:$F$59))/1000 | BM8: =(SUMPRODUCT(alpha*fck*(1-(1-((($L8+$M8*Mesh_Y+$N8*Mesh_X))*(($L8+$M8*Mesh_Y+$N8*Mesh_X)>0)*(($L8+$M8*Mesh_Y+$N8*Mesh_X)<eco)+eco*(($L8+$M8*Mesh_Y+$N8*Mesh_X)>=eco))/eco)^n)*((($L8+$M8*Mesh_Y+$N8*Mesh_X))>0),Mesh_A)+SUMPRODUCT((Es*(($L8+$M8*Geometry!$E$42:$E$59+$N8*Geometry!$D$42:$D$59))*(ABS(Es*(($L8+$M8*Geometry!$E$42:$E$59+$N8*Geometry!$D$42:$D$59)))<=fy)+fy*(Es*(($L8+$M8*Geometry!$E$42:$E$59+$N8*Geometry!$D$42:$D$59))>fy)-fy*(Es*(($L8+$M8*Geometry!$E$42:$E$59+$N8*Geometry!$D$42:$D$59))<-fy)-(alpha*fck*(1-(1-((($L8+$M8*Geometry!$E$42:$E$59+$N8*Geometry!$D$42:$D$59))*(($L8+$M8*Geometry!$E$42:$E$59+$N8*Geometry!$D$42:$D$59)>0)*(($L8+$M8*Geometry!$E$42:$E$59+$N8*Geometry!$D$42:$D$59)<eco)+eco*(($L8+$M8*Geometry!$E$42:$E$59+$N8*Geometry!$D$42:$D$59)>=eco))/eco)^n)*((($L8+$M8*Geometry!$E$42:$E$59+$N8*Geometry!$D$42:$D$59))>0))),Geometry!$F$42:$F$59))/1000 | BN8: =(SUMPRODUCT(alpha*fck*(1-(1-((($O8+$P8*Mesh_Y+$Q8*Mesh_X))*(($O8+$P8*Mesh_Y+$Q8*Mesh_X)>0)*(($O8+$P8*Mesh_Y+$Q8*Mesh_X)<eco)+eco*(($O8+$P8*Mesh_Y+$Q8*Mesh_X)>=eco))/eco)^n)*((($O8+$P8*Mesh_Y+$Q8*Mesh_X))>0),Mesh_A)+SUMPRODUCT((Es*(($O8+$P8*Geometry!$E$42:$E$59+$Q8*Geometry!$D$42:$D$59))*(ABS(Es*(($O8+$P8*Geometry!$E$42:$E$59+$Q8*Geometry!$D$42:$D$59)))<=fy)+fy*(Es*(($O8+$P8*Geometry!$E$42:$E$59+$Q8*Geometry!$D$42:$D$59))>fy)-fy*(Es*(($O8+$P8*Geometry!$E$42:$E$59+$Q8*Geometry!$D$42:$D$59))<-fy)-(alpha*fck*(1-(1-((($O8+$P8*Geometry!$E$42:$E$59+$Q8*Geometry!$D$42:$D$59))*(($O8+$P8*Geometry!$E$42:$E$59+$Q8*Geometry!$D$42:$D$59)>0)*(($O8+$P8*Geometry!$E$42:$E$59+$Q8*Geometry!$D$42:$D$59)<eco)+eco*(($O8+$P8*Geometry!$E$42:$E$59+$Q8*Geometry!$D$42:$D$59)>=eco))/eco)^n)*((($O8+$P8*Geometry!$E$42:$E$59+$Q8*Geometry!$D$42:$D$59))>0))),Geometry!$F$42:$F$59))/1000 | BO8: =(SUMPRODUCT(alpha*fck*(1-(1-((($R8+$S8*Mesh_Y+$T8*Mesh_X))*(($R8+$S8*Mesh_Y+$T8*Mesh_X)>0)*(($R8+$S8*Mesh_Y+$T8*Mesh_X)<eco)+eco*(($R8+$S8*Mesh_Y+$T8*Mesh_X)>=eco))/eco)^n)*((($R8+$S8*Mesh_Y+$T8*Mesh_X))>0),Mesh_A)+SUMPRODUCT((Es*(($R8+$S8*Geometry!$E$42:$E$59+$T8*Geometry!$D$42:$D$59))*(ABS(Es*(($R8+$S8*Geometry!$E$42:$E$59+$T8*Geometry!$D$42:$D$59)))<=fy)+fy*(Es*(($R8+$S8*Geometry!$E$42:$E$59+$T8*Geometry!$D$42:$D$59))>fy)-fy*(Es*(($R8+$S8*Geometry!$E$42:$E$59+$T8*Geometry!$D$42:$D$59))<-fy)-(alpha*fck*(1-(1-((($R8+$S8*Geometry!$E$42:$E$59+$T8*Geometry!$D$42:$D$59))*(($R8+$S8*Geometry!$E$42:$E$59+$T8*Geometry!$D$42:$D$59)>0)*(($R8+$S8*Geometry!$E$42:$E$59+$T8*Geometry!$D$42:$D$59)<eco)+eco*(($R8+$S8*Geometry!$E$42:$E$59+$T8*Geometry!$D$42:$D$59)>=eco))/eco)^n)*((($R8+$S8*Geometry!$E$42:$E$59+$T8*Geometry!$D$42:$D$59))>0))),Geometry!$F$42:$F$59))/1000 | BP8: =(SUMPRODUCT(alpha*fck*(1-(1-((($U8+$V8*Mesh_Y+$W8*Mesh_X))*(($U8+$V8*Mesh_Y+$W8*Mesh_X)>0)*(($U8+$V8*Mesh_Y+$W8*Mesh_X)<eco)+eco*(($U8+$V8*Mesh_Y+$W8*Mesh_X)>=eco))/eco)^n)*((($U8+$V8*Mesh_Y+$W8*Mesh_X))>0),Mesh_A)+SUMPRODUCT((Es*(($U8+$V8*Geometry!$E$42:$E$59+$W8*Geometry!$D$42:$D$59))*(ABS(Es*(($U8+$V8*Geometry!$E$42:$E$59+$W8*Geometry!$D$42:$D$59)))<=fy)+fy*(Es*(($U8+$V8*Geometry!$E$42:$E$59+$W8*Geometry!$D$42:$D$59))>fy)-fy*(Es*(($U8+$V8*Geometry!$E$42:$E$59+$W8*Geometry!$D$42:$D$59))<-fy)-(alpha*fck*(1-(1-((($U8+$V8*Geometry!$E$42:$E$59+$W8*Geometry!$D$42:$D$59))*(($U8+$V8*Geometry!$E$42:$E$59+$W8*Geometry!$D$42:$D$59)>0)*(($U8+$V8*Geometry!$E$42:$E$59+$W8*Geometry!$D$42:$D$59)<eco)+eco*(($U8+$V8*Geometry!$E$42:$E$59+$W8*Geometry!$D$42:$D$59)>=eco))/eco)^n)*((($U8+$V8*Geometry!$E$42:$E$59+$W8*Geometry!$D$42:$D$59))>0))),Geometry!$F$42:$F$59))/1000 | BQ8: =(SUMPRODUCT(alpha*fck*(1-(1-((($X8+$Y8*Mesh_Y+$Z8*Mesh_X))*(($X8+$Y8*Mesh_Y+$Z8*Mesh_X)>0)*(($X8+$Y8*Mesh_Y+$Z8*Mesh_X)<eco)+eco*(($X8+$Y8*Mesh_Y+$Z8*Mesh_X)>=eco))/eco)^n)*((($X8+$Y8*Mesh_Y+$Z8*Mesh_X))>0),Mesh_A)+SUMPRODUCT((Es*(($X8+$Y8*Geometry!$E$42:$E$59+$Z8*Geometry!$D$42:$D$59))*(ABS(Es*(($X8+$Y8*Geometry!$E$42:$E$59+$Z8*Geometry!$D$42:$D$59)))<=fy)+fy*(Es*(($X8+$Y8*Geometry!$E$42:$E$59+$Z8*Geometry!$D$42:$D$59))>fy)-fy*(Es*(($X8+$Y8*Geometry!$E$42:$E$59+$Z8*Geometry!$D$42:$D$59))<-fy)-(alpha*fck*(1-(1-((($X8+$Y8*Geometry!$E$42:$E$59+$Z8*Geometry!$D$42:$D$59))*(($X8+$Y8*Geometry!$E$42:$E$59+$Z8*Geometry!$D$42:$D$59)>0)*(($X8+$Y8*Geometry!$E$42:$E$59+$Z8*Geometry!$D$42:$D$59)<eco)+eco*(($X8+$Y8*Geometry!$E$42:$E$59+$Z8*Geometry!$D$42:$D$59)>=eco))/eco)^n)*((($X8+$Y8*Geometry!$E$42:$E$59+$Z8*Geometry!$D$42:$D$59))>0))),Geometry!$F$42:$F$59))/1000 | BR8: =(SUMPRODUCT(alpha*fck*(1-(1-((($AA8+$AB8*Mesh_Y+$AC8*Mesh_X))*(($AA8+$AB8*Mesh_Y+$AC8*Mesh_X)>0)*(($AA8+$AB8*Mesh_Y+$AC8*Mesh_X)<eco)+eco*(($AA8+$AB8*Mesh_Y+$AC8*Mesh_X)>=eco))/eco)^n)*((($AA8+$AB8*Mesh_Y+$AC8*Mesh_X))>0),Mesh_A)+SUMPRODUCT((Es*(($AA8+$AB8*Geometry!$E$42:$E$59+$AC8*Geometry!$D$42:$D$59))*(ABS(Es*(($AA8+$AB8*Geometry!$E$42:$E$59+$AC8*Geometry!$D$42:$D$59)))<=fy)+fy*(Es*(($AA8+$AB8*Geometry!$E$42:$E$59+$AC8*Geometry!$D$42:$D$59))>fy)-fy*(Es*(($AA8+$AB8*Geometry!$E$42:$E$59+$AC8*Geometry!$D$42:$D$59))<-fy)-(alpha*fck*(1-(1-((($AA8+$AB8*Geometry!$E$42:$E$59+$AC8*Geometry!$D$42:$D$59))*(($AA8+$AB8*Geometry!$E$42:$E$59+$AC8*Geometry!$D$42:$D$59)>0)*(($AA8+$AB8*Geometry!$E$42:$E$59+$AC8*Geometry!$D$42:$D$59)<eco)+eco*(($AA8+$AB8*Geometry!$E$42:$E$59+$AC8*Geometry!$D$42:$D$59)>=eco))/eco)^n)*((($AA8+$AB8*Geometry!$E$42:$E$59+$AC8*Geometry!$D$42:$D$59))>0))),Geometry!$F$42:$F$59))/1000 | BS8: =(SUMPRODUCT(alpha*fck*(1-(1-((($AD8+$AE8*Mesh_Y+$AF8*Mesh_X))*(($AD8+$AE8*Mesh_Y+$AF8*Mesh_X)>0)*(($AD8+$AE8*Mesh_Y+$AF8*Mesh_X)<eco)+eco*(($AD8+$AE8*Mesh_Y+$AF8*Mesh_X)>=eco))/eco)^n)*((($AD8+$AE8*Mesh_Y+$AF8*Mesh_X))>0),Mesh_A)+SUMPRODUCT((Es*(($AD8+$AE8*Geometry!$E$42:$E$59+$AF8*Geometry!$D$42:$D$59))*(ABS(Es*(($AD8+$AE8*Geometry!$E$42:$E$59+$AF8*Geometry!$D$42:$D$59)))<=fy)+fy*(Es*(($AD8+$AE8*Geometry!$E$42:$E$59+$AF8*Geometry!$D$42:$D$59))>fy)-fy*(Es*(($AD8+$AE8*Geometry!$E$42:$E$59+$AF8*Geometry!$D$42:$D$59))<-fy)-(alpha*fck*(1-(1-((($AD8+$AE8*Geometry!$E$42:$E$59+$AF8*Geometry!$D$42:$D$59))*(($AD8+$AE8*Geometry!$E$42:$E$59+$AF8*Geometry!$D$42:$D$59)>0)*(($AD8+$AE8*Geometry!$E$42:$E$59+$AF8*Geometry!$D$42:$D$59)<eco)+eco*(($AD8+$AE8*Geometry!$E$42:$E$59+$AF8*Geometry!$D$42:$D$59)>=eco))/eco)^n)*((($AD8+$AE8*Geometry!$E$42:$E$59+$AF8*Geometry!$D$42:$D$59))>0))),Geometry!$F$42:$F$59))/1000 | BT8: =(SUMPRODUCT(alpha*fck*(1-(1-((($AG8+$AH8*Mesh_Y+$AI8*Mesh_X))*(($AG8+$AH8*Mesh_Y+$AI8*Mesh_X)>0)*(($AG8+$AH8*Mesh_Y+$AI8*Mesh_X)<eco)+eco*(($AG8+$AH8*Mesh_Y+$AI8*Mesh_X)>=eco))/eco)^n)*((($AG8+$AH8*Mesh_Y+$AI8*Mesh_X))>0),Mesh_A)+SUMPRODUCT((Es*(($AG8+$AH8*Geometry!$E$42:$E$59+$AI8*Geometry!$D$42:$D$59))*(ABS(Es*(($AG8+$AH8*Geometry!$E$42:$E$59+$AI8*Geometry!$D$42:$D$59)))<=fy)+fy*(Es*(($AG8+$AH8*Geometry!$E$42:$E$59+$AI8*Geometry!$D$42:$D$59))>fy)-fy*(Es*(($AG8+$AH8*Geometry!$E$42:$E$59+$AI8*Geometry!$D$42:$D$59))<-fy)-(alpha*fck*(1-(1-((($AG8+$AH8*Geometry!$E$42:$E$59+$AI8*Geometry!$D$42:$D$59))*(($AG8+$AH8*Geometry!$E$42:$E$59+$AI8*Geometry!$D$42:$D$59)>0)*(($AG8+$AH8*Geometry!$E$42:$E$59+$AI8*Geometry!$D$42:$D$59)<eco)+eco*(($AG8+$AH8*Geometry!$E$42:$E$59+$AI8*Geometry!$D$42:$D$59)>=eco))/eco)^n)*((($AG8+$AH8*Geometry!$E$42:$E$59+$AI8*Geometry!$D$42:$D$59))>0))),Geometry!$F$42:$F$59))/1000 | BU8: =(SUMPRODUCT(alpha*fck*(1-(1-((($AJ8+$AK8*Mesh_Y+$AL8*Mesh_X))*(($AJ8+$AK8*Mesh_Y+$AL8*Mesh_X)>0)*(($AJ8+$AK8*Mesh_Y+$AL8*Mesh_X)<eco)+eco*(($AJ8+$AK8*Mesh_Y+$AL8*Mesh_X)>=eco))/eco)^n)*((($AJ8+$AK8*Mesh_Y+$AL8*Mesh_X))>0),Mesh_A)+SUMPRODUCT((Es*(($AJ8+$AK8*Geometry!$E$42:$E$59+$AL8*Geometry!$D$42:$D$59))*(ABS(Es*(($AJ8+$AK8*Geometry!$E$42:$E$59+$AL8*Geometry!$D$42:$D$59)))<=fy)+fy*(Es*(($AJ8+$AK8*Geometry!$E$42:$E$59+$AL8*Geometry!$D$42:$D$59))>fy)-fy*(Es*(($AJ8+$AK8*Geometry!$E$42:$E$59+$AL8*Geometry!$D$42:$D$59))<-fy)-(alpha*fck*(1-(1-((($AJ8+$AK8*Geometry!$E$42:$E$59+$AL8*Geometry!$D$42:$D$59))*(($AJ8+$AK8*Geometry!$E$42:$E$59+$AL8*Geometry!$D$42:$D$59)>0)*(($AJ8+$AK8*Geometry!$E$42:$E$59+$AL8*Geometry!$D$42:$D$59)<eco)+eco*(($AJ8+$AK8*Geometry!$E$42:$E$59+$AL8*Geometry!$D$42:$D$59)>=eco))/eco)^n)*((($AJ8+$AK8*Geometry!$E$42:$E$59+$AL8*Geometry!$D$42:$D$59))>0))),Geometry!$F$42:$F$59))/1000 | BV8: =(SUMPRODUCT(alpha*fck*(1-(1-((($AM8+$AN8*Mesh_Y+$AO8*Mesh_X))*(($AM8+$AN8*Mesh_Y+$AO8*Mesh_X)>0)*(($AM8+$AN8*Mesh_Y+$AO8*Mesh_X)<eco)+eco*(($AM8+$AN8*Mesh_Y+$AO8*Mesh_X)>=eco))/eco)^n)*((($AM8+$AN8*Mesh_Y+$AO8*Mesh_X))>0),Mesh_A)+SUMPRODUCT((Es*(($AM8+$AN8*Geometry!$E$42:$E$59+$AO8*Geometry!$D$42:$D$59))*(ABS(Es*(($AM8+$AN8*Geometry!$E$42:$E$59+$AO8*Geometry!$D$42:$D$59)))<=fy)+fy*(Es*(($AM8+$AN8*Geometry!$E$42:$E$59+$AO8*Geometry!$D$42:$D$59))>fy)-fy*(Es*(($AM8+$AN8*Geometry!$E$42:$E$59+$AO8*Geometry!$D$42:$D$59))<-fy)-(alpha*fck*(1-(1-((($AM8+$AN8*Geometry!$E$42:$E$59+$AO8*Geometry!$D$42:$D$59))*(($AM8+$AN8*Geometry!$E$42:$E$59+$AO8*Geometry!$D$42:$D$59)>0)*(($AM8+$AN8*Geometry!$E$42:$E$59+$AO8*Geometry!$D$42:$D$59)<eco)+eco*(($AM8+$AN8*Geometry!$E$42:$E$59+$AO8*Geometry!$D$42:$D$59)>=eco))/eco)^n)*((($AM8+$AN8*Geometry!$E$42:$E$59+$AO8*Geometry!$D$42:$D$59))>0))),Geometry!$F$42:$F$59))/1000 | BW8: =(SUMPRODUCT(alpha*fck*(1-(1-((($AP8+$AQ8*Mesh_Y+$AR8*Mesh_X))*(($AP8+$AQ8*Mesh_Y+$AR8*Mesh_X)>0)*(($AP8+$AQ8*Mesh_Y+$AR8*Mesh_X)<eco)+eco*(($AP8+$AQ8*Mesh_Y+$AR8*Mesh_X)>=eco))/eco)^n)*((($AP8+$AQ8*Mesh_Y+$AR8*Mesh_X))>0),Mesh_A)+SUMPRODUCT((Es*(($AP8+$AQ8*Geometry!$E$42:$E$59+$AR8*Geometry!$D$42:$D$59))*(ABS(Es*(($AP8+$AQ8*Geometry!$E$42:$E$59+$AR8*Geometry!$D$42:$D$59)))<=fy)+fy*(Es*(($AP8+$AQ8*Geometry!$E$42:$E$59+$AR8*Geometry!$D$42:$D$59))>fy)-fy*(Es*(($AP8+$AQ8*Geometry!$E$42:$E$59+$AR8*Geometry!$D$42:$D$59))<-fy)-(alpha*fck*(1-(1-((($AP8+$AQ8*Geometry!$E$42:$E$59+$AR8*Geometry!$D$42:$D$59))*(($AP8+$AQ8*Geometry!$E$42:$E$59+$AR8*Geometry!$D$42:$D$59)>0)*(($AP8+$AQ8*Geometry!$E$42:$E$59+$AR8*Geometry!$D$42:$D$59)<eco)+eco*(($AP8+$AQ8*Geometry!$E$42:$E$59+$AR8*Geometry!$D$42:$D$59)>=eco))/eco)^n)*((($AP8+$AQ8*Geometry!$E$42:$E$59+$AR8*Geometry!$D$42:$D$59))>0))),Geometry!$F$42:$F$59))/1000 | BX8: =(SUMPRODUCT(alpha*fck*(1-(1-((($AS8+$AT8*Mesh_Y+$AU8*Mesh_X))*(($AS8+$AT8*Mesh_Y+$AU8*Mesh_X)>0)*(($AS8+$AT8*Mesh_Y+$AU8*Mesh_X)<eco)+eco*(($AS8+$AT8*Mesh_Y+$AU8*Mesh_X)>=eco))/eco)^n)*((($AS8+$AT8*Mesh_Y+$AU8*Mesh_X))>0),Mesh_A)+SUMPRODUCT((Es*(($AS8+$AT8*Geometry!$E$42:$E$59+$AU8*Geometry!$D$42:$D$59))*(ABS(Es*(($AS8+$AT8*Geometry!$E$42:$E$59+$AU8*Geometry!$D$42:$D$59)))<=fy)+fy*(Es*(($AS8+$AT8*Geometry!$E$42:$E$59+$AU8*Geometry!$D$42:$D$59))>fy)-fy*(Es*(($AS8+$AT8*Geometry!$E$42:$E$59+$AU8*Geometry!$D$42:$D$59))<-fy)-(alpha*fck*(1-(1-((($AS8+$AT8*Geometry!$E$42:$E$59+$AU8*Geometry!$D$42:$D$59))*(($AS8+$AT8*Geometry!$E$42:$E$59+$AU8*Geometry!$D$42:$D$59)>0)*(($AS8+$AT8*Geometry!$E$42:$E$59+$AU8*Geometry!$D$42:$D$59)<eco)+eco*(($AS8+$AT8*Geometry!$E$42:$E$59+$AU8*Geometry!$D$42:$D$59)>=eco))/eco)^n)*((($AS8+$AT8*Geometry!$E$42:$E$59+$AU8*Geometry!$D$42:$D$59))>0))),Geometry!$F$42:$F$59))/1000 | BY8: =(SUMPRODUCT(alpha*fck*(1-(1-((($AV8+$AW8*Mesh_Y+$AX8*Mesh_X))*(($AV8+$AW8*Mesh_Y+$AX8*Mesh_X)>0)*(($AV8+$AW8*Mesh_Y+$AX8*Mesh_X)<eco)+eco*(($AV8+$AW8*Mesh_Y+$AX8*Mesh_X)>=eco))/eco)^n)*((($AV8+$AW8*Mesh_Y+$AX8*Mesh_X))>0),Mesh_A)+SUMPRODUCT((Es*(($AV8+$AW8*Geometry!$E$42:$E$59+$AX8*Geometry!$D$42:$D$59))*(ABS(Es*(($AV8+$AW8*Geometry!$E$42:$E$59+$AX8*Geometry!$D$42:$D$59)))<=fy)+fy*(Es*(($AV8+$AW8*Geometry!$E$42:$E$59+$AX8*Geometry!$D$42:$D$59))>fy)-fy*(Es*(($AV8+$AW8*Geometry!$E$42:$E$59+$AX8*Geometry!$D$42:$D$59))<-fy)-(alpha*fck*(1-(1-((($AV8+$AW8*Geometry!$E$42:$E$59+$AX8*Geometry!$D$42:$D$59))*(($AV8+$AW8*Geometry!$E$42:$E$59+$AX8*Geometry!$D$42:$D$59)>0)*(($AV8+$AW8*Geometry!$E$42:$E$59+$AX8*Geometry!$D$42:$D$59)<eco)+eco*(($AV8+$AW8*Geometry!$E$42:$E$59+$AX8*Geometry!$D$42:$D$59)>=eco))/eco)^n)*((($AV8+$AW8*Geometry!$E$42:$E$59+$AX8*Geometry!$D$42:$D$59))>0))),Geometry!$F$42:$F$59))/1000 | BZ8: =(SUMPRODUCT(alpha*fck*(1-(1-((($AY8+$AZ8*Mesh_Y+$BA8*Mesh_X))*(($AY8+$AZ8*Mesh_Y+$BA8*Mesh_X)>0)*(($AY8+$AZ8*Mesh_Y+$BA8*Mesh_X)<eco)+eco*(($AY8+$AZ8*Mesh_Y+$BA8*Mesh_X)>=eco))/eco)^n)*((($AY8+$AZ8*Mesh_Y+$BA8*Mesh_X))>0),Mesh_A)+SUMPRODUCT((Es*(($AY8+$AZ8*Geometry!$E$42:$E$59+$BA8*Geometry!$D$42:$D$59))*(ABS(Es*(($AY8+$AZ8*Geometry!$E$42:$E$59+$BA8*Geometry!$D$42:$D$59)))<=fy)+fy*(Es*(($AY8+$AZ8*Geometry!$E$42:$E$59+$BA8*Geometry!$D$42:$D$59))>fy)-fy*(Es*(($AY8+$AZ8*Geometry!$E$42:$E$59+$BA8*Geometry!$D$42:$D$59))<-fy)-(alpha*fck*(1-(1-((($AY8+$AZ8*Geometry!$E$42:$E$59+$BA8*Geometry!$D$42:$D$59))*(($AY8+$AZ8*Geometry!$E$42:$E$59+$BA8*Geometry!$D$42:$D$59)>0)*(($AY8+$AZ8*Geometry!$E$42:$E$59+$BA8*Geometry!$D$42:$D$59)<eco)+eco*(($AY8+$AZ8*Geometry!$E$42:$E$59+$BA8*Geometry!$D$42:$D$59)>=eco))/eco)^n)*((($AY8+$AZ8*Geometry!$E$42:$E$59+$BA8*Geometry!$D$42:$D$59))>0))),Geometry!$F$42:$F$59))/1000 | CA8: =(SUMPRODUCT(alpha*fck*(1-(1-((($BB8+$BC8*Mesh_Y+$BD8*Mesh_X))*(($BB8+$BC8*Mesh_Y+$BD8*Mesh_X)>0)*(($BB8+$BC8*Mesh_Y+$BD8*Mesh_X)<eco)+eco*(($BB8+$BC8*Mesh_Y+$BD8*Mesh_X)>=eco))/eco)^n)*((($BB8+$BC8*Mesh_Y+$BD8*Mesh_X))>0),Mesh_A)+SUMPRODUCT((Es*(($BB8+$BC8*Geometry!$E$42:$E$59+$BD8*Geometry!$D$42:$D$59))*(ABS(Es*(($BB8+$BC8*Geometry!$E$42:$E$59+$BD8*Geometry!$D$42:$D$59)))<=fy)+fy*(Es*(($BB8+$BC8*Geometry!$E$42:$E$59+$BD8*Geometry!$D$42:$D$59))>fy)-fy*(Es*(($BB8+$BC8*Geometry!$E$42:$E$59+$BD8*Geometry!$D$42:$D$59))<-fy)-(alpha*fck*(1-(1-((($BB8+$BC8*Geometry!$E$42:$E$59+$BD8*Geometry!$D$42:$D$59))*(($BB8+$BC8*Geometry!$E$42:$E$59+$BD8*Geometry!$D$42:$D$59)>0)*(($BB8+$BC8*Geometry!$E$42:$E$59+$BD8*Geometry!$D$42:$D$59)<eco)+eco*(($BB8+$BC8*Geometry!$E$42:$E$59+$BD8*Geometry!$D$42:$D$59)>=eco))/eco)^n)*((($BB8+$BC8*Geometry!$E$42:$E$59+$BD8*Geometry!$D$42:$D$59))>0))),Geometry!$F$42:$F$59))/1000 | CB8: =(SUMPRODUCT(alpha*fck*(1-(1-((($BE8+$BF8*Mesh_Y+$BG8*Mesh_X))*(($BE8+$BF8*Mesh_Y+$BG8*Mesh_X)>0)*(($BE8+$BF8*Mesh_Y+$BG8*Mesh_X)<eco)+eco*(($BE8+$BF8*Mesh_Y+$BG8*Mesh_X)>=eco))/eco)^n)*((($BE8+$BF8*Mesh_Y+$BG8*Mesh_X))>0),Mesh_A)+SUMPRODUCT((Es*(($BE8+$BF8*Geometry!$E$42:$E$59+$BG8*Geometry!$D$42:$D$59))*(ABS(Es*(($BE8+$BF8*Geometry!$E$42:$E$59+$BG8*Geometry!$D$42:$D$59)))<=fy)+fy*(Es*(($BE8+$BF8*Geometry!$E$42:$E$59+$BG8*Geometry!$D$42:$D$59))>fy)-fy*(Es*(($BE8+$BF8*Geometry!$E$42:$E$59+$BG8*Geometry!$D$42:$D$59))<-fy)-(alpha*fck*(1-(1-((($BE8+$BF8*Geometry!$E$42:$E$59+$BG8*Geometry!$D$42:$D$59))*(($BE8+$BF8*Geometry!$E$42:$E$59+$BG8*Geometry!$D$42:$D$59)>0)*(($BE8+$BF8*Geometry!$E$42:$E$59+$BG8*Geometry!$D$42:$D$59)<eco)+eco*(($BE8+$BF8*Geometry!$E$42:$E$59+$BG8*Geometry!$D$42:$D$59)>=eco))/eco)^n)*((($BE8+$BF8*Geometry!$E$42:$E$59+$BG8*Geometry!$D$42:$D$59))>0))),Geometry!$F$42:$F$59))/1000 | CC8: =(SUMPRODUCT(alpha*fck*(1-(1-((($BH8+$BI8*Mesh_Y+$BJ8*Mesh_X))*(($BH8+$BI8*Mesh_Y+$BJ8*Mesh_X)>0)*(($BH8+$BI8*Mesh_Y+$BJ8*Mesh_X)<eco)+eco*(($BH8+$BI8*Mesh_Y+$BJ8*Mesh_X)>=eco))/eco)^n)*((($BH8+$BI8*Mesh_Y+$BJ8*Mesh_X))>0),Mesh_A)+SUMPRODUCT((Es*(($BH8+$BI8*Geometry!$E$42:$E$59+$BJ8*Geometry!$D$42:$D$59))*(ABS(Es*(($BH8+$BI8*Geometry!$E$42:$E$59+$BJ8*Geometry!$D$42:$D$59)))<=fy)+fy*(Es*(($BH8+$BI8*Geometry!$E$42:$E$59+$BJ8*Geometry!$D$42:$D$59))>fy)-fy*(Es*(($BH8+$BI8*Geometry!$E$42:$E$59+$BJ8*Geometry!$D$42:$D$59))<-fy)-(alpha*fck*(1-(1-((($BH8+$BI8*Geometry!$E$42:$E$59+$BJ8*Geometry!$D$42:$D$59))*(($BH8+$BI8*Geometry!$E$42:$E$59+$BJ8*Geometry!$D$42:$D$59)>0)*(($BH8+$BI8*Geometry!$E$42:$E$59+$BJ8*Geometry!$D$42:$D$59)<eco)+eco*(($BH8+$BI8*Geometry!$E$42:$E$59+$BJ8*Geometry!$D$42:$D$59)>=eco))/eco)^n)*((($BH8+$BI8*Geometry!$E$42:$E$59+$BJ8*Geometry!$D$42:$D$59))>0))),Geometry!$F$42:$F$59))/1000 | CD8: =(SUMPRODUCT(alpha*fck*(1-(1-((($F8+$G8*Mesh_Y+$H8*Mesh_X))*(($F8+$G8*Mesh_Y+$H8*Mesh_X)>0)*(($F8+$G8*Mesh_Y+$H8*Mesh_X)<eco)+eco*(($F8+$G8*Mesh_Y+$H8*Mesh_X)>=eco))/eco)^n)*((($F8+$G8*Mesh_Y+$H8*Mesh_X))>0),Mesh_A,Mesh_Y)+SUMPRODUCT((Es*(($F8+$G8*Geometry!$E$42:$E$59+$H8*Geometry!$D$42:$D$59))*(ABS(Es*(($F8+$G8*Geometry!$E$42:$E$59+$H8*Geometry!$D$42:$D$59)))<=fy)+fy*(Es*(($F8+$G8*Geometry!$E$42:$E$59+$H8*Geometry!$D$42:$D$59))>fy)-fy*(Es*(($F8+$G8*Geometry!$E$42:$E$59+$H8*Geometry!$D$42:$D$59))<-fy)-(alpha*fck*(1-(1-((($F8+$G8*Geometry!$E$42:$E$59+$H8*Geometry!$D$42:$D$59))*(($F8+$G8*Geometry!$E$42:$E$59+$H8*Geometry!$D$42:$D$59)>0)*(($F8+$G8*Geometry!$E$42:$E$59+$H8*Geometry!$D$42:$D$59)<eco)+eco*(($F8+$G8*Geometry!$E$42:$E$59+$H8*Geometry!$D$42:$D$59)>=eco))/eco)^n)*((($F8+$G8*Geometry!$E$42:$E$59+$H8*Geometry!$D$42:$D$59))>0))),Geometry!$F$42:$F$59,Geometry!$E$42:$E$59))/1000000 | CE8: =(SUMPRODUCT(alpha*fck*(1-(1-((($I8+$J8*Mesh_Y+$K8*Mesh_X))*(($I8+$J8*Mesh_Y+$K8*Mesh_X)>0)*(($I8+$J8*Mesh_Y+$K8*Mesh_X)<eco)+eco*(($I8+$J8*Mesh_Y+$K8*Mesh_X)>=eco))/eco)^n)*((($I8+$J8*Mesh_Y+$K8*Mesh_X))>0),Mesh_A,Mesh_Y)+SUMPRODUCT((Es*(($I8+$J8*Geometry!$E$42:$E$59+$K8*Geometry!$D$42:$D$59))*(ABS(Es*(($I8+$J8*Geometry!$E$42:$E$59+$K8*Geometry!$D$42:$D$59)))<=fy)+fy*(Es*(($I8+$J8*Geometry!$E$42:$E$59+$K8*Geometry!$D$42:$D$59))>fy)-fy*(Es*(($I8+$J8*Geometry!$E$42:$E$59+$K8*Geometry!$D$42:$D$59))<-fy)-(alpha*fck*(1-(1-((($I8+$J8*Geometry!$E$42:$E$59+$K8*Geometry!$D$42:$D$59))*(($I8+$J8*Geometry!$E$42:$E$59+$K8*Geometry!$D$42:$D$59)>0)*(($I8+$J8*Geometry!$E$42:$E$59+$K8*Geometry!$D$42:$D$59)<eco)+eco*(($I8+$J8*Geometry!$E$42:$E$59+$K8*Geometry!$D$42:$D$59)>=eco))/eco)^n)*((($I8+$J8*Geometry!$E$42:$E$59+$K8*Geometry!$D$42:$D$59))>0))),Geometry!$F$42:$F$59,Geometry!$E$42:$E$59))/1000000 | CF8: =(SUMPRODUCT(alpha*fck*(1-(1-((($L8+$M8*Mesh_Y+$N8*Mesh_X))*(($L8+$M8*Mesh_Y+$N8*Mesh_X)>0)*(($L8+$M8*Mesh_Y+$N8*Mesh_X)<eco)+eco*(($L8+$M8*Mesh_Y+$N8*Mesh_X)>=eco))/eco)^n)*((($L8+$M8*Mesh_Y+$N8*Mesh_X))>0),Mesh_A,Mesh_Y)+SUMPRODUCT((Es*(($L8+$M8*Geometry!$E$42:$E$59+$N8*Geometry!$D$42:$D$59))*(ABS(Es*(($L8+$M8*Geometry!$E$42:$E$59+$N8*Geometry!$D$42:$D$59)))<=fy)+fy*(Es*(($L8+$M8*Geometry!$E$42:$E$59+$N8*Geometry!$D$42:$D$59))>fy)-fy*(Es*(($L8+$M8*Geometry!$E$42:$E$59+$N8*Geometry!$D$42:$D$59))<-fy)-(alpha*fck*(1-(1-((($L8+$M8*Geometry!$E$42:$E$59+$N8*Geometry!$D$42:$D$59))*(($L8+$M8*Geometry!$E$42:$E$59+$N8*Geometry!$D$42:$D$59)>0)*(($L8+$M8*Geometry!$E$42:$E$59+$N8*Geometry!$D$42:$D$59)<eco)+eco*(($L8+$M8*Geometry!$E$42:$E$59+$N8*Geometry!$D$42:$D$59)>=eco))/eco)^n)*((($L8+$M8*Geometry!$E$42:$E$59+$N8*Geometry!$D$42:$D$59))>0))),Geometry!$F$42:$F$59,Geometry!$E$42:$E$59))/1000000 | CG8: =(SUMPRODUCT(alpha*fck*(1-(1-((($O8+$P8*Mesh_Y+$Q8*Mesh_X))*(($O8+$P8*Mesh_Y+$Q8*Mesh_X)>0)*(($O8+$P8*Mesh_Y+$Q8*Mesh_X)<eco)+eco*(($O8+$P8*Mesh_Y+$Q8*Mesh_X)>=eco))/eco)^n)*((($O8+$P8*Mesh_Y+$Q8*Mesh_X))>0),Mesh_A,Mesh_Y)+SUMPRODUCT((Es*(($O8+$P8*Geometry!$E$42:$E$59+$Q8*Geometry!$D$42:$D$59))*(ABS(Es*(($O8+$P8*Geometry!$E$42:$E$59+$Q8*Geometry!$D$42:$D$59)))<=fy)+fy*(Es*(($O8+$P8*Geometry!$E$42:$E$59+$Q8*Geometry!$D$42:$D$59))>fy)-fy*(Es*(($O8+$P8*Geometry!$E$42:$E$59+$Q8*Geometry!$D$42:$D$59))<-fy)-(alpha*fck*(1-(1-((($O8+$P8*Geometry!$E$42:$E$59+$Q8*Geometry!$D$42:$D$59))*(($O8+$P8*Geometry!$E$42:$E$59+$Q8*Geometry!$D$42:$D$59)>0)*(($O8+$P8*Geometry!$E$42:$E$59+$Q8*Geometry!$D$42:$D$59)<eco)+eco*(($O8+$P8*Geometry!$E$42:$E$59+$Q8*Geometry!$D$42:$D$59)>=eco))/eco)^n)*((($O8+$P8*Geometry!$E$42:$E$59+$Q8*Geometry!$D$42:$D$59))>0))),Geometry!$F$42:$F$59,Geometry!$E$42:$E$59))/1000000 | CH8: =(SUMPRODUCT(alpha*fck*(1-(1-((($R8+$S8*Mesh_Y+$T8*Mesh_X))*(($R8+$S8*Mesh_Y+$T8*Mesh_X)>0)*(($R8+$S8*Mesh_Y+$T8*Mesh_X)<eco)+eco*(($R8+$S8*Mesh_Y+$T8*Mesh_X)>=eco))/eco)^n)*((($R8+$S8*Mesh_Y+$T8*Mesh_X))>0),Mesh_A,Mesh_Y)+SUMPRODUCT((Es*(($R8+$S8*Geometry!$E$42:$E$59+$T8*Geometry!$D$42:$D$59))*(ABS(Es*(($R8+$S8*Geometry!$E$42:$E$59+$T8*Geometry!$D$42:$D$59)))<=fy)+fy*(Es*(($R8+$S8*Geometry!$E$42:$E$59+$T8*Geometry!$D$42:$D$59))>fy)-fy*(Es*(($R8+$S8*Geometry!$E$42:$E$59+$T8*Geometry!$D$42:$D$59))<-fy)-(alpha*fck*(1-(1-((($R8+$S8*Geometry!$E$42:$E$59+$T8*Geometry!$D$42:$D$59))*(($R8+$S8*Geometry!$E$42:$E$59+$T8*Geometry!$D$42:$D$59)>0)*(($R8+$S8*Geometry!$E$42:$E$59+$T8*Geometry!$D$42:$D$59)<eco)+eco*(($R8+$S8*Geometry!$E$42:$E$59+$T8*Geometry!$D$42:$D$59)>=eco))/eco)^n)*((($R8+$S8*Geometry!$E$42:$E$59+$T8*Geometry!$D$42:$D$59))>0))),Geometry!$F$42:$F$59,Geometry!$E$42:$E$59))/1000000 | CI8: =(SUMPRODUCT(alpha*fck*(1-(1-((($U8+$V8*Mesh_Y+$W8*Mesh_X))*(($U8+$V8*Mesh_Y+$W8*Mesh_X)>0)*(($U8+$V8*Mesh_Y+$W8*Mesh_X)<eco)+eco*(($U8+$V8*Mesh_Y+$W8*Mesh_X)>=eco))/eco)^n)*((($U8+$V8*Mesh_Y+$W8*Mesh_X))>0),Mesh_A,Mesh_Y)+SUMPRODUCT((Es*(($U8+$V8*Geometry!$E$42:$E$59+$W8*Geometry!$D$42:$D$59))*(ABS(Es*(($U8+$V8*Geometry!$E$42:$E$59+$W8*Geometry!$D$42:$D$59)))<=fy)+fy*(Es*(($U8+$V8*Geometry!$E$42:$E$59+$W8*Geometry!$D$42:$D$59))>fy)-fy*(Es*(($U8+$V8*Geometry!$E$42:$E$59+$W8*Geometry!$D$42:$D$59))<-fy)-(alpha*fck*(1-(1-((($U8+$V8*Geometry!$E$42:$E$59+$W8*Geometry!$D$42:$D$59))*(($U8+$V8*Geometry!$E$42:$E$59+$W8*Geometry!$D$42:$D$59)>0)*(($U8+$V8*Geometry!$E$42:$E$59+$W8*Geometry!$D$42:$D$59)<eco)+eco*(($U8+$V8*Geometry!$E$42:$E$59+$W8*Geometry!$D$42:$D$59)>=eco))/eco)^n)*((($U8+$V8*Geometry!$E$42:$E$59+$W8*Geometry!$D$42:$D$59))>0))),Geometry!$F$42:$F$59,Geometry!$E$42:$E$59))/1000000 | CJ8: =(SUMPRODUCT(alpha*fck*(1-(1-((($X8+$Y8*Mesh_Y+$Z8*Mesh_X))*(($X8+$Y8*Mesh_Y+$Z8*Mesh_X)>0)*(($X8+$Y8*Mesh_Y+$Z8*Mesh_X)<eco)+eco*(($X8+$Y8*Mesh_Y+$Z8*Mesh_X)>=eco))/eco)^n)*((($X8+$Y8*Mesh_Y+$Z8*Mesh_X))>0),Mesh_A,Mesh_Y)+SUMPRODUCT((Es*(($X8+$Y8*Geometry!$E$42:$E$59+$Z8*Geometry!$D$42:$D$59))*(ABS(Es*(($X8+$Y8*Geometry!$E$42:$E$59+$Z8*Geometry!$D$42:$D$59)))<=fy)+fy*(Es*(($X8+$Y8*Geometry!$E$42:$E$59+$Z8*Geometry!$D$42:$D$59))>fy)-fy*(Es*(($X8+$Y8*Geometry!$E$42:$E$59+$Z8*Geometry!$D$42:$D$59))<-fy)-(alpha*fck*(1-(1-((($X8+$Y8*Geometry!$E$42:$E$59+$Z8*Geometry!$D$42:$D$59))*(($X8+$Y8*Geometry!$E$42:$E$59+$Z8*Geometry!$D$42:$D$59)>0)*(($X8+$Y8*Geometry!$E$42:$E$59+$Z8*Geometry!$D$42:$D$59)<eco)+eco*(($X8+$Y8*Geometry!$E$42:$E$59+$Z8*Geometry!$D$42:$D$59)>=eco))/eco)^n)*((($X8+$Y8*Geometry!$E$42:$E$59+$Z8*Geometry!$D$42:$D$59))>0))),Geometry!$F$42:$F$59,Geometry!$E$42:$E$59))/1000000 | CK8: =(SUMPRODUCT(alpha*fck*(1-(1-((($AA8+$AB8*Mesh_Y+$AC8*Mesh_X))*(($AA8+$AB8*Mesh_Y+$AC8*Mesh_X)>0)*(($AA8+$AB8*Mesh_Y+$AC8*Mesh_X)<eco)+eco*(($AA8+$AB8*Mesh_Y+$AC8*Mesh_X)>=eco))/eco)^n)*((($AA8+$AB8*Mesh_Y+$AC8*Mesh_X))>0),Mesh_A,Mesh_Y)+SUMPRODUCT((Es*(($AA8+$AB8*Geometry!$E$42:$E$59+$AC8*Geometry!$D$42:$D$59))*(ABS(Es*(($AA8+$AB8*Geometry!$E$42:$E$59+$AC8*Geometry!$D$42:$D$59)))<=fy)+fy*(Es*(($AA8+$AB8*Geometry!$E$42:$E$59+$AC8*Geometry!$D$42:$D$59))>fy)-fy*(Es*(($AA8+$AB8*Geometry!$E$42:$E$59+$AC8*Geometry!$D$42:$D$59))<-fy)-(alpha*fck*(1-(1-((($AA8+$AB8*Geometry!$E$42:$E$59+$AC8*Geometry!$D$42:$D$59))*(($AA8+$AB8*Geometry!$E$42:$E$59+$AC8*Geometry!$D$42:$D$59)>0)*(($AA8+$AB8*Geometry!$E$42:$E$59+$AC8*Geometry!$D$42:$D$59)<eco)+eco*(($AA8+$AB8*Geometry!$E$42:$E$59+$AC8*Geometry!$D$42:$D$59)>=eco))/eco)^n)*((($AA8+$AB8*Geometry!$E$42:$E$59+$AC8*Geometry!$D$42:$D$59))>0))),Geometry!$F$42:$F$59,Geometry!$E$42:$E$59))/1000000 | CL8: =(SUMPRODUCT(alpha*fck*(1-(1-((($AD8+$AE8*Mesh_Y+$AF8*Mesh_X))*(($AD8+$AE8*Mesh_Y+$AF8*Mesh_X)>0)*(($AD8+$AE8*Mesh_Y+$AF8*Mesh_X)<eco)+eco*(($AD8+$AE8*Mesh_Y+$AF8*Mesh_X)>=eco))/eco)^n)*((($AD8+$AE8*Mesh_Y+$AF8*Mesh_X))>0),Mesh_A,Mesh_Y)+SUMPRODUCT((Es*(($AD8+$AE8*Geometry!$E$42:$E$59+$AF8*Geometry!$D$42:$D$59))*(ABS(Es*(($AD8+$AE8*Geometry!$E$42:$E$59+$AF8*Geometry!$D$42:$D$59)))<=fy)+fy*(Es*(($AD8+$AE8*Geometry!$E$42:$E$59+$AF8*Geometry!$D$42:$D$59))>fy)-fy*(Es*(($AD8+$AE8*Geometry!$E$42:$E$59+$AF8*Geometry!$D$42:$D$59))<-fy)-(alpha*fck*(1-(1-((($AD8+$AE8*Geometry!$E$42:$E$59+$AF8*Geometry!$D$42:$D$59))*(($AD8+$AE8*Geometry!$E$42:$E$59+$AF8*Geometry!$D$42:$D$59)>0)*(($AD8+$AE8*Geometry!$E$42:$E$59+$AF8*Geometry!$D$42:$D$59)<eco)+eco*(($AD8+$AE8*Geometry!$E$42:$E$59+$AF8*Geometry!$D$42:$D$59)>=eco))/eco)^n)*((($AD8+$AE8*Geometry!$E$42:$E$59+$AF8*Geometry!$D$42:$D$59))>0))),Geometry!$F$42:$F$59,Geometry!$E$42:$E$59))/1000000 | CM8: =(SUMPRODUCT(alpha*fck*(1-(1-((($AG8+$AH8*Mesh_Y+$AI8*Mesh_X))*(($AG8+$AH8*Mesh_Y+$AI8*Mesh_X)>0)*(($AG8+$AH8*Mesh_Y+$AI8*Mesh_X)<eco)+eco*(($AG8+$AH8*Mesh_Y+$AI8*Mesh_X)>=eco))/eco)^n)*((($AG8+$AH8*Mesh_Y+$AI8*Mesh_X))>0),Mesh_A,Mesh_Y)+SUMPRODUCT((Es*(($AG8+$AH8*Geometry!$E$42:$E$59+$AI8*Geometry!$D$42:$D$59))*(ABS(Es*(($AG8+$AH8*Geometry!$E$42:$E$59+$AI8*Geometry!$D$42:$D$59)))<=fy)+fy*(Es*(($AG8+$AH8*Geometry!$E$42:$E$59+$AI8*Geometry!$D$42:$D$59))>fy)-fy*(Es*(($AG8+$AH8*Geometry!$E$42:$E$59+$AI8*Geometry!$D$42:$D$59))<-fy)-(alpha*fck*(1-(1-((($AG8+$AH8*Geometry!$E$42:$E$59+$AI8*Geometry!$D$42:$D$59))*(($AG8+$AH8*Geometry!$E$42:$E$59+$AI8*Geometry!$D$42:$D$59)>0)*(($AG8+$AH8*Geometry!$E$42:$E$59+$AI8*Geometry!$D$42:$D$59)<eco)+eco*(($AG8+$AH8*Geometry!$E$42:$E$59+$AI8*Geometry!$D$42:$D$59)>=eco))/eco)^n)*((($AG8+$AH8*Geometry!$E$42:$E$59+$AI8*Geometry!$D$42:$D$59))>0))),Geometry!$F$42:$F$59,Geometry!$E$42:$E$59))/1000000 | CN8: =(SUMPRODUCT(alpha*fck*(1-(1-((($AJ8+$AK8*Mesh_Y+$AL8*Mesh_X))*(($AJ8+$AK8*Mesh_Y+$AL8*Mesh_X)>0)*(($AJ8+$AK8*Mesh_Y+$AL8*Mesh_X)<eco)+eco*(($AJ8+$AK8*Mesh_Y+$AL8*Mesh_X)>=eco))/eco)^n)*((($AJ8+$AK8*Mesh_Y+$AL8*Mesh_X))>0),Mesh_A,Mesh_Y)+SUMPRODUCT((Es*(($AJ8+$AK8*Geometry!$E$42:$E$59+$AL8*Geometry!$D$42:$D$59))*(ABS(Es*(($AJ8+$AK8*Geometry!$E$42:$E$59+$AL8*Geometry!$D$42:$D$59)))<=fy)+fy*(Es*(($AJ8+$AK8*Geometry!$E$42:$E$59+$AL8*Geometry!$D$42:$D$59))>fy)-fy*(Es*(($AJ8+$AK8*Geometry!$E$42:$E$59+$AL8*Geometry!$D$42:$D$59))<-fy)-(alpha*fck*(1-(1-((($AJ8+$AK8*Geometry!$E$42:$E$59+$AL8*Geometry!$D$42:$D$59))*(($AJ8+$AK8*Geometry!$E$42:$E$59+$AL8*Geometry!$D$42:$D$59)>0)*(($AJ8+$AK8*Geometry!$E$42:$E$59+$AL8*Geometry!$D$42:$D$59)<eco)+eco*(($AJ8+$AK8*Geometry!$E$42:$E$59+$AL8*Geometry!$D$42:$D$59)>=eco))/eco)^n)*((($AJ8+$AK8*Geometry!$E$42:$E$59+$AL8*Geometry!$D$42:$D$59))>0))),Geometry!$F$42:$F$59,Geometry!$E$42:$E$59))/1000000 | CO8: =(SUMPRODUCT(alpha*fck*(1-(1-((($AM8+$AN8*Mesh_Y+$AO8*Mesh_X))*(($AM8+$AN8*Mesh_Y+$AO8*Mesh_X)>0)*(($AM8+$AN8*Mesh_Y+$AO8*Mesh_X)<eco)+eco*(($AM8+$AN8*Mesh_Y+$AO8*Mesh_X)>=eco))/eco)^n)*((($AM8+$AN8*Mesh_Y+$AO8*Mesh_X))>0),Mesh_A,Mesh_Y)+SUMPRODUCT((Es*(($AM8+$AN8*Geometry!$E$42:$E$59+$AO8*Geometry!$D$42:$D$59))*(ABS(Es*(($AM8+$AN8*Geometry!$E$42:$E$59+$AO8*Geometry!$D$42:$D$59)))<=fy)+fy*(Es*(($AM8+$AN8*Geometry!$E$42:$E$59+$AO8*Geometry!$D$42:$D$59))>fy)-fy*(Es*(($AM8+$AN8*Geometry!$E$42:$E$59+$AO8*Geometry!$D$42:$D$59))<-fy)-(alpha*fck*(1-(1-((($AM8+$AN8*Geometry!$E$42:$E$59+$AO8*Geometry!$D$42:$D$59))*(($AM8+$AN8*Geometry!$E$42:$E$59+$AO8*Geometry!$D$42:$D$59)>0)*(($AM8+$AN8*Geometry!$E$42:$E$59+$AO8*Geometry!$D$42:$D$59)<eco)+eco*(($AM8+$AN8*Geometry!$E$42:$E$59+$AO8*Geometry!$D$42:$D$59)>=eco))/eco)^n)*((($AM8+$AN8*Geometry!$E$42:$E$59+$AO8*Geometry!$D$42:$D$59))>0))),Geometry!$F$42:$F$59,Geometry!$E$42:$E$59))/1000000 | CP8: =(SUMPRODUCT(alpha*fck*(1-(1-((($AP8+$AQ8*Mesh_Y+$AR8*Mesh_X))*(($AP8+$AQ8*Mesh_Y+$AR8*Mesh_X)>0)*(($AP8+$AQ8*Mesh_Y+$AR8*Mesh_X)<eco)+eco*(($AP8+$AQ8*Mesh_Y+$AR8*Mesh_X)>=eco))/eco)^n)*((($AP8+$AQ8*Mesh_Y+$AR8*Mesh_X))>0),Mesh_A,Mesh_Y)+SUMPRODUCT((Es*(($AP8+$AQ8*Geometry!$E$42:$E$59+$AR8*Geometry!$D$42:$D$59))*(ABS(Es*(($AP8+$AQ8*Geometry!$E$42:$E$59+$AR8*Geometry!$D$42:$D$59)))<=fy)+fy*(Es*(($AP8+$AQ8*Geometry!$E$42:$E$59+$AR8*Geometry!$D$42:$D$59))>fy)-fy*(Es*(($AP8+$AQ8*Geometry!$E$42:$E$59+$AR8*Geometry!$D$42:$D$59))<-fy)-(alpha*fck*(1-(1-((($AP8+$AQ8*Geometry!$E$42:$E$59+$AR8*Geometry!$D$42:$D$59))*(($AP8+$AQ8*Geometry!$E$42:$E$59+$AR8*Geometry!$D$42:$D$59)>0)*(($AP8+$AQ8*Geometry!$E$42:$E$59+$AR8*Geometry!$D$42:$D$59)<eco)+eco*(($AP8+$AQ8*Geometry!$E$42:$E$59+$AR8*Geometry!$D$42:$D$59)>=eco))/eco)^n)*((($AP8+$AQ8*Geometry!$E$42:$E$59+$AR8*Geometry!$D$42:$D$59))>0))),Geometry!$F$42:$F$59,Geometry!$E$42:$E$59))/1000000 | CQ8: =(SUMPRODUCT(alpha*fck*(1-(1-((($AS8+$AT8*Mesh_Y+$AU8*Mesh_X))*(($AS8+$AT8*Mesh_Y+$AU8*Mesh_X)>0)*(($AS8+$AT8*Mesh_Y+$AU8*Mesh_X)<eco)+eco*(($AS8+$AT8*Mesh_Y+$AU8*Mesh_X)>=eco))/eco)^n)*((($AS8+$AT8*Mesh_Y+$AU8*Mesh_X))>0),Mesh_A,Mesh_Y)+SUMPRODUCT((Es*(($AS8+$AT8*Geometry!$E$42:$E$59+$AU8*Geometry!$D$42:$D$59))*(ABS(Es*(($AS8+$AT8*Geometry!$E$42:$E$59+$AU8*Geometry!$D$42:$D$59)))<=fy)+fy*(Es*(($AS8+$AT8*Geometry!$E$42:$E$59+$AU8*Geometry!$D$42:$D$59))>fy)-fy*(Es*(($AS8+$AT8*Geometry!$E$42:$E$59+$AU8*Geometry!$D$42:$D$59))<-fy)-(alpha*fck*(1-(1-((($AS8+$AT8*Geometry!$E$42:$E$59+$AU8*Geometry!$D$42:$D$59))*(($AS8+$AT8*Geometry!$E$42:$E$59+$AU8*Geometry!$D$42:$D$59)>0)*(($AS8+$AT8*Geometry!$E$42:$E$59+$AU8*Geometry!$D$42:$D$59)<eco)+eco*(($AS8+$AT8*Geometry!$E$42:$E$59+$AU8*Geometry!$D$42:$D$59)>=eco))/eco)^n)*((($AS8+$AT8*Geometry!$E$42:$E$59+$AU8*Geometry!$D$42:$D$59))>0))),Geometry!$F$42:$F$59,Geometry!$E$42:$E$59))/1000000 | CR8: =(SUMPRODUCT(alpha*fck*(1-(1-((($AV8+$AW8*Mesh_Y+$AX8*Mesh_X))*(($AV8+$AW8*Mesh_Y+$AX8*Mesh_X)>0)*(($AV8+$AW8*Mesh_Y+$AX8*Mesh_X)<eco)+eco*(($AV8+$AW8*Mesh_Y+$AX8*Mesh_X)>=eco))/eco)^n)*((($AV8+$AW8*Mesh_Y+$AX8*Mesh_X))>0),Mesh_A,Mesh_Y)+SUMPRODUCT((Es*(($AV8+$AW8*Geometry!$E$42:$E$59+$AX8*Geometry!$D$42:$D$59))*(ABS(Es*(($AV8+$AW8*Geometry!$E$42:$E$59+$AX8*Geometry!$D$42:$D$59)))<=fy)+fy*(Es*(($AV8+$AW8*Geometry!$E$42:$E$59+$AX8*Geometry!$D$42:$D$59))>fy)-fy*(Es*(($AV8+$AW8*Geometry!$E$42:$E$59+$AX8*Geometry!$D$42:$D$59))<-fy)-(alpha*fck*(1-(1-((($AV8+$AW8*Geometry!$E$42:$E$59+$AX8*Geometry!$D$42:$D$59))*(($AV8+$AW8*Geometry!$E$42:$E$59+$AX8*Geometry!$D$42:$D$59)>0)*(($AV8+$AW8*Geometry!$E$42:$E$59+$AX8*Geometry!$D$42:$D$59)<eco)+eco*(($AV8+$AW8*Geometry!$E$42:$E$59+$AX8*Geometry!$D$42:$D$59)>=eco))/eco)^n)*((($AV8+$AW8*Geometry!$E$42:$E$59+$AX8*Geometry!$D$42:$D$59))>0))),Geometry!$F$42:$F$59,Geometry!$E$42:$E$59))/1000000 | CS8: =(SUMPRODUCT(alpha*fck*(1-(1-((($AY8+$AZ8*Mesh_Y+$BA8*Mesh_X))*(($AY8+$AZ8*Mesh_Y+$BA8*Mesh_X)>0)*(($AY8+$AZ8*Mesh_Y+$BA8*Mesh_X)<eco)+eco*(($AY8+$AZ8*Mesh_Y+$BA8*Mesh_X)>=eco))/eco)^n)*((($AY8+$AZ8*Mesh_Y+$BA8*Mesh_X))>0),Mesh_A,Mesh_Y)+SUMPRODUCT((Es*(($AY8+$AZ8*Geometry!$E$42:$E$59+$BA8*Geometry!$D$42:$D$59))*(ABS(Es*(($AY8+$AZ8*Geometry!$E$42:$E$59+$BA8*Geometry!$D$42:$D$59)))<=fy)+fy*(Es*(($AY8+$AZ8*Geometry!$E$42:$E$59+$BA8*Geometry!$D$42:$D$59))>fy)-fy*(Es*(($AY8+$AZ8*Geometry!$E$42:$E$59+$BA8*Geometry!$D$42:$D$59))<-fy)-(alpha*fck*(1-(1-((($AY8+$AZ8*Geometry!$E$42:$E$59+$BA8*Geometry!$D$42:$D$59))*(($AY8+$AZ8*Geometry!$E$42:$E$59+$BA8*Geometry!$D$42:$D$59)>0)*(($AY8+$AZ8*Geometry!$E$42:$E$59+$BA8*Geometry!$D$42:$D$59)<eco)+eco*(($AY8+$AZ8*Geometry!$E$42:$E$59+$BA8*Geometry!$D$42:$D$59)>=eco))/eco)^n)*((($AY8+$AZ8*Geometry!$E$42:$E$59+$BA8*Geometry!$D$42:$D$59))>0))),Geometry!$F$42:$F$59,Geometry!$E$42:$E$59))/1000000 | CT8: =(SUMPRODUCT(alpha*fck*(1-(1-((($BB8+$BC8*Mesh_Y+$BD8*Mesh_X))*(($BB8+$BC8*Mesh_Y+$BD8*Mesh_X)>0)*(($BB8+$BC8*Mesh_Y+$BD8*Mesh_X)<eco)+eco*(($BB8+$BC8*Mesh_Y+$BD8*Mesh_X)>=eco))/eco)^n)*((($BB8+$BC8*Mesh_Y+$BD8*Mesh_X))>0),Mesh_A,Mesh_Y)+SUMPRODUCT((Es*(($BB8+$BC8*Geometry!$E$42:$E$59+$BD8*Geometry!$D$42:$D$59))*(ABS(Es*(($BB8+$BC8*Geometry!$E$42:$E$59+$BD8*Geometry!$D$42:$D$59)))<=fy)+fy*(Es*(($BB8+$BC8*Geometry!$E$42:$E$59+$BD8*Geometry!$D$42:$D$59))>fy)-fy*(Es*(($BB8+$BC8*Geometry!$E$42:$E$59+$BD8*Geometry!$D$42:$D$59))<-fy)-(alpha*fck*(1-(1-((($BB8+$BC8*Geometry!$E$42:$E$59+$BD8*Geometry!$D$42:$D$59))*(($BB8+$BC8*Geometry!$E$42:$E$59+$BD8*Geometry!$D$42:$D$59)>0)*(($BB8+$BC8*Geometry!$E$42:$E$59+$BD8*Geometry!$D$42:$D$59)<eco)+eco*(($BB8+$BC8*Geometry!$E$42:$E$59+$BD8*Geometry!$D$42:$D$59)>=eco))/eco)^n)*((($BB8+$BC8*Geometry!$E$42:$E$59+$BD8*Geometry!$D$42:$D$59))>0))),Geometry!$F$42:$F$59,Geometry!$E$42:$E$59))/1000000 | CU8: =(SUMPRODUCT(alpha*fck*(1-(1-((($BE8+$BF8*Mesh_Y+$BG8*Mesh_X))*(($BE8+$BF8*Mesh_Y+$BG8*Mesh_X)>0)*(($BE8+$BF8*Mesh_Y+$BG8*Mesh_X)<eco)+eco*(($BE8+$BF8*Mesh_Y+$BG8*Mesh_X)>=eco))/eco)^n)*((($BE8+$BF8*Mesh_Y+$BG8*Mesh_X))>0),Mesh_A,Mesh_Y)+SUMPRODUCT((Es*(($BE8+$BF8*Geometry!$E$42:$E$59+$BG8*Geometry!$D$42:$D$59))*(ABS(Es*(($BE8+$BF8*Geometry!$E$42:$E$59+$BG8*Geometry!$D$42:$D$59)))<=fy)+fy*(Es*(($BE8+$BF8*Geometry!$E$42:$E$59+$BG8*Geometry!$D$42:$D$59))>fy)-fy*(Es*(($BE8+$BF8*Geometry!$E$42:$E$59+$BG8*Geometry!$D$42:$D$59))<-fy)-(alpha*fck*(1-(1-((($BE8+$BF8*Geometry!$E$42:$E$59+$BG8*Geometry!$D$42:$D$59))*(($BE8+$BF8*Geometry!$E$42:$E$59+$BG8*Geometry!$D$42:$D$59)>0)*(($BE8+$BF8*Geometry!$E$42:$E$59+$BG8*Geometry!$D$42:$D$59)<eco)+eco*(($BE8+$BF8*Geometry!$E$42:$E$59+$BG8*Geometry!$D$42:$D$59)>=eco))/eco)^n)*((($BE8+$BF8*Geometry!$E$42:$E$59+$BG8*Geometry!$D$42:$D$59))>0))),Geometry!$F$42:$F$59,Geometry!$E$42:$E$59))/1000000 | CV8: =(SUMPRODUCT(alpha*fck*(1-(1-((($BH8+$BI8*Mesh_Y+$BJ8*Mesh_X))*(($BH8+$BI8*Mesh_Y+$BJ8*Mesh_X)>0)*(($BH8+$BI8*Mesh_Y+$BJ8*Mesh_X)<eco)+eco*(($BH8+$BI8*Mesh_Y+$BJ8*Mesh_X)>=eco))/eco)^n)*((($BH8+$BI8*Mesh_Y+$BJ8*Mesh_X))>0),Mesh_A,Mesh_Y)+SUMPRODUCT((Es*(($BH8+$BI8*Geometry!$E$42:$E$59+$BJ8*Geometry!$D$42:$D$59))*(ABS(Es*(($BH8+$BI8*Geometry!$E$42:$E$59+$BJ8*Geometry!$D$42:$D$59)))<=fy)+fy*(Es*(($BH8+$BI8*Geometry!$E$42:$E$59+$BJ8*Geometry!$D$42:$D$59))>fy)-fy*(Es*(($BH8+$BI8*Geometry!$E$42:$E$59+$BJ8*Geometry!$D$42:$D$59))<-fy)-(alpha*fck*(1-(1-((($BH8+$BI8*Geometry!$E$42:$E$59+$BJ8*Geometry!$D$42:$D$59))*(($BH8+$BI8*Geometry!$E$42:$E$59+$BJ8*Geometry!$D$42:$D$59)>0)*(($BH8+$BI8*Geometry!$E$42:$E$59+$BJ8*Geometry!$D$42:$D$59)<eco)+eco*(($BH8+$BI8*Geometry!$E$42:$E$59+$BJ8*Geometry!$D$42:$D$59)>=eco))/eco)^n)*((($BH8+$BI8*Geometry!$E$42:$E$59+$BJ8*Geometry!$D$42:$D$59))>0))),Geometry!$F$42:$F$59,Geometry!$E$42:$E$59))/1000000 | CW8: =(SUMPRODUCT(alpha*fck*(1-(1-((($F8+$G8*Mesh_Y+$H8*Mesh_X))*(($F8+$G8*Mesh_Y+$H8*Mesh_X)>0)*(($F8+$G8*Mesh_Y+$H8*Mesh_X)<eco)+eco*(($F8+$G8*Mesh_Y+$H8*Mesh_X)>=eco))/eco)^n)*((($F8+$G8*Mesh_Y+$H8*Mesh_X))>0),Mesh_A,Mesh_X)+SUMPRODUCT((Es*(($F8+$G8*Geometry!$E$42:$E$59+$H8*Geometry!$D$42:$D$59))*(ABS(Es*(($F8+$G8*Geometry!$E$42:$E$59+$H8*Geometry!$D$42:$D$59)))<=fy)+fy*(Es*(($F8+$G8*Geometry!$E$42:$E$59+$H8*Geometry!$D$42:$D$59))>fy)-fy*(Es*(($F8+$G8*Geometry!$E$42:$E$59+$H8*Geometry!$D$42:$D$59))<-fy)-(alpha*fck*(1-(1-((($F8+$G8*Geometry!$E$42:$E$59+$H8*Geometry!$D$42:$D$59))*(($F8+$G8*Geometry!$E$42:$E$59+$H8*Geometry!$D$42:$D$59)>0)*(($F8+$G8*Geometry!$E$42:$E$59+$H8*Geometry!$D$42:$D$59)<eco)+eco*(($F8+$G8*Geometry!$E$42:$E$59+$H8*Geometry!$D$42:$D$59)>=eco))/eco)^n)*((($F8+$G8*Geometry!$E$42:$E$59+$H8*Geometry!$D$42:$D$59))>0))),Geometry!$F$42:$F$59,Geometry!$D$42:$D$59))/1000000 | CX8: =(SUMPRODUCT(alpha*fck*(1-(1-((($I8+$J8*Mesh_Y+$K8*Mesh_X))*(($I8+$J8*Mesh_Y+$K8*Mesh_X)>0)*(($I8+$J8*Mesh_Y+$K8*Mesh_X)<eco)+eco*(($I8+$J8*Mesh_Y+$K8*Mesh_X)>=eco))/eco)^n)*((($I8+$J8*Mesh_Y+$K8*Mesh_X))>0),Mesh_A,Mesh_X)+SUMPRODUCT((Es*(($I8+$J8*Geometry!$E$42:$E$59+$K8*Geometry!$D$42:$D$59))*(ABS(Es*(($I8+$J8*Geometry!$E$42:$E$59+$K8*Geometry!$D$42:$D$59)))<=fy)+fy*(Es*(($I8+$J8*Geometry!$E$42:$E$59+$K8*Geometry!$D$42:$D$59))>fy)-fy*(Es*(($I8+$J8*Geometry!$E$42:$E$59+$K8*Geometry!$D$42:$D$59))<-fy)-(alpha*fck*(1-(1-((($I8+$J8*Geometry!$E$42:$E$59+$K8*Geometry!$D$42:$D$59))*(($I8+$J8*Geometry!$E$42:$E$59+$K8*Geometry!$D$42:$D$59)>0)*(($I8+$J8*Geometry!$E$42:$E$59+$K8*Geometry!$D$42:$D$59)<eco)+eco*(($I8+$J8*Geometry!$E$42:$E$59+$K8*Geometry!$D$42:$D$59)>=eco))/eco)^n)*((($I8+$J8*Geometry!$E$42:$E$59+$K8*Geometry!$D$42:$D$59))>0))),Geometry!$F$42:$F$59,Geometry!$D$42:$D$59))/1000000 | CY8: =(SUMPRODUCT(alpha*fck*(1-(1-((($L8+$M8*Mesh_Y+$N8*Mesh_X))*(($L8+$M8*Mesh_Y+$N8*Mesh_X)>0)*(($L8+$M8*Mesh_Y+$N8*Mesh_X)<eco)+eco*(($L8+$M8*Mesh_Y+$N8*Mesh_X)>=eco))/eco)^n)*((($L8+$M8*Mesh_Y+$N8*Mesh_X))>0),Mesh_A,Mesh_X)+SUMPRODUCT((Es*(($L8+$M8*Geometry!$E$42:$E$59+$N8*Geometry!$D$42:$D$59))*(ABS(Es*(($L8+$M8*Geometry!$E$42:$E$59+$N8*Geometry!$D$42:$D$59)))<=fy)+fy*(Es*(($L8+$M8*Geometry!$E$42:$E$59+$N8*Geometry!$D$42:$D$59))>fy)-fy*(Es*(($L8+$M8*Geometry!$E$42:$E$59+$N8*Geometry!$D$42:$D$59))<-fy)-(alpha*fck*(1-(1-((($L8+$M8*Geometry!$E$42:$E$59+$N8*Geometry!$D$42:$D$59))*(($L8+$M8*Geometry!$E$42:$E$59+$N8*Geometry!$D$42:$D$59)>0)*(($L8+$M8*Geometry!$E$42:$E$59+$N8*Geometry!$D$42:$D$59)<eco)+eco*(($L8+$M8*Geometry!$E$42:$E$59+$N8*Geometry!$D$42:$D$59)>=eco))/eco)^n)*((($L8+$M8*Geometry!$E$42:$E$59+$N8*Geometry!$D$42:$D$59))>0))),Geometry!$F$42:$F$59,Geometry!$D$42:$D$59))/1000000 | CZ8: =(SUMPRODUCT(alpha*fck*(1-(1-((($O8+$P8*Mesh_Y+$Q8*Mesh_X))*(($O8+$P8*Mesh_Y+$Q8*Mesh_X)>0)*(($O8+$P8*Mesh_Y+$Q8*Mesh_X)<eco)+eco*(($O8+$P8*Mesh_Y+$Q8*Mesh_X)>=eco))/eco)^n)*((($O8+$P8*Mesh_Y+$Q8*Mesh_X))>0),Mesh_A,Mesh_X)+SUMPRODUCT((Es*(($O8+$P8*Geometry!$E$42:$E$59+$Q8*Geometry!$D$42:$D$59))*(ABS(Es*(($O8+$P8*Geometry!$E$42:$E$59+$Q8*Geometry!$D$42:$D$59)))<=fy)+fy*(Es*(($O8+$P8*Geometry!$E$42:$E$59+$Q8*Geometry!$D$42:$D$59))>fy)-fy*(Es*(($O8+$P8*Geometry!$E$42:$E$59+$Q8*Geometry!$D$42:$D$59))<-fy)-(alpha*fck*(1-(1-((($O8+$P8*Geometry!$E$42:$E$59+$Q8*Geometry!$D$42:$D$59))*(($O8+$P8*Geometry!$E$42:$E$59+$Q8*Geometry!$D$42:$D$59)>0)*(($O8+$P8*Geometry!$E$42:$E$59+$Q8*Geometry!$D$42:$D$59)<eco)+eco*(($O8+$P8*Geometry!$E$42:$E$59+$Q8*Geometry!$D$42:$D$59)>=eco))/eco)^n)*((($O8+$P8*Geometry!$E$42:$E$59+$Q8*Geometry!$D$42:$D$59))>0))),Geometry!$F$42:$F$59,Geometry!$D$42:$D$59))/1000000 | DA8: =(SUMPRODUCT(alpha*fck*(1-(1-((($R8+$S8*Mesh_Y+$T8*Mesh_X))*(($R8+$S8*Mesh_Y+$T8*Mesh_X)>0)*(($R8+$S8*Mesh_Y+$T8*Mesh_X)<eco)+eco*(($R8+$S8*Mesh_Y+$T8*Mesh_X)>=eco))/eco)^n)*((($R8+$S8*Mesh_Y+$T8*Mesh_X))>0),Mesh_A,Mesh_X)+SUMPRODUCT((Es*(($R8+$S8*Geometry!$E$42:$E$59+$T8*Geometry!$D$42:$D$59))*(ABS(Es*(($R8+$S8*Geometry!$E$42:$E$59+$T8*Geometry!$D$42:$D$59)))<=fy)+fy*(Es*(($R8+$S8*Geometry!$E$42:$E$59+$T8*Geometry!$D$42:$D$59))>fy)-fy*(Es*(($R8+$S8*Geometry!$E$42:$E$59+$T8*Geometry!$D$42:$D$59))<-fy)-(alpha*fck*(1-(1-((($R8+$S8*Geometry!$E$42:$E$59+$T8*Geometry!$D$42:$D$59))*(($R8+$S8*Geometry!$E$42:$E$59+$T8*Geometry!$D$42:$D$59)>0)*(($R8+$S8*Geometry!$E$42:$E$59+$T8*Geometry!$D$42:$D$59)<eco)+eco*(($R8+$S8*Geometry!$E$42:$E$59+$T8*Geometry!$D$42:$D$59)>=eco))/eco)^n)*((($R8+$S8*Geometry!$E$42:$E$59+$T8*Geometry!$D$42:$D$59))>0))),Geometry!$F$42:$F$59,Geometry!$D$42:$D$59))/1000000 | DB8: =(SUMPRODUCT(alpha*fck*(1-(1-((($U8+$V8*Mesh_Y+$W8*Mesh_X))*(($U8+$V8*Mesh_Y+$W8*Mesh_X)>0)*(($U8+$V8*Mesh_Y+$W8*Mesh_X)<eco)+eco*(($U8+$V8*Mesh_Y+$W8*Mesh_X)>=eco))/eco)^n)*((($U8+$V8*Mesh_Y+$W8*Mesh_X))>0),Mesh_A,Mesh_X)+SUMPRODUCT((Es*(($U8+$V8*Geometry!$E$42:$E$59+$W8*Geometry!$D$42:$D$59))*(ABS(Es*(($U8+$V8*Geometry!$E$42:$E$59+$W8*Geometry!$D$42:$D$59)))<=fy)+fy*(Es*(($U8+$V8*Geometry!$E$42:$E$59+$W8*Geometry!$D$42:$D$59))>fy)-fy*(Es*(($U8+$V8*Geometry!$E$42:$E$59+$W8*Geometry!$D$42:$D$59))<-fy)-(alpha*fck*(1-(1-((($U8+$V8*Geometry!$E$42:$E$59+$W8*Geometry!$D$42:$D$59))*(($U8+$V8*Geometry!$E$42:$E$59+$W8*Geometry!$D$42:$D$59)>0)*(($U8+$V8*Geometry!$E$42:$E$59+$W8*Geometry!$D$42:$D$59)<eco)+eco*(($U8+$V8*Geometry!$E$42:$E$59+$W8*Geometry!$D$42:$D$59)>=eco))/eco)^n)*((($U8+$V8*Geometry!$E$42:$E$59+$W8*Geometry!$D$42:$D$59))>0))),Geometry!$F$42:$F$59,Geometry!$D$42:$D$59))/1000000 | DC8: =(SUMPRODUCT(alpha*fck*(1-(1-((($X8+$Y8*Mesh_Y+$Z8*Mesh_X))*(($X8+$Y8*Mesh_Y+$Z8*Mesh_X)>0)*(($X8+$Y8*Mesh_Y+$Z8*Mesh_X)<eco)+eco*(($X8+$Y8*Mesh_Y+$Z8*Mesh_X)>=eco))/eco)^n)*((($X8+$Y8*Mesh_Y+$Z8*Mesh_X))>0),Mesh_A,Mesh_X)+SUMPRODUCT((Es*(($X8+$Y8*Geometry!$E$42:$E$59+$Z8*Geometry!$D$42:$D$59))*(ABS(Es*(($X8+$Y8*Geometry!$E$42:$E$59+$Z8*Geometry!$D$42:$D$59)))<=fy)+fy*(Es*(($X8+$Y8*Geometry!$E$42:$E$59+$Z8*Geometry!$D$42:$D$59))>fy)-fy*(Es*(($X8+$Y8*Geometry!$E$42:$E$59+$Z8*Geometry!$D$42:$D$59))<-fy)-(alpha*fck*(1-(1-((($X8+$Y8*Geometry!$E$42:$E$59+$Z8*Geometry!$D$42:$D$59))*(($X8+$Y8*Geometry!$E$42:$E$59+$Z8*Geometry!$D$42:$D$59)>0)*(($X8+$Y8*Geometry!$E$42:$E$59+$Z8*Geometry!$D$42:$D$59)<eco)+eco*(($X8+$Y8*Geometry!$E$42:$E$59+$Z8*Geometry!$D$42:$D$59)>=eco))/eco)^n)*((($X8+$Y8*Geometry!$E$42:$E$59+$Z8*Geometry!$D$42:$D$59))>0))),Geometry!$F$42:$F$59,Geometry!$D$42:$D$59))/1000000 | DD8: =(SUMPRODUCT(alpha*fck*(1-(1-((($AA8+$AB8*Mesh_Y+$AC8*Mesh_X))*(($AA8+$AB8*Mesh_Y+$AC8*Mesh_X)>0)*(($AA8+$AB8*Mesh_Y+$AC8*Mesh_X)<eco)+eco*(($AA8+$AB8*Mesh_Y+$AC8*Mesh_X)>=eco))/eco)^n)*((($AA8+$AB8*Mesh_Y+$AC8*Mesh_X))>0),Mesh_A,Mesh_X)+SUMPRODUCT((Es*(($AA8+$AB8*Geometry!$E$42:$E$59+$AC8*Geometry!$D$42:$D$59))*(ABS(Es*(($AA8+$AB8*Geometry!$E$42:$E$59+$AC8*Geometry!$D$42:$D$59)))<=fy)+fy*(Es*(($AA8+$AB8*Geometry!$E$42:$E$59+$AC8*Geometry!$D$42:$D$59))>fy)-fy*(Es*(($AA8+$AB8*Geometry!$E$42:$E$59+$AC8*Geometry!$D$42:$D$59))<-fy)-(alpha*fck*(1-(1-((($AA8+$AB8*Geometry!$E$42:$E$59+$AC8*Geometry!$D$42:$D$59))*(($AA8+$AB8*Geometry!$E$42:$E$59+$AC8*Geometry!$D$42:$D$59)>0)*(($AA8+$AB8*Geometry!$E$42:$E$59+$AC8*Geometry!$D$42:$D$59)<eco)+eco*(($AA8+$AB8*Geometry!$E$42:$E$59+$AC8*Geometry!$D$42:$D$59)>=eco))/eco)^n)*((($AA8+$AB8*Geometry!$E$42:$E$59+$AC8*Geometry!$D$42:$D$59))>0))),Geometry!$F$42:$F$59,Geometry!$D$42:$D$59))/1000000 | DE8: =(SUMPRODUCT(alpha*fck*(1-(1-((($AD8+$AE8*Mesh_Y+$AF8*Mesh_X))*(($AD8+$AE8*Mesh_Y+$AF8*Mesh_X)>0)*(($AD8+$AE8*Mesh_Y+$AF8*Mesh_X)<eco)+eco*(($AD8+$AE8*Mesh_Y+$AF8*Mesh_X)>=eco))/eco)^n)*((($AD8+$AE8*Mesh_Y+$AF8*Mesh_X))>0),Mesh_A,Mesh_X)+SUMPRODUCT((Es*(($AD8+$AE8*Geometry!$E$42:$E$59+$AF8*Geometry!$D$42:$D$59))*(ABS(Es*(($AD8+$AE8*Geometry!$E$42:$E$59+$AF8*Geometry!$D$42:$D$59)))<=fy)+fy*(Es*(($AD8+$AE8*Geometry!$E$42:$E$59+$AF8*Geometry!$D$42:$D$59))>fy)-fy*(Es*(($AD8+$AE8*Geometry!$E$42:$E$59+$AF8*Geometry!$D$42:$D$59))<-fy)-(alpha*fck*(1-(1-((($AD8+$AE8*Geometry!$E$42:$E$59+$AF8*Geometry!$D$42:$D$59))*(($AD8+$AE8*Geometry!$E$42:$E$59+$AF8*Geometry!$D$42:$D$59)>0)*(($AD8+$AE8*Geometry!$E$42:$E$59+$AF8*Geometry!$D$42:$D$59)<eco)+eco*(($AD8+$AE8*Geometry!$E$42:$E$59+$AF8*Geometry!$D$42:$D$59)>=eco))/eco)^n)*((($AD8+$AE8*Geometry!$E$42:$E$59+$AF8*Geometry!$D$42:$D$59))>0))),Geometry!$F$42:$F$59,Geometry!$D$42:$D$59))/1000000 | DF8: =(SUMPRODUCT(alpha*fck*(1-(1-((($AG8+$AH8*Mesh_Y+$AI8*Mesh_X))*(($AG8+$AH8*Mesh_Y+$AI8*Mesh_X)>0)*(($AG8+$AH8*Mesh_Y+$AI8*Mesh_X)<eco)+eco*(($AG8+$AH8*Mesh_Y+$AI8*Mesh_X)>=eco))/eco)^n)*((($AG8+$AH8*Mesh_Y+$AI8*Mesh_X))>0),Mesh_A,Mesh_X)+SUMPRODUCT((Es*(($AG8+$AH8*Geometry!$E$42:$E$59+$AI8*Geometry!$D$42:$D$59))*(ABS(Es*(($AG8+$AH8*Geometry!$E$42:$E$59+$AI8*Geometry!$D$42:$D$59)))<=fy)+fy*(Es*(($AG8+$AH8*Geometry!$E$42:$E$59+$AI8*Geometry!$D$42:$D$59))>fy)-fy*(Es*(($AG8+$AH8*Geometry!$E$42:$E$59+$AI8*Geometry!$D$42:$D$59))<-fy)-(alpha*fck*(1-(1-((($AG8+$AH8*Geometry!$E$42:$E$59+$AI8*Geometry!$D$42:$D$59))*(($AG8+$AH8*Geometry!$E$42:$E$59+$AI8*Geometry!$D$42:$D$59)>0)*(($AG8+$AH8*Geometry!$E$42:$E$59+$AI8*Geometry!$D$42:$D$59)<eco)+eco*(($AG8+$AH8*Geometry!$E$42:$E$59+$AI8*Geometry!$D$42:$D$59)>=eco))/eco)^n)*((($AG8+$AH8*Geometry!$E$42:$E$59+$AI8*Geometry!$D$42:$D$59))>0))),Geometry!$F$42:$F$59,Geometry!$D$42:$D$59))/1000000 | DG8: =(SUMPRODUCT(alpha*fck*(1-(1-((($AJ8+$AK8*Mesh_Y+$AL8*Mesh_X))*(($AJ8+$AK8*Mesh_Y+$AL8*Mesh_X)>0)*(($AJ8+$AK8*Mesh_Y+$AL8*Mesh_X)<eco)+eco*(($AJ8+$AK8*Mesh_Y+$AL8*Mesh_X)>=eco))/eco)^n)*((($AJ8+$AK8*Mesh_Y+$AL8*Mesh_X))>0),Mesh_A,Mesh_X)+SUMPRODUCT((Es*(($AJ8+$AK8*Geometry!$E$42:$E$59+$AL8*Geometry!$D$42:$D$59))*(ABS(Es*(($AJ8+$AK8*Geometry!$E$42:$E$59+$AL8*Geometry!$D$42:$D$59)))<=fy)+fy*(Es*(($AJ8+$AK8*Geometry!$E$42:$E$59+$AL8*Geometry!$D$42:$D$59))>fy)-fy*(Es*(($AJ8+$AK8*Geometry!$E$42:$E$59+$AL8*Geometry!$D$42:$D$59))<-fy)-(alpha*fck*(1-(1-((($AJ8+$AK8*Geometry!$E$42:$E$59+$AL8*Geometry!$D$42:$D$59))*(($AJ8+$AK8*Geometry!$E$42:$E$59+$AL8*Geometry!$D$42:$D$59)>0)*(($AJ8+$AK8*Geometry!$E$42:$E$59+$AL8*Geometry!$D$42:$D$59)<eco)+eco*(($AJ8+$AK8*Geometry!$E$42:$E$59+$AL8*Geometry!$D$42:$D$59)>=eco))/eco)^n)*((($AJ8+$AK8*Geometry!$E$42:$E$59+$AL8*Geometry!$D$42:$D$59))>0))),Geometry!$F$42:$F$59,Geometry!$D$42:$D$59))/1000000 | DH8: =(SUMPRODUCT(alpha*fck*(1-(1-((($AM8+$AN8*Mesh_Y+$AO8*Mesh_X))*(($AM8+$AN8*Mesh_Y+$AO8*Mesh_X)>0)*(($AM8+$AN8*Mesh_Y+$AO8*Mesh_X)<eco)+eco*(($AM8+$AN8*Mesh_Y+$AO8*Mesh_X)>=eco))/eco)^n)*((($AM8+$AN8*Mesh_Y+$AO8*Mesh_X))>0),Mesh_A,Mesh_X)+SUMPRODUCT((Es*(($AM8+$AN8*Geometry!$E$42:$E$59+$AO8*Geometry!$D$42:$D$59))*(ABS(Es*(($AM8+$AN8*Geometry!$E$42:$E$59+$AO8*Geometry!$D$42:$D$59)))<=fy)+fy*(Es*(($AM8+$AN8*Geometry!$E$42:$E$59+$AO8*Geometry!$D$42:$D$59))>fy)-fy*(Es*(($AM8+$AN8*Geometry!$E$42:$E$59+$AO8*Geometry!$D$42:$D$59))<-fy)-(alpha*fck*(1-(1-((($AM8+$AN8*Geometry!$E$42:$E$59+$AO8*Geometry!$D$42:$D$59))*(($AM8+$AN8*Geometry!$E$42:$E$59+$AO8*Geometry!$D$42:$D$59)>0)*(($AM8+$AN8*Geometry!$E$42:$E$59+$AO8*Geometry!$D$42:$D$59)<eco)+eco*(($AM8+$AN8*Geometry!$E$42:$E$59+$AO8*Geometry!$D$42:$D$59)>=eco))/eco)^n)*((($AM8+$AN8*Geometry!$E$42:$E$59+$AO8*Geometry!$D$42:$D$59))>0))),Geometry!$F$42:$F$59,Geometry!$D$42:$D$59))/1000000 | DI8: =(SUMPRODUCT(alpha*fck*(1-(1-((($AP8+$AQ8*Mesh_Y+$AR8*Mesh_X))*(($AP8+$AQ8*Mesh_Y+$AR8*Mesh_X)>0)*(($AP8+$AQ8*Mesh_Y+$AR8*Mesh_X)<eco)+eco*(($AP8+$AQ8*Mesh_Y+$AR8*Mesh_X)>=eco))/eco)^n)*((($AP8+$AQ8*Mesh_Y+$AR8*Mesh_X))>0),Mesh_A,Mesh_X)+SUMPRODUCT((Es*(($AP8+$AQ8*Geometry!$E$42:$E$59+$AR8*Geometry!$D$42:$D$59))*(ABS(Es*(($AP8+$AQ8*Geometry!$E$42:$E$59+$AR8*Geometry!$D$42:$D$59)))<=fy)+fy*(Es*(($AP8+$AQ8*Geometry!$E$42:$E$59+$AR8*Geometry!$D$42:$D$59))>fy)-fy*(Es*(($AP8+$AQ8*Geometry!$E$42:$E$59+$AR8*Geometry!$D$42:$D$59))<-fy)-(alpha*fck*(1-(1-((($AP8+$AQ8*Geometry!$E$42:$E$59+$AR8*Geometry!$D$42:$D$59))*(($AP8+$AQ8*Geometry!$E$42:$E$59+$AR8*Geometry!$D$42:$D$59)>0)*(($AP8+$AQ8*Geometry!$E$42:$E$59+$AR8*Geometry!$D$42:$D$59)<eco)+eco*(($AP8+$AQ8*Geometry!$E$42:$E$59+$AR8*Geometry!$D$42:$D$59)>=eco))/eco)^n)*((($AP8+$AQ8*Geometry!$E$42:$E$59+$AR8*Geometry!$D$42:$D$59))>0))),Geometry!$F$42:$F$59,Geometry!$D$42:$D$59))/1000000 | DJ8: =(SUMPRODUCT(alpha*fck*(1-(1-((($AS8+$AT8*Mesh_Y+$AU8*Mesh_X))*(($AS8+$AT8*Mesh_Y+$AU8*Mesh_X)>0)*(($AS8+$AT8*Mesh_Y+$AU8*Mesh_X)<eco)+eco*(($AS8+$AT8*Mesh_Y+$AU8*Mesh_X)>=eco))/eco)^n)*((($AS8+$AT8*Mesh_Y+$AU8*Mesh_X))>0),Mesh_A,Mesh_X)+SUMPRODUCT((Es*(($AS8+$AT8*Geometry!$E$42:$E$59+$AU8*Geometry!$D$42:$D$59))*(ABS(Es*(($AS8+$AT8*Geometry!$E$42:$E$59+$AU8*Geometry!$D$42:$D$59)))<=fy)+fy*(Es*(($AS8+$AT8*Geometry!$E$42:$E$59+$AU8*Geometry!$D$42:$D$59))>fy)-fy*(Es*(($AS8+$AT8*Geometry!$E$42:$E$59+$AU8*Geometry!$D$42:$D$59))<-fy)-(alpha*fck*(1-(1-((($AS8+$AT8*Geometry!$E$42:$E$59+$AU8*Geometry!$D$42:$D$59))*(($AS8+$AT8*Geometry!$E$42:$E$59+$AU8*Geometry!$D$42:$D$59)>0)*(($AS8+$AT8*Geometry!$E$42:$E$59+$AU8*Geometry!$D$42:$D$59)<eco)+eco*(($AS8+$AT8*Geometry!$E$42:$E$59+$AU8*Geometry!$D$42:$D$59)>=eco))/eco)^n)*((($AS8+$AT8*Geometry!$E$42:$E$59+$AU8*Geometry!$D$42:$D$59))>0))),Geometry!$F$42:$F$59,Geometry!$D$42:$D$59))/1000000 | DK8: =(SUMPRODUCT(alpha*fck*(1-(1-((($AV8+$AW8*Mesh_Y+$AX8*Mesh_X))*(($AV8+$AW8*Mesh_Y+$AX8*Mesh_X)>0)*(($AV8+$AW8*Mesh_Y+$AX8*Mesh_X)<eco)+eco*(($AV8+$AW8*Mesh_Y+$AX8*Mesh_X)>=eco))/eco)^n)*((($AV8+$AW8*Mesh_Y+$AX8*Mesh_X))>0),Mesh_A,Mesh_X)+SUMPRODUCT((Es*(($AV8+$AW8*Geometry!$E$42:$E$59+$AX8*Geometry!$D$42:$D$59))*(ABS(Es*(($AV8+$AW8*Geometry!$E$42:$E$59+$AX8*Geometry!$D$42:$D$59)))<=fy)+fy*(Es*(($AV8+$AW8*Geometry!$E$42:$E$59+$AX8*Geometry!$D$42:$D$59))>fy)-fy*(Es*(($AV8+$AW8*Geometry!$E$42:$E$59+$AX8*Geometry!$D$42:$D$59))<-fy)-(alpha*fck*(1-(1-((($AV8+$AW8*Geometry!$E$42:$E$59+$AX8*Geometry!$D$42:$D$59))*(($AV8+$AW8*Geometry!$E$42:$E$59+$AX8*Geometry!$D$42:$D$59)>0)*(($AV8+$AW8*Geometry!$E$42:$E$59+$AX8*Geometry!$D$42:$D$59)<eco)+eco*(($AV8+$AW8*Geometry!$E$42:$E$59+$AX8*Geometry!$D$42:$D$59)>=eco))/eco)^n)*((($AV8+$AW8*Geometry!$E$42:$E$59+$AX8*Geometry!$D$42:$D$59))>0))),Geometry!$F$42:$F$59,Geometry!$D$42:$D$59))/1000000 | DL8: =(SUMPRODUCT(alpha*fck*(1-(1-((($AY8+$AZ8*Mesh_Y+$BA8*Mesh_X))*(($AY8+$AZ8*Mesh_Y+$BA8*Mesh_X)>0)*(($AY8+$AZ8*Mesh_Y+$BA8*Mesh_X)<eco)+eco*(($AY8+$AZ8*Mesh_Y+$BA8*Mesh_X)>=eco))/eco)^n)*((($AY8+$AZ8*Mesh_Y+$BA8*Mesh_X))>0),Mesh_A,Mesh_X)+SUMPRODUCT((Es*(($AY8+$AZ8*Geometry!$E$42:$E$59+$BA8*Geometry!$D$42:$D$59))*(ABS(Es*(($AY8+$AZ8*Geometry!$E$42:$E$59+$BA8*Geometry!$D$42:$D$59)))<=fy)+fy*(Es*(($AY8+$AZ8*Geometry!$E$42:$E$59+$BA8*Geometry!$D$42:$D$59))>fy)-fy*(Es*(($AY8+$AZ8*Geometry!$E$42:$E$59+$BA8*Geometry!$D$42:$D$59))<-fy)-(alpha*fck*(1-(1-((($AY8+$AZ8*Geometry!$E$42:$E$59+$BA8*Geometry!$D$42:$D$59))*(($AY8+$AZ8*Geometry!$E$42:$E$59+$BA8*Geometry!$D$42:$D$59)>0)*(($AY8+$AZ8*Geometry!$E$42:$E$59+$BA8*Geometry!$D$42:$D$59)<eco)+eco*(($AY8+$AZ8*Geometry!$E$42:$E$59+$BA8*Geometry!$D$42:$D$59)>=eco))/eco)^n)*((($AY8+$AZ8*Geometry!$E$42:$E$59+$BA8*Geometry!$D$42:$D$59))>0))),Geometry!$F$42:$F$59,Geometry!$D$42:$D$59))/1000000 | DM8: =(SUMPRODUCT(alpha*fck*(1-(1-((($BB8+$BC8*Mesh_Y+$BD8*Mesh_X))*(($BB8+$BC8*Mesh_Y+$BD8*Mesh_X)>0)*(($BB8+$BC8*Mesh_Y+$BD8*Mesh_X)<eco)+eco*(($BB8+$BC8*Mesh_Y+$BD8*Mesh_X)>=eco))/eco)^n)*((($BB8+$BC8*Mesh_Y+$BD8*Mesh_X))>0),Mesh_A,Mesh_X)+SUMPRODUCT((Es*(($BB8+$BC8*Geometry!$E$42:$E$59+$BD8*Geometry!$D$42:$D$59))*(ABS(Es*(($BB8+$BC8*Geometry!$E$42:$E$59+$BD8*Geometry!$D$42:$D$59)))<=fy)+fy*(Es*(($BB8+$BC8*Geometry!$E$42:$E$59+$BD8*Geometry!$D$42:$D$59))>fy)-fy*(Es*(($BB8+$BC8*Geometry!$E$42:$E$59+$BD8*Geometry!$D$42:$D$59))<-fy)-(alpha*fck*(1-(1-((($BB8+$BC8*Geometry!$E$42:$E$59+$BD8*Geometry!$D$42:$D$59))*(($BB8+$BC8*Geometry!$E$42:$E$59+$BD8*Geometry!$D$42:$D$59)>0)*(($BB8+$BC8*Geometry!$E$42:$E$59+$BD8*Geometry!$D$42:$D$59)<eco)+eco*(($BB8+$BC8*Geometry!$E$42:$E$59+$BD8*Geometry!$D$42:$D$59)>=eco))/eco)^n)*((($BB8+$BC8*Geometry!$E$42:$E$59+$BD8*Geometry!$D$42:$D$59))>0))),Geometry!$F$42:$F$59,Geometry!$D$42:$D$59))/1000000 | DN8: =(SUMPRODUCT(alpha*fck*(1-(1-((($BE8+$BF8*Mesh_Y+$BG8*Mesh_X))*(($BE8+$BF8*Mesh_Y+$BG8*Mesh_X)>0)*(($BE8+$BF8*Mesh_Y+$BG8*Mesh_X)<eco)+eco*(($BE8+$BF8*Mesh_Y+$BG8*Mesh_X)>=eco))/eco)^n)*((($BE8+$BF8*Mesh_Y+$BG8*Mesh_X))>0),Mesh_A,Mesh_X)+SUMPRODUCT((Es*(($BE8+$BF8*Geometry!$E$42:$E$59+$BG8*Geometry!$D$42:$D$59))*(ABS(Es*(($BE8+$BF8*Geometry!$E$42:$E$59+$BG8*Geometry!$D$42:$D$59)))<=fy)+fy*(Es*(($BE8+$BF8*Geometry!$E$42:$E$59+$BG8*Geometry!$D$42:$D$59))>fy)-fy*(Es*(($BE8+$BF8*Geometry!$E$42:$E$59+$BG8*Geometry!$D$42:$D$59))<-fy)-(alpha*fck*(1-(1-((($BE8+$BF8*Geometry!$E$42:$E$59+$BG8*Geometry!$D$42:$D$59))*(($BE8+$BF8*Geometry!$E$42:$E$59+$BG8*Geometry!$D$42:$D$59)>0)*(($BE8+$BF8*Geometry!$E$42:$E$59+$BG8*Geometry!$D$42:$D$59)<eco)+eco*(($BE8+$BF8*Geometry!$E$42:$E$59+$BG8*Geometry!$D$42:$D$59)>=eco))/eco)^n)*((($BE8+$BF8*Geometry!$E$42:$E$59+$BG8*Geometry!$D$42:$D$59))>0))),Geometry!$F$42:$F$59,Geometry!$D$42:$D$59))/1000000 | DO8: =(SUMPRODUCT(alpha*fck*(1-(1-((($BH8+$BI8*Mesh_Y+$BJ8*Mesh_X))*(($BH8+$BI8*Mesh_Y+$BJ8*Mesh_X)>0)*(($BH8+$BI8*Mesh_Y+$BJ8*Mesh_X)<eco)+eco*(($BH8+$BI8*Mesh_Y+$BJ8*Mesh_X)>=eco))/eco)^n)*((($BH8+$BI8*Mesh_Y+$BJ8*Mesh_X))>0),Mesh_A,Mesh_X)+SUMPRODUCT((Es*(($BH8+$BI8*Geometry!$E$42:$E$59+$BJ8*Geometry!$D$42:$D$59))*(ABS(Es*(($BH8+$BI8*Geometry!$E$42:$E$59+$BJ8*Geometry!$D$42:$D$59)))<=fy)+fy*(Es*(($BH8+$BI8*Geometry!$E$42:$E$59+$BJ8*Geometry!$D$42:$D$59))>fy)-fy*(Es*(($BH8+$BI8*Geometry!$E$42:$E$59+$BJ8*Geometry!$D$42:$D$59))<-fy)-(alpha*fck*(1-(1-((($BH8+$BI8*Geometry!$E$42:$E$59+$BJ8*Geometry!$D$42:$D$59))*(($BH8+$BI8*Geometry!$E$42:$E$59+$BJ8*Geometry!$D$42:$D$59)>0)*(($BH8+$BI8*Geometry!$E$42:$E$59+$BJ8*Geometry!$D$42:$D$59)<eco)+eco*(($BH8+$BI8*Geometry!$E$42:$E$59+$BJ8*Geometry!$D$42:$D$59)>=eco))/eco)^n)*((($BH8+$BI8*Geometry!$E$42:$E$59+$BJ8*Geometry!$D$42:$D$59))>0))),Geometry!$F$42:$F$59,Geometry!$D$42:$D$59))/1000000 | DP8: =MAX(1,MIN(18,SUMPRODUCT(--($BK8:$CC8>=Pu)))) | DQ8: =(Pu-INDEX($BK8:$CC8,1,$DP8))/(INDEX($BK8:$CC8,1,$DP8+1)-INDEX($BK8:$CC8,1,$DP8)) | DR8: =INDEX($CD8:$CV8,1,$DP8)+$DQ8*(INDEX($CD8:$CV8,1,$DP8+1)-INDEX($CD8:$CV8,1,$DP8)) | DS8: =INDEX($CW8:$DO8,1,$DP8)+$DQ8*(INDEX($CW8:$DO8,1,$DP8+1)-INDEX($CW8:$DO8,1,$DP8)) | DT8: =SQRT(DR8^2+DS8^2)
